Id,LocationId,Status,ServiceStartDate
70,4,COLD_LEAD,2023-07-19 00:00:00+00:00
7598,114,LEAD,2026-01-08 00:00:00+00:00
10621,15,LEAD,
630,38,COLD_LEAD,
7771,114,LEAD,
7524,114,CHURN,2025-09-05 00:00:00+00:00
7240,41,LEAD,
3604,49,FREEMIUM,
69,4,COLD_LEAD,2023-07-19 00:00:00+00:00
128,4,CHURN,
9801,114,WARM_LEAD,2025-12-28 00:00:00+00:00
83,4,COLD_LEAD,2023-07-19 00:00:00+00:00
7493,16,LEAD,
1750,42,FREEMIUM,
2685,17,TRIAL,2025-12-04 00:00:00+00:00
61,4,COLD_LEAD,2023-07-19 00:00:00+00:00
7996,114,WARM_LEAD,2025-09-21 00:00:00+00:00
2575,63,WARM_LEAD,2025-12-10 00:00:00+00:00
179,7,COLD_LEAD,2023-08-20 00:00:00+00:00
577,11,COLD_LEAD,
524,17,TRIAL,2025-12-04 00:00:00+00:00
11433,195,LEAD,
126,4,TRIAL,
48,1,CHURN,
46,1,TRIAL,
87,4,CHURN,2025-12-31 00:00:00+00:00
81,4,CHURN,2025-06-04 00:00:00+00:00
11191,139,RECURRING_SUBSCRIPTION,
26,1,TRIAL,
29,1,TRIAL,
47,1,TRIAL,
91,4,CHURN,2024-08-25 00:00:00+00:00
11052,142,WARM_LEAD,
76,4,COLD_LEAD,2023-07-19 00:00:00+00:00
185,7,CHURN,2023-08-13 00:00:00+00:00
7967,114,WARM_LEAD,2025-10-26 00:00:00+00:00
75,4,TRIAL,2023-07-16 00:00:00+00:00
89,4,TRIAL,2023-07-16 00:00:00+00:00
2634,47,FREEMIUM,
22,1,CHURN,2026-02-15 00:00:00+00:00
212,4,TRIAL,2023-09-03 00:00:00+00:00
7668,97,WARM_LEAD,2025-10-26 00:00:00+00:00
136,4,CHURN,2023-08-06 00:00:00+00:00
2537,17,RECURRING_SUBSCRIPTION,2025-01-03 00:00:00+00:00
9961,139,RECURRING_SUBSCRIPTION,
758,17,TRIAL,2024-03-17 00:00:00+00:00
5209,1,COLD_LEAD,
5345,75,LEAD,
85,4,TRIAL,2023-07-16 00:00:00+00:00
11164,139,LEAD,
1395,48,FREEMIUM,
1396,48,FREEMIUM,
199,4,TRIAL,2023-09-03 00:00:00+00:00
332,5,RECURRING_SUBSCRIPTION,2023-09-24 00:00:00+00:00
11215,66,LEAD,2026-03-22 00:00:00+00:00
235,4,TRIAL,2023-10-22 00:00:00+00:00
3628,65,FREEMIUM,
11327,140,LEAD,
1081,17,FREEMIUM,
703,41,TRIAL,2024-03-03 00:00:00+00:00
86,4,COLD_LEAD,2023-07-16 00:00:00+00:00
1765,41,TRIAL,
11302,114,WARM_LEAD,
1420,7,TRIAL,2024-06-23 00:00:00+00:00
1751,1,COLD_LEAD,
8032,114,WARM_LEAD,2025-12-14 00:00:00+00:00
8066,114,LEAD,
8067,114,LEAD,
277,11,TRIAL,2023-12-10 00:00:00+00:00
236,11,TRIAL,2023-09-10 00:00:00+00:00
2538,61,FREEMIUM,
4569,17,FREEMIUM,
785,14,COLD_LEAD,
8068,114,LEAD,
759,17,CHURN,2024-03-24 00:00:00+00:00
11434,195,LEAD,
27,1,TRIAL,
3662,65,FREEMIUM,
321,1,CHURN,2023-09-17 00:00:00+00:00
796,7,CHURN,2024-04-07 00:00:00+00:00
223,7,CHURN,2023-10-08 00:00:00+00:00
11216,66,LEAD,
3694,65,FREEMIUM,
255,11,TRIAL,2023-10-08 00:00:00+00:00
167,7,CHURN,2023-08-06 00:00:00+00:00
254,4,CHURN,2023-09-10 00:00:00+00:00
7669,66,WARM_LEAD,2026-03-17 00:00:00+00:00
272,11,CHURN,2023-12-31 00:00:00+00:00
227,7,TRIAL,2023-08-27 00:00:00+00:00
36,1,CHURN,2023-08-13 00:00:00+00:00
3654,65,FREEMIUM,
3659,65,FREEMIUM,
275,11,CHURN,2023-09-10 00:00:00+00:00
546,11,TRIAL,2024-11-10 00:00:00+00:00
10334,139,RECURRING_SUBSCRIPTION,
11264,104,TRIAL,2026-03-22 00:00:00+00:00
11628,195,LEAD,
28,1,TRIAL,2023-12-03 00:00:00+00:00
2747,1,CHURN,2025-03-19 00:00:00+00:00
11345,92,LEAD,
11856,66,RECURRING_SUBSCRIPTION,
209,7,CHURN,2023-10-01 00:00:00+00:00
292,11,CHURN,2023-09-10 00:00:00+00:00
368,11,CHURN,2023-10-29 00:00:00+00:00
1121,48,FREEMIUM,
172,7,CHURN,2023-08-20 00:00:00+00:00
1156,9,FREEMIUM,2024-05-12 00:00:00+00:00
5396,64,TRIAL,2025-04-26 00:00:00+00:00
366,7,TRIAL,2023-10-22 00:00:00+00:00
525,5,COLD_LEAD,
419,7,TRIAL,2023-12-03 00:00:00+00:00
326,4,TRIAL,2023-09-24 00:00:00+00:00
369,7,TRIAL,2023-10-29 00:00:00+00:00
344,4,TRIAL,2023-10-08 00:00:00+00:00
297,1,TRIAL,2023-09-17 00:00:00+00:00
5346,75,WARM_LEAD,2025-05-04 00:00:00+00:00
5194,68,RECURRING_SUBSCRIPTION,2025-11-21 00:00:00+00:00
10744,77,WARM_LEAD,
1752,4,COLD_LEAD,
7760,120,RECURRING_SUBSCRIPTION,2025-09-09 00:00:00+00:00
917,41,WARM_LEAD,2024-07-10 00:00:00+00:00
9773,133,LEAD,
754,41,TRIAL,2024-03-17 00:00:00+00:00
1103,41,FREEMIUM,
346,7,CHURN,2023-10-08 00:00:00+00:00
8069,114,LEAD,
258,4,COLD_LEAD,
665,7,TRIAL,2024-03-31 00:00:00+00:00
5211,4,CHURN,2025-04-06 00:00:00+00:00
8114,114,LEAD,
566,5,COLD_LEAD,
9643,121,WARM_LEAD,
1326,42,TRIAL,2024-06-30 00:00:00+00:00
547,17,TRIAL,2024-01-21 00:00:00+00:00
327,11,CHURN,2023-09-24 00:00:00+00:00
2645,7,COLD_LEAD,
8074,114,LEAD,
548,1,CHURN,2024-01-21 00:00:00+00:00
925,17,TRIAL,2024-04-14 00:00:00+00:00
246,4,CHURN,
6325,17,LEAD,
3673,65,FREEMIUM,
619,15,FREEMIUM,
5822,76,WARM_LEAD,2025-11-20 00:00:00+00:00
3645,65,FREEMIUM,
1122,48,FREEMIUM,
3698,65,FREEMIUM,
382,4,CHURN,2023-11-05 00:00:00+00:00
9415,125,CHURN,
299,11,CHURN,2023-09-17 00:00:00+00:00
11435,135,CHURN,2026-04-07 00:00:00+00:00
325,7,CHURN,2023-09-24 00:00:00+00:00
11091,75,WARM_LEAD,
355,7,CHURN,2023-10-15 00:00:00+00:00
349,11,CHURN,2023-10-08 00:00:00+00:00
797,1,CHURN,2024-03-31 00:00:00+00:00
11732,119,ON_DEMAND_SUBSCRIPTION,
12007,196,TRIAL,2026-06-07 00:00:00+00:00
116,1,CHURN,2023-07-23 00:00:00+00:00
10181,142,LEAD,
735,15,TRIAL,2024-03-10 00:00:00+00:00
23,1,CHURN,2025-06-01 00:00:00+00:00
400,11,TRIAL,2023-12-03 00:00:00+00:00
459,11,TRIAL,2023-12-17 00:00:00+00:00
394,11,TRIAL,2023-11-12 00:00:00+00:00
63,4,CHURN,2023-07-16 00:00:00+00:00
11858,11,LEAD,
10623,66,LEAD,
517,11,TRIAL,2024-01-14 00:00:00+00:00
5253,68,CHURN,2025-04-27 00:00:00+00:00
1731,41,CHURN,2024-08-01 00:00:00+00:00
11265,121,ON_DEMAND_SUBSCRIPTION,
722,41,CHURN,2025-02-19 00:00:00+00:00
784,4,COLD_LEAD,
206,7,CHURN,2023-08-20 00:00:00+00:00
783,17,TRIAL,2024-06-23 00:00:00+00:00
5448,11,CHURN,2025-08-10 00:00:00+00:00
8075,114,LEAD,
88,4,CHURN,2025-10-12 00:00:00+00:00
1104,7,COLD_LEAD,
11303,121,LEAD,
421,7,TRIAL,2023-12-03 00:00:00+00:00
463,11,CHURN,2023-12-24 00:00:00+00:00
2540,60,COLD_LEAD,
1443,42,FREEMIUM,
507,16,FREEMIUM,
6541,65,LEAD,
435,7,CHURN,2023-12-10 00:00:00+00:00
2074,55,LEAD,
580,17,TRIAL,
11393,119,WARM_LEAD,2026-04-05 00:00:00+00:00
12006,9,RECURRING_SUBSCRIPTION,2026-05-26 00:00:00+00:00
1651,11,CHURN,2024-07-28 00:00:00+00:00
3678,65,FREEMIUM,
5682,76,FREEMIUM,
8077,114,LEAD,
3608,66,RECURRING_SUBSCRIPTION,
82,4,CHURN,2023-08-13 00:00:00+00:00
8104,114,LEAD,
8081,114,LEAD,
1766,11,COLD_LEAD,
7558,114,RECURRING_SUBSCRIPTION,2025-10-20 00:00:00+00:00
3688,65,FREEMIUM,
3533,65,FREEMIUM,2025-03-02 00:00:00+00:00
3705,65,FREEMIUM,
230,11,CHURN,2025-03-04 00:00:00+00:00
11456,195,TRIAL,
1123,48,FREEMIUM,
3717,7,COLD_LEAD,
3947,16,LEAD,
5606,16,LEAD,
11359,195,LEAD,
567,5,TRIAL,
6101,64,LEAD,
3641,65,FREEMIUM,
9731,1,WARM_LEAD,
723,41,TRIAL,2024-03-11 00:00:00+00:00
1740,10,LEAD,
8082,114,LEAD,
1717,11,COLD_LEAD,
2792,64,TRIAL,2025-01-11 00:00:00+00:00
8083,114,LEAD,
10,1,CHURN,
253,11,CHURN,2026-03-01 00:00:00+00:00
21,1,CHURN,
8084,114,LEAD,
8085,114,LEAD,
3609,47,FREEMIUM,
226,11,COLD_LEAD,
124,4,CHURN,2023-07-23 00:00:00+00:00
8086,114,LEAD,
399,11,CHURN,2023-11-26 00:00:00+00:00
8088,114,LEAD,
5195,64,WARM_LEAD,2025-03-30 00:00:00+00:00
386,4,CHURN,2023-11-12 00:00:00+00:00
581,17,CHURN,2024-10-07 00:00:00+00:00
315,1,CHURN,2023-09-17 00:00:00+00:00
168,7,CHURN,2023-08-06 00:00:00+00:00
114,6,CHURN,2024-04-07 00:00:00+00:00
7604,48,WARM_LEAD,2025-09-09 00:00:00+00:00
4,1,CHURN,
8089,114,LEAD,
8090,114,LEAD,
11859,153,RECURRING_SUBSCRIPTION,
8092,114,LEAD,
8093,114,LEAD,
3607,49,FREEMIUM,2025-03-09 00:00:00+00:00
6275,51,LEAD,
5400,16,LEAD,
8095,114,LEAD,
1700,49,ON_DEMAND_SUBSCRIPTION,2024-09-03 00:00:00+00:00
3194,7,COLD_LEAD,
5348,75,LEAD,
35,1,CHURN,2023-07-16 00:00:00+00:00
5449,64,LEAD,
8096,114,LEAD,
949,47,FREEMIUM,2024-04-24 00:00:00+00:00
3174,65,FREEMIUM,2025-03-09 00:00:00+00:00
12008,140,WARM_LEAD,
5,1,CHURN,
5607,14,LEAD,
2652,53,FREEMIUM,
5683,49,LEAD,
396,11,CHURN,2023-11-19 00:00:00+00:00
526,17,ON_DEMAND_SUBSCRIPTION,2025-12-24 00:00:00+00:00
6409,64,TRIAL,2025-07-01 00:00:00+00:00
5401,16,LEAD,
657,17,CHURN,2024-05-15 00:00:00+00:00
3692,65,CHURN,2025-04-30 00:00:00+00:00
1790,51,CHURN,2024-08-20 00:00:00+00:00
417,4,TRIAL,2023-12-03 00:00:00+00:00
2670,63,FREEMIUM,
11432,140,WARM_LEAD,2026-04-07 00:00:00+00:00
11860,117,WARM_LEAD,
3637,65,FREEMIUM,
431,15,CHURN,2024-11-12 00:00:00+00:00
3703,65,FREEMIUM,
9732,17,LEAD,
3687,65,FREEMIUM,
724,41,CHURN,2024-07-10 00:00:00+00:00
529,5,COLD_LEAD,
9567,11,LEAD,
2617,4,COLD_LEAD,
1449,11,CHURN,2025-10-19 00:00:00+00:00
689,7,COLD_LEAD,
725,41,FREEMIUM,
708,41,FREEMIUM,
1489,17,FREEMIUM,
3610,66,LEAD,
889,41,FREEMIUM,
3170,65,FREEMIUM,2025-03-10 00:00:00+00:00
1768,17,FREEMIUM,
1105,41,TRIAL,
1124,48,CHURN,2024-05-13 00:00:00+00:00
8097,114,LEAD,
8098,114,LEAD,
388,11,CHURN,2023-11-12 00:00:00+00:00
508,5,CHURN,2023-12-31 00:00:00+00:00
3640,65,FREEMIUM,
3948,16,FREEMIUM,
5349,75,LEAD,
1421,42,RECURRING_SUBSCRIPTION,2024-09-04 00:00:00+00:00
806,42,CHURN,2025-01-12 00:00:00+00:00
1452,42,FREEMIUM,
3733,7,COLD_LEAD,
3179,65,FREEMIUM,
941,47,FREEMIUM,
1402,48,FREEMIUM,
418,11,CHURN,2023-12-03 00:00:00+00:00
11629,195,RECURRING_SUBSCRIPTION,
4375,17,FREEMIUM,
12009,92,WARM_LEAD,
528,16,FREEMIUM,
1401,48,FREEMIUM,
824,44,FREEMIUM,
1482,48,TRIAL,2024-10-06 00:00:00+00:00
5608,14,LEAD,
9775,4,WARM_LEAD,2025-12-28 00:00:00+00:00
5745,66,LEAD,
926,10,COLD_LEAD,2024-04-14 00:00:00+00:00
858,16,FREEMIUM,
10626,140,WARM_LEAD,2026-02-15 00:00:00+00:00
340,11,CHURN,2023-10-01 00:00:00+00:00
2579,63,FREEMIUM,
1008,11,COLD_LEAD,
909,4,COLD_LEAD,
958,7,TRIAL,2024-04-21 00:00:00+00:00
900,17,ON_DEMAND_SUBSCRIPTION,2024-04-07 00:00:00+00:00
3652,65,FREEMIUM,
11861,169,LEAD,
775,41,TRIAL,2025-01-30 00:00:00+00:00
1422,42,FREEMIUM,
978,1,LEAD,2025-09-14 00:00:00+00:00
78,4,COLD_LEAD,2023-07-16 00:00:00+00:00
193,7,COLD_LEAD,2023-08-13 00:00:00+00:00
530,16,FREEMIUM,
5213,17,ON_DEMAND_SUBSCRIPTION,
636,4,COLD_LEAD,
7621,114,LEAD,
990,47,FREEMIUM,2024-04-11 00:00:00+00:00
8099,114,LEAD,
7495,104,TRIAL,2025-11-19 00:00:00+00:00
1011,7,TRIAL,
5021,15,FREEMIUM,2026-05-26 00:00:00+00:00
357,4,CHURN,2023-10-22 00:00:00+00:00
5458,16,LEAD,
876,4,CHURN,
980,48,TRIAL,2024-05-19 00:00:00+00:00
8100,114,LEAD,
690,7,CHURN,2024-03-04 00:00:00+00:00
8103,114,LEAD,2026-05-29 00:00:00+00:00
8101,114,LEAD,
11397,171,LEAD,
9733,66,LEAD,
10165,144,LEAD,
3956,56,CHURN,2025-04-24 00:00:00+00:00
8102,114,LEAD,
890,44,FREEMIUM,
9863,92,WARM_LEAD,2026-01-11 00:00:00+00:00
11424,123,LEAD,
11404,7,LEAD,
1125,48,FREEMIUM,
570,16,FREEMIUM,
3689,65,FREEMIUM,
521,1,CHURN,2024-01-14 00:00:00+00:00
283,4,CHURN,2023-09-10 00:00:00+00:00
1088,44,FREEMIUM,
3611,66,RECURRING_SUBSCRIPTION,2025-10-20 00:00:00+00:00
985,48,FREEMIUM,
1403,48,FREEMIUM,
7761,119,LEAD,
995,47,FREEMIUM,
9776,11,LEAD,
11546,60,LEAD,
848,16,RECURRING_SUBSCRIPTION,
2618,1,TRIAL,2026-01-18 00:00:00+00:00
5350,75,LEAD,
812,5,COLD_LEAD,
800,5,COLD_LEAD,
3553,65,FREEMIUM,
1015,17,TRIAL,2024-07-07 00:00:00+00:00
2636,56,FREEMIUM,
11630,76,RECURRING_SUBSCRIPTION,2026-04-26 00:00:00+00:00
3612,66,LEAD,
3656,65,FREEMIUM,2025-03-28 00:00:00+00:00
11427,75,TRIAL,2026-04-06 00:00:00+00:00
859,7,COLD_LEAD,
860,7,COLD_LEAD,
106,6,FREEMIUM,
727,17,RECURRING_SUBSCRIPTION,2026-01-28 00:00:00+00:00
522,11,TRIAL,2024-01-14 00:00:00+00:00
177,7,COLD_LEAD,
936,41,CHURN,2024-04-28 00:00:00+00:00
188,7,COLD_LEAD,
849,11,TRIAL,2024-03-31 00:00:00+00:00
195,6,FREEMIUM,
90,4,TRIAL,2023-12-03 00:00:00+00:00
197,7,COLD_LEAD,
5403,17,LEAD,
726,41,TRIAL,2024-03-10 00:00:00+00:00
9349,66,RECURRING_SUBSCRIPTION,
10627,114,LEAD,
7543,114,WARM_LEAD,2025-08-28 00:00:00+00:00
8107,114,LEAD,
553,11,CHURN,2024-01-21 00:00:00+00:00
1304,1,CHURN,2025-01-05 00:00:00+00:00
80,4,CHURN,2023-07-16 00:00:00+00:00
8109,114,WARM_LEAD,2025-12-14 00:00:00+00:00
8110,114,LEAD,
11862,11,LEAD,
3552,65,FREEMIUM,
96,1,CHURN,
186,7,TRIAL,2026-04-26 00:00:00+00:00
8111,114,LEAD,
5196,60,TRIAL,2025-04-06 00:00:00+00:00
1719,4,COLD_LEAD,
1023,11,WARM_LEAD,2024-04-21 00:00:00+00:00
3554,65,FREEMIUM,
3556,65,FREEMIUM,
3702,65,FREEMIUM,
3618,65,FREEMIUM,
2545,61,FREEMIUM,
12010,77,LEAD,
5684,76,FREEMIUM,
1455,42,FREEMIUM,
910,17,TRIAL,
996,44,FREEMIUM,
953,47,RECURRING_SUBSCRIPTION,2024-05-17 00:00:00+00:00
965,5,COLD_LEAD,2024-04-14 00:00:00+00:00
5518,75,LEAD,
3719,6,RECURRING_SUBSCRIPTION,2025-03-11 00:00:00+00:00
826,44,FREEMIUM,
871,44,FREEMIUM,
1025,47,FREEMIUM,
986,47,FREEMIUM,
6195,14,LEAD,
7673,94,COLD_LEAD,
11437,96,WARM_LEAD,
891,11,COLD_LEAD,
1019,7,CHURN,2024-04-21 00:00:00+00:00
711,41,TRIAL,2024-02-25 00:00:00+00:00
5352,75,LEAD,
6163,17,WARM_LEAD,2025-06-08 00:00:00+00:00
3613,49,FREEMIUM,
839,11,COLD_LEAD,
222,7,COLD_LEAD,
8071,114,TRIAL,2025-10-23 00:00:00+00:00
2192,52,CHURN,2024-11-10 00:00:00+00:00
8108,114,LEAD,2025-09-21 00:00:00+00:00
8072,114,LEAD,2025-12-23 00:00:00+00:00
216,7,COLD_LEAD,
11863,111,RECURRING_SUBSCRIPTION,
819,44,RECURRING_SUBSCRIPTION,2024-04-14 00:00:00+00:00
8091,114,LEAD,
510,11,COLD_LEAD,2024-02-04 00:00:00+00:00
3634,65,FREEMIUM,
1022,42,CHURN,2024-05-31 00:00:00+00:00
625,17,RECURRING_SUBSCRIPTION,2025-12-08 00:00:00+00:00
8106,114,RECURRING_SUBSCRIPTION,2025-10-05 00:00:00+00:00
814,5,COLD_LEAD,
220,4,COLD_LEAD,
228,11,COLD_LEAD,
232,11,COLD_LEAD,2026-04-25 00:00:00+00:00
7762,120,LEAD,
777,5,COLD_LEAD,
129,4,COLD_LEAD,
8080,114,WARM_LEAD,2026-04-25 00:00:00+00:00
4489,17,ON_DEMAND_SUBSCRIPTION,
1007,11,CHURN,2024-04-21 00:00:00+00:00
131,6,FREEMIUM,
132,10,COLD_LEAD,2023-08-13 00:00:00+00:00
6164,58,COLD_LEAD,
3699,65,FREEMIUM,
5454,64,LEAD,
202,7,COLD_LEAD,2024-09-15 00:00:00+00:00
3658,65,FREEMIUM,
993,47,ON_DEMAND_SUBSCRIPTION,2024-09-14 00:00:00+00:00
6382,92,LEAD,
12,1,CHURN,
928,11,TRIAL,2025-02-09 00:00:00+00:00
1769,14,RECURRING_SUBSCRIPTION,
10628,6,RECURRING_SUBSCRIPTION,
1721,47,FREEMIUM,
12011,140,LEAD,
943,47,RECURRING_SUBSCRIPTION,2024-06-04 00:00:00+00:00
992,48,FREEMIUM,
1404,48,FREEMIUM,
5519,48,TRIAL,2025-06-01 00:00:00+00:00
5610,16,LEAD,
214,4,TRIAL,2023-08-13 00:00:00+00:00
30,1,TRIAL,2025-06-15 00:00:00+00:00
1090,7,COLD_LEAD,2025-11-24 00:00:00+00:00
9568,4,LEAD,
850,5,COLD_LEAD,
3614,66,LEAD,
8094,114,ON_DEMAND_SUBSCRIPTION,2025-10-26 00:00:00+00:00
977,4,COLD_LEAD,
1165,42,RECURRING_SUBSCRIPTION,2024-11-24 00:00:00+00:00
902,4,COLD_LEAD,
966,1,TRIAL,
9620,114,LEAD,2026-02-09 00:00:00+00:00
511,15,TRIAL,2023-12-31 00:00:00+00:00
10629,66,LEAD,
249,4,COLD_LEAD,
153,7,COLD_LEAD,2023-08-06 00:00:00+00:00
137,4,COLD_LEAD,
165,7,COLD_LEAD,2023-08-06 00:00:00+00:00
144,7,COLD_LEAD,2023-08-06 00:00:00+00:00
180,7,COLD_LEAD,
955,47,FREEMIUM,
8079,114,LEAD,2025-12-23 00:00:00+00:00
9807,114,LEAD,
7979,114,CHURN,2025-09-26 00:00:00+00:00
1006,4,COLD_LEAD,
1127,48,FREEMIUM,
9878,114,LEAD,
8504,114,LEAD,
37,1,COLD_LEAD,
7576,114,CHURN,2025-09-05 00:00:00+00:00
5255,66,LEAD,
3171,65,TRIAL,2025-03-02 00:00:00+00:00
11438,183,WARM_LEAD,
11733,117,WARM_LEAD,
11547,195,LEAD,
11631,76,LEAD,
1001,47,FREEMIUM,
135,6,FREEMIUM,
5300,42,LEAD,
33,1,COLD_LEAD,
159,8,FREEMIUM,
3920,71,LEAD,
18,1,TRIAL,
5405,75,LEAD,
4377,17,FREEMIUM,2026-06-15 00:00:00+00:00
11864,140,LEAD,
9734,17,TRIAL,2026-01-25 00:00:00+00:00
133,1,CHURN,2023-07-30 00:00:00+00:00
5611,16,LEAD,
903,11,COLD_LEAD,
746,7,CHURN,2024-03-17 00:00:00+00:00
802,16,FREEMIUM,2025-10-06 00:00:00+00:00
1745,17,CHURN,2025-10-27 00:00:00+00:00
3909,16,LEAD,
3886,4,TRIAL,
7474,114,ON_DEMAND_SUBSCRIPTION,2025-10-01 00:00:00+00:00
3936,17,RECURRING_SUBSCRIPTION,2026-03-04 00:00:00+00:00
1405,48,WARM_LEAD,2025-05-04 00:00:00+00:00
5226,15,FREEMIUM,
5520,54,WARM_LEAD,2025-06-22 00:00:00+00:00
893,5,COLD_LEAD,
9306,56,LEAD,
9307,56,LEAD,
9310,56,WARM_LEAD,2025-11-23 00:00:00+00:00
2621,17,FREEMIUM,2025-12-17 00:00:00+00:00
5686,76,WARM_LEAD,2025-05-11 00:00:00+00:00
779,41,RECURRING_SUBSCRIPTION,2025-12-10 00:00:00+00:00
1144,5,COLD_LEAD,
930,41,TRIAL,
938,41,FREEMIUM,
9118,114,LEAD,
229,11,COLD_LEAD,
240,11,COLD_LEAD,
611,11,TRIAL,2024-02-04 00:00:00+00:00
242,11,COLD_LEAD,
244,11,COLD_LEAD,
7746,114,RECURRING_SUBSCRIPTION,2025-11-04 00:00:00+00:00
203,7,COLD_LEAD,
267,5,COLD_LEAD,
10259,114,RECURRING_SUBSCRIPTION,
205,7,COLD_LEAD,
262,5,RECURRING_SUBSCRIPTION,2023-09-03 00:00:00+00:00
192,7,COLD_LEAD,
11210,114,WARM_LEAD,
256,11,COLD_LEAD,
912,15,FREEMIUM,
351,12,COLD_LEAD,2026-02-22 00:00:00+00:00
194,5,RECURRING_SUBSCRIPTION,2023-08-13 00:00:00+00:00
9308,56,LEAD,
264,5,COLD_LEAD,
251,7,COLD_LEAD,
3615,66,LEAD,
247,7,COLD_LEAD,
200,4,COLD_LEAD,
250,4,COLD_LEAD,
266,5,COLD_LEAD,
265,5,COLD_LEAD,2023-12-31 00:00:00+00:00
371,5,RECURRING_SUBSCRIPTION,2023-10-29 00:00:00+00:00
9312,56,LEAD,
171,7,TRIAL,2023-08-13 00:00:00+00:00
628,11,TRIAL,2024-02-11 00:00:00+00:00
574,13,RECURRING_SUBSCRIPTION,2024-02-11 00:00:00+00:00
9314,56,RECURRING_SUBSCRIPTION,2025-11-23 00:00:00+00:00
252,11,COLD_LEAD,
9315,56,LEAD,
11398,137,LEAD,
5612,64,LEAD,
956,47,FREEMIUM,
627,17,TRIAL,2026-04-27 00:00:00+00:00
245,11,COLD_LEAD,
2671,49,FREEMIUM,
11439,66,LEAD,
11632,133,LEAD,
5406,75,LEAD,
1407,48,TRIAL,2024-07-15 00:00:00+00:00
10630,66,RECURRING_SUBSCRIPTION,
10347,142,WARM_LEAD,
178,7,LEAD,2025-09-14 00:00:00+00:00
241,11,COLD_LEAD,2025-10-22 00:00:00+00:00
10631,94,TRIAL,2026-02-22 00:00:00+00:00
2157,56,FREEMIUM,2025-11-18 00:00:00+00:00
882,41,CHURN,2024-07-10 00:00:00+00:00
12012,134,LEAD,
301,10,COLD_LEAD,2023-09-17 00:00:00+00:00
3695,65,CHURN,2025-03-28 00:00:00+00:00
298,4,COLD_LEAD,2023-09-17 00:00:00+00:00
296,10,COLD_LEAD,2023-09-17 00:00:00+00:00
166,7,TRIAL,2023-08-06 00:00:00+00:00
271,5,COLD_LEAD,2023-09-24 00:00:00+00:00
11865,195,LEAD,
289,5,RECURRING_SUBSCRIPTION,2023-09-24 00:00:00+00:00
285,5,COLD_LEAD,2023-11-12 00:00:00+00:00
260,4,CHURN,2023-10-08 00:00:00+00:00
2676,63,FREEMIUM,
282,7,TRIAL,2023-09-10 00:00:00+00:00
2582,63,FREEMIUM,
714,11,TRIAL,
729,7,COLD_LEAD,
3720,65,FREEMIUM,
576,13,RECURRING_SUBSCRIPTION,2024-02-11 00:00:00+00:00
34,1,TRIAL,
3530,65,FREEMIUM,2025-04-02 00:00:00+00:00
3589,65,FREEMIUM,
25,1,CHURN,
747,1,TRIAL,2024-03-17 00:00:00+00:00
3593,65,CHURN,2025-03-06 00:00:00+00:00
2655,51,FREEMIUM,
3683,65,FREEMIUM,
3706,65,FREEMIUM,
9309,56,LEAD,
9305,56,LEAD,
9298,56,LEAD,
9299,56,LEAD,
9300,56,LEAD,
279,11,TRIAL,2025-07-16 00:00:00+00:00
9302,56,LEAD,
5613,16,LEAD,
3537,65,FREEMIUM,2025-07-18 00:00:00+00:00
3538,65,FREEMIUM,2025-04-07 00:00:00+00:00
3619,65,CHURN,2025-04-13 00:00:00+00:00
11440,150,WARM_LEAD,
5747,73,WARM_LEAD,2025-05-25 00:00:00+00:00
6235,42,LEAD,
2100,7,COLD_LEAD,2025-06-01 00:00:00+00:00
6165,58,COLD_LEAD,
11549,66,LEAD,
6410,66,LEAD,
479,15,CHURN,2025-11-20 00:00:00+00:00
5407,75,LEAD,
5227,17,FREEMIUM,
589,17,ON_DEMAND_SUBSCRIPTION,2026-03-02 00:00:00+00:00
3616,17,FREEMIUM,
4403,17,FREEMIUM,
456,1,CHURN,2024-10-08 00:00:00+00:00
3926,68,FREEMIUM,
3928,68,FREEMIUM,2025-03-23 00:00:00+00:00
5390,68,CHURN,2025-05-29 00:00:00+00:00
780,41,FREEMIUM,
939,41,FREEMIUM,
338,11,COLD_LEAD,
10632,77,LEAD,
749,41,TRIAL,2024-04-07 00:00:00+00:00
851,4,COLD_LEAD,
1558,49,WARM_LEAD,2025-08-04 00:00:00+00:00
333,7,COLD_LEAD,
322,10,COLD_LEAD,2023-09-24 00:00:00+00:00
3177,65,FREEMIUM,
348,12,COLD_LEAD,
6130,68,LEAD,2026-03-24 00:00:00+00:00
9549,68,LEAD,
9550,68,LEAD,
7498,118,LEAD,
3622,65,FREEMIUM,
3532,65,FREEMIUM,2025-03-21 00:00:00+00:00
842,5,COLD_LEAD,
6373,65,LEAD,
6510,65,LEAD,
730,43,COLD_LEAD,
922,4,COLD_LEAD,
1084,17,RECURRING_SUBSCRIPTION,2026-03-17 00:00:00+00:00
6186,65,LEAD,
2269,11,CHURN,2024-11-10 00:00:00+00:00
1409,48,FREEMIUM,
664,15,CHURN,2024-05-19 00:00:00+00:00
5522,4,CHURN,2025-06-09 00:00:00+00:00
6189,65,LEAD,
6188,65,LEAD,
7090,65,LEAD,
3173,65,TRIAL,2025-02-23 00:00:00+00:00
837,16,RECURRING_SUBSCRIPTION,2026-02-24 00:00:00+00:00
3535,65,CHURN,2025-06-30 00:00:00+00:00
11633,195,TRIAL,
4134,17,ON_DEMAND_SUBSCRIPTION,2025-10-17 00:00:00+00:00
11866,77,WARM_LEAD,
339,11,CHURN,
1424,48,FREEMIUM,
5457,57,COLD_LEAD,
5614,16,LEAD,
373,8,FREEMIUM,2025-10-30 00:00:00+00:00
7676,66,LEAD,
894,5,COLD_LEAD,
2648,4,TRIAL,2025-12-14 00:00:00+00:00
9777,1,LEAD,
3623,65,FREEMIUM,
919,41,RECURRING_SUBSCRIPTION,2025-12-17 00:00:00+00:00
7499,114,CHURN,2025-09-28 00:00:00+00:00
2166,56,TRIAL,2024-11-04 00:00:00+00:00
362,12,COLD_LEAD,
2172,56,FREEMIUM,2024-09-17 00:00:00+00:00
383,9,CHURN,2024-06-16 00:00:00+00:00
11406,115,WARM_LEAD,
559,17,TRIAL,2024-01-28 00:00:00+00:00
2176,56,FREEMIUM,
2175,56,ON_DEMAND_SUBSCRIPTION,2024-09-22 00:00:00+00:00
905,11,COLD_LEAD,
2177,56,FREEMIUM,
6813,96,CHURN,2025-08-18 00:00:00+00:00
411,14,COLD_LEAD,
6803,96,TRIAL,2025-08-05 00:00:00+00:00
367,5,COLD_LEAD,
393,10,COLD_LEAD,2023-11-12 00:00:00+00:00
423,10,COLD_LEAD,2023-12-03 00:00:00+00:00
6804,96,TRIAL,2025-11-01 00:00:00+00:00
6841,96,ON_DEMAND_SUBSCRIPTION,2026-01-11 00:00:00+00:00
843,5,TRIAL,
6835,96,TRIAL,2025-08-22 00:00:00+00:00
6790,95,CHURN,2025-08-17 00:00:00+00:00
914,4,COLD_LEAD,
885,11,COLD_LEAD,
5279,7,COLD_LEAD,2025-04-13 00:00:00+00:00
6846,96,LEAD,2025-10-27 00:00:00+00:00
3082,4,WARM_LEAD,2025-12-14 00:00:00+00:00
3555,65,TRIAL,2025-04-07 00:00:00+00:00
6102,47,LEAD,
6384,92,LEAD,
7677,66,LEAD,
2623,42,FREEMIUM,
11734,207,RECURRING_SUBSCRIPTION,
9778,66,LEAD,
1131,48,FREEMIUM,
5687,49,CHURN,2025-06-29 00:00:00+00:00
582,17,FREEMIUM,2025-12-03 00:00:00+00:00
1113,48,FREEMIUM,
6839,96,ON_DEMAND_SUBSCRIPTION,2025-08-19 00:00:00+00:00
6809,96,ON_DEMAND_SUBSCRIPTION,2025-11-09 00:00:00+00:00
12013,92,LEAD,
3953,16,FREEMIUM,
5615,16,LEAD,
11634,195,LEAD,
2551,42,ON_DEMAND_SUBSCRIPTION,2024-11-12 00:00:00+00:00
4379,17,FREEMIUM,
895,5,COLD_LEAD,
377,8,FREEMIUM,2023-11-05 00:00:00+00:00
5409,75,LEAD,
4233,17,FREEMIUM,
4435,17,FREEMIUM,
4436,17,FREEMIUM,
6424,93,CHURN,2025-06-27 00:00:00+00:00
9817,118,WARM_LEAD,2026-01-04 00:00:00+00:00
3954,16,LEAD,
403,5,COLD_LEAD,
402,5,COLD_LEAD,
697,41,TRIAL,2024-02-25 00:00:00+00:00
5459,47,LEAD,
844,16,FREEMIUM,
414,16,RECURRING_SUBSCRIPTION,2023-12-03 00:00:00+00:00
422,16,RECURRING_SUBSCRIPTION,2023-12-03 00:00:00+00:00
9842,122,RECURRING_SUBSCRIPTION,2025-12-29 00:00:00+00:00
805,7,COLD_LEAD,2024-03-31 00:00:00+00:00
1755,41,FREEMIUM,
3627,65,FREEMIUM,
732,41,FREEMIUM,2024-03-10 00:00:00+00:00
11735,51,LEAD,
10634,151,LEAD,
5524,9,LEAD,
1132,48,FREEMIUM,
6818,96,CHURN,2025-08-18 00:00:00+00:00
164,7,CHURN,2023-08-13 00:00:00+00:00
3633,65,FREEMIUM,
11867,47,RECURRING_SUBSCRIPTION,
6814,96,WARM_LEAD,2025-10-19 00:00:00+00:00
6798,95,FROZEN,2025-08-17 00:00:00+00:00
6789,95,LEAD,
6823,96,TRIAL,2025-09-26 00:00:00+00:00
6794,95,LEAD,
6848,96,LEAD,
9570,135,LEAD,
6796,96,LEAD,
6847,96,RECURRING_SUBSCRIPTION,2025-08-14 00:00:00+00:00
5410,75,FROZEN,2025-05-07 00:00:00+00:00
6792,95,LEAD,
12014,195,RECURRING_SUBSCRIPTION,
1724,11,COLD_LEAD,
8338,123,TRIAL,2026-04-19 00:00:00+00:00
9646,16,LEAD,
7500,104,LEAD,
1425,48,FREEMIUM,
1458,42,FREEMIUM,
408,7,COLD_LEAD,
6385,92,LEAD,
1445,11,COLD_LEAD,2025-08-17 00:00:00+00:00
5616,14,LEAD,
7678,114,WARM_LEAD,2026-04-23 00:00:00+00:00
3968,17,FREEMIUM,2026-05-04 00:00:00+00:00
413,6,FREEMIUM,2023-12-03 00:00:00+00:00
6197,57,COLD_LEAD,
10574,142,LEAD,
6411,66,LEAD,
781,17,ON_DEMAND_SUBSCRIPTION,2026-04-08 00:00:00+00:00
234,11,TRIAL,2024-06-02 00:00:00+00:00
6825,96,LEAD,
6849,96,LEAD,
5411,61,WARM_LEAD,2025-04-27 00:00:00+00:00
6800,96,LEAD,
599,11,CHURN,2024-02-04 00:00:00+00:00
6801,96,LEAD,
474,16,COLD_LEAD,2023-12-24 00:00:00+00:00
1143,5,COLD_LEAD,
561,5,COLD_LEAD,
10635,169,LEAD,
6807,96,TRIAL,2025-08-12 00:00:00+00:00
491,10,WARM_LEAD,2023-12-31 00:00:00+00:00
10445,142,WARM_LEAD,
718,5,COLD_LEAD,
6805,96,LEAD,
6806,96,LEAD,
7501,104,LEAD,
6838,96,RECURRING_SUBSCRIPTION,2025-08-27 00:00:00+00:00
807,16,COLD_LEAD,
677,11,TRIAL,2024-03-10 00:00:00+00:00
6811,96,LEAD,2026-01-16 00:00:00+00:00
896,5,COLD_LEAD,
906,16,COLD_LEAD,
615,37,COLD_LEAD,
5281,17,FREEMIUM,
539,7,COLD_LEAD,2024-01-21 00:00:00+00:00
6826,95,LEAD,
11373,139,CHURN,2026-04-08 00:00:00+00:00
11868,139,LEAD,
6795,96,ON_DEMAND_SUBSCRIPTION,2025-09-15 00:00:00+00:00
447,17,CHURN,2024-07-10 00:00:00+00:00
6793,95,LEAD,2025-11-26 00:00:00+00:00
915,42,CHURN,2024-06-16 00:00:00+00:00
11635,195,LEAD,
6827,96,LEAD,
1786,5,COLD_LEAD,
1770,8,CHURN,2024-09-13 00:00:00+00:00
6821,96,LEAD,
6822,96,LEAD,
6815,96,WARM_LEAD,2025-08-03 00:00:00+00:00
1725,7,COLD_LEAD,
854,42,FREEMIUM,2025-12-23 00:00:00+00:00
3899,64,WARM_LEAD,2025-03-30 00:00:00+00:00
6824,96,LEAD,
6808,96,LEAD,
10593,142,RECURRING_SUBSCRIPTION,
3109,8,FREEMIUM,
5358,75,LEAD,
1168,48,FREEMIUM,
6831,96,LEAD,
6816,95,ON_DEMAND_SUBSCRIPTION,2025-08-19 00:00:00+00:00
6819,96,LEAD,2026-05-03 00:00:00+00:00
579,17,FREEMIUM,
6791,68,CHURN,2025-11-25 00:00:00+00:00
462,7,LEAD,2025-11-02 00:00:00+00:00
12015,114,LEAD,
3631,65,FREEMIUM,
562,5,ON_DEMAND_SUBSCRIPTION,2024-01-28 00:00:00+00:00
10636,151,LEAD,
1427,7,COLD_LEAD,2024-07-07 00:00:00+00:00
502,4,TRIAL,2024-01-14 00:00:00+00:00
500,11,TRIAL,2023-12-31 00:00:00+00:00
11869,66,LEAD,
2625,56,FREEMIUM,
1178,7,COLD_LEAD,2024-05-12 00:00:00+00:00
501,4,TRIAL,2023-12-31 00:00:00+00:00
6832,96,LEAD,
6833,96,LEAD,
1885,52,RECURRING_SUBSCRIPTION,2025-10-16 00:00:00+00:00
10177,142,LEAD,
6834,96,LEAD,
12016,96,LEAD,
897,5,COLD_LEAD,
808,5,COLD_LEAD,
540,16,FREEMIUM,2024-01-28 00:00:00+00:00
10169,142,CHURN,
795,41,TRIAL,2024-03-24 00:00:00+00:00
6099,53,LEAD,
963,1,COLD_LEAD,
5461,58,COLD_LEAD,
907,1,COLD_LEAD,
6799,96,WARM_LEAD,2025-08-25 00:00:00+00:00
707,41,FREEMIUM,2024-09-03 00:00:00+00:00
1726,41,TRIAL,2024-09-18 00:00:00+00:00
940,41,CHURN,2024-05-12 00:00:00+00:00
102,5,TRIAL,2023-07-16 05:00:00+00:00
1010,48,FREEMIUM,2024-06-17 00:00:00+00:00
699,41,FREEMIUM,2024-03-03 00:00:00+00:00
947,47,TRIAL,2024-05-19 00:00:00+00:00
1187,4,COLD_LEAD,2026-04-29 00:00:00+00:00
11736,124,WARM_LEAD,
6098,41,WARM_LEAD,2025-05-30 00:00:00+00:00
1412,13,RECURRING_SUBSCRIPTION,
10111,140,TRIAL,2026-03-17 00:00:00+00:00
2639,62,FREEMIUM,
952,47,FREEMIUM,2026-05-30 00:00:00+00:00
6840,96,LEAD,
6842,96,LEAD,
6844,96,LEAD,
6845,96,LEAD,
6843,95,LEAD,
6817,95,LEAD,
6828,96,LEAD,
5528,61,LEAD,
3704,65,FREEMIUM,
6854,96,LEAD,
11636,195,LEAD,
352,8,FREEMIUM,2024-05-15 00:00:00+00:00
2882,8,FREEMIUM,
5359,75,LEAD,
595,17,TRIAL,2025-12-23 00:00:00+00:00
7502,94,COLD_LEAD,
11441,114,LEAD,
1209,11,COLD_LEAD,
1198,16,COLD_LEAD,
3955,68,RECURRING_SUBSCRIPTION,2025-03-26 00:00:00+00:00
11870,15,LEAD,
1173,16,COLD_LEAD,
10637,66,LEAD,
3636,65,FREEMIUM,
7753,120,CHURN,2025-09-17 00:00:00+00:00
2640,56,FREEMIUM,
1024,4,COLD_LEAD,
1031,11,COLD_LEAD,
1026,4,COLD_LEAD,
6855,96,LEAD,
1175,11,COLD_LEAD,
994,47,TRIAL,2024-04-28 00:00:00+00:00
1192,11,COLD_LEAD,
6856,95,LEAD,
1037,11,COLD_LEAD,2024-10-13 00:00:00+00:00
5268,11,COLD_LEAD,
1200,4,COLD_LEAD,
1237,1,CHURN,2024-12-22 00:00:00+00:00
1163,11,COLD_LEAD,
261,5,RECURRING_SUBSCRIPTION,2024-05-14 00:00:00+00:00
6859,96,RECURRING_SUBSCRIPTION,2025-09-15 00:00:00+00:00
1227,13,COLD_LEAD,
10174,142,LEAD,
6857,96,LEAD,
6884,96,LEAD,
5462,16,LEAD,
6861,95,LEAD,
6897,95,CHURN,2025-08-29 00:00:00+00:00
1035,7,COLD_LEAD,
1030,11,COLD_LEAD,
1181,47,FREEMIUM,
12017,92,LEAD,
5534,61,LEAD,
11637,195,LEAD,
11165,52,LEAD,
1232,11,COLD_LEAD,2025-12-07 00:00:00+00:00
1141,6,CHURN,2024-05-07 00:00:00+00:00
752,11,CHURN,2024-03-17 00:00:00+00:00
5360,75,LEAD,
1220,17,TRIAL,2024-07-28 00:00:00+00:00
10190,142,LEAD,
10180,142,LEAD,
10622,144,TRIAL,2026-02-15 00:00:00+00:00
10183,142,LEAD,
1171,5,COLD_LEAD,
11053,145,WARM_LEAD,
9648,133,LEAD,
1135,48,FREEMIUM,
1188,48,FREEMIUM,
10184,142,WARM_LEAD,2026-02-01 00:00:00+00:00
1117,48,TRIAL,2024-05-19 00:00:00+00:00
10182,142,RECURRING_SUBSCRIPTION,
9779,66,LEAD,
6168,58,COLD_LEAD,
1032,11,COLD_LEAD,
1444,7,TRIAL,2024-06-30 00:00:00+00:00
11737,120,WARM_LEAD,
1056,7,COLD_LEAD,
1036,11,TRIAL,2024-05-26 00:00:00+00:00
11555,66,LEAD,
3639,65,FREEMIUM,
10188,142,LEAD,
11871,214,LEAD,
6862,95,ON_DEMAND_SUBSCRIPTION,2025-08-01 00:00:00+00:00
6889,96,LEAD,2025-11-04 00:00:00+00:00
9642,133,WARM_LEAD,2025-12-08 00:00:00+00:00
257,4,COLD_LEAD,2023-10-01 00:00:00+00:00
278,4,COLD_LEAD,2023-09-17 00:00:00+00:00
6893,96,LEAD,2025-11-13 00:00:00+00:00
6913,96,CHURN,2025-08-04 00:00:00+00:00
10638,149,RECURRING_SUBSCRIPTION,2026-02-15 00:00:00+00:00
6863,96,LEAD,
1051,17,ON_DEMAND_SUBSCRIPTION,2025-03-09 00:00:00+00:00
10158,145,LEAD,
238,11,COLD_LEAD,2023-08-27 00:00:00+00:00
11638,195,LEAD,
1179,11,COLD_LEAD,
6860,96,LEAD,
1027,47,FREEMIUM,
1002,17,ON_DEMAND_SUBSCRIPTION,2024-07-10 00:00:00+00:00
1043,42,CHURN,2024-06-23 00:00:00+00:00
10155,145,LEAD,
10153,145,WARM_LEAD,
6865,96,LEAD,
6866,96,LEAD,
1149,9,FREEMIUM,
302,8,FREEMIUM,2023-09-17 00:00:00+00:00
1049,6,FREEMIUM,
5361,75,LEAD,
5230,4,CHURN,2025-04-06 00:00:00+00:00
10194,142,LEAD,
1801,51,FREEMIUM,
1028,42,FREEMIUM,
1771,5,COLD_LEAD,
5529,61,LEAD,
10156,145,LEAD,
2514,53,RECURRING_SUBSCRIPTION,2026-04-27 00:00:00+00:00
5463,14,LEAD,
1136,48,FREEMIUM,
1158,48,FREEMIUM,
1137,48,FREEMIUM,
10358,145,LEAD,
5530,61,LEAD,
1065,16,COLD_LEAD,
11836,195,WARM_LEAD,
9569,15,LEAD,2025-12-07 00:00:00+00:00
1034,17,FREEMIUM,
1050,1,CHURN,2025-06-22 00:00:00+00:00
4269,17,FREEMIUM,
1459,42,TRIAL,2024-06-25 00:00:00+00:00
7518,114,CHURN,2025-09-02 00:00:00+00:00
10639,114,RECURRING_SUBSCRIPTION,2026-02-22 00:00:00+00:00
10625,142,WARM_LEAD,2026-02-22 00:00:00+00:00
1172,5,COLD_LEAD,
1203,4,TRIAL,
6475,52,WARM_LEAD,2026-04-14 00:00:00+00:00
929,4,CHURN,
1195,10,TRIAL,2024-06-24 00:00:00+00:00
913,17,TRIAL,2025-12-22 00:00:00+00:00
6867,96,TRIAL,2025-09-08 00:00:00+00:00
1446,17,TRIAL,
11872,195,LEAD,
6868,96,LEAD,
1071,17,TRIAL,2024-05-05 00:00:00+00:00
5413,61,LEAD,
1201,5,TRIAL,
10197,142,LEAD,
10200,142,LEAD,
1205,5,COLD_LEAD,
1462,42,FREEMIUM,
5537,61,LEAD,
6885,95,LEAD,
6858,96,LEAD,
1219,11,WARM_LEAD,2026-04-01 00:00:00+00:00
1235,7,COLD_LEAD,2024-06-02 00:00:00+00:00
5538,61,LEAD,
6872,96,LEAD,
5688,68,LEAD,
6869,96,LEAD,
3721,51,FREEMIUM,2026-06-08 00:00:00+00:00
5539,61,LEAD,
7671,104,ON_DEMAND_SUBSCRIPTION,2025-09-04 00:00:00+00:00
1133,48,CHURN,2024-05-19 00:00:00+00:00
1772,11,COLD_LEAD,
11443,1,LEAD,
2666,58,COLD_LEAD,
1218,17,CHURN,2024-05-19 00:00:00+00:00
1233,11,TRIAL,2024-05-26 00:00:00+00:00
5464,54,LEAD,
1164,7,TRIAL,2024-09-08 00:00:00+00:00
5553,64,TRIAL,2025-05-23 00:00:00+00:00
1400,48,TRIAL,2024-06-26 00:00:00+00:00
5276,15,FREEMIUM,
7674,104,LEAD,
1197,48,FREEMIUM,
6895,96,CHURN,2025-08-17 00:00:00+00:00
11556,195,TRIAL,
1191,11,CHURN,2026-02-22 00:00:00+00:00
1167,4,WARM_LEAD,2025-12-14 00:00:00+00:00
10206,142,LEAD,
11639,196,LEAD,
12018,195,WARM_LEAD,
1487,9,FREEMIUM,2024-07-15 00:00:00+00:00
379,8,RECURRING_SUBSCRIPTION,2024-06-30 00:00:00+00:00
1432,48,TRIAL,2024-06-27 00:00:00+00:00
11428,115,LEAD,
5617,14,LEAD,
1474,4,TRIAL,
5689,68,LEAD,
1263,42,FREEMIUM,
1245,11,COLD_LEAD,2026-02-03 00:00:00+00:00
1491,41,FREEMIUM,
1501,5,COLD_LEAD,
1502,5,COLD_LEAD,
1255,42,CHURN,2024-06-09 00:00:00+00:00
10640,139,LEAD,
1134,48,WARM_LEAD,
1517,16,COLD_LEAD,
1504,4,COLD_LEAD,2024-07-14 00:00:00+00:00
1510,11,COLD_LEAD,2024-07-14 00:00:00+00:00
3643,65,FREEMIUM,
1254,42,FREEMIUM,
1271,48,FREEMIUM,
1241,48,FREEMIUM,
2667,61,FREEMIUM,
5214,17,FREEMIUM,
7711,120,LEAD,
7497,104,WARM_LEAD,2025-08-27 00:00:00+00:00
6875,95,LEAD,
6876,95,LEAD,
6877,96,LEAD,
6879,95,ON_DEMAND_SUBSCRIPTION,2025-09-20 00:00:00+00:00
11557,195,TRIAL,
1249,5,COLD_LEAD,
6278,63,LEAD,
6797,96,CHURN,2025-08-18 00:00:00+00:00
6882,96,LEAD,
1277,17,TRIAL,
6883,96,LEAD,
976,44,FREEMIUM,2024-06-02 00:00:00+00:00
1328,7,TRIAL,2024-07-07 00:00:00+00:00
3957,47,FREEMIUM,
1480,4,COLD_LEAD,2024-07-07 00:00:00+00:00
6870,96,WARM_LEAD,2025-11-28 00:00:00+00:00
6886,95,LEAD,
5679,76,FREEMIUM,2025-06-14 00:00:00+00:00
1796,51,FREEMIUM,
1475,44,FREEMIUM,
6880,95,LEAD,
1297,7,TRIAL,2024-12-22 00:00:00+00:00
6412,47,LEAD,
9819,135,LEAD,
2554,11,COLD_LEAD,2023-11-19 00:00:00+00:00
3718,15,FREEMIUM,
7505,114,LEAD,2026-04-24 00:00:00+00:00
1247,17,FREEMIUM,
6917,96,CHURN,2025-10-20 00:00:00+00:00
4492,17,FREEMIUM,
12019,195,LEAD,
5618,14,LEAD,
6358,48,LEAD,
2257,57,CHURN,2024-09-29 00:00:00+00:00
9844,137,LEAD,
5414,75,LEAD,
10641,140,WARM_LEAD,
10151,145,WARM_LEAD,2026-02-10 00:00:00+00:00
334,11,CHURN,2023-11-19 00:00:00+00:00
1276,1,TRIAL,2024-06-02 00:00:00+00:00
1292,41,TRIAL,2024-07-19 00:00:00+00:00
1318,41,FREEMIUM,
7712,61,LEAD,
1157,48,FREEMIUM,
1251,11,COLD_LEAD,2024-05-26 00:00:00+00:00
9644,73,WARM_LEAD,2025-12-14 00:00:00+00:00
1258,15,TRIAL,2025-12-01 00:00:00+00:00
1317,10,TRIAL,2024-06-16 00:00:00+00:00
1240,48,FREEMIUM,
2485,54,RECURRING_SUBSCRIPTION,2024-11-13 00:00:00+00:00
9311,56,RECURRING_SUBSCRIPTION,
1267,17,ON_DEMAND_SUBSCRIPTION,2025-12-12 00:00:00+00:00
6830,96,WARM_LEAD,2025-07-31 00:00:00+00:00
1262,11,TRIAL,2024-06-09 00:00:00+00:00
6909,95,RECURRING_SUBSCRIPTION,2025-09-24 00:00:00+00:00
6890,96,LEAD,
7506,114,CHURN,2025-09-16 00:00:00+00:00
5619,64,TRIAL,2025-08-18 00:00:00+00:00
6891,96,LEAD,
1310,7,TRIAL,2026-02-26 00:00:00+00:00
6892,95,LEAD,
11558,195,TRIAL,
10353,145,LEAD,
7697,104,LEAD,
1313,5,COLD_LEAD,
7503,104,LEAD,
1308,10,TRIAL,2024-06-09 00:00:00+00:00
4404,17,FREEMIUM,2025-12-17 00:00:00+00:00
11445,121,TRIAL,
1293,47,FREEMIUM,
5690,47,LEAD,
5415,16,WARM_LEAD,2025-04-20 00:00:00+00:00
2679,7,COLD_LEAD,
10209,142,LEAD,
11640,195,LEAD,
5215,17,FREEMIUM,
5363,75,LEAD,
1321,17,FREEMIUM,
1344,9,FREEMIUM,
6230,75,LEAD,
10178,142,ON_DEMAND_SUBSCRIPTION,2026-01-25 00:00:00+00:00
10198,142,WARM_LEAD,2026-01-25 00:00:00+00:00
10241,142,LEAD,
10262,142,LEAD,
10288,142,LEAD,
10300,142,LEAD,
5748,48,WARM_LEAD,2025-06-01 00:00:00+00:00
1332,5,COLD_LEAD,
9864,120,LEAD,
1300,41,TRIAL,2024-08-11 00:00:00+00:00
1384,41,FREEMIUM,
7507,114,LEAD,
11874,52,LEAD,
9384,114,CHURN,2025-12-03 00:00:00+00:00
6864,95,LEAD,2025-12-24 00:00:00+00:00
6874,96,ON_DEMAND_SUBSCRIPTION,2025-08-14 00:00:00+00:00
1759,7,COLD_LEAD,
6908,96,WARM_LEAD,2025-10-12 00:00:00+00:00
6894,96,LEAD,
6898,95,LEAD,
6899,96,LEAD,
6888,95,LEAD,
6907,96,LEAD,
6916,96,LEAD,
6911,96,LEAD,
3175,65,FREEMIUM,
10311,142,LEAD,
6969,95,CHURN,2025-08-06 00:00:00+00:00
6970,95,CHURN,2025-08-05 00:00:00+00:00
1376,4,TRIAL,2024-06-16 00:00:00+00:00
7623,104,LEAD,
10642,141,CHURN,2026-02-22 00:00:00+00:00
6951,95,LEAD,
1380,5,COLD_LEAD,
10293,142,RECURRING_SUBSCRIPTION,2026-02-01 00:00:00+00:00
11444,104,WARM_LEAD,2026-04-09 00:00:00+00:00
6964,96,LEAD,
6930,96,WARM_LEAD,2025-08-18 00:00:00+00:00
5364,75,LEAD,
1454,1,COLD_LEAD,2024-07-07 00:00:00+00:00
7013,96,LEAD,
6982,96,TRIAL,2025-10-13 00:00:00+00:00
5417,16,WARM_LEAD,2025-04-20 00:00:00+00:00
1389,5,COLD_LEAD,
983,48,FREEMIUM,
1390,7,COLD_LEAD,
1385,11,COLD_LEAD,2024-07-07 00:00:00+00:00
12020,47,LEAD,
7297,104,LEAD,
7296,104,LEAD,
7298,104,LEAD,
7310,104,LEAD,2025-11-25 00:00:00+00:00
7313,104,LEAD,
10170,142,CHURN,2026-01-25 00:00:00+00:00
6871,96,CHURN,2025-08-25 00:00:00+00:00
3958,7,COLD_LEAD,
11641,196,LEAD,
1130,48,FREEMIUM,
1333,17,ON_DEMAND_SUBSCRIPTION,
6166,57,COLD_LEAD,
11559,195,LEAD,
1393,48,FREEMIUM,
1391,48,FREEMIUM,
1394,48,FREEMIUM,
1370,9,FREEMIUM,
6169,57,COLD_LEAD,
1366,6,FREEMIUM,
1470,16,COLD_LEAD,
6359,68,WARM_LEAD,2026-03-08 00:00:00+00:00
4216,17,FREEMIUM,
1466,7,TRIAL,
7002,96,LEAD,2026-01-16 00:00:00+00:00
7001,95,RECURRING_SUBSCRIPTION,2025-08-06 00:00:00+00:00
7713,120,CHURN,2025-10-26 00:00:00+00:00
1392,7,COLD_LEAD,
9615,121,WARM_LEAD,2026-02-01 00:00:00+00:00
6988,96,LEAD,
6990,96,LEAD,
1859,5,COLD_LEAD,
7018,96,LEAD,
1490,6,CHURN,2024-07-02 00:00:00+00:00
2627,42,FREEMIUM,
1775,16,LEAD,
1722,17,TRIAL,2024-11-03 00:00:00+00:00
7026,96,LEAD,
6979,96,LEAD,
6985,96,CHURN,2025-10-28 00:00:00+00:00
7020,95,LEAD,
6983,96,LEAD,
6984,96,LEAD,
6994,96,LEAD,
6995,95,LEAD,
6993,96,TRIAL,2025-11-23 00:00:00+00:00
7029,96,LEAD,
6998,95,LEAD,
6999,96,LEAD,
7000,95,LEAD,
6413,93,LEAD,2026-01-23 00:00:00+00:00
475,16,RECURRING_SUBSCRIPTION,2023-12-17 00:00:00+00:00
5753,76,FREEMIUM,
7508,114,RECURRING_SUBSCRIPTION,2025-10-13 00:00:00+00:00
1414,48,TRIAL,2024-06-27 00:00:00+00:00
7619,104,ON_DEMAND_SUBSCRIPTION,2025-08-29 00:00:00+00:00
1456,47,FREEMIUM,
10643,153,WARM_LEAD,
7007,96,WARM_LEAD,2026-02-21 00:00:00+00:00
5691,47,LEAD,
11446,66,RECURRING_SUBSCRIPTION,2026-04-09 00:00:00+00:00
1862,7,COLD_LEAD,
1733,11,CHURN,2024-09-01 00:00:00+00:00
11560,195,LEAD,
1126,48,FREEMIUM,2024-09-02 00:00:00+00:00
1301,11,COLD_LEAD,2024-07-07 00:00:00+00:00
11642,195,LEAD,
455,7,CHURN,2023-12-17 00:00:00+00:00
5455,52,LEAD,
1876,53,FREEMIUM,2025-04-28 00:00:00+00:00
11873,195,TRIAL,
12021,150,LEAD,
1783,1,COLD_LEAD,
7765,73,LEAD,
1423,48,TRIAL,2024-07-03 00:00:00+00:00
5620,64,LEAD,
7509,114,LEAD,
7308,104,WARM_LEAD,2025-11-02 00:00:00+00:00
7290,104,LEAD,2025-11-21 00:00:00+00:00
10644,96,WARM_LEAD,
768,17,CHURN,2024-03-17 00:00:00+00:00
7023,96,LEAD,2026-01-16 00:00:00+00:00
1566,49,CHURN,2024-07-23 00:00:00+00:00
4551,17,FREEMIUM,
1860,5,COLD_LEAD,
1518,4,TRIAL,2024-07-14 00:00:00+00:00
9571,68,CHURN,2025-12-10 00:00:00+00:00
6992,96,LEAD,
1776,16,LEAD,
6328,68,LEAD,
1524,5,COLD_LEAD,2024-07-14 00:00:00+00:00
7008,96,LEAD,
7010,96,LEAD,
6989,96,WARM_LEAD,2025-08-18 00:00:00+00:00
11875,53,LEAD,
7022,96,RECURRING_SUBSCRIPTION,2025-08-25 00:00:00+00:00
6996,96,RECURRING_SUBSCRIPTION,2025-08-07 00:00:00+00:00
1572,49,CHURN,2024-11-07 00:00:00+00:00
7030,96,WARM_LEAD,2026-02-01 00:00:00+00:00
7016,96,LEAD,
7017,96,LEAD,
7019,96,LEAD,
7024,96,LEAD,
7025,96,LEAD,
7027,96,LEAD,
5527,42,WARM_LEAD,2025-05-13 00:00:00+00:00
7028,96,LEAD,
6991,96,LEAD,
7042,96,LEAD,
7043,95,LEAD,
7056,95,LEAD,2025-11-21 00:00:00+00:00
7045,95,LEAD,
7046,96,LEAD,
1857,5,COLD_LEAD,
11447,135,LEAD,
6414,93,LEAD,
7034,96,LEAD,
7048,96,LEAD,
7047,96,LEAD,
7051,95,LEAD,
7052,96,LEAD,
7053,96,LEAD,
1033,42,CHURN,2024-10-20 00:00:00+00:00
11561,195,LEAD,
7058,56,RECURRING_SUBSCRIPTION,2025-12-21 00:00:00+00:00
11643,195,LEAD,
5466,75,LEAD,
7282,104,WARM_LEAD,2025-10-11 00:00:00+00:00
7291,104,LEAD,
7293,104,LEAD,
10315,142,ON_DEMAND_SUBSCRIPTION,
9741,16,LEAD,
1503,11,TRIAL,2024-07-07 00:00:00+00:00
1739,49,TRIAL,2024-08-28 00:00:00+00:00
9821,66,LEAD,
9820,137,LEAD,2026-01-01 00:00:00+00:00
1259,4,CHURN,2024-08-18 00:00:00+00:00
5467,68,LEAD,2025-04-27 00:00:00+00:00
1538,41,FREEMIUM,
1570,49,FREEMIUM,
5621,68,LEAD,
7510,114,LEAD,
11448,122,LEAD,
7294,104,LEAD,
7035,96,TRIAL,2025-10-13 00:00:00+00:00
7314,104,LEAD,
1777,16,LEAD,
7075,96,WARM_LEAD,2025-11-30 00:00:00+00:00
7044,96,TRIAL,2025-08-25 00:00:00+00:00
7072,96,LEAD,
7079,96,LEAD,
1571,49,FREEMIUM,2026-03-05 00:00:00+00:00
1532,7,TRIAL,2024-07-14 00:00:00+00:00
231,11,CHURN,2025-04-10 00:00:00+00:00
7057,96,LEAD,
1568,49,FREEMIUM,
1553,49,FREEMIUM,
1537,16,COLD_LEAD,
7322,104,LEAD,
1544,48,FREEMIUM,
1557,49,FREEMIUM,
7300,104,LEAD,
11562,195,LEAD,
10202,142,RECURRING_SUBSCRIPTION,2026-01-25 00:00:00+00:00
1564,49,CHURN,2024-12-16 00:00:00+00:00
1562,49,FREEMIUM,2025-04-28 00:00:00+00:00
1563,49,CHURN,2024-07-15 00:00:00+00:00
12022,139,LEAD,
1560,49,FREEMIUM,
11644,195,LEAD,
1575,8,FREEMIUM,
1587,49,FREEMIUM,
1531,7,COLD_LEAD,2024-07-14 00:00:00+00:00
10378,142,TRIAL,2026-02-15 00:00:00+00:00
1574,49,FREEMIUM,
1536,11,TRIAL,2024-07-21 00:00:00+00:00
7325,104,LEAD,2025-11-11 00:00:00+00:00
1523,7,COLD_LEAD,2024-07-14 00:00:00+00:00
5284,17,FREEMIUM,
1539,15,FREEMIUM,
1556,49,FREEMIUM,
1567,49,FREEMIUM,
1616,47,FREEMIUM,
1559,49,FREEMIUM,
1565,49,FREEMIUM,
1573,49,FREEMIUM,
1554,49,CHURN,2024-07-12 00:00:00+00:00
11876,117,WARM_LEAD,
1584,49,FREEMIUM,2025-06-19 00:00:00+00:00
1579,49,FREEMIUM,
1591,49,FREEMIUM,
1555,49,FREEMIUM,
1586,48,FREEMIUM,2024-07-28 00:00:00+00:00
1552,49,TRIAL,2024-09-10 00:00:00+00:00
9651,133,LEAD,
1592,49,FREEMIUM,
6145,66,TRIAL,
5694,11,COLD_LEAD,
4186,17,RECURRING_SUBSCRIPTION,2026-04-25 00:00:00+00:00
1606,49,FREEMIUM,
1598,16,COLD_LEAD,
1623,11,COLD_LEAD,2024-07-21 00:00:00+00:00
2559,63,FREEMIUM,
1630,41,TRIAL,
11449,121,LEAD,
1626,5,COLD_LEAD,
1607,49,FREEMIUM,
1371,17,TRIAL,2024-07-21 00:00:00+00:00
1599,49,FREEMIUM,
7714,120,TRIAL,2026-03-02 00:00:00+00:00
1610,11,COLD_LEAD,2024-07-21 00:00:00+00:00
1601,49,FREEMIUM,
7140,95,TRIAL,2025-09-15 00:00:00+00:00
1602,49,FREEMIUM,
1627,5,COLD_LEAD,
2590,63,FREEMIUM,
1778,16,RECURRING_SUBSCRIPTION,2024-08-11 00:00:00+00:00
10179,142,WARM_LEAD,
1628,17,TRIAL,
1698,16,COLD_LEAD,
1696,13,COLD_LEAD,
1695,13,COLD_LEAD,
7131,96,WARM_LEAD,2026-01-04 00:00:00+00:00
1614,49,FREEMIUM,
1661,47,FREEMIUM,
7133,96,LEAD,
7137,95,LEAD,
1649,48,FREEMIUM,
7138,95,LEAD,
1477,7,TRIAL,2024-07-07 00:00:00+00:00
1617,7,COLD_LEAD,2024-07-21 00:00:00+00:00
10175,142,TRIAL,2026-02-01 00:00:00+00:00
1652,8,FREEMIUM,
1600,49,ON_DEMAND_SUBSCRIPTION,2024-07-11 00:00:00+00:00
10646,63,ON_DEMAND_SUBSCRIPTION,2026-02-15 00:00:00+00:00
1625,49,CHURN,2024-08-04 00:00:00+00:00
7143,95,LEAD,2025-10-28 00:00:00+00:00
2549,51,TRIAL,2024-11-17 00:00:00+00:00
11645,204,LEAD,
7139,95,LEAD,
7141,95,LEAD,
7142,95,LEAD,
7146,95,LEAD,
7145,95,LEAD,
5695,47,LEAD,
3672,65,FREEMIUM,
9829,104,TRIAL,2026-01-04 00:00:00+00:00
11877,8,LEAD,
6386,92,LEAD,
5760,76,FREEMIUM,
5818,76,FREEMIUM,
7130,95,LEAD,
2923,64,TRIAL,2025-01-28 00:00:00+00:00
11563,195,LEAD,
1608,49,FREEMIUM,2025-06-23 00:00:00+00:00
1242,4,COLD_LEAD,2025-06-22 00:00:00+00:00
9887,135,LEAD,
9865,94,LEAD,
1450,42,FREEMIUM,2026-04-27 00:00:00+00:00
7512,114,LEAD,
5696,68,LEAD,
1683,49,FREEMIUM,
11450,104,LEAD,
2628,56,FREEMIUM,
7147,95,LEAD,
7148,95,LEAD,
1680,49,FREEMIUM,
7150,95,LEAD,
1676,17,CHURN,2024-10-27 00:00:00+00:00
7151,95,LEAD,
7152,95,LEAD,
7154,96,LEAD,
7153,95,LEAD,
7155,95,LEAD,
7157,95,LEAD,
7156,95,LEAD,
1682,49,FREEMIUM,
7158,95,LEAD,
7161,95,LEAD,
7162,96,LEAD,
7166,95,LEAD,
1057,42,FREEMIUM,2025-06-15 00:00:00+00:00
7167,95,LEAD,
1710,16,COLD_LEAD,
1864,5,COLD_LEAD,
1707,16,COLD_LEAD,
1705,16,COLD_LEAD,
1709,16,COLD_LEAD,
1708,16,COLD_LEAD,
1706,16,COLD_LEAD,
7168,95,LEAD,
7170,95,LEAD,
7031,95,LEAD,
7174,96,WARM_LEAD,2025-08-17 00:00:00+00:00
7305,104,LEAD,2025-10-12 00:00:00+00:00
7766,120,LEAD,
1642,11,COLD_LEAD,2024-07-21 00:00:00+00:00
2658,51,FREEMIUM,
1702,4,TRIAL,2024-08-04 00:00:00+00:00
7715,120,CHURN,2025-09-09 00:00:00+00:00
1182,47,CHURN,2024-06-02 00:00:00+00:00
1703,4,TRIAL,2024-08-04 00:00:00+00:00
1704,16,WARM_LEAD,2024-07-28 00:00:00+00:00
12023,42,LEAD,
1647,7,COLD_LEAD,2024-07-21 00:00:00+00:00
11564,195,WARM_LEAD,
374,4,CHURN,2024-04-14 00:00:00+00:00
1688,16,LEAD,
1738,8,FREEMIUM,
6104,75,LEAD,
7289,104,LEAD,2025-11-11 00:00:00+00:00
2223,51,FREEMIUM,
11878,52,WARM_LEAD,
7205,96,ON_DEMAND_SUBSCRIPTION,2025-10-20 00:00:00+00:00
6231,64,TRIAL,2025-06-17 00:00:00+00:00
1687,16,COLD_LEAD,
1675,49,WARM_LEAD,2025-07-14 00:00:00+00:00
7269,68,CHURN,2025-08-18 00:00:00+00:00
1883,41,FREEMIUM,
7513,114,RECURRING_SUBSCRIPTION,2025-12-01 00:00:00+00:00
7323,104,LEAD,
7309,104,LEAD,2026-02-10 00:00:00+00:00
2153,56,FREEMIUM,
7171,95,LEAD,
1858,16,WARM_LEAD,2024-08-18 00:00:00+00:00
7172,96,LEAD,
7165,96,LEAD,
7199,96,WARM_LEAD,2025-12-23 00:00:00+00:00
11092,177,WARM_LEAD,
7203,95,LEAD,
1855,11,COLD_LEAD,2024-09-29 00:00:00+00:00
7190,96,TRIAL,2025-08-17 00:00:00+00:00
1861,14,COLD_LEAD,
7200,96,LEAD,
7132,95,CHURN,2025-08-22 00:00:00+00:00
7176,96,TRIAL,2025-08-28 00:00:00+00:00
1874,16,COLD_LEAD,
7050,96,ON_DEMAND_SUBSCRIPTION,2026-01-04 00:00:00+00:00
11,1,TRIAL,
1773,16,WARM_LEAD,2024-08-18 00:00:00+00:00
1774,16,WARM_LEAD,2024-08-18 00:00:00+00:00
7169,96,LEAD,
1998,55,LEAD,
1899,55,LEAD,
7180,96,LEAD,
1229,42,CHURN,2024-06-16 00:00:00+00:00
7192,95,LEAD,
5418,16,LEAD,
7201,96,LEAD,
7307,104,LEAD,2025-11-25 00:00:00+00:00
1900,49,FREEMIUM,
7185,96,LEAD,
7319,104,LEAD,
6981,96,TRIAL,2025-08-12 00:00:00+00:00
9743,17,LEAD,
7194,96,LEAD,
7198,96,LEAD,
10648,13,LEAD,
1905,1,TRIAL,2026-03-08 00:00:00+00:00
9573,127,LEAD,
10745,6,LEAD,
7207,96,LEAD,
1779,13,COLD_LEAD,
1853,7,COLD_LEAD,
7271,56,LEAD,2025-11-17 00:00:00+00:00
1897,7,COLD_LEAD,
11565,195,LEAD,
1898,5,COLD_LEAD,
7326,104,LEAD,
7321,104,WARM_LEAD,
1901,53,FREEMIUM,
12024,96,LEAD,
1866,52,FREEMIUM,
1902,7,COLD_LEAD,
5542,58,COLD_LEAD,
2000,55,LEAD,
1756,48,TRIAL,2024-08-11 00:00:00+00:00
5697,4,COLD_LEAD,
6171,16,LEAD,
6199,83,LEAD,
7514,114,LEAD,
7447,104,LEAD,2026-05-01 00:00:00+00:00
9845,104,LEAD,
7432,104,LEAD,
2696,56,FREEMIUM,
6361,56,LEAD,
7233,96,TRIAL,2025-08-15 00:00:00+00:00
1918,55,LEAD,
1919,55,LEAD,
7228,96,WARM_LEAD,
7173,95,LEAD,
9658,96,CHURN,2025-12-13 00:00:00+00:00
11615,96,LEAD,
6333,68,WARM_LEAD,2026-03-09 00:00:00+00:00
7433,104,WARM_LEAD,2025-10-10 00:00:00+00:00
7454,104,LEAD,2025-10-06 00:00:00+00:00
7437,104,CHURN,2025-08-22 00:00:00+00:00
7434,104,LEAD,
1781,16,RECURRING_SUBSCRIPTION,2024-08-11 00:00:00+00:00
7412,104,LEAD,
7452,104,LEAD,
7453,104,LEAD,
7301,104,WARM_LEAD,2025-08-24 00:00:00+00:00
11452,195,LEAD,
1059,42,RECURRING_SUBSCRIPTION,2025-04-27 00:00:00+00:00
1916,52,FREEMIUM,
1926,53,FREEMIUM,
7526,104,WARM_LEAD,2025-09-30 00:00:00+00:00
8468,104,LEAD,
8466,104,TRIAL,2025-10-07 00:00:00+00:00
9782,104,WARM_LEAD,2025-12-22 00:00:00+00:00
2587,63,FREEMIUM,2025-07-14 00:00:00+00:00
5772,76,FREEMIUM,
1937,47,FREEMIUM,2025-05-10 00:00:00+00:00
1939,16,LEAD,
2672,4,CHURN,2024-12-01 00:00:00+00:00
7443,73,LEAD,
10649,5,WARM_LEAD,
2692,49,FREEMIUM,
7854,115,LEAD,
7848,115,LEAD,
9574,135,LEAD,
2562,63,FREEMIUM,
7859,115,LEAD,
7864,115,ON_DEMAND_SUBSCRIPTION,2025-10-13 00:00:00+00:00
8459,115,LEAD,
498,4,CHURN,2024-01-07 00:00:00+00:00
8458,115,WARM_LEAD,2025-10-12 00:00:00+00:00
17,1,CHURN,
5543,64,LEAD,
1914,11,COLD_LEAD,
5698,49,LEAD,
1468,1,TRIAL,2024-07-07 00:00:00+00:00
1920,16,WARM_LEAD,2024-08-25 00:00:00+00:00
1922,11,COLD_LEAD,
1924,11,COLD_LEAD,
3663,65,FREEMIUM,
12025,140,LEAD,
685,41,RECURRING_SUBSCRIPTION,2024-07-10 00:00:00+00:00
1464,42,FREEMIUM,
1415,42,FREEMIUM,
1662,48,TRIAL,2024-07-31 00:00:00+00:00
1281,42,FREEMIUM,
5742,61,LEAD,
7528,104,RECURRING_SUBSCRIPTION,2025-12-23 00:00:00+00:00
7622,104,TRIAL,2026-01-07 00:00:00+00:00
2924,51,CHURN,2025-02-07 00:00:00+00:00
8584,115,RECURRING_SUBSCRIPTION,2026-03-23 00:00:00+00:00
2158,56,FREEMIUM,
1044,10,TRIAL,2024-04-22 00:00:00+00:00
5283,68,ON_DEMAND_SUBSCRIPTION,
6329,68,LEAD,
6334,68,LEAD,
9,1,COLD_LEAD,
6387,92,LEAD,
6415,93,TRIAL,2025-10-19 00:00:00+00:00
506,5,RECURRING_SUBSCRIPTION,2023-12-31 00:00:00+00:00
11481,93,RECURRING_SUBSCRIPTION,
2215,16,WARM_LEAD,2025-06-01 00:00:00+00:00
8225,111,LEAD,
8215,111,CHURN,2025-11-13 00:00:00+00:00
8222,111,LEAD,
8237,111,LEAD,
8226,111,LEAD,
5626,76,FREEMIUM,
11738,77,LEAD,
1279,42,ON_DEMAND_SUBSCRIPTION,2024-06-25 00:00:00+00:00
11837,195,LEAD,
9934,139,WARM_LEAD,
10010,139,LEAD,
10199,142,TRIAL,2026-02-24 00:00:00+00:00
2154,56,ON_DEMAND_SUBSCRIPTION,2025-11-17 00:00:00+00:00
1597,1,CHURN,2024-07-16 00:00:00+00:00
1999,55,LEAD,
294,11,CHURN,2023-09-17 00:00:00+00:00
10810,98,TRIAL,2026-03-31 00:00:00+00:00
10368,142,LEAD,
2593,49,FREEMIUM,
695,8,ON_DEMAND_SUBSCRIPTION,2024-03-26 00:00:00+00:00
10392,142,LEAD,
2521,4,COLD_LEAD,
1941,11,COLD_LEAD,
1950,5,COLD_LEAD,
9846,4,LEAD,
9888,135,LEAD,
9866,133,TRIAL,
1416,42,RECURRING_SUBSCRIPTION,2024-07-08 00:00:00+00:00
3669,65,FREEMIUM,
5199,56,ON_DEMAND_SUBSCRIPTION,2025-11-01 00:00:00+00:00
8240,111,ON_DEMAND_SUBSCRIPTION,2026-01-22 00:00:00+00:00
2155,56,CHURN,2025-03-30 00:00:00+00:00
5699,68,WARM_LEAD,2025-11-04 00:00:00+00:00
10650,133,TRIAL,
7515,104,LEAD,
1967,49,FREEMIUM,
2564,63,FREEMIUM,
1288,42,CHURN,2024-06-15 00:00:00+00:00
9576,135,LEAD,
5741,61,LEAD,2025-10-22 00:00:00+00:00
8213,111,LEAD,
8214,111,LEAD,
8217,111,LEAD,
1995,48,TRIAL,2024-09-11 00:00:00+00:00
11880,149,WARM_LEAD,
8219,111,LEAD,
8220,111,LEAD,
8218,111,LEAD,
8235,111,LEAD,
8228,111,LEAD,
1962,11,COLD_LEAD,
8229,111,LEAD,
8230,111,LEAD,
8231,111,LEAD,
8232,111,LEAD,
8234,111,LEAD,
8236,111,LEAD,
8243,111,LEAD,
8238,111,LEAD,
11567,195,TRIAL,
8239,111,LEAD,
8227,111,CHURN,2025-10-28 00:00:00+00:00
1048,11,COLD_LEAD,
8242,111,LEAD,
1971,55,LEAD,
6394,92,LEAD,
5627,76,FREEMIUM,
11739,195,WARM_LEAD,2026-04-25 00:00:00+00:00
1979,49,FREEMIUM,
122,1,CHURN,2023-08-20 00:00:00+00:00
12026,205,WARM_LEAD,
11453,195,WARM_LEAD,
1970,7,COLD_LEAD,
2216,58,COLD_LEAD,
1980,11,COLD_LEAD,
9847,73,LEAD,
5472,75,WARM_LEAD,2025-05-18 00:00:00+00:00
10395,142,LEAD,
10449,142,LEAD,
1985,55,LEAD,
1986,55,LEAD,
550,11,CHURN,2024-01-21 00:00:00+00:00
1990,55,WARM_LEAD,2024-09-01 00:00:00+00:00
1991,16,LEAD,
1992,55,LEAD,
1993,55,LEAD,
1997,55,LEAD,
11111,123,WARM_LEAD,
2003,16,LEAD,
2045,47,FREEMIUM,2025-08-25 00:00:00+00:00
2005,16,LEAD,
415,16,FREEMIUM,2023-12-03 00:00:00+00:00
2008,16,LEAD,
2009,16,LEAD,
2010,55,LEAD,
2011,55,LEAD,
1248,42,FREEMIUM,2024-05-22 00:00:00+00:00
10447,142,TRIAL,
2156,56,RECURRING_SUBSCRIPTION,2026-01-11 00:00:00+00:00
8244,111,LEAD,
8245,111,LEAD,
597,15,TRIAL,2024-01-28 00:00:00+00:00
8247,111,LEAD,
3962,54,FREEMIUM,
5743,61,LEAD,
8248,111,LEAD,
2565,63,FREEMIUM,
9848,121,LEAD,
11881,133,TRIAL,
8250,111,LEAD,2026-04-22 00:00:00+00:00
8216,111,LEAD,
5633,76,FREEMIUM,
10484,142,LEAD,
5398,61,LEAD,
8251,111,LEAD,
5700,49,LEAD,
8257,111,LEAD,
8256,111,LEAD,
2013,4,TRIAL,2024-09-08 00:00:00+00:00
11451,195,RECURRING_SUBSCRIPTION,
74,4,CHURN,2023-07-23 00:00:00+00:00
8258,111,LEAD,
2611,49,CHURN,2025-03-31 00:00:00+00:00
2019,55,RECURRING_SUBSCRIPTION,
12027,195,LEAD,
10442,142,LEAD,
2020,55,LEAD,
3670,65,FREEMIUM,
11568,195,WARM_LEAD,
5685,76,FREEMIUM,
1485,11,CHURN,2024-07-07 00:00:00+00:00
5784,76,FREEMIUM,
11740,120,LEAD,
8286,111,WARM_LEAD,2026-03-08 00:00:00+00:00
8280,111,RECURRING_SUBSCRIPTION,2026-03-24 00:00:00+00:00
10444,142,LEAD,
2004,16,LEAD,
10651,75,LEAD,
295,1,CHURN,2023-09-17 00:00:00+00:00
2051,16,LEAD,
2052,55,LEAD,
67,4,CHURN,2023-07-19 00:00:00+00:00
10443,142,LEAD,
2086,17,ON_DEMAND_SUBSCRIPTION,2025-12-01 00:00:00+00:00
11430,142,WARM_LEAD,
7516,114,LEAD,
2058,55,LEAD,
2059,55,LEAD,
7626,114,LEAD,
11569,195,WARM_LEAD,2026-04-19 00:00:00+00:00
11647,68,RECURRING_SUBSCRIPTION,2026-04-18 00:00:00+00:00
2056,4,COLD_LEAD,
2076,16,LEAD,
5473,56,WARM_LEAD,2025-05-04 00:00:00+00:00
281,11,TRIAL,2024-01-14 00:00:00+00:00
8259,111,ON_DEMAND_SUBSCRIPTION,2025-10-09 00:00:00+00:00
8262,111,LEAD,
5399,61,LEAD,
2066,55,LEAD,
2067,55,LEAD,
2068,55,LEAD,
2069,55,LEAD,
8314,111,LEAD,2026-02-02 00:00:00+00:00
8264,111,LEAD,
8265,111,LEAD,
2070,16,RECURRING_SUBSCRIPTION,2024-09-08 00:00:00+00:00
2071,16,LEAD,
8267,111,LEAD,
2087,49,FREEMIUM,
5838,76,FREEMIUM,2025-08-14 00:00:00+00:00
2073,16,LEAD,
8268,111,LEAD,
8287,111,LEAD,
8313,111,CHURN,2025-10-26 00:00:00+00:00
5923,76,FREEMIUM,
8270,111,LEAD,
8304,111,LEAD,
5650,76,FREEMIUM,
5990,76,FREEMIUM,
8269,111,RECURRING_SUBSCRIPTION,2025-10-03 00:00:00+00:00
10652,75,TRIAL,
5681,76,FREEMIUM,2025-08-29 00:00:00+00:00
5751,76,FREEMIUM,
5371,75,LEAD,2025-11-04 00:00:00+00:00
5752,76,FREEMIUM,
10446,142,WARM_LEAD,
5755,76,FREEMIUM,
10380,142,WARM_LEAD,
11882,53,LEAD,
2054,53,FREEMIUM,
6106,1,CHURN,2025-08-24 00:00:00+00:00
2596,60,CHURN,2025-04-27 00:00:00+00:00
7444,114,ON_DEMAND_SUBSCRIPTION,2025-08-26 00:00:00+00:00
9669,66,LEAD,
2093,55,LEAD,
12028,123,LEAD,2026-05-29 00:00:00+00:00
9889,16,LEAD,
24,1,CHURN,
420,4,CHURN,2023-12-03 00:00:00+00:00
2062,4,COLD_LEAD,
5547,67,COLD_LEAD,
2673,55,LEAD,
6341,64,WARM_LEAD,2025-06-29 00:00:00+00:00
208,7,CHURN,2023-08-20 00:00:00+00:00
68,4,CHURN,2023-07-16 00:00:00+00:00
181,7,CHURN,
115,4,CHURN,2023-08-06 00:00:00+00:00
6107,77,LEAD,2026-04-04 00:00:00+00:00
390,4,CHURN,2023-11-19 00:00:00+00:00
883,4,CHURN,2024-04-14 00:00:00+00:00
668,41,CHURN,2024-03-10 00:00:00+00:00
7517,114,LEAD,
5623,76,FREEMIUM,
207,7,CHURN,2023-08-20 00:00:00+00:00
8272,111,LEAD,
19,1,CHURN,
1020,44,CHURN,2024-04-30 00:00:00+00:00
721,11,CHURN,2024-03-10 00:00:00+00:00
8274,111,LEAD,
8276,111,LEAD,
8277,111,LEAD,
127,4,CHURN,2023-10-08 00:00:00+00:00
8278,111,LEAD,
92,4,CHURN,2023-07-16 00:00:00+00:00
233,4,CHURN,2023-08-27 00:00:00+00:00
8288,111,LEAD,
319,10,CHURN,2023-09-17 00:00:00+00:00
65,4,CHURN,2023-07-16 00:00:00+00:00
381,4,CHURN,2023-11-05 00:00:00+00:00
8263,111,TRIAL,2025-10-28 00:00:00+00:00
345,4,CHURN,2023-12-10 00:00:00+00:00
170,7,CHURN,2023-08-13 00:00:00+00:00
395,4,CHURN,2023-11-19 00:00:00+00:00
77,4,CHURN,2023-08-20 00:00:00+00:00
330,4,CHURN,2023-09-24 00:00:00+00:00
8281,111,LEAD,
8289,111,WARM_LEAD,2025-12-14 00:00:00+00:00
2567,63,FREEMIUM,
284,11,CHURN,2023-09-10 00:00:00+00:00
8261,111,TRIAL,2025-10-13 00:00:00+00:00
3675,65,FREEMIUM,
169,7,CHURN,2023-08-06 00:00:00+00:00
8301,111,TRIAL,2025-10-04 00:00:00+00:00
8284,111,LEAD,
8290,111,LEAD,
5680,76,FREEMIUM,
5763,76,FREEMIUM,
9579,135,CHURN,
10653,52,RECURRING_SUBSCRIPTION,
143,7,CHURN,2023-08-13 00:00:00+00:00
5761,76,FREEMIUM,
4393,17,FREEMIUM,
6288,75,LEAD,
5762,76,FREEMIUM,
5764,76,FREEMIUM,2025-06-19 00:00:00+00:00
12029,119,LEAD,
734,11,CHURN,2024-03-10 00:00:00+00:00
5624,76,FREEMIUM,2025-08-21 00:00:00+00:00
11436,134,WARM_LEAD,
130,4,CHURN,2023-07-23 00:00:00+00:00
1417,42,FREEMIUM,
5769,76,FREEMIUM,
218,7,CHURN,2023-08-20 00:00:00+00:00
1463,42,FREEMIUM,
2119,41,FREEMIUM,
2137,41,FREEMIUM,
5625,76,FREEMIUM,
2397,61,CHURN,2025-09-15 00:00:00+00:00
5474,75,RECURRING_SUBSCRIPTION,2025-07-07 00:00:00+00:00
6397,92,RECURRING_SUBSCRIPTION,2025-07-26 00:00:00+00:00
2118,10,LEAD,
4395,17,FREEMIUM,
6726,92,ON_DEMAND_SUBSCRIPTION,2025-08-07 00:00:00+00:00
6725,92,RECURRING_SUBSCRIPTION,2025-07-23 00:00:00+00:00
2149,56,FREEMIUM,2025-11-18 00:00:00+00:00
2151,56,FREEMIUM,
2098,17,TRIAL,2024-11-17 00:00:00+00:00
2150,56,FREEMIUM,
2146,51,ON_DEMAND_SUBSCRIPTION,2025-03-17 00:00:00+00:00
2152,56,CHURN,2024-09-25 00:00:00+00:00
8273,111,LEAD,
5776,76,FREEMIUM,2025-07-17 00:00:00+00:00
8279,111,RECURRING_SUBSCRIPTION,2025-10-04 00:00:00+00:00
5628,76,WARM_LEAD,2025-07-21 00:00:00+00:00
8292,111,RECURRING_SUBSCRIPTION,2026-03-19 00:00:00+00:00
8311,111,WARM_LEAD,2025-12-08 00:00:00+00:00
8294,111,LEAD,
2113,48,FREEMIUM,
8295,111,LEAD,
8297,111,LEAD,
8298,111,LEAD,
8266,111,RECURRING_SUBSCRIPTION,2025-10-07 00:00:00+00:00
8282,111,ON_DEMAND_SUBSCRIPTION,2025-10-15 00:00:00+00:00
8310,111,LEAD,
2125,48,FREEMIUM,
8303,111,LEAD,
8291,111,WARM_LEAD,2026-03-08 00:00:00+00:00
8306,111,LEAD,
8305,111,LEAD,
2135,48,FREEMIUM,
2121,55,LEAD,
2147,94,CHURN,2025-07-08 00:00:00+00:00
2130,48,FREEMIUM,
6489,91,ON_DEMAND_SUBSCRIPTION,2025-09-20 00:00:00+00:00
11454,195,WARM_LEAD,
12030,77,LEAD,
5291,67,COLD_LEAD,
2108,52,FREEMIUM,
2112,52,FREEMIUM,
9580,133,LEAD,
2097,1,CHURN,
8308,111,LEAD,
8309,111,LEAD,
8300,111,LEAD,
8354,111,RECURRING_SUBSCRIPTION,2025-11-03 00:00:00+00:00
8315,111,ON_DEMAND_SUBSCRIPTION,2025-10-12 00:00:00+00:00
2196,11,TRIAL,2025-01-19 00:00:00+00:00
8356,112,LEAD,
8350,111,LEAD,
8353,111,LEAD,
1965,47,CHURN,2024-11-04 00:00:00+00:00
8275,111,WARM_LEAD,2025-12-23 00:00:00+00:00
8351,111,LEAD,
8352,111,LEAD,
8359,112,LEAD,
10655,63,LEAD,
8361,112,LEAD,
8362,112,LEAD,
2197,16,LEAD,
8369,112,LEAD,
8365,112,LEAD,
8366,112,LEAD,
2159,56,RECURRING_SUBSCRIPTION,2024-10-06 00:00:00+00:00
8373,112,CHURN,2025-11-01 00:00:00+00:00
8367,112,LEAD,
2186,16,LEAD,
2162,47,RECURRING_SUBSCRIPTION,2024-12-29 00:00:00+00:00
2163,56,WARM_LEAD,2024-10-03 00:00:00+00:00
5702,64,TRIAL,2025-05-18 00:00:00+00:00
8378,112,CHURN,2025-10-08 00:00:00+00:00
1274,42,FREEMIUM,
2173,56,CHURN,2024-10-17 00:00:00+00:00
2165,56,FREEMIUM,
2169,56,CHURN,2025-02-20 00:00:00+00:00
1280,42,WARM_LEAD,2024-07-01 00:00:00+00:00
2164,56,TRIAL,2024-11-03 00:00:00+00:00
8368,112,LEAD,
8363,112,LEAD,
2205,16,WARM_LEAD,2024-09-29 00:00:00+00:00
8370,112,LEAD,
2180,14,LEAD,
8371,112,LEAD,
2181,11,COLD_LEAD,2023-12-31 00:00:00+00:00
187,7,TRIAL,2023-08-13 00:00:00+00:00
11455,195,TRIAL,
2190,51,FREEMIUM,
8254,111,RECURRING_SUBSCRIPTION,2025-09-23 00:00:00+00:00
11883,51,WARM_LEAD,
1272,42,FREEMIUM,2024-05-28 00:00:00+00:00
9656,94,LEAD,
2167,5,COLD_LEAD,
5475,60,COLD_LEAD,
5549,64,WARM_LEAD,2025-05-11 00:00:00+00:00
2195,16,LEAD,
2198,16,LEAD,
2203,16,LEAD,
2206,16,LEAD,
2208,16,LEAD,
9581,133,LEAD,
9916,133,LEAD,
8372,112,LEAD,
2218,14,LEAD,
5450,61,LEAD,
2271,41,RECURRING_SUBSCRIPTION,2026-01-06 00:00:00+00:00
2253,58,CHURN,2025-05-13 00:00:00+00:00
7520,114,CHURN,2025-09-21 00:00:00+00:00
7628,114,LEAD,
10746,114,LEAD,2026-02-24 00:00:00+00:00
2270,47,FREEMIUM,
8374,112,LEAD,
1256,42,FREEMIUM,
2226,57,COLD_LEAD,
8375,112,LEAD,
2219,58,COLD_LEAD,
8377,112,LEAD,
2258,56,FREEMIUM,
2265,56,RECURRING_SUBSCRIPTION,2024-10-21 00:00:00+00:00
2168,56,TRIAL,2024-10-02 00:00:00+00:00
8379,112,LEAD,
8384,112,LEAD,
10656,51,WARM_LEAD,
8387,112,LEAD,
2242,48,FREEMIUM,
8389,112,LEAD,
8392,112,LEAD,2026-04-30 00:00:00+00:00
8397,112,LEAD,
2234,1,TRIAL,2024-10-13 00:00:00+00:00
8381,112,TRIAL,2025-10-09 00:00:00+00:00
8385,112,RECURRING_SUBSCRIPTION,2025-11-23 00:00:00+00:00
8439,111,LEAD,
9921,111,ON_DEMAND_SUBSCRIPTION,2026-01-11 00:00:00+00:00
8489,111,LEAD,
8491,111,LEAD,
5785,76,FREEMIUM,
11884,73,LEAD,
1296,42,FREEMIUM,2024-06-02 00:00:00+00:00
2235,17,RECURRING_SUBSCRIPTION,2025-12-11 00:00:00+00:00
12032,15,WARM_LEAD,2026-05-30 00:00:00+00:00
5550,64,LEAD,
4396,17,FREEMIUM,
1253,42,RECURRING_SUBSCRIPTION,2024-05-28 00:00:00+00:00
8685,112,TRIAL,2026-01-13 00:00:00+00:00
11093,135,WARM_LEAD,2026-03-08 00:00:00+00:00
5374,75,LEAD,
2315,56,CHURN,2024-10-16 00:00:00+00:00
2674,63,TRIAL,2025-01-03 00:00:00+00:00
2307,56,FREEMIUM,
8502,112,LEAD,
2287,16,LEAD,
8498,111,CHURN,2025-09-29 00:00:00+00:00
8548,118,LEAD,2026-03-12 00:00:00+00:00
2304,41,FREEMIUM,2024-10-13 00:00:00+00:00
2294,41,WARM_LEAD,
2337,41,FREEMIUM,2024-10-20 00:00:00+00:00
2314,41,ON_DEMAND_SUBSCRIPTION,2024-10-10 00:00:00+00:00
2325,17,TRIAL,2024-10-27 00:00:00+00:00
7521,114,LEAD,
2576,62,FREEMIUM,2025-06-08 00:00:00+00:00
5292,42,LEAD,
5786,76,FREEMIUM,
8551,111,CHURN,2025-11-23 00:00:00+00:00
8516,112,RECURRING_SUBSCRIPTION,2025-10-05 00:00:00+00:00
5294,61,LEAD,
2327,1,COLD_LEAD,
8554,111,LEAD,
8889,111,CHURN,2025-11-03 00:00:00+00:00
8556,111,ON_DEMAND_SUBSCRIPTION,2025-10-11 00:00:00+00:00
2320,16,LEAD,
5424,7,TRIAL,2025-09-17 00:00:00+00:00
1821,51,TRIAL,2024-08-27 00:00:00+00:00
2300,48,FREEMIUM,
8585,111,CHURN,2025-10-21 00:00:00+00:00
8581,111,LEAD,2025-10-26 00:00:00+00:00
5293,61,LEAD,
5787,76,FREEMIUM,
8221,111,TRIAL,2025-12-23 00:00:00+00:00
2322,55,LEAD,
2321,16,LEAD,
5788,76,FREEMIUM,
5551,64,LEAD,
1804,53,FREEMIUM,
6111,61,LEAD,
2302,7,CHURN,
2323,11,CHURN,2024-10-27 00:00:00+00:00
5295,61,LEAD,
5779,76,FREEMIUM,
2301,58,COLD_LEAD,
2285,58,COLD_LEAD,
11885,114,RECURRING_SUBSCRIPTION,2026-06-09 00:00:00+00:00
2308,17,CHURN,2024-10-06 00:00:00+00:00
4289,17,FREEMIUM,
12033,142,LEAD,
2345,49,TRIAL,2024-11-05 00:00:00+00:00
2293,7,COLD_LEAD,
2297,57,COLD_LEAD,
2298,57,COLD_LEAD,
2339,16,LEAD,
2340,55,LEAD,
11054,127,LEAD,
9932,139,TRIAL,2026-02-01 00:00:00+00:00
7629,114,LEAD,
3975,17,FREEMIUM,2025-10-17 00:00:00+00:00
5782,76,FREEMIUM,
4297,17,FREEMIUM,
4336,17,FREEMIUM,
7522,114,LEAD,2025-12-23 00:00:00+00:00
4300,17,FREEMIUM,
5781,76,FREEMIUM,
4303,17,FREEMIUM,
5783,76,FREEMIUM,
4305,17,FREEMIUM,
2375,56,TRIAL,2024-11-04 00:00:00+00:00
2367,16,CHURN,2024-10-20 00:00:00+00:00
3994,17,FREEMIUM,
2404,56,FREEMIUM,
3997,17,FREEMIUM,
5517,42,WARM_LEAD,2025-05-04 00:00:00+00:00
3998,17,FREEMIUM,
8260,111,CHURN,2025-10-10 00:00:00+00:00
4000,17,FREEMIUM,
5452,61,LEAD,
11886,63,LEAD,
8891,111,RECURRING_SUBSCRIPTION,2026-01-29 00:00:00+00:00
2319,61,FREEMIUM,
4001,17,FREEMIUM,
2361,17,TRIAL,2025-05-25 00:00:00+00:00
2366,54,CHURN,2024-10-23 00:00:00+00:00
8886,111,TRIAL,2025-10-25 00:00:00+00:00
2402,15,ON_DEMAND_SUBSCRIPTION,2024-11-10 00:00:00+00:00
9181,111,RECURRING_SUBSCRIPTION,2025-11-23 00:00:00+00:00
9198,111,LEAD,
2373,15,TRIAL,
10225,93,RECURRING_SUBSCRIPTION,2026-03-29 00:00:00+00:00
4189,17,FREEMIUM,
2682,15,WARM_LEAD,2025-12-16 00:00:00+00:00
2826,15,ON_DEMAND_SUBSCRIPTION,2025-01-19 00:00:00+00:00
4192,17,FREEMIUM,
10226,93,LEAD,
4193,17,FREEMIUM,
4194,17,FREEMIUM,
9657,66,LEAD,
6388,92,LEAD,
4196,17,FREEMIUM,
5629,76,FREEMIUM,2025-06-19 00:00:00+00:00
4197,17,FREEMIUM,
2371,47,FREEMIUM,2024-10-20 00:00:00+00:00
4911,15,ON_DEMAND_SUBSCRIPTION,2025-06-04 00:00:00+00:00
2548,17,FREEMIUM,
6681,92,RECURRING_SUBSCRIPTION,2025-09-03 00:00:00+00:00
4198,17,FREEMIUM,
12034,73,LEAD,
4199,17,FREEMIUM,
9671,16,LEAD,
4222,17,FREEMIUM,
2875,44,FREEMIUM,
2362,57,COLD_LEAD,
7523,114,LEAD,2026-01-26 00:00:00+00:00
5790,76,FREEMIUM,
5791,76,FREEMIUM,
2420,56,ON_DEMAND_SUBSCRIPTION,2024-11-01 00:00:00+00:00
2430,4,COLD_LEAD,
6416,93,LEAD,
2598,60,CHURN,2025-05-04 00:00:00+00:00
10215,93,LEAD,
2204,51,ON_DEMAND_SUBSCRIPTION,2025-01-28 00:00:00+00:00
10216,93,LEAD,
10217,93,LEAD,
2418,17,ON_DEMAND_SUBSCRIPTION,2024-10-20 00:00:00+00:00
10218,93,LEAD,
2429,58,COLD_LEAD,
10219,93,LEAD,
10221,93,LEAD,
10230,93,LEAD,
10233,93,LEAD,
10235,93,LEAD,
8717,131,LEAD,
2338,17,TRIAL,2024-11-03 00:00:00+00:00
8723,131,LEAD,
8725,131,LEAD,
2372,4,CHURN,2024-10-20 00:00:00+00:00
8726,131,LEAD,
8715,131,CHURN,2025-10-28 00:00:00+00:00
4002,17,FREEMIUM,
8724,131,LEAD,2025-11-07 00:00:00+00:00
8732,131,TRIAL,2025-10-21 00:00:00+00:00
2456,11,TRIAL,2025-04-06 00:00:00+00:00
8713,131,TRIAL,2025-10-29 00:00:00+00:00
8721,131,WARM_LEAD,2025-10-18 00:00:00+00:00
9148,131,LEAD,
9149,131,LEAD,
5789,76,FREEMIUM,
9158,131,LEAD,
9153,131,LEAD,
9154,131,LEAD,
9155,131,LEAD,
9156,131,LEAD,
9157,131,LEAD,
5793,76,FREEMIUM,
79,4,CHURN,2023-07-16 00:00:00+00:00
5794,76,FREEMIUM,
11457,195,LEAD,
5792,76,FREEMIUM,
11570,66,LEAD,
10220,93,WARM_LEAD,
9193,120,ON_DEMAND_SUBSCRIPTION,
4007,17,FREEMIUM,
5425,75,LEAD,
2687,52,FREEMIUM,
2601,62,FREEMIUM,
9152,131,CHURN,
2453,57,COLD_LEAD,
12035,122,LEAD,
2451,16,LEAD,
9175,131,TRIAL,
6419,93,WARM_LEAD,2026-01-23 00:00:00+00:00
2452,49,CHURN,2024-12-15 00:00:00+00:00
5630,76,FREEMIUM,
2448,41,CHURN,2025-12-07 00:00:00+00:00
5817,76,FREEMIUM,
5800,76,FREEMIUM,2025-07-19 00:00:00+00:00
5812,76,FREEMIUM,
2310,56,ON_DEMAND_SUBSCRIPTION,2026-02-21 00:00:00+00:00
2482,56,FREEMIUM,
5797,76,FREEMIUM,2025-08-15 00:00:00+00:00
5813,76,FREEMIUM,
5451,61,ON_DEMAND_SUBSCRIPTION,2025-05-14 00:00:00+00:00
5814,76,FREEMIUM,
2472,60,COLD_LEAD,
2161,15,TRIAL,2024-10-27 00:00:00+00:00
5254,42,FREEMIUM,
7799,120,LEAD,
8152,120,LEAD,
8155,120,ON_DEMAND_SUBSCRIPTION,2025-10-19 00:00:00+00:00
2498,48,FREEMIUM,
8148,120,LEAD,2025-09-19 00:00:00+00:00
5815,76,FREEMIUM,
5816,76,FREEMIUM,
5810,76,FREEMIUM,
2489,17,TRIAL,2024-11-03 00:00:00+00:00
5801,76,FREEMIUM,
5795,76,FREEMIUM,2025-10-17 00:00:00+00:00
5796,76,FREEMIUM,
5798,76,FREEMIUM,
5799,76,FREEMIUM,
1287,42,RECURRING_SUBSCRIPTION,2024-05-31 00:00:00+00:00
5554,64,LEAD,
2476,1,CHURN,2024-11-24 00:00:00+00:00
5808,76,FREEMIUM,
5802,76,FREEMIUM,
5803,76,FREEMIUM,
5805,76,FREEMIUM,
5806,76,FREEMIUM,
11458,153,RECURRING_SUBSCRIPTION,
9584,133,LEAD,
5807,76,FREEMIUM,2025-11-20 00:00:00+00:00
5804,76,FREEMIUM,
11887,95,WARM_LEAD,
5809,76,FREEMIUM,
11571,1,LEAD,
9935,135,LEAD,
5811,76,FREEMIUM,
6389,92,LEAD,
5826,76,FREEMIUM,
5827,76,FREEMIUM,
5453,61,LEAD,
5632,76,FREEMIUM,
1746,42,FREEMIUM,
2491,47,ON_DEMAND_SUBSCRIPTION,2024-11-03 00:00:00+00:00
12036,195,RECURRING_SUBSCRIPTION,2026-06-07 00:00:00+00:00
2474,11,COLD_LEAD,
5526,42,WARM_LEAD,2025-05-11 00:00:00+00:00
2502,17,CHURN,2026-01-31 00:00:00+00:00
5825,76,FREEMIUM,
5820,76,FREEMIUM,
2507,16,LEAD,
2473,11,COLD_LEAD,
5821,76,FREEMIUM,
328,11,CHURN,2023-10-15 00:00:00+00:00
2363,41,CHURN,2024-10-20 00:00:00+00:00
424,16,FREEMIUM,
2525,49,FREEMIUM,
4325,17,FREEMIUM,2025-12-17 00:00:00+00:00
7525,114,LEAD,
7654,114,WARM_LEAD,2025-09-02 00:00:00+00:00
5819,76,FREEMIUM,2025-06-19 00:00:00+00:00
2317,56,CHURN,2024-11-08 00:00:00+00:00
9159,131,LEAD,
2526,58,COLD_LEAD,2025-06-08 00:00:00+00:00
5824,76,FREEMIUM,2026-02-03 00:00:00+00:00
5754,76,FREEMIUM,
9160,131,LEAD,
9161,131,LEAD,
9163,131,LEAD,
1054,17,FREEMIUM,2025-12-16 00:00:00+00:00
9164,131,LEAD,
9165,131,LEAD,
9167,131,LEAD,
1236,47,FROZEN,2024-12-04 00:00:00+00:00
9162,131,WARM_LEAD,
9166,131,WARM_LEAD,
9388,120,TRIAL,2026-01-25 00:00:00+00:00
5634,76,FREEMIUM,
2697,4,CHURN,2024-12-01 00:00:00+00:00
5635,76,FREEMIUM,2025-05-25 00:00:00+00:00
5832,76,FREEMIUM,
5636,76,FREEMIUM,2025-06-20 00:00:00+00:00
5837,76,FREEMIUM,
531,17,TRIAL,2024-01-14 00:00:00+00:00
11459,11,LEAD,
5836,76,FREEMIUM,2025-10-09 00:00:00+00:00
2535,17,FREEMIUM,
5639,76,FREEMIUM,2025-11-20 00:00:00+00:00
1484,50,TRIAL,2024-07-07 00:00:00+00:00
3989,17,FREEMIUM,
3915,53,FREEMIUM,2025-03-23 00:00:00+00:00
5768,76,FREEMIUM,
11741,17,TRIAL,2026-04-25 00:00:00+00:00
11839,66,RECURRING_SUBSCRIPTION,
1345,6,CHURN,2024-08-31 00:00:00+00:00
1816,51,FREEMIUM,
1797,53,FREEMIUM,
1810,53,FREEMIUM,
11888,51,LEAD,
5830,76,FREEMIUM,2026-02-08 00:00:00+00:00
1800,53,RECURRING_SUBSCRIPTION,2024-08-20 00:00:00+00:00
1884,51,RECURRING_SUBSCRIPTION,2024-11-08 00:00:00+00:00
1944,53,FREEMIUM,2025-11-26 00:00:00+00:00
5426,74,LEAD,
10647,52,ON_DEMAND_SUBSCRIPTION,2026-02-19 00:00:00+00:00
5555,64,LEAD,
6113,66,LEAD,
11442,140,WARM_LEAD,
1159,41,TRIAL,2025-05-06 00:00:00+00:00
6533,77,RECURRING_SUBSCRIPTION,2026-03-22 00:00:00+00:00
10121,140,LEAD,
2174,56,TRIAL,2024-12-08 00:00:00+00:00
5556,64,WARM_LEAD,2025-05-11 00:00:00+00:00
1701,42,TRIAL,2024-07-28 00:00:00+00:00
2711,56,FREEMIUM,
2580,62,CHURN,2024-12-05 00:00:00+00:00
5840,76,FREEMIUM,
9585,135,LEAD,
10124,140,LEAD,
10106,140,TRIAL,2026-03-15 00:00:00+00:00
6276,52,RECURRING_SUBSCRIPTION,2025-06-20 00:00:00+00:00
5842,76,FREEMIUM,
5841,76,LEAD,
5839,76,FREEMIUM,
8283,111,RECURRING_SUBSCRIPTION,2025-10-10 00:00:00+00:00
5829,76,LEAD,
2715,1,CHURN,2024-12-08 00:00:00+00:00
3906,63,FREEMIUM,
9645,63,RECURRING_SUBSCRIPTION,2026-01-23 00:00:00+00:00
10089,140,LEAD,
2546,61,FREEMIUM,
2730,16,LEAD,
1261,42,CHURN,2024-06-03 00:00:00+00:00
10107,140,LEAD,
10122,140,LEAD,
11127,140,RECURRING_SUBSCRIPTION,2026-03-15 00:00:00+00:00
9822,137,WARM_LEAD,2026-01-18 00:00:00+00:00
1087,15,ON_DEMAND_SUBSCRIPTION,2026-01-10 00:00:00+00:00
5637,76,FREEMIUM,
11460,195,LEAD,
2714,4,COLD_LEAD,
5427,49,LEAD,
5843,76,CHURN,2025-09-10 00:00:00+00:00
5823,76,FREEMIUM,
2739,49,FREEMIUM,
2757,47,FREEMIUM,2024-12-15 00:00:00+00:00
1140,9,FREEMIUM,
9713,91,RECURRING_SUBSCRIPTION,2025-12-21 00:00:00+00:00
5857,76,FREEMIUM,
11840,66,RECURRING_SUBSCRIPTION,
5301,51,WARM_LEAD,2026-02-22 00:00:00+00:00
2722,15,ON_DEMAND_SUBSCRIPTION,2025-02-14 00:00:00+00:00
5709,4,COLD_LEAD,
6167,58,COLD_LEAD,2025-06-08 00:00:00+00:00
5858,76,FREEMIUM,
5859,76,FREEMIUM,
5860,76,FREEMIUM,
5844,76,FREEMIUM,
5849,76,FREEMIUM,
2724,11,TRIAL,2024-12-08 00:00:00+00:00
7672,119,TRIAL,2025-09-03 00:00:00+00:00
1460,42,CHURN,2024-07-12 00:00:00+00:00
7631,114,LEAD,
10120,140,LEAD,
2778,56,FREEMIUM,
215,7,COLD_LEAD,2024-12-22 00:00:00+00:00
10123,140,LEAD,
2786,17,CHURN,2024-12-15 00:00:00+00:00
11573,66,LEAD,
2768,55,LEAD,
10187,140,LEAD,
1481,1,CHURN,2024-07-07 00:00:00+00:00
2766,16,FREEMIUM,
5552,64,WARM_LEAD,2025-05-11 00:00:00+00:00
15,1,CHURN,
291,10,COLD_LEAD,2023-09-10 00:00:00+00:00
9586,135,LEAD,
4146,17,FREEMIUM,2026-01-26 00:00:00+00:00
5765,76,FREEMIUM,2025-11-20 00:00:00+00:00
2909,47,FREEMIUM,
2787,60,CHURN,2024-12-22 00:00:00+00:00
2581,63,FREEMIUM,
2803,64,TRIAL,2025-01-28 00:00:00+00:00
5758,76,FREEMIUM,2025-07-07 00:00:00+00:00
11889,17,RECURRING_SUBSCRIPTION,
5642,76,FREEMIUM,
2800,64,WARM_LEAD,2025-07-20 00:00:00+00:00
5862,76,FREEMIUM,
862,42,TRIAL,2024-06-02 00:00:00+00:00
10192,140,LEAD,
5868,76,FREEMIUM,
2179,42,TRIAL,2024-09-18 00:00:00+00:00
2143,42,CHURN,2024-09-20 00:00:00+00:00
5557,64,LEAD,
5644,76,FREEMIUM,
2790,64,WARM_LEAD,2024-12-18 00:00:00+00:00
4169,17,FREEMIUM,
7718,7,COLD_LEAD,
2745,1,CHURN,2024-12-15 00:00:00+00:00
4170,17,FREEMIUM,
7725,92,CHURN,2025-09-02 00:00:00+00:00
2796,64,LEAD,
2784,63,FREEMIUM,
11461,195,LEAD,
4175,17,FREEMIUM,
2812,54,FREEMIUM,
2794,64,LEAD,
5877,76,FREEMIUM,
198,8,FREEMIUM,
2804,47,FREEMIUM,
5456,52,RECURRING_SUBSCRIPTION,2025-04-21 00:00:00+00:00
1743,49,ON_DEMAND_SUBSCRIPTION,2024-10-31 00:00:00+00:00
12037,17,WARM_LEAD,
103,5,RECURRING_SUBSCRIPTION,2023-07-16 05:00:00+00:00
2791,64,TRIAL,2025-09-28 00:00:00+00:00
2807,64,LEAD,
2808,64,LEAD,
2813,64,LEAD,
2821,57,TRIAL,2024-12-29 00:00:00+00:00
9587,133,LEAD,
1467,50,TRIAL,2024-06-30 00:00:00+00:00
10316,140,LEAD,
10321,140,LEAD,
10325,140,LEAD,
2815,56,FREEMIUM,
2160,56,TRIAL,2024-09-17 00:00:00+00:00
2654,52,FREEMIUM,2024-12-22 00:00:00+00:00
3904,17,CHURN,2025-06-04 00:00:00+00:00
2823,49,FREEMIUM,
2817,64,LEAD,
10319,140,WARM_LEAD,
2814,64,TRIAL,2025-03-08 00:00:00+00:00
2824,64,TRIAL,2025-05-02 00:00:00+00:00
2827,49,FREEMIUM,
7719,120,LEAD,
2822,64,LEAD,
2848,60,TRIAL,2025-01-05 00:00:00+00:00
2799,64,TRIAL,2025-04-18 00:00:00+00:00
10330,140,WARM_LEAD,
6110,42,CHURN,2025-09-18 00:00:00+00:00
10586,140,WARM_LEAD,2026-03-29 00:00:00+00:00
11367,140,WARM_LEAD,
4004,17,FREEMIUM,
7285,104,LEAD,
11890,142,LEAD,
5757,76,FREEMIUM,
5767,76,FREEMIUM,2025-08-29 00:00:00+00:00
5831,76,FREEMIUM,
5834,76,FREEMIUM,
4472,17,FREEMIUM,
11462,195,LEAD,
5476,42,CHURN,2025-05-01 00:00:00+00:00
4473,17,FREEMIUM,
5303,54,LEAD,2025-07-27 00:00:00+00:00
5766,76,FREEMIUM,2025-11-20 00:00:00+00:00
9672,50,LEAD,
2237,42,CHURN,2024-11-04 00:00:00+00:00
2816,60,COLD_LEAD,
2842,64,LEAD,
12038,111,LEAD,
2829,64,TRIAL,2025-03-30 00:00:00+00:00
2825,11,COLD_LEAD,2025-02-23 00:00:00+00:00
5638,76,FREEMIUM,
1791,52,FREEMIUM,
5874,76,FREEMIUM,
5876,76,FREEMIUM,
6233,42,LEAD,
5878,76,FREEMIUM,
631,4,CHURN,2024-02-11 00:00:00+00:00
9744,131,TRIAL,2025-12-14 00:00:00+00:00
2810,42,CHURN,2024-12-18 00:00:00+00:00
4398,17,FREEMIUM,
2895,60,TRIAL,2025-03-30 00:00:00+00:00
10085,140,WARM_LEAD,2026-01-25 00:00:00+00:00
10098,140,LEAD,
2856,11,COLD_LEAD,
2864,64,LEAD,
2865,11,TRIAL,2025-01-19 00:00:00+00:00
10086,140,LEAD,
2880,41,ON_DEMAND_SUBSCRIPTION,2025-12-02 00:00:00+00:00
2857,41,FREEMIUM,
9588,133,WARM_LEAD,2025-12-07 00:00:00+00:00
342,10,TRIAL,2024-01-01 00:00:00+00:00
2675,63,RECURRING_SUBSCRIPTION,2025-10-16 00:00:00+00:00
2401,61,TRIAL,2024-11-24 00:00:00+00:00
10105,140,LEAD,
11891,198,WARM_LEAD,
2871,56,FREEMIUM,2025-11-18 00:00:00+00:00
5559,64,LEAD,
10104,140,LEAD,
2894,42,RECURRING_SUBSCRIPTION,2025-02-02 00:00:00+00:00
10309,140,LEAD,
10310,140,LEAD,
565,1,CHURN,2024-01-28 00:00:00+00:00
10328,140,RECURRING_SUBSCRIPTION,
11299,140,RECURRING_SUBSCRIPTION,
11290,123,WARM_LEAD,
11337,123,LEAD,
9691,122,LEAD,
11590,121,WARM_LEAD,2026-04-19 00:00:00+00:00
2874,11,CHURN,2025-01-12 00:00:00+00:00
7902,121,RECURRING_SUBSCRIPTION,2025-10-30 00:00:00+00:00
2878,64,LEAD,
12039,139,LEAD,
11605,122,LEAD,
2647,63,CHURN,2025-01-20 00:00:00+00:00
9746,121,WARM_LEAD,2025-12-18 00:00:00+00:00
776,17,FREEMIUM,2024-03-17 00:00:00+00:00
2893,54,FREEMIUM,
2608,17,FREEMIUM,
7675,97,LEAD,
2144,51,WARM_LEAD,2025-05-11 00:00:00+00:00
2902,49,FREEMIUM,2025-05-23 00:00:00+00:00
2896,41,ON_DEMAND_SUBSCRIPTION,2025-02-06 00:00:00+00:00
6234,42,LEAD,
5380,75,RECURRING_SUBSCRIPTION,2025-12-09 00:00:00+00:00
9673,50,LEAD,
2863,16,WARM_LEAD,2025-01-05 00:00:00+00:00
2884,64,TRIAL,2025-01-26 00:00:00+00:00
6114,64,TRIAL,2025-05-27 00:00:00+00:00
2900,64,LEAD,
7529,114,LEAD,
364,10,TRIAL,2023-10-22 00:00:00+00:00
5833,76,FREEMIUM,
7720,120,LEAD,
2931,1,TRIAL,2025-02-02 00:00:00+00:00
2913,49,FREEMIUM,2025-05-09 00:00:00+00:00
5640,76,FREEMIUM,
4399,17,FREEMIUM,
9918,140,LEAD,
3712,66,LEAD,
2926,49,FREEMIUM,
7899,121,RECURRING_SUBSCRIPTION,2025-09-24 00:00:00+00:00
7823,121,ON_DEMAND_SUBSCRIPTION,2025-09-16 00:00:00+00:00
7901,122,LEAD,
2887,64,TRIAL,2025-01-12 00:00:00+00:00
7900,121,RECURRING_SUBSCRIPTION,2025-09-08 00:00:00+00:00
7878,122,WARM_LEAD,2025-09-14 00:00:00+00:00
7819,123,CHURN,2025-11-16 00:00:00+00:00
4401,17,FREEMIUM,
9823,121,WARM_LEAD,2025-12-28 00:00:00+00:00
11150,122,LEAD,
3182,17,FREEMIUM,
5855,76,FREEMIUM,
9876,122,RECURRING_SUBSCRIPTION,2026-03-11 00:00:00+00:00
7925,121,CHURN,2025-12-29 00:00:00+00:00
6115,16,LEAD,
2925,64,LEAD,
5856,76,FREEMIUM,
11892,191,LEAD,
2922,64,WARM_LEAD,2025-01-10 00:00:00+00:00
6952,42,LEAD,
5327,42,WARM_LEAD,2025-09-28 00:00:00+00:00
6936,42,LEAD,
5560,64,WARM_LEAD,2025-05-11 00:00:00+00:00
7794,123,CHURN,2025-09-05 00:00:00+00:00
10096,140,CHURN,
6173,75,LEAD,
7006,42,LEAD,
6542,17,LEAD,2026-02-07 00:00:00+00:00
4230,17,FREEMIUM,
6578,17,CHURN,2026-02-05 00:00:00+00:00
12040,142,LEAD,
2935,60,COLD_LEAD,
2939,64,LEAD,
2950,64,LEAD,
2951,64,LEAD,
2940,64,LEAD,
9784,11,LEAD,
9589,133,LEAD,
356,10,TRIAL,2023-10-15 00:00:00+00:00
601,11,CHURN,2024-02-04 00:00:00+00:00
7989,122,ON_DEMAND_SUBSCRIPTION,2026-01-18 00:00:00+00:00
2963,48,FREEMIUM,
3507,44,FREEMIUM,2025-04-28 00:00:00+00:00
2958,64,LEAD,
2970,64,TRIAL,2025-03-10 00:00:00+00:00
5561,64,LEAD,
2960,16,LEAD,
2961,55,LEAD,
5238,68,FREEMIUM,
2975,11,COLD_LEAD,
11608,121,RECURRING_SUBSCRIPTION,
3074,68,TRIAL,2025-03-11 00:00:00+00:00
3030,16,LEAD,
7928,121,LEAD,
6391,92,LEAD,
2959,17,FREEMIUM,
7939,122,LEAD,
7940,122,LEAD,
7930,122,LEAD,
8020,122,LEAD,
7927,121,ON_DEMAND_SUBSCRIPTION,2025-09-22 00:00:00+00:00
7945,123,ON_DEMAND_SUBSCRIPTION,2025-10-27 00:00:00+00:00
5850,76,FREEMIUM,
5305,66,LEAD,
9785,133,LEAD,
5835,76,FREEMIUM,
11893,191,TRIAL,
4247,17,FREEMIUM,
2701,1,CHURN,2026-03-18 00:00:00+00:00
8003,122,RECURRING_SUBSCRIPTION,2025-09-15 00:00:00+00:00
2974,64,LEAD,
7975,123,RECURRING_SUBSCRIPTION,2026-01-16 00:00:00+00:00
12041,77,LEAD,
7988,121,LEAD,
4248,17,FREEMIUM,
7974,123,LEAD,
7976,123,LEAD,
8017,122,LEAD,2026-03-26 00:00:00+00:00
7978,122,LEAD,
7980,121,LEAD,
7990,123,LEAD,
7993,122,LEAD,
8018,121,LEAD,
9706,42,CHURN,2025-12-22 00:00:00+00:00
2969,64,COLD_LEAD,2025-01-25 00:00:00+00:00
8001,122,LEAD,
2957,64,WARM_LEAD,2025-01-11 00:00:00+00:00
5641,73,WARM_LEAD,2025-07-20 00:00:00+00:00
2971,57,COLD_LEAD,
2964,64,TRIAL,2025-04-06 00:00:00+00:00
5851,76,FREEMIUM,
5846,76,WARM_LEAD,
5848,76,FREEMIUM,
11575,153,LEAD,
3917,48,WARM_LEAD,2025-06-16 00:00:00+00:00
2956,4,COLD_LEAD,
2983,44,FREEMIUM,
2047,47,ON_DEMAND_SUBSCRIPTION,2024-10-20 00:00:00+00:00
6392,92,LEAD,
3026,41,FREEMIUM,
2986,64,TRIAL,2025-02-09 00:00:00+00:00
798,17,FREEMIUM,
11465,139,LEAD,
2988,64,LEAD,
2989,64,LEAD,
336,10,CHURN,2023-09-24 00:00:00+00:00
4358,17,FREEMIUM,
5864,76,FREEMIUM,2025-10-20 00:00:00+00:00
5861,76,FREEMIUM,
2981,4,COLD_LEAD,
5429,68,LEAD,
2980,44,TRIAL,2025-01-14 00:00:00+00:00
5240,68,FREEMIUM,
8164,123,TRIAL,2026-03-23 00:00:00+00:00
6417,93,LEAD,
4359,17,FREEMIUM,
2583,63,FREEMIUM,
3016,54,FREEMIUM,
8007,122,LEAD,
11374,123,LEAD,
8053,122,CHURN,2025-10-08 00:00:00+00:00
5863,76,FREEMIUM,
5865,76,FREEMIUM,
7929,121,CHURN,2025-09-15 00:00:00+00:00
8153,121,LEAD,
8160,123,LEAD,
2984,60,COLD_LEAD,2025-02-02 00:00:00+00:00
8161,121,LEAD,
9591,133,LEAD,
3004,55,COLD_LEAD,
5866,76,FREEMIUM,
3002,16,RECURRING_SUBSCRIPTION,2025-01-26 00:00:00+00:00
1009,4,CHURN,2024-06-23 00:00:00+00:00
3003,16,LEAD,
3000,1,COLD_LEAD,
5867,76,FREEMIUM,
1754,42,CHURN,2025-09-18 00:00:00+00:00
11894,139,LEAD,
5306,66,LEAD,
5562,64,LEAD,
3012,64,LEAD,
316,1,CHURN,2023-09-17 00:00:00+00:00
12042,139,LEAD,
3008,4,COLD_LEAD,
2997,57,COLD_LEAD,
3010,11,COLD_LEAD,
9885,114,WARM_LEAD,2026-01-11 00:00:00+00:00
7633,117,LEAD,
3061,16,LEAD,
8875,42,LEAD,
9592,133,LEAD,
9126,42,RECURRING_SUBSCRIPTION,
3081,68,ON_DEMAND_SUBSCRIPTION,2025-04-06 00:00:00+00:00
11051,122,RECURRING_SUBSCRIPTION,
9124,42,LEAD,
3072,17,CHURN,2025-04-16 00:00:00+00:00
8173,121,LEAD,
8163,122,LEAD,
6393,92,LEAD,
8166,122,LEAD,
8167,121,LEAD,
11895,75,LEAD,
8174,123,LEAD,
8175,123,LEAD,
8176,121,LEAD,
8151,123,TRIAL,2025-09-21 00:00:00+00:00
8120,123,WARM_LEAD,2025-12-16 00:00:00+00:00
8138,122,FROZEN,2025-11-21 00:00:00+00:00
8190,123,TRIAL,2025-11-24 00:00:00+00:00
3043,15,ON_DEMAND_SUBSCRIPTION,2025-01-27 00:00:00+00:00
9119,42,LEAD,
11055,150,LEAD,
3035,11,COLD_LEAD,
3080,4,COLD_LEAD,
3051,1,TRIAL,2025-02-11 00:00:00+00:00
11576,195,LEAD,
3064,17,FREEMIUM,2025-02-09 00:00:00+00:00
5643,76,RECURRING_SUBSCRIPTION,2025-06-30 00:00:00+00:00
3055,16,LEAD,
2637,62,TRIAL,2024-12-22 00:00:00+00:00
10747,51,LEAD,
343,8,CHURN,2023-10-08 00:00:00+00:00
5869,76,FREEMIUM,
4367,17,FREEMIUM,
2686,17,FREEMIUM,
5870,76,FREEMIUM,
5871,76,FREEMIUM,
5872,76,FREEMIUM,
8179,121,RECURRING_SUBSCRIPTION,2026-02-23 00:00:00+00:00
8186,123,TRIAL,2026-01-04 00:00:00+00:00
14,1,CHURN,
11464,139,WARM_LEAD,
3039,1,COLD_LEAD,
5563,64,TRIAL,2025-06-04 00:00:00+00:00
2053,7,CHURN,2024-09-15 00:00:00+00:00
12043,195,WARM_LEAD,
3050,4,COLD_LEAD,
3036,7,COLD_LEAD,2025-02-02 00:00:00+00:00
3095,64,WARM_LEAD,2025-02-23 00:00:00+00:00
3038,4,COLD_LEAD,
3063,16,LEAD,
2904,44,FREEMIUM,
6229,65,LEAD,
9125,42,LEAD,
3160,41,FREEMIUM,
7724,114,LEAD,
8165,122,WARM_LEAD,2026-01-11 00:00:00+00:00
9830,122,LEAD,
9718,121,WARM_LEAD,
9128,42,LEAD,
584,17,FREEMIUM,2025-11-01 00:00:00+00:00
3141,16,LEAD,
11156,140,LEAD,
8586,122,TRIAL,2025-10-09 00:00:00+00:00
2638,63,FREEMIUM,
9960,139,WARM_LEAD,
9919,121,ON_DEMAND_SUBSCRIPTION,2026-01-18 00:00:00+00:00
9134,122,LEAD,
248,1,CHURN,2023-09-03 00:00:00+00:00
7814,121,ON_DEMAND_SUBSCRIPTION,2025-12-14 00:00:00+00:00
9127,42,LEAD,
9130,42,LEAD,
4231,17,FREEMIUM,
9228,121,LEAD,
6782,17,LEAD,
3122,61,FREEMIUM,2025-02-23 00:00:00+00:00
7842,121,RECURRING_SUBSCRIPTION,2026-06-20 00:00:00+00:00
3142,16,LEAD,
6196,53,LEAD,
558,9,CHURN,2024-01-28 00:00:00+00:00
174,8,RECURRING_SUBSCRIPTION,2025-09-18 00:00:00+00:00
3625,65,FREEMIUM,
3148,16,FREEMIUM,
9229,122,LEAD,
3098,11,COLD_LEAD,
11185,140,CHURN,2026-03-15 00:00:00+00:00
3125,64,LEAD,
9593,133,LEAD,
5564,64,LEAD,
9936,91,LEAD,
3105,11,COLD_LEAD,
3123,7,COLD_LEAD,
7634,92,LEAD,
5873,76,FREEMIUM,
8597,122,RECURRING_SUBSCRIPTION,2026-01-23 00:00:00+00:00
3100,4,CHURN,2025-07-09 00:00:00+00:00
11896,53,WARM_LEAD,
3150,16,LEAD,
3131,1,CHURN,2025-04-21 00:00:00+00:00
5431,73,LEAD,
3065,64,TRIAL,2025-03-14 00:00:00+00:00
9781,123,ON_DEMAND_SUBSCRIPTION,2026-01-18 00:00:00+00:00
3110,64,WARM_LEAD,2025-02-24 00:00:00+00:00
12044,73,LEAD,
3143,16,FREEMIUM,
3929,7,COLD_LEAD,
3086,44,ON_DEMAND_SUBSCRIPTION,2025-02-23 00:00:00+00:00
5703,56,TRIAL,2025-05-15 00:00:00+00:00
7548,114,ON_DEMAND_SUBSCRIPTION,2025-10-12 00:00:00+00:00
3197,1,TRIAL,2025-03-02 00:00:00+00:00
9235,121,LEAD,
9222,121,LEAD,
6277,62,LEAD,
1802,53,FREEMIUM,2025-10-25 00:00:00+00:00
9238,121,LEAD,
3931,68,FREEMIUM,
3238,44,RECURRING_SUBSCRIPTION,2025-10-02 00:00:00+00:00
11897,77,LEAD,
2996,61,ON_DEMAND_SUBSCRIPTION,2025-01-21 00:00:00+00:00
1928,53,FREEMIUM,2026-03-07 00:00:00+00:00
3195,55,LEAD,
5531,61,LEAD,
5631,76,FREEMIUM,
3925,68,CHURN,2025-04-15 00:00:00+00:00
5532,61,LEAD,
9329,121,LEAD,
9292,121,TRIAL,2025-12-01 00:00:00+00:00
3937,68,FREEMIUM,2025-04-20 00:00:00+00:00
3922,68,FREEMIUM,
10748,8,LEAD,
9254,121,WARM_LEAD,
3927,68,FREEMIUM,
9445,121,LEAD,
7994,122,RECURRING_SUBSCRIPTION,2025-11-17 00:00:00+00:00
10114,140,RECURRING_SUBSCRIPTION,2026-02-08 00:00:00+00:00
9933,123,RECURRING_SUBSCRIPTION,2026-04-13 00:00:00+00:00
6437,7,TRIAL,2025-08-17 00:00:00+00:00
3158,58,TRIAL,2025-03-02 00:00:00+00:00
5875,76,FREEMIUM,2025-12-11 00:00:00+00:00
12045,77,LEAD,
5432,73,WARM_LEAD,2025-07-27 00:00:00+00:00
3780,64,TRIAL,2025-03-20 00:00:00+00:00
3196,57,COLD_LEAD,
3933,69,LEAD,
3935,71,LEAD,
7553,114,LEAD,
5533,61,LEAD,
5535,61,LEAD,
3888,4,CHURN,2025-08-12 00:00:00+00:00
7212,97,CHURN,2025-10-30 00:00:00+00:00
11566,53,RECURRING_SUBSCRIPTION,
138,4,CHURN,2023-08-06 00:00:00+00:00
7636,96,WARM_LEAD,2026-01-11 00:00:00+00:00
3665,65,FREEMIUM,
1375,42,FREEMIUM,
5879,76,LEAD,
2938,42,RECURRING_SUBSCRIPTION,2025-09-09 00:00:00+00:00
5566,16,LEAD,
11057,140,LEAD,
11898,75,LEAD,
9915,123,ON_DEMAND_SUBSCRIPTION,2026-01-11 00:00:00+00:00
10749,153,LEAD,
173,7,CHURN,2025-03-12 00:00:00+00:00
11298,121,WARM_LEAD,2026-03-29 00:00:00+00:00
10557,123,TRIAL,
5880,76,FREEMIUM,
8802,95,ON_DEMAND_SUBSCRIPTION,2026-06-01 00:00:00+00:00
1863,42,FREEMIUM,
6175,7,COLD_LEAD,
4738,15,FREEMIUM,2026-05-31 00:00:00+00:00
11259,139,WARM_LEAD,
7786,117,LEAD,
11577,73,WARM_LEAD,
10130,140,LEAD,
10091,140,WARM_LEAD,
9922,122,RECURRING_SUBSCRIPTION,2026-01-11 00:00:00+00:00
10397,122,RECURRING_SUBSCRIPTION,
11159,122,LEAD,
11312,121,LEAD,
7971,122,CHURN,2025-10-24 00:00:00+00:00
10582,122,LEAD,
5881,76,FREEMIUM,
5882,76,FREEMIUM,
5883,76,FREEMIUM,
9594,133,LEAD,
5884,76,FREEMIUM,
5433,73,WARM_LEAD,2025-05-18 00:00:00+00:00
5885,76,FREEMIUM,
5645,76,FREEMIUM,
5886,76,LEAD,
1653,8,FREEMIUM,2025-04-07 00:00:00+00:00
162,6,FREEMIUM,
1945,53,FREEMIUM,
1943,51,CHURN,2024-09-01 00:00:00+00:00
1969,53,FREEMIUM,
1957,53,FREEMIUM,
1955,51,FREEMIUM,2025-11-24 00:00:00+00:00
11328,63,LEAD,
11346,194,LEAD,
11360,153,LEAD,
11378,139,ON_DEMAND_SUBSCRIPTION,2026-04-01 00:00:00+00:00
11384,151,LEAD,
3416,66,RECURRING_SUBSCRIPTION,2026-04-20 00:00:00+00:00
3882,7,COLD_LEAD,
9595,135,LEAD,
11347,56,WARM_LEAD,
1838,42,FREEMIUM,
6418,93,LEAD,
7998,122,RECURRING_SUBSCRIPTION,2026-03-22 00:00:00+00:00
9188,114,RECURRING_SUBSCRIPTION,2025-11-10 00:00:00+00:00
3865,49,FREEMIUM,2025-03-16 00:00:00+00:00
5482,16,LEAD,
11313,123,WARM_LEAD,
5567,16,LEAD,
5887,76,LEAD,
5888,76,FREEMIUM,
9756,121,WARM_LEAD,2025-12-19 00:00:00+00:00
5889,76,FREEMIUM,
3190,61,RECURRING_SUBSCRIPTION,2025-03-08 00:00:00+00:00
1793,51,FREEMIUM,
10750,77,LEAD,
11058,149,LEAD,
11095,153,LEAD,
11192,133,LEAD,
4460,17,FREEMIUM,
11284,169,LEAD,
11218,66,LEAD,
12046,195,LEAD,
6247,73,WARM_LEAD,2025-07-20 00:00:00+00:00
7303,104,ON_DEMAND_SUBSCRIPTION,2025-12-31 00:00:00+00:00
5646,76,FREEMIUM,2025-09-27 00:00:00+00:00
3893,16,LEAD,
3773,60,TRIAL,2025-03-23 00:00:00+00:00
6296,76,LEAD,
5525,6,LEAD,
6466,91,LEAD,2026-04-01 00:00:00+00:00
6395,92,LEAD,
11329,77,LEAD,
11361,139,LEAD,
5647,76,FREEMIUM,
11369,133,LEAD,
3897,57,COLD_LEAD,
5890,76,FREEMIUM,
5891,76,FREEMIUM,
5892,76,FREEMIUM,
5721,73,WARM_LEAD,2025-07-20 00:00:00+00:00
5434,73,WARM_LEAD,2025-07-20 00:00:00+00:00
11578,63,LEAD,
4053,17,FREEMIUM,
11385,181,LEAD,
6339,52,CHURN,2025-11-07 00:00:00+00:00
11266,6,LEAD,
6343,68,LEAD,
11193,6,TRIAL,
11267,51,WARM_LEAD,
3883,11,COLD_LEAD,
11899,11,LEAD,
2656,52,FREEMIUM,2026-02-26 00:00:00+00:00
7554,104,LEAD,
11096,77,WARM_LEAD,
5483,16,LEAD,
11370,104,LEAD,
5568,49,LEAD,
3894,55,LEAD,
11380,104,LEAD,
6176,17,CHURN,2025-12-09 00:00:00+00:00
2065,51,ON_DEMAND_SUBSCRIPTION,2024-09-27 00:00:00+00:00
11168,126,WARM_LEAD,
6342,91,LEAD,
6248,73,WARM_LEAD,2025-07-20 00:00:00+00:00
5896,76,FREEMIUM,
5893,76,FREEMIUM,
10658,63,LEAD,
10751,77,LEAD,
5897,76,FREEMIUM,
11219,66,WARM_LEAD,
2396,61,WARM_LEAD,2024-12-01 00:00:00+00:00
1685,42,TRIAL,2024-12-03 00:00:00+00:00
9981,139,LEAD,
10002,139,WARM_LEAD,2026-01-20 00:00:00+00:00
11314,153,RECURRING_SUBSCRIPTION,
11341,73,TRIAL,
1618,48,FREEMIUM,2026-03-04 00:00:00+00:00
11059,133,WARM_LEAD,
5901,76,FREEMIUM,
9980,139,TRIAL,2026-01-25 00:00:00+00:00
5903,76,FREEMIUM,
5898,76,FREEMIUM,
2021,42,TRIAL,2024-09-09 00:00:00+00:00
5904,76,LEAD,
5899,76,FREEMIUM,
1347,6,CHURN,2025-06-06 00:00:00+00:00
5282,51,FREEMIUM,
852,16,FREEMIUM,
3890,67,COLD_LEAD,2025-11-05 00:00:00+00:00
11330,169,LEAD,
11362,197,WARM_LEAD,2026-03-28 00:00:00+00:00
4451,17,FREEMIUM,
7555,114,WARM_LEAD,2025-10-12 00:00:00+00:00
10752,114,LEAD,
6463,65,LEAD,
5906,76,FREEMIUM,2025-11-20 00:00:00+00:00
2660,42,TRIAL,2024-11-24 00:00:00+00:00
2072,42,CHURN,2024-09-09 00:00:00+00:00
5907,76,FREEMIUM,
4453,17,FREEMIUM,
8540,104,ON_DEMAND_SUBSCRIPTION,2025-10-14 00:00:00+00:00
5484,64,LEAD,
5900,76,FREEMIUM,
5237,61,FREEMIUM,
4454,17,FREEMIUM,
5895,76,FREEMIUM,
5902,76,FREEMIUM,2025-09-03 00:00:00+00:00
5908,76,FREEMIUM,
190,1,CHURN,2023-08-13 00:00:00+00:00
5909,76,FREEMIUM,2025-11-20 00:00:00+00:00
7003,95,LEAD,2025-12-20 00:00:00+00:00
9768,133,RECURRING_SUBSCRIPTION,2025-12-28 00:00:00+00:00
5910,76,FREEMIUM,
5911,76,FREEMIUM,
5913,76,FREEMIUM,
5914,76,FREEMIUM,
12047,77,LEAD,
899,5,COLD_LEAD,
5423,61,WARM_LEAD,2025-04-27 00:00:00+00:00
2522,61,FREEMIUM,
5915,76,FREEMIUM,
5569,73,TRIAL,2025-05-11 00:00:00+00:00
5916,76,FREEMIUM,
9536,133,ON_DEMAND_SUBSCRIPTION,2025-12-14 00:00:00+00:00
2210,42,ON_DEMAND_SUBSCRIPTION,2024-10-02 00:00:00+00:00
3849,60,TRIAL,2025-04-13 00:00:00+00:00
3891,16,LEAD,
6249,73,WARM_LEAD,2025-07-20 00:00:00+00:00
5917,76,FREEMIUM,
3499,44,FREEMIUM,
5905,76,FREEMIUM,
5932,76,FREEMIUM,
3884,57,COLD_LEAD,
1438,4,TRIAL,2024-06-30 00:00:00+00:00
11169,153,LEAD,
6118,16,RECURRING_SUBSCRIPTION,2025-06-01 00:00:00+00:00
6177,66,LEAD,
11220,66,WARM_LEAD,
2665,52,TRIAL,2025-04-20 00:00:00+00:00
10659,52,LEAD,
10161,145,WARM_LEAD,
11315,96,WARM_LEAD,
11242,121,WARM_LEAD,2026-03-22 00:00:00+00:00
11363,122,WARM_LEAD,2026-04-05 00:00:00+00:00
11260,121,WARM_LEAD,2026-04-05 00:00:00+00:00
11348,65,WARM_LEAD,
3729,1,COLD_LEAD,
11060,153,TRIAL,
6962,66,LEAD,2025-11-05 00:00:00+00:00
11098,92,LEAD,
5918,76,FREEMIUM,
5921,76,FREEMIUM,
5922,76,FREEMIUM,
5924,76,FREEMIUM,
3466,44,FREEMIUM,
2677,63,FREEMIUM,
2380,61,TRIAL,2024-11-03 00:00:00+00:00
2411,61,FREEMIUM,2025-06-30 00:00:00+00:00
5485,16,LEAD,
2399,61,ON_DEMAND_SUBSCRIPTION,2024-11-10 00:00:00+00:00
5925,76,FREEMIUM,
5926,76,FREEMIUM,
2387,61,FREEMIUM,
5570,16,LEAD,
6250,4,TRIAL,2025-08-10 00:00:00+00:00
5927,76,FREEMIUM,
5928,76,FREEMIUM,
5929,76,FREEMIUM,
5930,76,FREEMIUM,
11131,177,LEAD,
5724,16,LEAD,
5931,76,FREEMIUM,
11194,133,TRIAL,
3480,44,FREEMIUM,
11900,215,LEAD,
12048,230,LEAD,
11331,121,ON_DEMAND_SUBSCRIPTION,
11386,153,TRIAL,
10234,133,RECURRING_SUBSCRIPTION,
5649,73,WARM_LEAD,2025-07-20 00:00:00+00:00
10753,142,LEAD,
10660,51,LEAD,
3807,11,COLD_LEAD,
3868,11,COLD_LEAD,
6119,5,LEAD,
11304,150,LEAD,
11371,133,LEAD,
9598,121,ON_DEMAND_SUBSCRIPTION,
3574,7,COLD_LEAD,
3548,11,COLD_LEAD,
2603,63,FREEMIUM,2026-02-19 00:00:00+00:00
3562,57,COLD_LEAD,
3528,64,LEAD,
2388,61,FREEMIUM,
3560,4,COLD_LEAD,
3529,64,LEAD,
3561,7,WARM_LEAD,2026-03-01 00:00:00+00:00
3572,58,COLD_LEAD,
11279,191,ON_DEMAND_SUBSCRIPTION,2026-03-22 00:00:00+00:00
2379,61,FREEMIUM,
11901,17,LEAD,
3578,47,FREEMIUM,
5933,76,FREEMIUM,
12049,195,LEAD,
7731,114,TRIAL,2025-10-27 00:00:00+00:00
10754,97,LEAD,
5437,73,WARM_LEAD,2025-07-20 00:00:00+00:00
2381,61,FREEMIUM,
9745,123,CHURN,
2376,61,CHURN,2025-02-18 00:00:00+00:00
2386,61,RECURRING_SUBSCRIPTION,2024-11-07 00:00:00+00:00
4109,17,FREEMIUM,
2369,61,TRIAL,2024-11-12 00:00:00+00:00
2413,61,FREEMIUM,2024-11-17 00:00:00+00:00
3546,66,LEAD,
2391,61,FREEMIUM,2025-05-12 00:00:00+00:00
3542,66,LEAD,
7637,104,LEAD,
3544,66,LEAD,
3545,66,LEAD,
2389,61,FREEMIUM,
5312,64,TRIAL,2025-04-13 00:00:00+00:00
3576,1,COLD_LEAD,2025-03-16 00:00:00+00:00
2412,61,CHURN,2024-12-03 00:00:00+00:00
3543,15,FREEMIUM,2025-03-23 00:00:00+00:00
5486,16,LEAD,
2398,61,FREEMIUM,
3183,64,TRIAL,2025-03-02 00:00:00+00:00
5934,76,FREEMIUM,
2400,61,FREEMIUM,
5571,16,LEAD,
3559,57,COLD_LEAD,
5919,76,FREEMIUM,2025-10-09 00:00:00+00:00
2395,61,FREEMIUM,
5212,1,TRIAL,2025-05-11 00:00:00+00:00
2408,61,FREEMIUM,
10755,97,LEAD,
3567,11,COLD_LEAD,
2405,61,FREEMIUM,
5297,61,LEAD,
5387,61,LEAD,
3573,7,COLD_LEAD,
3577,66,LEAD,
3580,66,LEAD,
3581,64,WARM_LEAD,2025-03-30 00:00:00+00:00
9464,133,RECURRING_SUBSCRIPTION,2025-12-14 00:00:00+00:00
2349,52,FREEMIUM,
2392,61,TRIAL,2024-12-19 00:00:00+00:00
3600,66,LEAD,
3585,66,LEAD,
3586,66,LEAD,
7557,114,LEAD,
5920,76,FREEMIUM,
3592,68,TRIAL,2025-04-08 00:00:00+00:00
5935,76,LEAD,
7732,120,LEAD,
3505,44,FREEMIUM,2025-03-05 00:00:00+00:00
5487,16,LEAD,
3599,66,LEAD,
5936,76,FREEMIUM,
5653,76,FREEMIUM,
3603,66,LEAD,
3587,47,WARM_LEAD,2025-03-31 00:00:00+00:00
3594,66,LEAD,
3595,66,LEAD,
3596,66,LEAD,
3601,66,LEAD,
5961,76,FREEMIUM,
5572,16,LEAD,
10766,97,LEAD,
5962,76,FREEMIUM,
5963,76,FREEMIUM,
11466,104,RECURRING_SUBSCRIPTION,2026-04-12 00:00:00+00:00
2030,53,TRIAL,2024-09-04 00:00:00+00:00
5993,76,FREEMIUM,2025-10-09 00:00:00+00:00
5964,76,FREEMIUM,
5313,64,TRIAL,2025-04-10 00:00:00+00:00
5965,76,FREEMIUM,
5966,76,FREEMIUM,
5967,76,FREEMIUM,
5970,76,FREEMIUM,
801,16,FREEMIUM,
5971,76,FREEMIUM,
5949,76,FREEMIUM,
5950,76,FREEMIUM,
5954,76,FREEMIUM,2025-07-20 00:00:00+00:00
5979,76,FREEMIUM,
5980,76,FREEMIUM,
5981,76,FREEMIUM,
5982,76,FREEMIUM,
9791,94,TRIAL,2025-12-28 00:00:00+00:00
5983,76,FREEMIUM,
5984,76,FREEMIUM,
5985,76,FREEMIUM,
6004,76,FREEMIUM,
5288,53,LEAD,
11902,205,LEAD,
3584,66,LEAD,
3602,66,LEAD,
12050,73,LEAD,
5388,75,LEAD,2025-11-04 00:00:00+00:00
1340,9,WARM_LEAD,2025-05-21 00:00:00+00:00
104,6,FREEMIUM,
3590,7,COLD_LEAD,
2055,52,FREEMIUM,
2103,52,FREEMIUM,2024-09-15 00:00:00+00:00
2613,53,FREEMIUM,
2111,52,TRIAL,2025-02-03 00:00:00+00:00
6003,76,FREEMIUM,
6007,76,FREEMIUM,
6016,76,FREEMIUM,
6017,76,FREEMIUM,
6018,76,FREEMIUM,
6019,76,FREEMIUM,
6020,76,FREEMIUM,
6010,76,FREEMIUM,2025-10-09 00:00:00+00:00
6618,91,LEAD,
6643,91,LEAD,
5296,61,LEAD,
6654,91,LEAD,
6046,76,FREEMIUM,
6026,76,FREEMIUM,
6047,76,FREEMIUM,
6030,76,FREEMIUM,
6032,76,FREEMIUM,
6048,76,FREEMIUM,
6049,76,FREEMIUM,
6033,76,FREEMIUM,
6034,76,FREEMIUM,
6050,76,FREEMIUM,
6035,76,FREEMIUM,
6036,76,FREEMIUM,
6037,76,FREEMIUM,
6038,76,FREEMIUM,
6039,76,FREEMIUM,
6040,76,FREEMIUM,
6041,76,FREEMIUM,
6027,76,WARM_LEAD,2025-10-27 00:00:00+00:00
6023,76,FREEMIUM,2025-06-24 00:00:00+00:00
6728,92,LEAD,
6600,91,LEAD,
6619,91,LEAD,
6634,91,LEAD,
6644,91,LEAD,
6655,91,LEAD,
6467,91,LEAD,2026-03-27 00:00:00+00:00
6052,76,FREEMIUM,
6053,76,FREEMIUM,
6054,76,FREEMIUM,
6056,76,LEAD,
6057,76,FREEMIUM,
6058,76,FREEMIUM,
6059,76,FREEMIUM,
6060,76,FREEMIUM,
6061,76,FREEMIUM,
6374,76,LEAD,
6469,76,LEAD,
6055,76,FREEMIUM,2025-06-19 00:00:00+00:00
6620,91,LEAD,
6635,91,LEAD,
6656,91,LEAD,
6067,76,FREEMIUM,
6068,76,FREEMIUM,
6069,76,FREEMIUM,
6470,91,LEAD,
6636,91,LEAD,
6722,92,LEAD,
6646,91,LEAD,
6623,91,WARM_LEAD,2025-07-20 00:00:00+00:00
6715,92,LEAD,
6733,92,LEAD,
6565,92,LEAD,
6706,92,LEAD,
6682,92,LEAD,
6555,76,LEAD,
11283,142,WARM_LEAD,
11903,17,WARM_LEAD,
10662,138,LEAD,
6624,91,LEAD,
5488,56,LEAD,
6717,92,LEAD,2026-04-29 00:00:00+00:00
6637,91,LEAD,
6647,91,LEAD,
6070,76,FREEMIUM,
6071,76,FREEMIUM,
6073,76,FREEMIUM,
6074,76,FREEMIUM,
6075,76,FREEMIUM,
6076,76,FREEMIUM,
6077,76,FREEMIUM,
6078,76,FREEMIUM,
6526,91,RECURRING_SUBSCRIPTION,2025-07-29 00:00:00+00:00
6638,91,LEAD,
6625,91,LEAD,
6648,91,LEAD,
6701,91,LEAD,
6081,76,FREEMIUM,
6082,76,FREEMIUM,
6094,76,FREEMIUM,
5780,76,FREEMIUM,
5852,76,FREEMIUM,
6649,91,LEAD,
6660,91,LEAD,
6088,76,FREEMIUM,
6089,76,FREEMIUM,
5770,76,FREEMIUM,
5773,76,FREEMIUM,
5775,76,FREEMIUM,
5778,76,FREEMIUM,
5853,76,FREEMIUM,
6735,92,LEAD,
6083,76,LEAD,
6639,91,LEAD,
6515,91,LEAD,
6650,91,LEAD,
6661,91,LEAD,
6615,91,LEAD,
6629,91,LEAD,
6737,91,LEAD,
6270,76,WARM_LEAD,2025-08-03 00:00:00+00:00
5777,76,FREEMIUM,
6688,91,RECURRING_SUBSCRIPTION,2025-10-27 00:00:00+00:00
6271,76,LEAD,
6709,92,LEAD,
6496,91,RECURRING_SUBSCRIPTION,2025-11-03 00:00:00+00:00
6675,91,LEAD,
6505,91,CHURN,2025-08-21 00:00:00+00:00
5678,76,RECURRING_SUBSCRIPTION,2025-05-28 00:00:00+00:00
6630,91,LEAD,
6640,91,LEAD,
6736,91,WARM_LEAD,2025-08-24 00:00:00+00:00
6471,91,CHURN,2025-07-03 00:00:00+00:00
6487,91,LEAD,
6641,91,LEAD,
6531,91,LEAD,
6652,91,LEAD,
6671,92,LEAD,
6739,92,WARM_LEAD,2025-11-02 00:00:00+00:00
6711,92,LEAD,
6720,92,LEAD,
6664,91,LEAD,
6616,91,WARM_LEAD,2026-01-18 00:00:00+00:00
11405,123,RECURRING_SUBSCRIPTION,2026-04-12 00:00:00+00:00
6689,91,LEAD,
7535,114,LEAD,2026-04-11 00:00:00+00:00
6532,91,LEAD,
6594,91,WARM_LEAD,2025-07-27 00:00:00+00:00
6653,91,WARM_LEAD,2025-07-20 00:00:00+00:00
5986,76,FREEMIUM,2025-07-21 00:00:00+00:00
6642,91,LEAD,2026-03-25 00:00:00+00:00
6972,76,LEAD,
8649,91,WARM_LEAD,2025-10-25 00:00:00+00:00
6950,92,RECURRING_SUBSCRIPTION,2025-11-18 00:00:00+00:00
8960,91,RECURRING_SUBSCRIPTION,2025-11-04 00:00:00+00:00
8928,92,TRIAL,2025-11-04 00:00:00+00:00
9346,76,LEAD,
9342,91,TRIAL,2025-11-20 00:00:00+00:00
9351,76,LEAD,
9338,91,LEAD,
9356,76,LEAD,
5973,76,FREEMIUM,2025-11-20 00:00:00+00:00
9350,76,LEAD,
9352,76,LEAD,
9358,76,LEAD,
9359,76,LEAD,
9365,91,CHURN,2025-12-12 00:00:00+00:00
11742,195,LEAD,
11904,61,WARM_LEAD,
84,4,CHURN,2023-08-13 00:00:00+00:00
8583,119,WARM_LEAD,2026-06-01 00:00:00+00:00
9601,94,WARM_LEAD,2025-12-14 00:00:00+00:00
10657,51,LEAD,
9655,6,LEAD,
7733,104,LEAD,
11905,121,LEAD,
2773,17,WARM_LEAD,2025-12-06 00:00:00+00:00
11649,6,WARM_LEAD,
11841,92,WARM_LEAD,
11879,122,WARM_LEAD,2026-05-31 00:00:00+00:00
6344,73,WARM_LEAD,2025-07-20 00:00:00+00:00
10167,144,LEAD,
2394,61,FREEMIUM,2024-11-05 00:00:00+00:00
9602,133,LEAD,
6300,9,LEAD,
6180,68,LEAD,
8840,128,LEAD,
5939,76,FREEMIUM,
5937,76,FREEMIUM,
5940,76,FREEMIUM,
5942,76,FREEMIUM,
5943,76,LEAD,
5944,76,FREEMIUM,
5654,76,LEAD,2025-11-24 00:00:00+00:00
5945,76,FREEMIUM,
5946,76,FREEMIUM,
5947,76,FREEMIUM,
5938,76,FREEMIUM,
5941,76,FREEMIUM,
2390,61,FREEMIUM,2025-07-17 00:00:00+00:00
5489,16,LEAD,
5298,61,LEAD,
8841,128,LEAD,
9106,128,LEAD,
9107,128,LEAD,
2409,61,FREEMIUM,
9095,128,LEAD,
9096,128,LEAD,
9097,128,LEAD,
9650,133,RECURRING_SUBSCRIPTION,
2414,61,FREEMIUM,
9098,128,LEAD,
9099,128,LEAD,
142,6,ON_DEMAND_SUBSCRIPTION,2023-08-27 10:00:00.039000+00:00
9108,128,LEAD,
9109,128,LEAD,
9110,128,LEAD,
5460,53,LEAD,
3880,47,FREEMIUM,
11167,144,LEAD,
9112,128,LEAD,
9113,128,LEAD,
9114,128,RECURRING_SUBSCRIPTION,
9115,128,TRIAL,
2419,47,FREEMIUM,2025-06-23 00:00:00+00:00
11094,51,RECURRING_SUBSCRIPTION,
3885,57,COLD_LEAD,
3851,11,COLD_LEAD,
10402,128,RECURRING_SUBSCRIPTION,2026-04-10 00:00:00+00:00
10777,97,LEAD,
12051,195,LEAD,
11842,77,LEAD,
4940,15,FREEMIUM,
5573,73,WARM_LEAD,2025-05-11 00:00:00+00:00
6120,66,LEAD,
5438,73,LEAD,
7730,114,RECURRING_SUBSCRIPTION,2025-10-17 00:00:00+00:00
959,47,FREEMIUM,2025-04-28 00:00:00+00:00
9318,77,RECURRING_SUBSCRIPTION,
11387,104,TRIAL,2026-04-08 00:00:00+00:00
10024,96,LEAD,
5574,16,LEAD,
5490,7,COLD_LEAD,
3653,65,FREEMIUM,
10781,97,LEAD,2026-04-27 00:00:00+00:00
1017,47,ON_DEMAND_SUBSCRIPTION,2024-05-27 00:00:00+00:00
11394,153,RECURRING_SUBSCRIPTION,
11425,183,TRIAL,
5655,76,ON_DEMAND_SUBSCRIPTION,2025-05-09 00:00:00+00:00
11468,140,LEAD,
11579,195,LEAD,
8027,120,RECURRING_SUBSCRIPTION,2025-09-30 00:00:00+00:00
380,9,FREEMIUM,2023-11-05 00:00:00+00:00
6326,51,LEAD,
2861,52,FREEMIUM,2025-04-04 00:00:00+00:00
10663,53,LEAD,
10664,52,LEAD,
11305,53,LEAD,
2417,61,FREEMIUM,
2421,61,FREEMIUM,
2440,61,FREEMIUM,
2443,61,FREEMIUM,
11285,123,LEAD,
6396,92,LEAD,2026-01-25 00:00:00+00:00
9871,133,WARM_LEAD,2026-01-05 00:00:00+00:00
5470,73,TRIAL,2026-02-01 00:00:00+00:00
11372,104,WARM_LEAD,
5948,76,FREEMIUM,
954,47,TRIAL,2024-05-26 00:00:00+00:00
988,47,FREEMIUM,
960,47,FREEMIUM,
987,47,TRIAL,2024-07-14 00:00:00+00:00
957,47,FREEMIUM,
10661,51,WARM_LEAD,
11195,139,ON_DEMAND_SUBSCRIPTION,
10782,97,LEAD,
11906,92,WARM_LEAD,
12031,195,WARM_LEAD,
6121,66,LEAD,
11061,150,LEAD,
11316,153,WARM_LEAD,
11332,180,LEAD,
11349,153,WARM_LEAD,
11410,171,WARM_LEAD,
11413,150,LEAD,
11415,183,LEAD,
11407,133,LEAD,
11408,183,LEAD,
11417,195,LEAD,
11420,183,LEAD,
7567,114,LEAD,
7737,120,LEAD,
5575,16,LEAD,
12052,134,LEAD,
3701,65,FREEMIUM,
1177,47,FREEMIUM,2024-06-23 00:00:00+00:00
9603,56,TRIAL,2026-03-21 00:00:00+00:00
6148,68,LEAD,
946,47,FREEMIUM,2025-08-15 00:00:00+00:00
3624,65,FREEMIUM,
5951,76,FREEMIUM,
5314,16,LEAD,
5952,76,FREEMIUM,
9815,130,LEAD,
11648,61,LEAD,
5955,76,FREEMIUM,
5299,61,LEAD,
11469,169,LEAD,
5953,76,FREEMIUM,
5956,76,FREEMIUM,
5957,76,FREEMIUM,
5958,76,FREEMIUM,
5959,76,FREEMIUM,
5960,76,FREEMIUM,
2434,61,FREEMIUM,2024-10-27 00:00:00+00:00
989,47,TRIAL,2024-05-30 00:00:00+00:00
2416,61,TRIAL,2024-10-21 00:00:00+00:00
2496,61,FREEMIUM,
1387,10,LEAD,
2479,61,FREEMIUM,2025-02-18 00:00:00+00:00
6279,63,LEAD,
9680,134,WARM_LEAD,2026-01-05 00:00:00+00:00
4234,17,FREEMIUM,
4235,17,FREEMIUM,
968,47,FREEMIUM,
999,47,FREEMIUM,2024-11-06 00:00:00+00:00
1000,47,CHURN,2024-05-01 00:00:00+00:00
10665,52,LEAD,
984,47,ON_DEMAND_SUBSCRIPTION,2024-05-06 00:00:00+00:00
323,8,FREEMIUM,
1428,47,WARM_LEAD,2024-07-19 00:00:00+00:00
1184,47,RECURRING_SUBSCRIPTION,2024-05-08 00:00:00+00:00
1052,47,FREEMIUM,2024-04-28 00:00:00+00:00
9818,130,LEAD,
1732,47,ON_DEMAND_SUBSCRIPTION,2024-09-04 00:00:00+00:00
1327,47,RECURRING_SUBSCRIPTION,2025-01-15 00:00:00+00:00
10762,97,LEAD,
10763,97,LEAD,
163,8,FREEMIUM,2023-08-17 00:00:00+00:00
2497,53,FREEMIUM,2025-06-20 00:00:00+00:00
1813,51,FREEMIUM,
1822,51,FREEMIUM,
1809,53,TRIAL,2024-10-13 00:00:00+00:00
11062,153,LEAD,
11099,183,LEAD,
5705,47,LEAD,
8040,60,CHURN,2026-03-25 00:00:00+00:00
2469,61,FREEMIUM,2025-01-16 00:00:00+00:00
10666,135,CHURN,2026-02-22 00:00:00+00:00
11908,15,LEAD,
9472,133,ON_DEMAND_SUBSCRIPTION,2025-12-14 00:00:00+00:00
5441,73,WARM_LEAD,2025-07-20 00:00:00+00:00
12053,93,LEAD,
3921,71,LEAD,
11083,133,TRIAL,
1603,49,CHURN,2025-03-24 00:00:00+00:00
2523,61,ON_DEMAND_SUBSCRIPTION,2024-12-10 00:00:00+00:00
7568,114,RECURRING_SUBSCRIPTION,2025-09-10 00:00:00+00:00
3666,65,FREEMIUM,2026-03-26 00:00:00+00:00
3723,16,FREEMIUM,
11196,141,WARM_LEAD,2026-03-22 00:00:00+00:00
11222,66,WARM_LEAD,
11333,120,LEAD,
11286,140,LEAD,
3626,65,FREEMIUM,
1488,8,FREEMIUM,
5968,76,FREEMIUM,2025-07-10 00:00:00+00:00
11243,122,RECURRING_SUBSCRIPTION,2026-03-22 00:00:00+00:00
4140,17,FREEMIUM,2026-03-19 00:00:00+00:00
9604,91,LEAD,
5315,16,LEAD,
3777,7,TRIAL,2025-03-23 00:00:00+00:00
3648,65,FREEMIUM,
3912,4,COLD_LEAD,2025-03-20 14:00:00+00:00
11572,134,LEAD,
5969,76,FREEMIUM,
2445,61,FREEMIUM,2025-04-20 00:00:00+00:00
3913,1,COLD_LEAD,2023-12-03 00:00:00+00:00
2734,61,FREEMIUM,
2795,61,FREEMIUM,
5657,76,FREEMIUM,
1038,47,CHURN,2024-04-28 00:00:00+00:00
945,47,TRIAL,2024-07-08 00:00:00+00:00
9824,130,LEAD,
11470,77,LEAD,
5576,16,LEAD,
11133,177,LEAD,
11306,66,WARM_LEAD,
1377,9,FREEMIUM,
1792,51,FREEMIUM,2025-10-10 00:00:00+00:00
3650,65,FREEMIUM,
6304,63,LEAD,
3651,65,FREEMIUM,
3668,65,FREEMIUM,
2588,63,FREEMIUM,
5316,16,FREEMIUM,
2770,42,TRIAL,2024-12-17 00:00:00+00:00
3676,65,FREEMIUM,
5577,16,LEAD,
2872,61,TRIAL,2025-04-04 00:00:00+00:00
5710,61,LEAD,
2793,42,CHURN,2024-12-16 00:00:00+00:00
1302,42,CHURN,2024-11-11 00:00:00+00:00
2833,61,FREEMIUM,
5711,61,LEAD,
5712,61,LEAD,
6345,76,LEAD,
5713,61,LEAD,
2850,61,TRIAL,2025-02-18 00:00:00+00:00
9683,134,RECURRING_SUBSCRIPTION,2025-12-28 00:00:00+00:00
2867,42,FREEMIUM,
2881,42,TRIAL,2025-01-02 00:00:00+00:00
6236,61,LEAD,
2891,61,FREEMIUM,2025-03-11 00:00:00+00:00
2819,61,TRIAL,2025-01-07 00:00:00+00:00
6366,42,ON_DEMAND_SUBSCRIPTION,2025-07-29 00:00:00+00:00
6365,42,LEAD,
6237,61,LEAD,
6367,61,LEAD,
6238,61,WARM_LEAD,2026-01-18 00:00:00+00:00
2953,61,FREEMIUM,
2589,63,FREEMIUM,
2966,61,CHURN,2025-02-06 00:00:00+00:00
6284,63,LEAD,
5715,61,WARM_LEAD,2025-05-25 00:00:00+00:00
5972,76,FREEMIUM,2025-11-20 00:00:00+00:00
5658,76,FREEMIUM,
1817,51,FREEMIUM,2025-10-10 00:00:00+00:00
2994,61,FREEMIUM,
4649,15,ON_DEMAND_SUBSCRIPTION,2026-02-19 00:00:00+00:00
10790,98,LEAD,
11909,15,WARM_LEAD,
8326,124,LEAD,
1569,9,CHURN,2024-10-06 00:00:00+00:00
1819,51,ON_DEMAND_SUBSCRIPTION,2025-01-29 00:00:00+00:00
11471,195,TRIAL,2026-05-31 00:00:00+00:00
8320,124,WARM_LEAD,2025-10-09 00:00:00+00:00
2558,62,FREEMIUM,
6123,66,LEAD,
1590,9,FREEMIUM,
2779,61,CHURN,2025-01-16 00:00:00+00:00
1846,53,FREEMIUM,2025-10-31 00:00:00+00:00
1828,52,FREEMIUM,
1844,52,TRIAL,2024-09-30 00:00:00+00:00
1840,53,TRIAL,2024-09-01 00:00:00+00:00
3013,42,FREEMIUM,
1831,52,FREEMIUM,
8342,124,ON_DEMAND_SUBSCRIPTION,2025-11-20 00:00:00+00:00
3620,65,FREEMIUM,
5393,41,LEAD,
2991,61,FREEMIUM,
2560,63,FREEMIUM,
7642,104,LEAD,
3632,65,FREEMIUM,
4237,17,FREEMIUM,
8430,125,LEAD,
5317,16,WARM_LEAD,2025-04-13 00:00:00+00:00
3660,65,FREEMIUM,
2995,61,FREEMIUM,
9605,133,LEAD,
2591,63,FREEMIUM,
3024,61,FREEMIUM,
9572,77,RECURRING_SUBSCRIPTION,2025-12-11 00:00:00+00:00
2993,61,FREEMIUM,
5716,61,LEAD,
3049,61,FREEMIUM,
2561,63,FREEMIUM,
3068,61,FREEMIUM,
11472,195,LEAD,
3046,61,FREEMIUM,
3091,61,FREEMIUM,
3041,61,FREEMIUM,2025-03-11 00:00:00+00:00
5717,61,LEAD,
6534,61,LEAD,
3128,61,TRIAL,2025-03-20 00:00:00+00:00
3135,61,FREEMIUM,
3163,61,FREEMIUM,
2992,61,CHURN,2025-02-23 00:00:00+00:00
3716,42,CHURN,2025-04-20 00:00:00+00:00
8440,125,LEAD,2026-06-02 00:00:00+00:00
2383,61,ON_DEMAND_SUBSCRIPTION,2025-10-06 00:00:00+00:00
5722,61,LEAD,
11097,42,LEAD,
3517,44,FREEMIUM,
5974,76,FREEMIUM,
5975,76,FREEMIUM,
5976,76,FREEMIUM,
2657,53,FREEMIUM,
10668,139,RECURRING_SUBSCRIPTION,
5977,76,FREEMIUM,
6281,51,CHURN,2025-06-23 00:00:00+00:00
311,8,FREEMIUM,2023-09-17 00:00:00+00:00
5469,8,WARM_LEAD,2025-04-29 00:00:00+00:00
1369,8,WARM_LEAD,2024-06-16 00:00:00+00:00
1826,52,FREEMIUM,2025-10-08 00:00:00+00:00
11269,142,LEAD,
1847,51,FREEMIUM,2024-10-11 00:00:00+00:00
5978,76,FREEMIUM,
8431,125,LEAD,
8434,125,LEAD,
8435,125,LEAD,
8436,125,LEAD,
8438,125,LEAD,
8441,125,LEAD,
12054,195,LEAD,
8740,127,LEAD,
8742,127,LEAD,
8755,127,WARM_LEAD,2025-10-27 00:00:00+00:00
6124,66,LEAD,
6255,66,LEAD,
3861,61,FREEMIUM,2025-03-16 00:00:00+00:00
5241,66,LEAD,
5723,61,LEAD,
5493,66,LEAD,
5579,16,LEAD,
9676,134,LEAD,
5318,16,LEAD,
5436,42,WARM_LEAD,2025-04-27 00:00:00+00:00
9677,134,LEAD,
3550,61,FREEMIUM,
3570,61,FREEMIUM,
9678,134,LEAD,
9679,134,WARM_LEAD,2025-12-21 00:00:00+00:00
9681,134,LEAD,
2592,63,FREEMIUM,
353,10,CHURN,2024-05-02 00:00:00+00:00
9682,134,LEAD,
5391,61,LEAD,
9684,134,LEAD,
9686,134,WARM_LEAD,2025-12-21 00:00:00+00:00
5443,61,WARM_LEAD,2025-11-25 00:00:00+00:00
9687,134,LEAD,
6259,61,LEAD,
4496,17,FREEMIUM,
2610,63,FREEMIUM,
5330,61,LEAD,
5536,61,WARM_LEAD,2025-06-22 00:00:00+00:00
6591,61,RECURRING_SUBSCRIPTION,2026-02-23 00:00:00+00:00
6443,61,LEAD,
6561,61,TRIAL,2025-08-19 00:00:00+00:00
6519,61,LEAD,
2041,10,LEAD,
6520,61,LEAD,
11910,15,LEAD,
6521,61,LEAD,
10025,96,LEAD,
6944,61,LEAD,
11473,195,LEAD,
5218,15,FREEMIUM,
1896,51,FREEMIUM,
1152,9,ON_DEMAND_SUBSCRIPTION,2024-07-02 00:00:00+00:00
1895,51,FREEMIUM,
1798,53,FREEMIUM,
1814,52,RECURRING_SUBSCRIPTION,2024-12-30 00:00:00+00:00
1843,51,TRIAL,2024-08-29 00:00:00+00:00
1936,53,FREEMIUM,2025-10-10 00:00:00+00:00
3661,65,FREEMIUM,
3664,65,FREEMIUM,
5988,76,FREEMIUM,
8747,127,LEAD,
8746,127,LEAD,
6306,49,LEAD,
8748,127,ON_DEMAND_SUBSCRIPTION,2025-10-28 00:00:00+00:00
5989,76,FREEMIUM,
8859,127,LEAD,
6125,66,LEAD,
10795,98,LEAD,2026-06-11 00:00:00+00:00
5992,76,FREEMIUM,
1525,5,COLD_LEAD,2024-07-14 00:00:00+00:00
9688,134,WARM_LEAD,
5987,76,FREEMIUM,
7116,99,WARM_LEAD,2025-12-09 00:00:00+00:00
3671,65,FREEMIUM,
3680,65,FREEMIUM,
5319,66,LEAD,
6939,61,LEAD,
5994,76,FREEMIUM,
317,10,CHURN,2023-09-17 00:00:00+00:00
6940,61,LEAD,
293,10,CHURN,2023-09-17 00:00:00+00:00
6941,61,LEAD,
318,10,CHURN,2023-09-17 00:00:00+00:00
11143,134,WARM_LEAD,2026-03-01 00:00:00+00:00
7125,61,LEAD,
7894,61,LEAD,
10693,134,LEAD,
9700,134,WARM_LEAD,2025-12-21 00:00:00+00:00
7277,61,LEAD,
11179,134,LEAD,
7481,42,LEAD,
7483,61,LEAD,
7904,61,LEAD,
2377,61,CHURN,2025-08-25 00:00:00+00:00
2568,63,TRIAL,2025-02-24 00:00:00+00:00
7892,61,LEAD,
7893,61,LEAD,
7895,61,LEAD,
7896,61,LEAD,
2578,63,RECURRING_SUBSCRIPTION,2025-12-21 00:00:00+00:00
7897,61,LEAD,
6506,61,ON_DEMAND_SUBSCRIPTION,2025-10-18 00:00:00+00:00
8860,127,LEAD,
11510,134,LEAD,
5719,61,WARM_LEAD,2025-11-22 00:00:00+00:00
2569,63,FREEMIUM,
2064,53,FREEMIUM,
10670,98,WARM_LEAD,
9606,11,LEAD,
10798,98,LEAD,
2612,62,FREEMIUM,
308,8,CHURN,2023-09-17 00:00:00+00:00
347,9,CHURN,2023-10-08 00:00:00+00:00
2454,9,FREEMIUM,
1867,9,FREEMIUM,
5444,1,TRIAL,2025-04-27 00:00:00+00:00
5201,8,FREEMIUM,
5494,16,LEAD,
5580,16,LEAD,
2075,51,FREEMIUM,
2089,51,FREEMIUM,
1932,51,FREEMIUM,2025-06-19 00:00:00+00:00
2091,51,FREEMIUM,
8861,127,LEAD,
2022,52,TRIAL,2024-09-04 00:00:00+00:00
11582,66,WARM_LEAD,
8864,127,LEAD,
8865,127,LEAD,
12055,96,LEAD,
11907,205,RECURRING_SUBSCRIPTION,2026-06-15 00:00:00+00:00
7577,114,CHURN,2025-08-27 00:00:00+00:00
5320,66,LEAD,
9748,134,LEAD,
8777,61,WARM_LEAD,2025-10-26 00:00:00+00:00
7643,118,LEAD,
10034,122,RECURRING_SUBSCRIPTION,
10724,134,RECURRING_SUBSCRIPTION,2026-03-29 00:00:00+00:00
9220,42,LEAD,
1426,11,COLD_LEAD,
1185,11,COLD_LEAD,2024-05-12 00:00:00+00:00
497,11,COLD_LEAD,2024-09-15 00:00:00+00:00
979,7,COLD_LEAD,2024-09-29 00:00:00+00:00
1954,17,RECURRING_SUBSCRIPTION,2025-12-22 00:00:00+00:00
2334,10,LEAD,
2599,63,CHURN,2024-11-14 00:00:00+00:00
2571,63,FREEMIUM,
11911,17,LEAD,
6257,1,CHURN,2025-06-22 00:00:00+00:00
5251,15,FREEMIUM,
772,17,TRIAL,2024-04-21 00:00:00+00:00
12056,98,LEAD,
4179,17,FREEMIUM,
1161,44,FREEMIUM,
5210,15,FREEMIUM,
5252,15,FREEMIUM,
846,44,FREEMIUM,
868,44,FREEMIUM,
2272,8,FREEMIUM,2024-10-09 00:00:00+00:00
2570,63,WARM_LEAD,2025-11-24 00:00:00+00:00
2145,52,WARM_LEAD,2025-08-24 00:00:00+00:00
583,17,FREEMIUM,
2346,51,RECURRING_SUBSCRIPTION,2024-10-14 00:00:00+00:00
2312,53,FREEMIUM,
6108,9,LEAD,
6109,9,LEAD,
183,8,FREEMIUM,2023-09-24 00:00:00+00:00
150,8,FREEMIUM,
4374,17,FREEMIUM,
744,9,FREEMIUM,
2290,51,FREEMIUM,
3629,65,FREEMIUM,
3630,65,FREEMIUM,
2348,53,FREEMIUM,
3685,65,FREEMIUM,
2291,51,FREEMIUM,
8866,127,LEAD,
2303,52,RECURRING_SUBSCRIPTION,2024-10-18 00:00:00+00:00
2359,53,FREEMIUM,
2280,53,FREEMIUM,2025-06-08 00:00:00+00:00
2364,53,FREEMIUM,
2365,52,FREEMIUM,
2368,53,FREEMIUM,
7787,117,LEAD,
8867,127,LEAD,
8868,127,LEAD,
8869,127,LEAD,
8870,127,LEAD,
8871,127,LEAD,
11744,75,LEAD,
11843,199,LEAD,
2248,51,FREEMIUM,
3681,65,FREEMIUM,
7582,114,LEAD,
11134,177,LEAD,
5267,57,COLD_LEAD,
1505,4,COLD_LEAD,2024-07-14 00:00:00+00:00
1508,11,COLD_LEAD,2024-07-14 00:00:00+00:00
1499,11,COLD_LEAD,2024-07-07 00:00:00+00:00
1506,4,COLD_LEAD,2024-07-14 00:00:00+00:00
1507,11,COLD_LEAD,2024-07-14 00:00:00+00:00
1509,11,COLD_LEAD,2024-07-14 00:00:00+00:00
1511,4,COLD_LEAD,2024-07-14 00:00:00+00:00
1513,4,COLD_LEAD,2024-07-14 00:00:00+00:00
1514,7,COLD_LEAD,2024-07-14 00:00:00+00:00
5321,16,LEAD,
5203,56,FREEMIUM,2025-04-05 00:00:00+00:00
2374,17,TRIAL,2024-10-20 00:00:00+00:00
11063,118,LEAD,
11307,140,LEAD,
11475,195,LEAD,
2425,8,RECURRING_SUBSCRIPTION,2024-10-25 00:00:00+00:00
2266,53,FREEMIUM,
2572,63,FREEMIUM,
1716,44,FREEMIUM,
2250,51,ON_DEMAND_SUBSCRIPTION,2025-03-02 00:00:00+00:00
6144,9,RECURRING_SUBSCRIPTION,2025-05-30 00:00:00+00:00
2614,63,FREEMIUM,2025-05-16 00:00:00+00:00
7778,117,LEAD,
5225,15,FREEMIUM,
2927,15,CHURN,2025-12-12 00:00:00+00:00
11172,91,LEAD,
426,8,FREEMIUM,2023-12-10 00:00:00+00:00
11912,15,LEAD,
2433,52,CHURN,2024-10-29 00:00:00+00:00
2436,53,ON_DEMAND_SUBSCRIPTION,2025-01-10 00:00:00+00:00
2661,51,TRIAL,2024-12-01 00:00:00+00:00
2450,51,FREEMIUM,
8835,128,RECURRING_SUBSCRIPTION,2025-10-21 00:00:00+00:00
8903,125,WARM_LEAD,
6126,66,LEAD,
2462,51,FREEMIUM,
8863,128,LEAD,
8862,128,WARM_LEAD,2025-12-28 00:00:00+00:00
8909,128,LEAD,
2463,53,FREEMIUM,
11223,68,WARM_LEAD,
1512,4,COLD_LEAD,2024-07-14 00:00:00+00:00
11317,1,TRIAL,2026-04-19 00:00:00+00:00
11100,66,LEAD,
10799,98,LEAD,
12057,134,LEAD,
6258,73,WARM_LEAD,2025-07-20 00:00:00+00:00
11197,153,WARM_LEAD,
2457,51,FREEMIUM,2024-11-03 00:00:00+00:00
9607,123,LEAD,
8901,124,LEAD,2026-06-17 00:00:00+00:00
5322,16,FREEMIUM,
552,15,TRIAL,2024-01-28 00:00:00+00:00
3691,65,FREEMIUM,
1515,7,COLD_LEAD,2024-07-14 00:00:00+00:00
1275,11,COLD_LEAD,2024-06-09 00:00:00+00:00
1260,7,COLD_LEAD,2024-06-02 00:00:00+00:00
624,15,TRIAL,
1329,4,COLD_LEAD,2024-07-07 00:00:00+00:00
2615,63,WARM_LEAD,2024-12-31 00:00:00+00:00
6291,63,WARM_LEAD,2025-10-13 00:00:00+00:00
6364,65,LEAD,
1720,15,WARM_LEAD,
1305,7,COLD_LEAD,2024-07-07 00:00:00+00:00
998,17,TRIAL,
970,44,FREEMIUM,
3696,65,FREEMIUM,
937,44,FREEMIUM,2024-04-10 00:00:00+00:00
8321,124,CHURN,2025-10-09 00:00:00+00:00
2488,10,LEAD,
8894,124,LEAD,
1270,11,COLD_LEAD,2025-12-27 00:00:00+00:00
11476,195,LEAD,
609,15,FREEMIUM,
2573,63,FREEMIUM,2025-05-13 00:00:00+00:00
5244,42,FREEMIUM,
8895,125,LEAD,
8896,125,LEAD,
1202,48,FREEMIUM,2024-05-13 00:00:00+00:00
2088,51,FREEMIUM,
8897,125,LEAD,
2499,51,FREEMIUM,
5245,42,FREEMIUM,2025-11-29 00:00:00+00:00
8898,124,LEAD,
5246,42,FREEMIUM,
1635,9,FREEMIUM,2024-08-21 00:00:00+00:00
961,8,FREEMIUM,2025-04-07 00:00:00+00:00
2501,53,FREEMIUM,
1330,7,COLD_LEAD,2024-07-07 00:00:00+00:00
1309,4,COLD_LEAD,2024-07-07 00:00:00+00:00
5204,4,COLD_LEAD,
5581,16,LEAD,
6129,66,LEAD,
1109,17,CHURN,2024-05-12 00:00:00+00:00
10801,98,LEAD,
8899,124,LEAD,
9749,94,LEAD,
4083,17,RECURRING_SUBSCRIPTION,2025-03-30 00:00:00+00:00
10671,121,TRIAL,2026-02-20 00:00:00+00:00
8900,125,LEAD,
5243,42,CHURN,2025-04-09 00:00:00+00:00
3942,64,TRIAL,2025-03-30 00:00:00+00:00
5323,16,FREEMIUM,
5496,11,COLD_LEAD,
11426,139,LEAD,
5205,4,COLD_LEAD,
11224,93,RECURRING_SUBSCRIPTION,2026-03-18 00:00:00+00:00
11477,195,LEAD,
626,17,CHURN,2024-02-11 00:00:00+00:00
3649,65,FREEMIUM,
2528,10,LEAD,
2504,8,ON_DEMAND_SUBSCRIPTION,2024-11-06 00:00:00+00:00
11368,123,WARM_LEAD,
5521,15,LEAD,
2574,63,FREEMIUM,
2531,51,FREEMIUM,
11135,142,LEAD,
2702,63,FREEMIUM,
873,44,FREEMIUM,
2703,51,FREEMIUM,
1091,44,FREEMIUM,
4406,17,FREEMIUM,2026-03-19 00:00:00+00:00
489,15,CHURN,2025-02-03 00:00:00+00:00
483,15,RECURRING_SUBSCRIPTION,2025-12-04 00:00:00+00:00
1055,17,TRIAL,2024-09-22 00:00:00+00:00
9739,17,LEAD,
4271,17,FREEMIUM,
3647,65,FREEMIUM,
11288,140,WARM_LEAD,2026-03-22 00:00:00+00:00
11421,140,LEAD,
11400,99,LEAD,
5847,76,FREEMIUM,2026-02-20 00:00:00+00:00
8902,125,LEAD,
8905,47,LEAD,
8906,127,LEAD,
9414,124,LEAD,
9429,125,LEAD,
11745,205,WARM_LEAD,2026-05-03 00:00:00+00:00
11064,134,WARM_LEAD,
11844,47,WARM_LEAD,
11913,15,LEAD,
1078,17,ON_DEMAND_SUBSCRIPTION,2025-02-11 00:00:00+00:00
2699,63,CHURN,2024-12-15 00:00:00+00:00
134,4,COLD_LEAD,2025-04-06 00:00:00+00:00
5582,16,LEAD,
11270,169,LEAD,
11388,151,LEAD,
10804,98,LEAD,
10805,98,LEAD,
10806,98,LEAD,
10807,98,LEAD,
10808,98,LEAD,
10809,98,LEAD,
5310,48,CHURN,2025-05-05 00:00:00+00:00
11244,133,WARM_LEAD,2026-04-05 00:00:00+00:00
11335,139,TRIAL,
11409,198,LEAD,
11411,183,LEAD,
11414,183,LEAD,
5206,4,COLD_LEAD,
1315,1,COLD_LEAD,2024-07-07 00:00:00+00:00
350,8,ON_DEMAND_SUBSCRIPTION,2024-11-24 00:00:00+00:00
11583,195,LEAD,
182,8,FREEMIUM,2025-03-11 00:00:00+00:00
7651,114,LEAD,
2458,8,FREEMIUM,
259,8,FREEMIUM,
2746,63,FREEMIUM,
148,8,FREEMIUM,
184,8,FREEMIUM,
360,9,FREEMIUM,
11478,195,WARM_LEAD,
3923,68,CHURN,2025-05-28 00:00:00+00:00
1257,17,CHURN,2024-06-02 00:00:00+00:00
4383,17,FREEMIUM,
1199,17,FREEMIUM,
11381,135,TRIAL,2026-04-12 00:00:00+00:00
4409,17,FREEMIUM,
4410,17,FREEMIUM,
4411,17,FREEMIUM,
2762,51,CHURN,2025-01-12 00:00:00+00:00
4822,15,FREEMIUM,
2755,10,LEAD,
9905,56,LEAD,
2716,52,FREEMIUM,
3697,65,FREEMIUM,
1806,53,FREEMIUM,2025-06-07 00:00:00+00:00
11746,134,CHURN,
2780,52,FREEMIUM,2024-12-22 00:00:00+00:00
2771,53,FREEMIUM,2025-05-09 00:00:00+00:00
2783,53,FREEMIUM,2025-10-29 00:00:00+00:00
791,17,FREEMIUM,
557,17,TRIAL,2024-01-28 00:00:00+00:00
1753,17,ON_DEMAND_SUBSCRIPTION,2024-08-04 00:00:00+00:00
9735,17,LEAD,
4412,17,FREEMIUM,
2512,1,COLD_LEAD,2024-11-24 00:00:00+00:00
1307,11,COLD_LEAD,2024-07-07 00:00:00+00:00
5583,16,LEAD,
6150,57,COLD_LEAD,
4413,17,FREEMIUM,
6757,15,WARM_LEAD,2026-04-20 00:00:00+00:00
3709,65,FREEMIUM,
3642,65,FREEMIUM,
3646,65,FREEMIUM,
4415,17,FREEMIUM,
4417,17,FREEMIUM,
4532,17,FREEMIUM,
4434,17,FREEMIUM,
3404,44,FREEMIUM,2025-03-30 00:00:00+00:00
5995,76,FREEMIUM,
5996,76,FREEMIUM,
9789,67,LEAD,
2735,62,FREEMIUM,
10116,6,CHURN,2026-01-21 00:00:00+00:00
11845,68,LEAD,
10736,17,RECURRING_SUBSCRIPTION,2026-03-02 00:00:00+00:00
816,44,FREEMIUM,
874,44,FREEMIUM,2025-03-16 00:00:00+00:00
5266,15,FREEMIUM,
11289,123,RECURRING_SUBSCRIPTION,
4437,17,FREEMIUM,
4439,17,FREEMIUM,
1723,15,FREEMIUM,
4440,17,FREEMIUM,
4441,17,FREEMIUM,
4442,17,FREEMIUM,
3708,65,FREEMIUM,
11389,56,LEAD,
2837,52,FREEMIUM,
4443,17,FREEMIUM,
11395,112,LEAD,
4446,17,FREEMIUM,
2586,63,TRIAL,2024-12-26 00:00:00+00:00
2820,53,FREEMIUM,
2860,53,FREEMIUM,
314,9,RECURRING_SUBSCRIPTION,2024-12-19 00:00:00+00:00
1319,8,FREEMIUM,
2866,53,FREEMIUM,
11065,182,LEAD,
2921,52,FREEMIUM,
3959,1,CHURN,2025-07-13 00:00:00+00:00
3710,65,FREEMIUM,
4447,17,FREEMIUM,
4449,17,FREEMIUM,
7779,117,LEAD,
864,44,FREEMIUM,
7610,94,TRIAL,2025-09-07 00:00:00+00:00
875,44,FREEMIUM,
1094,44,FREEMIUM,2024-05-06 00:00:00+00:00
4430,17,FREEMIUM,2026-02-06 00:00:00+00:00
3534,65,FREEMIUM,
3531,65,FREEMIUM,
3186,65,FREEMIUM,
2832,62,WARM_LEAD,2025-12-10 00:00:00+00:00
1500,11,COLD_LEAD,2024-07-07 00:00:00+00:00
9816,119,LEAD,
6212,16,LEAD,
11846,134,LEAD,
10817,98,LEAD,
11914,61,LEAD,
10672,139,TRIAL,
10818,98,LEAD,
10819,98,LEAD,
11166,153,WARM_LEAD,2026-03-15 00:00:00+00:00
11747,15,LEAD,2026-04-26 00:00:00+00:00
11136,177,LEAD,
11225,7,WARM_LEAD,2026-03-17 00:00:00+00:00
10035,139,RECURRING_SUBSCRIPTION,2026-02-15 00:00:00+00:00
10820,98,LEAD,
10821,98,LEAD,
10822,98,LEAD,
10823,98,LEAD,
10824,98,LEAD,
8241,111,RECURRING_SUBSCRIPTION,2025-10-11 00:00:00+00:00
11352,66,WARM_LEAD,
2650,15,ON_DEMAND_SUBSCRIPTION,2025-12-02 00:00:00+00:00
614,17,TRIAL,2024-02-04 00:00:00+00:00
2934,52,FREEMIUM,
2624,17,TRIAL,2024-12-06 00:00:00+00:00
9092,114,WARM_LEAD,2025-12-14 00:00:00+00:00
3944,17,TRIAL,2025-04-10 00:00:00+00:00
4322,17,FREEMIUM,
6583,17,RECURRING_SUBSCRIPTION,2025-12-18 00:00:00+00:00
5248,68,FREEMIUM,2026-04-12 00:00:00+00:00
7593,120,LEAD,2025-11-24 00:00:00+00:00
11479,195,LEAD,
3684,65,FREEMIUM,
3707,65,FREEMIUM,
10825,98,LEAD,
10826,98,LEAD,
10827,98,LEAD,
10828,98,LEAD,
3169,65,FREEMIUM,
5584,16,LEAD,
11173,121,LEAD,2026-03-09 00:00:00+00:00
3579,66,TRIAL,
5997,76,WARM_LEAD,2025-10-01 00:00:00+00:00
5998,76,FREEMIUM,
5999,76,FREEMIUM,
6000,76,FREEMIUM,
11412,199,LEAD,
11650,195,LEAD,
2607,1,CHURN,2025-12-09 00:00:00+00:00
11748,68,LEAD,
2552,17,FREEMIUM,2026-05-03 00:00:00+00:00
2933,62,TRIAL,2025-01-08 00:00:00+00:00
2941,8,FREEMIUM,
1856,11,COLD_LEAD,
2944,9,CHURN,2025-03-13 00:00:00+00:00
2688,11,COLD_LEAD,
2919,52,RECURRING_SUBSCRIPTION,2025-10-13 00:00:00+00:00
2915,53,FREEMIUM,
2916,51,FREEMIUM,
1522,7,COLD_LEAD,2024-07-14 00:00:00+00:00
2918,52,FREEMIUM,
1549,11,COLD_LEAD,2024-07-21 00:00:00+00:00
3178,53,FREEMIUM,
6292,51,LEAD,2026-02-20 00:00:00+00:00
1583,11,COLD_LEAD,2024-07-21 00:00:00+00:00
1588,7,COLD_LEAD,2024-07-21 00:00:00+00:00
11137,121,TRIAL,2026-03-01 00:00:00+00:00
1589,11,COLD_LEAD,2024-07-21 00:00:00+00:00
9987,96,RECURRING_SUBSCRIPTION,2026-02-08 00:00:00+00:00
11199,73,WARM_LEAD,
1747,7,COLD_LEAD,2024-11-17 00:00:00+00:00
1520,4,COLD_LEAD,2025-07-20 00:00:00+00:00
5324,1,COLD_LEAD,
10829,98,LEAD,2026-04-18 00:00:00+00:00
1612,4,COLD_LEAD,2024-07-21 00:00:00+00:00
4552,17,RECURRING_SUBSCRIPTION,2025-12-05 00:00:00+00:00
1621,4,COLD_LEAD,2024-07-21 00:00:00+00:00
1620,11,COLD_LEAD,2024-07-21 00:00:00+00:00
1629,4,COLD_LEAD,2024-07-21 00:00:00+00:00
1632,7,COLD_LEAD,2024-07-21 00:00:00+00:00
1585,7,COLD_LEAD,2024-07-21 00:00:00+00:00
1684,4,COLD_LEAD,
1650,7,COLD_LEAD,
3682,65,FREEMIUM,
5285,11,COLD_LEAD,2025-04-13 00:00:00+00:00
1679,11,COLD_LEAD,
1624,1,COLD_LEAD,2024-07-21 00:00:00+00:00
1611,11,COLD_LEAD,2024-07-21 00:00:00+00:00
7594,114,LEAD,
1636,11,COLD_LEAD,2024-07-21 00:00:00+00:00
2910,44,CHURN,2025-11-12 00:00:00+00:00
1641,11,COLD_LEAD,2024-07-21 00:00:00+00:00
1673,4,COLD_LEAD,
1643,11,COLD_LEAD,2024-07-21 00:00:00+00:00
1689,4,COLD_LEAD,
1693,13,COLD_LEAD,
1694,13,COLD_LEAD,
1699,4,COLD_LEAD,
1691,4,COLD_LEAD,
3076,53,CHURN,2025-02-28 00:00:00+00:00
1678,11,COLD_LEAD,
1906,11,COLD_LEAD,
1921,1,COLD_LEAD,
2642,7,COLD_LEAD,2024-11-24 00:00:00+00:00
2544,60,COLD_LEAD,2024-12-01 00:00:00+00:00
2001,13,COLD_LEAD,
2609,57,COLD_LEAD,2024-12-15 00:00:00+00:00
1974,11,COLD_LEAD,
2630,1,COLD_LEAD,
1519,1,COLD_LEAD,2024-09-01 00:00:00+00:00
1981,11,COLD_LEAD,2024-09-15 00:00:00+00:00
1984,11,COLD_LEAD,
1996,1,COLD_LEAD,
2002,13,COLD_LEAD,
2006,13,COLD_LEAD,
2007,13,COLD_LEAD,
2012,4,COLD_LEAD,
2028,11,COLD_LEAD,
11480,195,LEAD,
2015,11,COLD_LEAD,
2014,4,COLD_LEAD,
2017,5,COLD_LEAD,
2032,7,COLD_LEAD,
11584,66,LEAD,
1145,9,FREEMIUM,
6290,53,LEAD,
2471,52,FREEMIUM,
2024,7,COLD_LEAD,2025-01-12 00:00:00+00:00
2279,52,TRIAL,2024-10-14 00:00:00+00:00
9790,67,LEAD,
2690,60,TRIAL,2025-06-29 00:00:00+00:00
3960,57,COLD_LEAD,2025-06-29 00:00:00+00:00
1912,11,COLD_LEAD,
9618,135,WARM_LEAD,2025-12-24 00:00:00+00:00
2550,9,FREEMIUM,
3686,65,FREEMIUM,
2036,5,COLD_LEAD,
2044,7,COLD_LEAD,
2038,5,COLD_LEAD,
2029,4,COLD_LEAD,
2048,5,COLD_LEAD,
2084,5,COLD_LEAD,
2336,58,COLD_LEAD,
2092,11,COLD_LEAD,
2631,4,COLD_LEAD,
5249,68,FREEMIUM,2025-10-27 00:00:00+00:00
2126,11,COLD_LEAD,2024-09-29 00:00:00+00:00
2122,7,COLD_LEAD,2024-09-22 00:00:00+00:00
2127,11,COLD_LEAD,
2123,7,COLD_LEAD,
2138,4,COLD_LEAD,
2139,1,COLD_LEAD,
2141,7,COLD_LEAD,
2171,4,COLD_LEAD,2024-09-29 00:00:00+00:00
5326,5,COLD_LEAD,
2193,4,COLD_LEAD,
6002,76,FREEMIUM,
2184,13,COLD_LEAD,
9689,134,LEAD,
2033,15,FREEMIUM,
2200,60,COLD_LEAD,
2207,1,COLD_LEAD,
2220,58,COLD_LEAD,
2225,57,COLD_LEAD,
2468,60,COLD_LEAD,
2236,11,COLD_LEAD,
2246,58,COLD_LEAD,
2239,57,COLD_LEAD,
2241,57,COLD_LEAD,
2249,13,COLD_LEAD,
2259,58,COLD_LEAD,
2252,57,COLD_LEAD,
2260,58,COLD_LEAD,
2254,57,COLD_LEAD,
2229,58,COLD_LEAD,2024-09-29 00:00:00+00:00
2255,58,COLD_LEAD,
2256,58,COLD_LEAD,
2261,58,COLD_LEAD,
2262,58,COLD_LEAD,
2263,58,COLD_LEAD,
2267,11,COLD_LEAD,
2277,58,COLD_LEAD,
2278,57,COLD_LEAD,
2283,11,COLD_LEAD,
2240,60,COLD_LEAD,2024-11-30 00:00:00+00:00
2332,57,COLD_LEAD,
2333,57,COLD_LEAD,
2309,58,COLD_LEAD,
2276,57,COLD_LEAD,
5440,7,COLD_LEAD,2026-04-20 00:00:00+00:00
2243,4,COLD_LEAD,
2251,58,COLD_LEAD,2025-05-11 00:00:00+00:00
2305,58,COLD_LEAD,
2282,57,COLD_LEAD,
2273,11,COLD_LEAD,
2231,58,COLD_LEAD,
2230,57,COLD_LEAD,
2227,57,COLD_LEAD,
2217,58,COLD_LEAD,
2034,1,COLD_LEAD,2024-09-08 00:00:00+00:00
3677,65,FREEMIUM,
5250,66,LEAD,
2694,17,FREEMIUM,
817,44,FREEMIUM,
3679,65,FREEMIUM,
11585,195,WARM_LEAD,
1659,8,FREEMIUM,
2942,8,FREEMIUM,
2843,9,FREEMIUM,
8931,6,LEAD,
8958,6,LEAD,
9010,6,LEAD,
9034,6,LEAD,
9042,6,LEAD,
9056,6,LEAD,
9079,6,LEAD,
9131,6,LEAD,
11326,6,LEAD,
9386,6,LEAD,2025-12-18 00:00:00+00:00
1852,51,FREEMIUM,2024-09-01 00:00:00+00:00
1865,51,CHURN,2024-08-30 00:00:00+00:00
1893,51,CHURN,2024-10-23 00:00:00+00:00
1833,51,CHURN,2024-12-23 00:00:00+00:00
1811,51,TRIAL,2024-08-26 00:00:00+00:00
1820,51,FREEMIUM,
1841,51,FREEMIUM,
1868,52,FREEMIUM,
1877,52,FREEMIUM,
1889,51,FREEMIUM,
1879,51,FREEMIUM,2026-02-25 00:00:00+00:00
1850,51,RECURRING_SUBSCRIPTION,2025-06-06 00:00:00+00:00
10667,142,TRIAL,2026-02-22 00:00:00+00:00
865,44,FREEMIUM,
5280,15,FREEMIUM,
831,44,FREEMIUM,2025-08-19 00:00:00+00:00
9886,15,LEAD,
645,17,RECURRING_SUBSCRIPTION,2025-12-10 00:00:00+00:00
634,17,CHURN,2024-02-11 00:00:00+00:00
4475,17,FREEMIUM,
2427,17,FREEMIUM,2025-05-23 00:00:00+00:00
2318,58,COLD_LEAD,2024-10-20 00:00:00+00:00
4476,17,FREEMIUM,
2331,58,COLD_LEAD,2024-12-29 00:00:00+00:00
821,44,FREEMIUM,2024-04-30 00:00:00+00:00
5498,14,LEAD,
4477,17,FREEMIUM,
5585,16,LEAD,
4479,17,FREEMIUM,
4518,17,FREEMIUM,
2748,15,FREEMIUM,
7595,114,LEAD,
6260,61,LEAD,
2222,60,TRIAL,2025-06-22 00:00:00+00:00
5726,51,WARM_LEAD,2026-01-13 00:00:00+00:00
11847,134,LEAD,
6282,52,TRIAL,2025-07-28 00:00:00+00:00
11651,47,TRIAL,
2370,58,COLD_LEAD,2024-10-27 00:00:00+00:00
10743,8,LEAD,
11482,123,LEAD,
5343,75,LEAD,
5447,6,WARM_LEAD,2025-04-27 00:00:00+00:00
5328,61,LEAD,
2428,58,COLD_LEAD,
2465,7,COLD_LEAD,
2480,60,COLD_LEAD,2024-11-10 00:00:00+00:00
2484,57,COLD_LEAD,
1609,7,COLD_LEAD,2025-04-07 00:00:00+00:00
2487,58,COLD_LEAD,
2517,1,COLD_LEAD,2024-11-17 00:00:00+00:00
11586,121,LEAD,
2494,60,COLD_LEAD,
2516,60,COLD_LEAD,2024-11-17 00:00:00+00:00
2508,58,COLD_LEAD,
2509,57,COLD_LEAD,
2513,4,COLD_LEAD,
2518,58,COLD_LEAD,
2533,4,COLD_LEAD,
2459,11,COLD_LEAD,2024-10-27 00:00:00+00:00
11749,51,WARM_LEAD,
857,9,CHURN,2024-04-07 00:00:00+00:00
7986,117,LEAD,2026-06-08 00:00:00+00:00
2718,58,COLD_LEAD,
2737,7,COLD_LEAD,
5329,61,LEAD,
4481,17,FREEMIUM,
451,15,RECURRING_SUBSCRIPTION,2024-12-14 00:00:00+00:00
2736,57,COLD_LEAD,2024-12-08 00:00:00+00:00
2749,58,COLD_LEAD,
2750,57,COLD_LEAD,
2751,7,COLD_LEAD,2024-12-15 00:00:00+00:00
2752,57,COLD_LEAD,2024-12-15 00:00:00+00:00
2754,58,COLD_LEAD,
11848,125,LEAD,
2758,57,COLD_LEAD,
2764,1,COLD_LEAD,2024-12-15 00:00:00+00:00
2772,11,COLD_LEAD,
2776,7,COLD_LEAD,
2495,58,COLD_LEAD,
2777,7,COLD_LEAD,
2785,1,COLD_LEAD,
5347,75,RECURRING_SUBSCRIPTION,2025-12-16 00:00:00+00:00
2802,7,COLD_LEAD,
2775,7,CHURN,2025-11-23 00:00:00+00:00
95,6,ON_DEMAND_SUBSCRIPTION,
2855,7,COLD_LEAD,
5404,75,TRIAL,2025-05-14 00:00:00+00:00
10163,145,LEAD,
2818,11,COLD_LEAD,2025-01-26 00:00:00+00:00
2830,7,COLD_LEAD,
2738,4,COLD_LEAD,
2789,1,COLD_LEAD,
2759,57,COLD_LEAD,
2506,11,COLD_LEAD,
2483,57,COLD_LEAD,
2466,7,COLD_LEAD,
7655,114,WARM_LEAD,
3536,65,CHURN,2025-04-07 00:00:00+00:00
2834,11,COLD_LEAD,
11483,195,LEAD,
1357,17,FREEMIUM,2024-06-16 00:00:00+00:00
10673,140,LEAD,
105,6,FREEMIUM,
815,9,RECURRING_SUBSCRIPTION,2024-04-07 00:00:00+00:00
2836,58,COLD_LEAD,
2838,4,COLD_LEAD,
2839,57,COLD_LEAD,
2840,4,COLD_LEAD,
2844,4,COLD_LEAD,
2845,57,COLD_LEAD,
2853,4,COLD_LEAD,
2858,11,COLD_LEAD,
2862,5,COLD_LEAD,
2870,7,COLD_LEAD,
3711,57,COLD_LEAD,
2885,4,COLD_LEAD,
11587,123,LEAD,
2849,4,COLD_LEAD,
2888,11,COLD_LEAD,
2883,1,COLD_LEAD,
1098,15,TRIAL,2024-05-05 00:00:00+00:00
7763,119,LEAD,
2932,4,COLD_LEAD,
4241,17,FREEMIUM,
11750,76,LEAD,
11849,124,LEAD,
2955,4,CHURN,2026-02-10 00:00:00+00:00
5355,75,CHURN,2025-05-20 00:00:00+00:00
2977,11,COLD_LEAD,
3033,11,COLD_LEAD,
2851,7,WARM_LEAD,2026-03-01 00:00:00+00:00
5408,75,LEAD,
2968,11,COLD_LEAD,
2972,60,COLD_LEAD,
10791,98,LEAD,
2978,11,COLD_LEAD,
5356,75,LEAD,
3011,7,COLD_LEAD,
3014,57,COLD_LEAD,
2990,11,COLD_LEAD,2025-01-26 00:00:00+00:00
3017,7,COLD_LEAD,
3025,7,COLD_LEAD,
3031,11,COLD_LEAD,
5382,11,COLD_LEAD,
358,9,CHURN,2023-10-15 00:00:00+00:00
10792,98,LEAD,
3083,4,COLD_LEAD,2025-02-16 00:00:00+00:00
3084,5,COLD_LEAD,
384,6,CHURN,2023-11-05 00:00:00+00:00
10793,98,LEAD,
2873,7,TRIAL,2025-12-14 00:00:00+00:00
101,6,FREEMIUM,2024-03-27 00:00:00+00:00
1453,9,TRIAL,2024-06-25 00:00:00+00:00
5749,9,TRIAL,
10794,98,LEAD,
5362,75,CHURN,2025-07-27 00:00:00+00:00
2973,57,COLD_LEAD,
2869,58,COLD_LEAD,
2852,1,COLD_LEAD,
2835,58,COLD_LEAD,
11588,121,WARM_LEAD,
10036,124,LEAD,
6131,66,LEAD,
3023,6,FREEMIUM,
1823,51,FREEMIUM,2025-06-19 00:00:00+00:00
2998,52,FREEMIUM,
5421,75,CHURN,2025-05-25 00:00:00+00:00
6005,76,FREEMIUM,
5586,16,LEAD,
3015,52,TRIAL,2025-02-25 00:00:00+00:00
1348,6,WARM_LEAD,2025-09-30 00:00:00+00:00
7597,114,WARM_LEAD,2026-03-18 00:00:00+00:00
3124,58,COLD_LEAD,2025-03-09 00:00:00+00:00
3151,11,COLD_LEAD,
3156,4,COLD_LEAD,
3157,4,COLD_LEAD,
6261,61,LEAD,
1012,17,TRIAL,2024-04-14 00:00:00+00:00
916,17,FREEMIUM,
1222,17,CHURN,2024-06-02 00:00:00+00:00
11484,111,LEAD,
6006,76,FREEMIUM,
11653,128,LEAD,
6280,75,LEAD,2025-11-03 00:00:00+00:00
11751,92,LEAD,
9869,77,WARM_LEAD,2026-03-16 00:00:00+00:00
11654,134,LEAD,
3119,7,CHURN,2025-04-27 00:00:00+00:00
592,17,ON_DEMAND_SUBSCRIPTION,2024-10-16 00:00:00+00:00
5367,75,WARM_LEAD,
10110,140,CHURN,2026-02-01 00:00:00+00:00
5732,73,CHURN,2025-09-01 00:00:00+00:00
7739,66,LEAD,
5366,75,LEAD,
1596,8,CHURN,2024-07-17 00:00:00+00:00
6283,75,LEAD,
493,6,FREEMIUM,
3145,11,COLD_LEAD,
6309,49,LEAD,
1925,1,COLD_LEAD,2024-09-01 00:00:00+00:00
6285,75,LEAD,
1873,8,CHURN,2024-08-13 00:00:00+00:00
5368,75,LEAD,2025-11-24 00:00:00+00:00
1762,8,FREEMIUM,
158,8,FREEMIUM,
3161,1,COLD_LEAD,
3085,58,COLD_LEAD,
10654,75,RECURRING_SUBSCRIPTION,
6289,75,WARM_LEAD,2025-06-29 00:00:00+00:00
578,8,CHURN,2024-12-04 00:00:00+00:00
1162,9,CHURN,2024-05-06 00:00:00+00:00
273,9,FREEMIUM,2024-09-15 00:00:00+00:00
151,8,FREEMIUM,
213,6,CHURN,2023-08-20 00:00:00+00:00
219,6,FREEMIUM,
5375,75,LEAD,
5333,61,LEAD,
11485,195,LEAD,
11589,151,LEAD,
221,8,RECURRING_SUBSCRIPTION,2025-11-27 00:00:00+00:00
1669,6,RECURRING_SUBSCRIPTION,2025-01-31 00:00:00+00:00
3172,65,FREEMIUM,
307,6,FREEMIUM,2023-09-17 00:00:00+00:00
4482,17,FREEMIUM,
590,17,FREEMIUM,2024-02-04 00:00:00+00:00
4483,17,FREEMIUM,
684,15,CHURN,2025-01-05 00:00:00+00:00
341,6,CHURN,2024-05-19 00:00:00+00:00
924,15,TRIAL,2024-04-14 00:00:00+00:00
1111,17,RECURRING_SUBSCRIPTION,2026-01-08 00:00:00+00:00
5231,17,FREEMIUM,2024-10-27 00:00:00+00:00
1045,17,CHURN,2024-07-25 00:00:00+00:00
1176,17,CHURN,2024-07-10 00:00:00+00:00
1166,15,CHURN,2024-05-12 00:00:00+00:00
1228,15,FREEMIUM,
818,44,FREEMIUM,
828,44,FREEMIUM,2024-04-28 00:00:00+00:00
9843,117,LEAD,
11752,77,WARM_LEAD,
4499,17,FREEMIUM,
7780,117,LEAD,
7764,119,LEAD,2025-11-24 00:00:00+00:00
2602,17,FREEMIUM,
1303,17,FREEMIUM,
4381,17,FREEMIUM,
5465,17,WARM_LEAD,2025-07-02 00:00:00+00:00
1068,15,TRIAL,2025-12-01 00:00:00+00:00
1314,44,FREEMIUM,
4503,17,FREEMIUM,
661,17,CHURN,2024-07-01 00:00:00+00:00
9740,17,LEAD,
1336,17,FREEMIUM,
4386,17,FREEMIUM,
4385,17,FREEMIUM,
1386,17,TRIAL,
4504,17,FREEMIUM,
4506,17,FREEMIUM,
2025,17,FREEMIUM,2024-09-08 00:00:00+00:00
4508,17,FREEMIUM,
4509,17,FREEMIUM,
4514,17,FREEMIUM,
4516,17,FREEMIUM,
3881,67,COLD_LEAD,2025-10-29 00:00:00+00:00
4498,17,FREEMIUM,2026-05-06 00:00:00+00:00
11850,139,LEAD,
7740,94,COLD_LEAD,
10802,98,LEAD,
10803,98,LEAD,
10811,98,LEAD,
10812,98,LEAD,
10813,98,LEAD,
10814,98,LEAD,
10815,98,LEAD,
4519,17,FREEMIUM,
1311,15,ON_DEMAND_SUBSCRIPTION,2024-07-10 00:00:00+00:00
4521,17,FREEMIUM,
11486,195,RECURRING_SUBSCRIPTION,
4522,17,FREEMIUM,
2604,54,RECURRING_SUBSCRIPTION,2024-11-14 00:00:00+00:00
4523,17,FREEMIUM,
4524,17,FREEMIUM,
1476,44,FREEMIUM,
1374,17,FREEMIUM,
1092,44,FREEMIUM,
11655,139,LEAD,
7741,66,LEAD,
10816,98,LEAD,
5384,75,TRIAL,2025-11-13 00:00:00+00:00
11851,75,LEAD,
3892,57,COLD_LEAD,
3547,1,COLD_LEAD,2025-03-02 00:00:00+00:00
3549,5,COLD_LEAD,
3582,4,COLD_LEAD,
4130,1,COLD_LEAD,
10830,98,LEAD,
10831,98,LEAD,
10833,98,LEAD,
10796,98,LEAD,
3591,4,COLD_LEAD,
10797,98,LEAD,
3568,57,COLD_LEAD,
10800,98,LEAD,
5376,75,RECURRING_SUBSCRIPTION,2025-04-28 00:00:00+00:00
155,9,CHURN,2023-10-22 00:00:00+00:00
5377,75,RECURRING_SUBSCRIPTION,2025-05-07 00:00:00+00:00
472,6,CHURN,2023-12-31 00:00:00+00:00
154,6,FREEMIUM,2024-07-09 00:00:00+00:00
5379,75,RECURRING_SUBSCRIPTION,2025-06-18 00:00:00+00:00
305,8,CHURN,2023-09-17 00:00:00+00:00
2209,6,TRIAL,2025-06-16 00:00:00+00:00
100,6,CHURN,2024-05-28 00:00:00+00:00
1214,6,CHURN,2024-05-19 00:00:00+00:00
11382,6,LEAD,
5477,75,TRIAL,2025-05-04 00:00:00+00:00
792,6,ON_DEMAND_SUBSCRIPTION,2024-03-29 00:00:00+00:00
1406,6,FREEMIUM,
5383,75,LEAD,
6174,75,LEAD,
1343,9,FREEMIUM,
2929,6,ON_DEMAND_SUBSCRIPTION,2025-01-08 00:00:00+00:00
6202,75,LEAD,
157,6,FREEMIUM,
2626,9,FREEMIUM,
3090,6,ON_DEMAND_SUBSCRIPTION,2025-03-30 00:00:00+00:00
6117,6,WARM_LEAD,2025-06-02 00:00:00+00:00
108,6,FREEMIUM,
141,6,FREEMIUM,
1578,6,FREEMIUM,
109,6,FREEMIUM,
3606,17,CHURN,2025-12-22 00:00:00+00:00
1046,17,ON_DEMAND_SUBSCRIPTION,2024-04-30 00:00:00+00:00
7605,114,LEAD,
5335,61,LEAD,
11487,195,LEAD,
8028,122,RECURRING_SUBSCRIPTION,2025-10-10 00:00:00+00:00
5386,75,RECURRING_SUBSCRIPTION,2025-04-22 00:00:00+00:00
98,6,FREEMIUM,
4525,17,FREEMIUM,
4526,17,FREEMIUM,
6508,68,LEAD,
3644,65,FREEMIUM,2025-03-24 00:00:00+00:00
3621,65,FREEMIUM,
5501,14,LEAD,
5587,16,LEAD,
6370,92,LEAD,
6011,76,FREEMIUM,
11656,114,LEAD,
11226,151,TRIAL,
3823,6,FREEMIUM,2025-03-30 00:00:00+00:00
11170,8,LEAD,
1110,6,FREEMIUM,
6204,6,LEAD,
6432,73,WARM_LEAD,2025-07-20 00:00:00+00:00
6012,76,FREEMIUM,
6008,76,FREEMIUM,
6009,76,FREEMIUM,
2385,61,RECURRING_SUBSCRIPTION,2025-07-22 00:00:00+00:00
1668,7,CHURN,2025-02-02 00:00:00+00:00
11852,75,RECURRING_SUBSCRIPTION,
6013,76,FREEMIUM,
6014,76,FREEMIUM,
2633,15,RECURRING_SUBSCRIPTION,2026-01-01 00:00:00+00:00
6347,57,COLD_LEAD,
6015,76,FREEMIUM,
11754,117,LEAD,
11066,77,WARM_LEAD,
10843,99,LEAD,
10844,99,LEAD,
9443,99,LEAD,
10837,99,LEAD,
10838,99,LEAD,
10839,99,LEAD,
10840,99,LEAD,
10674,153,LEAD,
10841,99,LEAD,
10842,99,LEAD,
5707,73,ON_DEMAND_SUBSCRIPTION,2025-10-27 00:00:00+00:00
6262,73,WARM_LEAD,2025-07-20 00:00:00+00:00
6132,66,LEAD,
11102,141,LEAD,
6439,66,RECURRING_SUBSCRIPTION,2025-11-27 00:00:00+00:00
11138,153,LEAD,
11245,98,WARM_LEAD,
11271,66,LEAD,
6217,75,WARM_LEAD,2025-06-15 00:00:00+00:00
11246,114,LEAD,
6133,66,LEAD,
6097,61,ON_DEMAND_SUBSCRIPTION,2025-05-20 00:00:00+00:00
11657,66,LEAD,
5502,14,RECURRING_SUBSCRIPTION,2025-05-04 00:00:00+00:00
6609,91,ON_DEMAND_SUBSCRIPTION,2025-07-30 00:00:00+00:00
6201,83,ON_DEMAND_SUBSCRIPTION,2025-06-15 00:00:00+00:00
6269,73,WARM_LEAD,2025-07-20 00:00:00+00:00
5588,16,LEAD,
5665,64,LEAD,
10846,99,LEAD,
6371,68,LEAD,
6474,68,LEAD,
4527,17,FREEMIUM,
4529,17,FREEMIUM,
4530,17,FREEMIUM,
6420,93,LEAD,
6699,93,LEAD,2026-01-23 00:00:00+00:00
4533,17,FREEMIUM,
10847,99,LEAD,
5756,76,FREEMIUM,2025-05-26 00:00:00+00:00
6679,92,LEAD,
10850,99,LEAD,
5759,76,FREEMIUM,2025-07-09 00:00:00+00:00
3037,53,FREEMIUM,
11201,77,LEAD,
11174,142,LEAD,
10675,153,WARM_LEAD,
6575,66,LEAD,
11338,142,WARM_LEAD,
6665,92,LEAD,
4534,17,FREEMIUM,
6712,92,LEAD,
6468,91,LEAD,
6500,91,LEAD,
6562,91,LEAD,
6633,91,LEAD,
10851,99,LEAD,
6586,5,LEAD,
11139,177,LEAD,
11755,7,TRIAL,2026-04-29 00:00:00+00:00
11853,114,LEAD,
11915,134,LEAD,
12058,42,TRIAL,
6987,95,ON_DEMAND_SUBSCRIPTION,2026-02-26 00:00:00+00:00
397,8,RECURRING_SUBSCRIPTION,2026-06-08 00:00:00+00:00
6535,1,COLD_LEAD,
6522,11,COLD_LEAD,
6348,58,COLD_LEAD,
6703,66,LEAD,
11353,139,LEAD,
11227,134,LEAD,
6153,47,LEAD,
4538,17,FREEMIUM,
5503,14,LEAD,
5589,16,LEAD,
5666,64,LEAD,
9870,98,LEAD,
10861,99,LEAD,
11916,77,LEAD,
7607,114,LEAD,
11104,6,LEAD,
11658,195,LEAD,2026-04-20 00:00:00+00:00
4539,17,FREEMIUM,
6372,73,WARM_LEAD,2025-07-20 00:00:00+00:00
6421,93,LEAD,
6399,92,LEAD,
11319,140,LEAD,
6349,73,WARM_LEAD,2026-03-21 00:00:00+00:00
6021,76,FREEMIUM,
8552,121,LEAD,2026-03-23 00:00:00+00:00
303,11,CHURN,2023-09-17 00:00:00+00:00
9751,122,LEAD,
11854,66,RECURRING_SUBSCRIPTION,
6042,76,FREEMIUM,
11725,195,WARM_LEAD,
12077,195,TRIAL,2026-06-14 00:00:00+00:00
6043,76,FREEMIUM,
11756,66,RECURRING_SUBSCRIPTION,
6044,76,FREEMIUM,
6134,66,LEAD,
10676,153,LEAD,
6022,76,FREEMIUM,2025-06-19 00:00:00+00:00
11202,153,RECURRING_SUBSCRIPTION,2026-03-15 00:00:00+00:00
6045,76,FREEMIUM,
6024,76,FREEMIUM,
6025,76,FREEMIUM,
6031,76,FREEMIUM,
6263,49,LEAD,
11247,153,WARM_LEAD,
11293,66,WARM_LEAD,
7608,114,RECURRING_SUBSCRIPTION,2025-10-24 00:00:00+00:00
6264,61,TRIAL,2025-06-26 00:00:00+00:00
6135,16,LEAD,
6422,93,LEAD,
10677,125,TRIAL,2026-02-20 00:00:00+00:00
10038,140,LEAD,
11591,123,LEAD,
9692,122,LEAD,
4541,17,FREEMIUM,
4542,17,FREEMIUM,
5590,16,LEAD,
5667,64,LEAD,
11757,139,LEAD,
3042,10,LEAD,
6398,92,RECURRING_SUBSCRIPTION,2025-08-15 00:00:00+00:00
9609,115,LEAD,
10869,99,LEAD,
4544,17,FREEMIUM,
6721,92,LEAD,2025-11-26 00:00:00+00:00
6400,92,LEAD,
6537,66,LEAD,
370,6,FREEMIUM,2025-07-05 00:00:00+00:00
269,6,FREEMIUM,2023-09-10 00:00:00+00:00
337,6,FREEMIUM,2023-10-01 00:00:00+00:00
6028,76,FREEMIUM,
140,6,FREEMIUM,2024-07-14 00:00:00+00:00
1349,6,FREEMIUM,2024-06-16 00:00:00+00:00
10050,92,LEAD,
6198,8,WARM_LEAD,2025-06-19 00:00:00+00:00
161,6,FREEMIUM,2023-08-28 00:00:00+00:00
6509,83,LEAD,
6029,76,FREEMIUM,
6680,92,LEAD,
750,6,CHURN,2024-03-17 00:00:00+00:00
5337,75,LEAD,
10867,99,WARM_LEAD,2026-02-28 00:00:00+00:00
1830,52,FREEMIUM,
6693,92,LEAD,
12059,134,WARM_LEAD,
6713,92,LEAD,
1842,53,FREEMIUM,
1818,53,FREEMIUM,2025-06-19 00:00:00+00:00
6451,73,ON_DEMAND_SUBSCRIPTION,2025-08-18 00:00:00+00:00
11659,123,RECURRING_SUBSCRIPTION,2026-04-21 00:00:00+00:00
11488,195,WARM_LEAD,
12078,195,WARM_LEAD,
11855,73,RECURRING_SUBSCRIPTION,
6442,60,COLD_LEAD,
6576,16,LEAD,
6587,5,LEAD,
1697,4,TRIAL,2025-07-20 00:00:00+00:00
416,1,COLD_LEAD,2025-06-22 00:00:00+00:00
6704,7,COLD_LEAD,
9737,121,TRIAL,2025-12-18 00:00:00+00:00
6136,68,LEAD,
2057,15,RECURRING_SUBSCRIPTION,2025-12-03 00:00:00+00:00
3638,65,FREEMIUM,
5591,16,LEAD,
5668,64,LEAD,
991,47,FREEMIUM,2025-06-01 00:00:00+00:00
4545,17,FREEMIUM,
4547,17,FREEMIUM,
10039,127,LEAD,
11660,10,LEAD,
5912,76,FREEMIUM,2025-06-07 00:00:00+00:00
11917,15,LEAD,
5338,75,TRIAL,2025-06-22 00:00:00+00:00
6401,92,RECURRING_SUBSCRIPTION,2025-07-09 00:00:00+00:00
3056,11,CHURN,2026-02-15 00:00:00+00:00
3450,44,FREEMIUM,2026-06-04 00:00:00+00:00
7609,16,LEAD,
6452,73,WARM_LEAD,2025-08-07 00:00:00+00:00
12000,145,WARM_LEAD,
6308,73,WARM_LEAD,2025-07-20 00:00:00+00:00
6538,73,WARM_LEAD,2026-02-05 00:00:00+00:00
10884,99,LEAD,
10885,99,LEAD,
6434,60,COLD_LEAD,
3569,1,COLD_LEAD,2025-07-13 00:00:00+00:00
6476,92,WARM_LEAD,2025-11-30 00:00:00+00:00
2644,42,CHURN,2025-09-04 00:00:00+00:00
6492,7,COLD_LEAD,
4549,17,FREEMIUM,
5734,76,CHURN,2025-05-16 00:00:00+00:00
6051,76,FREEMIUM,
4550,17,FREEMIUM,
1266,48,TRIAL,2024-08-02 00:00:00+00:00
5397,61,WARM_LEAD,2025-06-15 00:00:00+00:00
6590,61,LEAD,
9792,66,LEAD,2025-12-25 00:00:00+00:00
6610,1,COLD_LEAD,
11489,66,LEAD,
1854,44,FREEMIUM,
1246,17,ON_DEMAND_SUBSCRIPTION,2025-12-12 00:00:00+00:00
10678,75,LEAD,
10060,138,LEAD,
9693,133,LEAD,
9793,114,LEAD,
5592,16,LEAD,
5669,64,LEAD,
6569,93,LEAD,2026-01-23 00:00:00+00:00
11592,121,LEAD,
3940,16,RECURRING_SUBSCRIPTION,2025-07-13 00:00:00+00:00
10058,139,WARM_LEAD,2026-02-20 00:00:00+00:00
9969,139,RECURRING_SUBSCRIPTION,2026-05-11 00:00:00+00:00
11661,195,LEAD,
9590,133,TRIAL,2025-12-07 00:00:00+00:00
6694,11,COLD_LEAD,
6375,60,TRIAL,2026-03-15 00:00:00+00:00
594,17,CHURN,2025-04-01 00:00:00+00:00
12060,232,LEAD,
10889,99,LEAD,
1170,11,CHURN,2026-04-27 00:00:00+00:00
1331,1,CHURN,2025-08-12 00:00:00+00:00
10890,99,LEAD,
944,47,CHURN,2024-05-31 00:00:00+00:00
11273,123,TRIAL,
4553,17,FREEMIUM,
6539,1,COLD_LEAD,
6611,42,LEAD,
10065,139,RECURRING_SUBSCRIPTION,2026-01-21 00:00:00+00:00
5136,15,RECURRING_SUBSCRIPTION,2026-06-09 00:00:00+00:00
10679,73,RECURRING_SUBSCRIPTION,2026-02-22 00:00:00+00:00
6390,92,ON_DEMAND_SUBSCRIPTION,2025-07-21 00:00:00+00:00
6265,73,WARM_LEAD,2025-07-20 00:00:00+00:00
9694,104,LEAD,
4555,17,FREEMIUM,
6493,91,CHURN,2025-08-08 00:00:00+00:00
6714,92,LEAD,
6602,4,COLD_LEAD,2025-12-10 00:00:00+00:00
3059,51,FREEMIUM,
10048,139,RECURRING_SUBSCRIPTION,2026-03-22 00:00:00+00:00
1577,8,FREEMIUM,2024-07-11 00:00:00+00:00
6065,76,LEAD,
6062,76,FREEMIUM,
6063,76,FREEMIUM,
6064,76,FREEMIUM,
5339,75,LEAD,
10386,139,TRIAL,2026-02-01 00:00:00+00:00
7721,53,LEAD,
4556,17,FREEMIUM,
4557,17,FREEMIUM,
6066,76,FREEMIUM,
6501,1,COLD_LEAD,2025-07-13 00:00:00+00:00
6577,66,LEAD,
6666,66,LEAD,
9794,114,LEAD,
4558,17,FREEMIUM,
6215,68,RECURRING_SUBSCRIPTION,2025-06-24 00:00:00+00:00
10040,127,LEAD,
3167,65,FREEMIUM,2025-05-09 00:00:00+00:00
10904,99,LEAD,
5670,64,LEAD,
6667,76,WARM_LEAD,2025-08-20 00:00:00+00:00
6738,92,RECURRING_SUBSCRIPTION,2025-07-30 00:00:00+00:00
2854,42,RECURRING_SUBSCRIPTION,2025-07-24 00:00:00+00:00
6155,68,WARM_LEAD,2025-06-10 00:00:00+00:00
6206,16,LEAD,
6436,4,COLD_LEAD,
6494,91,LEAD,
9695,56,ON_DEMAND_SUBSCRIPTION,2025-12-13 00:00:00+00:00
6603,91,RECURRING_SUBSCRIPTION,2025-10-28 00:00:00+00:00
6383,92,LEAD,2025-11-13 00:00:00+00:00
11918,15,LEAD,
7611,73,LEAD,
6267,61,LEAD,
6151,60,CHURN,2025-06-22 00:00:00+00:00
4559,17,FREEMIUM,
10633,139,RECURRING_SUBSCRIPTION,
6454,66,LEAD,
6216,6,ON_DEMAND_SUBSCRIPTION,2025-08-18 00:00:00+00:00
4501,17,FREEMIUM,
11758,196,LEAD,
6570,56,RECURRING_SUBSCRIPTION,2025-08-10 00:00:00+00:00
6192,73,TRIAL,2025-08-07 00:00:00+00:00
11490,195,LEAD,
5593,73,CHURN,2025-07-10 00:00:00+00:00
9578,133,ON_DEMAND_SUBSCRIPTION,2025-12-07 00:00:00+00:00
6363,7,LEAD,2025-07-27 00:00:00+00:00
12079,133,WARM_LEAD,
5595,73,WARM_LEAD,2025-07-20 00:00:00+00:00
5736,76,FREEMIUM,
6402,92,LEAD,
11593,66,LEAD,
6425,92,LEAD,
385,8,FREEMIUM,2023-11-05 00:00:00+00:00
6601,64,LEAD,
3104,53,WARM_LEAD,2025-02-16 00:00:00+00:00
10680,145,LEAD,
6512,64,TRIAL,2025-08-12 00:00:00+00:00
6540,60,COLD_LEAD,
10061,138,LEAD,
6729,1,COLD_LEAD,
11594,122,LEAD,
6157,41,LEAD,
9953,139,ON_DEMAND_SUBSCRIPTION,2026-01-18 00:00:00+00:00
5594,73,TRIAL,2025-08-06 00:00:00+00:00
6566,7,COLD_LEAD,
6137,66,LEAD,
6683,73,LEAD,2026-02-21 00:00:00+00:00
3617,65,FREEMIUM,
8,1,CHURN,
6223,16,LEAD,
239,11,CHURN,2023-09-03 00:00:00+00:00
11662,10,LEAD,
12061,8,LEAD,
1832,51,FREEMIUM,2025-10-10 00:00:00+00:00
11491,77,LEAD,
6376,58,COLD_LEAD,
8625,52,LEAD,2026-06-09 00:00:00+00:00
5671,64,TRIAL,2025-06-25 00:00:00+00:00
4500,17,FREEMIUM,2026-02-04 00:00:00+00:00
11759,205,RECURRING_SUBSCRIPTION,
6513,91,LEAD,2025-11-04 00:00:00+00:00
6317,73,WARM_LEAD,2025-07-20 00:00:00+00:00
6695,42,LEAD,
6696,61,LEAD,
10007,139,RECURRING_SUBSCRIPTION,2026-01-25 00:00:00+00:00
10009,139,LEAD,
6697,61,LEAD,
6426,92,LEAD,
10908,99,LEAD,
6103,6,WARM_LEAD,2025-05-25 00:00:00+00:00
9992,139,LEAD,
932,17,FREEMIUM,2025-06-20 00:00:00+00:00
6571,92,TRIAL,2025-09-23 00:00:00+00:00
6716,92,LEAD,
6556,66,LEAD,
10000,139,LEAD,
4511,17,FREEMIUM,2025-10-18 00:00:00+00:00
175,7,COLD_LEAD,2024-12-22 00:00:00+00:00
6072,76,LEAD,
4578,17,FREEMIUM,
6604,64,TRIAL,2025-07-22 00:00:00+00:00
6724,92,LEAD,
10681,153,WARM_LEAD,
4223,17,FREEMIUM,
9988,139,RECURRING_SUBSCRIPTION,
2930,64,TRIAL,2025-01-31 00:00:00+00:00
7612,118,LEAD,
9780,131,WARM_LEAD,
5854,76,FREEMIUM,
6557,66,LEAD,
4562,17,FREEMIUM,2025-10-05 00:00:00+00:00
6431,4,COLD_LEAD,
6445,42,LEAD,
6256,6,RECURRING_SUBSCRIPTION,2025-06-06 00:00:00+00:00
6427,92,RECURRING_SUBSCRIPTION,2025-08-06 00:00:00+00:00
10682,133,LEAD,
5672,64,LEAD,
12080,98,WARM_LEAD,
6318,76,WARM_LEAD,2026-02-16 00:00:00+00:00
5662,76,ON_DEMAND_SUBSCRIPTION,2025-06-20 00:00:00+00:00
6448,61,WARM_LEAD,2025-11-06 00:00:00+00:00
1150,1,CHURN,
1278,1,CHURN,2024-08-11 00:00:00+00:00
11919,122,LEAD,
5845,76,LEAD,
6224,16,LEAD,
1737,1,CHURN,2025-06-01 00:00:00+00:00
12062,42,RECURRING_SUBSCRIPTION,2026-06-14 00:00:00+00:00
6527,91,WARM_LEAD,2025-07-13 00:00:00+00:00
72,4,CHURN,2024-05-19 00:00:00+00:00
6503,91,LEAD,
4560,17,FREEMIUM,2025-12-17 00:00:00+00:00
6446,61,LEAD,
66,4,CHURN,2023-07-16 00:00:00+00:00
6079,76,FREEMIUM,
6447,61,LEAD,
6158,73,TRIAL,2026-02-04 00:00:00+00:00
4225,17,FREEMIUM,
11595,195,TRIAL,
6595,16,LEAD,
11399,75,RECURRING_SUBSCRIPTION,
6455,60,WARM_LEAD,2025-12-28 00:00:00+00:00
11760,42,LEAD,
10917,99,LEAD,
10918,99,LEAD,
6684,6,WARM_LEAD,2025-07-21 00:00:00+00:00
6369,75,LEAD,
6514,64,LEAD,
6605,16,LEAD,
6626,16,LEAD,
11268,9,RECURRING_SUBSCRIPTION,2026-03-22 00:00:00+00:00
9795,114,LEAD,
6138,68,TRIAL,2025-08-12 00:00:00+00:00
11596,122,LEAD,
5673,64,LEAD,
9826,130,LEAD,2025-12-25 00:00:00+00:00
11920,98,LEAD,
1469,15,ON_DEMAND_SUBSCRIPTION,2025-12-02 00:00:00+00:00
1190,17,ON_DEMAND_SUBSCRIPTION,2025-05-23 00:00:00+00:00
7613,118,RECURRING_SUBSCRIPTION,2026-04-07 00:00:00+00:00
6528,73,WARM_LEAD,2025-07-20 00:00:00+00:00
5596,73,WARM_LEAD,2025-07-20 00:00:00+00:00
11761,17,WARM_LEAD,
10929,99,LEAD,
10930,99,LEAD,
12063,52,WARM_LEAD,
2335,7,WARM_LEAD,2025-11-21 00:00:00+00:00
12081,66,LEAD,
6353,56,LEAD,
6504,61,LEAD,
10683,180,LEAD,
10931,99,LEAD,
6160,42,LEAD,
10932,99,LEAD,
6428,93,LEAD,
6084,76,FREEMIUM,
6674,4,COLD_LEAD,2025-07-27 00:00:00+00:00
6461,16,LEAD,
6558,66,LEAD,
10001,139,LEAD,
6193,75,LEAD,
2877,11,TRIAL,2025-07-06 00:00:00+00:00
6085,76,FREEMIUM,
10078,139,LEAD,
6086,76,FREEMIUM,
1903,52,FREEMIUM,
1827,53,FREEMIUM,
6456,1,TRIAL,2025-07-06 00:00:00+00:00
6596,16,LEAD,
6087,76,FREEMIUM,
10075,139,LEAD,
6668,66,LEAD,
7635,7,TRIAL,2025-09-07 00:00:00+00:00
6698,69,LEAD,
10240,139,LEAD,
6708,66,LEAD,
10117,139,LEAD,
10214,139,LEAD,
210,7,COLD_LEAD,2025-07-13 00:00:00+00:00
10211,139,WARM_LEAD,
5511,47,LEAD,
10937,139,CHURN,
4418,17,TRIAL,2026-04-22 00:00:00+00:00
5704,64,TRIAL,2025-09-06 00:00:00+00:00
5674,64,TRIAL,2025-05-18 00:00:00+00:00
3096,17,ON_DEMAND_SUBSCRIPTION,2025-12-13 00:00:00+00:00
7657,42,LEAD,
12082,66,LEAD,
8929,126,LEAD,2025-12-03 00:00:00+00:00
12064,91,LEAD,2026-06-05 00:00:00+00:00
11762,195,RECURRING_SUBSCRIPTION,
11921,122,LEAD,
11597,122,LEAD,
2035,15,ON_DEMAND_SUBSCRIPTION,2025-12-02 00:00:00+00:00
7614,114,WARM_LEAD,2026-04-27 00:00:00+00:00
9747,17,LEAD,
3176,65,TRIAL,2025-08-11 00:00:00+00:00
6462,16,LEAD,
6194,58,COLD_LEAD,2025-06-15 00:00:00+00:00
10684,51,WARM_LEAD,2026-03-22 00:00:00+00:00
10023,139,LEAD,
10125,139,ON_DEMAND_SUBSCRIPTION,2026-01-25 00:00:00+00:00
6161,73,WARM_LEAD,2025-07-20 00:00:00+00:00
6450,73,FROZEN,2025-07-03 00:00:00+00:00
10270,139,WARM_LEAD,
10232,139,LEAD,
6651,4,LEAD,2025-07-27 00:00:00+00:00
6662,4,COLD_LEAD,2025-07-20 00:00:00+00:00
10260,139,LEAD,
9787,17,LEAD,
9979,139,WARM_LEAD,
6090,76,FREEMIUM,
4244,17,FREEMIUM,
6516,64,LEAD,
6091,76,FREEMIUM,
6092,76,FREEMIUM,
2809,64,TRIAL,2025-01-28 00:00:00+00:00
6093,76,FREEMIUM,
2691,11,COLD_LEAD,
6669,66,LEAD,
6449,60,CHURN,2025-07-15 00:00:00+00:00
5771,76,FREEMIUM,
6685,64,LEAD,
5597,64,TRIAL,2025-07-20 00:00:00+00:00
11171,8,TRIAL,2026-03-09 00:00:00+00:00
5774,76,FREEMIUM,
7615,118,LEAD,
3976,17,FREEMIUM,
6702,56,CHURN,2025-07-22 00:00:00+00:00
6141,1,COLD_LEAD,
11598,134,TRIAL,
6430,93,LEAD,
6172,58,COLD_LEAD,2025-06-08 00:00:00+00:00
3667,65,FREEMIUM,
4319,17,FREEMIUM,
10943,99,LEAD,
5675,64,LEAD,
6517,42,LEAD,
6584,66,LEAD,
6719,92,RECURRING_SUBSCRIPTION,2025-07-31 00:00:00+00:00
7658,42,LEAD,
7749,120,LEAD,
11103,119,TRIAL,
2805,60,CHURN,2024-12-22 00:00:00+00:00
11175,53,WARM_LEAD,
12083,52,WARM_LEAD,
6346,58,COLD_LEAD,
6554,92,LEAD,
11763,42,LEAD,
5730,1,CHURN,2025-06-08 00:00:00+00:00
6518,61,LEAD,
596,17,FREEMIUM,2024-02-11 00:00:00+00:00
2439,60,LEAD,2025-12-14 00:00:00+00:00
1910,114,FREEMIUM,
11067,153,TRIAL,2026-02-22 00:00:00+00:00
12065,195,LEAD,
6670,66,LEAD,
6355,57,COLD_LEAD,2025-06-29 00:00:00+00:00
5578,73,WARM_LEAD,2025-07-13 00:00:00+00:00
7660,61,LEAD,
1728,15,LEAD,
3184,53,FREEMIUM,
6227,73,WARM_LEAD,2025-06-15 00:00:00+00:00
5659,73,CHURN,2026-03-16 00:00:00+00:00
6663,1,COLD_LEAD,
6272,76,LEAD,
10685,139,LEAD,
6406,92,LEAD,2025-10-04 00:00:00+00:00
11422,9,LEAD,2026-04-06 00:00:00+00:00
372,9,FREEMIUM,2024-05-01 00:00:00+00:00
9752,66,RECURRING_SUBSCRIPTION,
6560,76,LEAD,
6710,92,LEAD,
6631,91,LEAD,
3192,53,FREEMIUM,2025-10-29 00:00:00+00:00
6598,91,LEAD,
11141,142,LEAD,
6497,64,TRIAL,2025-07-16 00:00:00+00:00
7616,95,LEAD,
3551,65,FREEMIUM,
5676,64,TRIAL,2025-05-21 00:00:00+00:00
6340,47,ON_DEMAND_SUBSCRIPTION,2025-06-30 00:00:00+00:00
892,17,FREEMIUM,2024-04-07 00:00:00+00:00
3700,65,FREEMIUM,
6585,66,LEAD,
4457,17,TRIAL,2025-04-19 00:00:00+00:00
2382,61,RECURRING_SUBSCRIPTION,2024-10-23 00:00:00+00:00
10949,99,LEAD,
6273,47,TRIAL,2025-06-22 00:00:00+00:00
10948,99,LEAD,
3193,53,FREEMIUM,
6228,66,LEAD,
1958,15,FREEMIUM,2026-02-13 00:00:00+00:00
5894,76,FREEMIUM,2025-06-27 00:00:00+00:00
1461,42,ON_DEMAND_SUBSCRIPTION,2025-12-04 00:00:00+00:00
6488,11,COLD_LEAD,
920,4,CHURN,2024-07-07 00:00:00+00:00
9786,17,ON_DEMAND_SUBSCRIPTION,
6687,64,TRIAL,2025-07-27 00:00:00+00:00
6356,11,CHURN,2025-07-27 00:00:00+00:00
10686,63,LEAD,
11355,4,CHURN,2026-04-09 00:00:00+00:00
1378,17,TRIAL,2024-07-14 00:00:00+00:00
12084,114,WARM_LEAD,
6327,73,RECURRING_SUBSCRIPTION,2025-08-25 00:00:00+00:00
12066,17,LEAD,
11342,53,WARM_LEAD,2026-04-05 00:00:00+00:00
1615,17,TRIAL,2024-07-21 00:00:00+00:00
6732,92,ON_DEMAND_SUBSCRIPTION,2025-11-26 00:00:00+00:00
6690,73,LEAD,
5600,73,TRIAL,2025-05-16 00:00:00+00:00
6727,92,WARM_LEAD,2025-09-14 00:00:00+00:00
6464,91,LEAD,
6324,17,LEAD,
6498,91,LEAD,
6632,91,LEAD,
3162,6,FREEMIUM,
2943,8,FREEMIUM,
6573,66,LEAD,
11068,139,LEAD,
1530,9,CHURN,2024-07-08 00:00:00+00:00
3693,65,WARM_LEAD,
1542,17,ON_DEMAND_SUBSCRIPTION,2025-12-08 00:00:00+00:00
1534,15,TRIAL,2026-02-05 00:00:00+00:00
5344,75,CHURN,2025-07-22 00:00:00+00:00
745,17,FREEMIUM,2024-03-17 00:00:00+00:00
6502,73,RECURRING_SUBSCRIPTION,2026-01-21 00:00:00+00:00
5513,64,WARM_LEAD,2025-05-21 00:00:00+00:00
2182,8,RECURRING_SUBSCRIPTION,2025-06-10 00:00:00+00:00
6112,8,WARM_LEAD,2026-02-24 00:00:00+00:00
1660,9,FREEMIUM,2024-08-07 00:00:00+00:00
1576,6,CHURN,2024-08-27 00:00:00+00:00
1913,6,FREEMIUM,2024-09-22 00:00:00+00:00
756,9,CHURN,2024-04-29 00:00:00+00:00
2946,9,FREEMIUM,2025-01-12 00:00:00+00:00
5394,75,LEAD,
3565,9,FREEMIUM,
1411,9,CHURN,2024-06-19 00:00:00+00:00
2046,8,FREEMIUM,2025-01-19 00:00:00+00:00
2211,6,FREEMIUM,2024-10-08 00:00:00+00:00
2435,6,FREEMIUM,
6149,75,LEAD,
2423,6,CHURN,2025-08-17 00:00:00+00:00
2424,8,ON_DEMAND_SUBSCRIPTION,2024-12-01 00:00:00+00:00
1139,9,FREEMIUM,
11334,9,WARM_LEAD,2026-03-28 00:00:00+00:00
359,8,FREEMIUM,2024-01-28 00:00:00+00:00
2500,6,FREEMIUM,
237,6,ON_DEMAND_SUBSCRIPTION,2024-10-30 00:00:00+00:00
1656,6,RECURRING_SUBSCRIPTION,2024-08-08 00:00:00+00:00
7109,6,LEAD,
1949,6,FREEMIUM,
149,8,FREEMIUM,
3120,8,FREEMIUM,
11416,75,LEAD,
4246,17,FREEMIUM,
2040,17,ON_DEMAND_SUBSCRIPTION,2025-07-14 00:00:00+00:00
11663,77,WARM_LEAD,
6100,8,ON_DEMAND_SUBSCRIPTION,2025-05-24 00:00:00+00:00
2806,6,FREEMIUM,2025-06-19 00:00:00+00:00
11764,104,LEAD,
2553,11,CHURN,2025-08-03 00:00:00+00:00
12067,195,WARM_LEAD,
2632,6,RECURRING_SUBSCRIPTION,2024-12-13 00:00:00+00:00
12085,195,LEAD,
1516,11,TRIAL,2024-07-14 00:00:00+00:00
5738,5,LEAD,
3657,65,FREEMIUM,
3635,65,FREEMIUM,
591,17,FREEMIUM,2024-02-01 00:00:00+00:00
5468,15,LEAD,
4191,17,FREEMIUM,
3713,17,FREEMIUM,
545,17,TRIAL,2026-02-16 00:00:00+00:00
1595,15,FREEMIUM,
7781,117,LEAD,
11922,133,LEAD,
622,17,TRIAL,2024-08-11 00:00:00+00:00
1674,17,FREEMIUM,
9742,17,LEAD,
6332,17,LEAD,
6298,63,LEAD,
9675,77,RECURRING_SUBSCRIPTION,2025-12-16 00:00:00+00:00
931,17,FREEMIUM,2025-04-11 00:00:00+00:00
1189,17,FREEMIUM,
11664,77,WARM_LEAD,
12068,15,LEAD,
11765,139,RECURRING_SUBSCRIPTION,2026-05-05 00:00:00+00:00
4266,17,FREEMIUM,
12086,195,LEAD,
563,17,FREEMIUM,2024-01-28 00:00:00+00:00
3903,53,FREEMIUM,
3902,8,FREEMIUM,2026-04-24 00:00:00+00:00
6146,62,LEAD,
1665,17,ON_DEMAND_SUBSCRIPTION,2026-01-15 00:00:00+00:00
176,8,FREEMIUM,2023-09-03 00:00:00+00:00
309,8,FREEMIUM,2023-09-17 00:00:00+00:00
1346,8,FREEMIUM,
6297,62,LEAD,
5385,8,LEAD,
1364,9,FREEMIUM,
304,8,FREEMIUM,2023-09-17 00:00:00+00:00
1690,8,FREEMIUM,
2432,8,FREEMIUM,
2426,8,FREEMIUM,
1339,8,FREEMIUM,
2515,53,CHURN,2025-05-03 00:00:00+00:00
3767,53,FREEMIUM,
6299,51,LEAD,
3191,51,TRIAL,2025-02-23 00:00:00+00:00
10168,144,LEAD,
10173,142,LEAD,
5270,17,FREEMIUM,
3690,65,FREEMIUM,
1226,17,FREEMIUM,
527,17,FREEMIUM,2024-01-21 00:00:00+00:00
11923,139,LEAD,
5262,17,RECURRING_SUBSCRIPTION,2026-04-03 00:00:00+00:00
2987,64,LEAD,2026-02-21 00:00:00+00:00
12069,6,LEAD,
3588,52,CHURN,2025-10-11 00:00:00+00:00
12087,42,LEAD,
4283,17,FREEMIUM,
1851,17,FREEMIUM,
11493,195,WARM_LEAD,
3674,65,FREEMIUM,
6301,63,LEAD,
1657,15,TRIAL,2024-07-21 00:00:00+00:00
6302,63,LEAD,
7782,117,LEAD,
5286,15,FREEMIUM,
1764,17,CHURN,2024-08-11 00:00:00+00:00
4293,17,FREEMIUM,
4299,17,FREEMIUM,
4304,17,FREEMIUM,
3963,17,FREEMIUM,
2449,17,FREEMIUM,2024-10-27 00:00:00+00:00
3981,17,FREEMIUM,
2505,17,FREEMIUM,
923,17,FREEMIUM,2024-08-18 00:00:00+00:00
4005,17,FREEMIUM,
4327,17,FREEMIUM,
4022,17,FREEMIUM,
4023,17,FREEMIUM,
1013,9,FREEMIUM,
313,8,FREEMIUM,2023-09-17 00:00:00+00:00
658,8,FREEMIUM,
3541,8,TRIAL,2025-02-27 00:00:00+00:00
3557,8,RECURRING_SUBSCRIPTION,2025-11-12 00:00:00+00:00
3527,9,FREEMIUM,
2954,9,FREEMIUM,
3597,53,FREEMIUM,
3598,53,FREEMIUM,
4024,17,FREEMIUM,
4026,17,FREEMIUM,
11665,140,LEAD,
11766,117,LEAD,
7641,99,LEAD,
11599,15,LEAD,
5514,48,LEAD,
5739,42,LEAD,
5740,61,LEAD,
4040,17,FREEMIUM,
593,17,FREEMIUM,2024-02-18 00:00:00+00:00
1582,17,FREEMIUM,2025-12-17 00:00:00+00:00
651,17,TRIAL,2025-12-09 00:00:00+00:00
7652,98,ON_DEMAND_SUBSCRIPTION,2025-10-14 00:00:00+00:00
1291,44,FREEMIUM,2024-08-12 00:00:00+00:00
2326,15,FREEMIUM,
1911,44,FREEMIUM,
6311,63,LEAD,
1763,17,TRIAL,2024-09-01 00:00:00+00:00
1358,17,ON_DEMAND_SUBSCRIPTION,2025-07-25 00:00:00+00:00
389,10,CHURN,2023-11-12 00:00:00+00:00
2629,17,FREEMIUM,
618,15,FREEMIUM,2024-02-04 00:00:00+00:00
6154,77,LEAD,2025-11-11 00:00:00+00:00
9796,114,LEAD,
9827,122,LEAD,
11924,117,TRIAL,
3575,65,FREEMIUM,
3655,65,FREEMIUM,2025-03-24 00:00:00+00:00
7617,104,LEAD,
10041,91,LEAD,
757,4,CHURN,
1807,51,CHURN,2024-12-29 00:00:00+00:00
3089,9,FREEMIUM,2025-04-06 00:00:00+00:00
11494,66,LEAD,
12070,92,LEAD,
1848,51,FREEMIUM,
6423,77,CHURN,2025-07-02 00:00:00+00:00
2899,9,FREEMIUM,
1869,51,FREEMIUM,
2678,63,RECURRING_SUBSCRIPTION,2025-08-31 00:00:00+00:00
1908,51,FREEMIUM,
5129,15,FREEMIUM,2026-04-20 00:00:00+00:00
6208,8,LEAD,
9750,9,LEAD,
5733,77,TRIAL,2026-03-14 00:00:00+00:00
11767,195,LEAD,
7596,99,LEAD,
6490,8,LEAD,
152,8,FREEMIUM,2026-02-26 00:00:00+00:00
9608,97,LEAD,2025-12-04 00:00:00+00:00
6314,62,LEAD,
6589,6,LEAD,
1829,52,FREEMIUM,2024-10-10 00:00:00+00:00
1875,53,FREEMIUM,
1881,51,FREEMIUM,
1909,51,FREEMIUM,
1886,52,FREEMIUM,
6444,62,CHURN,2025-07-02 00:00:00+00:00
4285,17,FREEMIUM,2026-03-19 00:00:00+00:00
12088,133,LEAD,
6190,65,LEAD,
3073,17,FREEMIUM,
2099,17,RECURRING_SUBSCRIPTION,2026-01-19 00:00:00+00:00
4328,17,FREEMIUM,2025-12-17 00:00:00+00:00
2641,17,FREEMIUM,2025-12-22 00:00:00+00:00
2756,17,FREEMIUM,2026-01-23 00:00:00+00:00
588,17,FREEMIUM,2026-02-05 00:00:00+00:00
4243,17,FREEMIUM,
587,17,FREEMIUM,
6495,77,LEAD,
532,17,FREEMIUM,2024-01-21 00:00:00+00:00
6550,77,LEAD,
6613,63,LEAD,
6579,63,LEAD,
1029,17,FREEMIUM,
6564,77,WARM_LEAD,
6567,63,LEAD,
822,44,RECURRING_SUBSCRIPTION,2025-07-25 00:00:00+00:00
1352,17,FREEMIUM,
1383,17,FREEMIUM,
1959,17,FREEMIUM,
6551,77,LEAD,
2643,17,FREEMIUM,
6191,65,LEAD,
6552,77,LEAD,
6572,63,LEAD,
11666,10,LEAD,
6568,63,LEAD,
11768,195,LEAD,
6553,77,LEAD,
11463,195,RECURRING_SUBSCRIPTION,
6404,62,LEAD,
6529,77,WARM_LEAD,2026-04-27 00:00:00+00:00
6377,77,WARM_LEAD,2025-07-18 00:00:00+00:00
1963,53,RECURRING_SUBSCRIPTION,2024-10-17 00:00:00+00:00
12071,114,WARM_LEAD,
1849,51,CHURN,2024-08-19 00:00:00+00:00
12089,66,LEAD,
11495,66,LEAD,
1894,51,FREEMIUM,2025-01-05 00:00:00+00:00
5744,77,CHURN,2025-07-31 00:00:00+00:00
1812,52,TRIAL,2024-08-17 00:00:00+00:00
793,6,CHURN,2024-06-30 00:00:00+00:00
9050,6,LEAD,
7751,6,ON_DEMAND_SUBSCRIPTION,2025-10-10 00:00:00+00:00
1638,9,FREEMIUM,2024-08-08 00:00:00+00:00
8679,6,LEAD,
6266,9,LEAD,
6268,8,LEAD,
1891,51,FREEMIUM,
2351,53,FREEMIUM,
1803,53,CHURN,2024-08-18 00:00:00+00:00
1836,52,TRIAL,2024-09-09 00:00:00+00:00
1917,51,ON_DEMAND_SUBSCRIPTION,2025-11-03 00:00:00+00:00
1927,52,FREEMIUM,
1931,53,FREEMIUM,
9797,114,LEAD,
11646,15,RECURRING_SUBSCRIPTION,
6997,77,LEAD,2025-11-04 00:00:00+00:00
7055,77,TRIAL,2025-08-25 00:00:00+00:00
11281,134,WARM_LEAD,
11496,66,LEAD,
6473,9,WARM_LEAD,
2050,17,FREEMIUM,
11926,134,LEAD,
1631,49,FREEMIUM,2025-08-14 00:00:00+00:00
7103,98,LEAD,
6676,77,RECURRING_SUBSCRIPTION,2026-02-01 00:00:00+00:00
460,15,TRIAL,2024-06-01 00:00:00+00:00
2698,54,TRIAL,2025-08-30 00:00:00+00:00
12072,66,LEAD,
12090,66,LEAD,
11667,142,LEAD,
11769,77,LEAD,
1930,52,CHURN,2025-08-29 00:00:00+00:00
7101,98,LEAD,
7082,99,LEAD,2025-11-20 00:00:00+00:00
7662,94,WARM_LEAD,2025-10-26 00:00:00+00:00
7118,98,RECURRING_SUBSCRIPTION,2025-08-13 00:00:00+00:00
7123,98,LEAD,
7620,98,CHURN,2025-10-28 00:00:00+00:00
9612,134,WARM_LEAD,
10052,77,LEAD,2026-03-21 00:00:00+00:00
1933,51,FREEMIUM,
7659,8,LEAD,
7091,9,LEAD,
2659,53,FREEMIUM,
1934,53,FREEMIUM,
1935,51,FREEMIUM,
331,5,TRIAL,2023-09-24 00:00:00+00:00
11180,93,TRIAL,2026-03-20 00:00:00+00:00
11274,123,LEAD,
365,11,CHURN,2023-10-29 00:00:00+00:00
2393,61,FREEMIUM,2025-04-29 00:00:00+00:00
2438,11,TRIAL,2024-10-27 00:00:00+00:00
1938,15,FREEMIUM,2026-02-07 00:00:00+00:00
2841,4,TRIAL,2024-12-29 00:00:00+00:00
11320,77,RECURRING_SUBSCRIPTION,
832,44,RECURRING_SUBSCRIPTION,2024-05-06 00:00:00+00:00
4306,17,FREEMIUM,
11925,114,RECURRING_SUBSCRIPTION,
586,17,CHURN,2024-07-11 00:00:00+00:00
300,10,CHURN,2023-09-17 00:00:00+00:00
1147,9,FREEMIUM,
9696,52,LEAD,
2356,52,RECURRING_SUBSCRIPTION,2025-05-04 00:00:00+00:00
2912,15,ON_DEMAND_SUBSCRIPTION,2025-06-19 00:00:00+00:00
1005,47,ON_DEMAND_SUBSCRIPTION,2024-05-08 00:00:00+00:00
3566,47,FREEMIUM,2025-06-20 00:00:00+00:00
10687,155,LEAD,
11294,98,WARM_LEAD,
11753,77,WARM_LEAD,
11069,177,TRIAL,2026-03-19 00:00:00+00:00
6142,60,TRIAL,2025-07-13 00:00:00+00:00
1956,1,CHURN,2024-09-15 00:00:00+00:00
1410,11,CHURN,2024-11-17 00:00:00+00:00
2717,8,FREEMIUM,2025-08-14 00:00:00+00:00
2352,52,CHURN,2024-11-19 00:00:00+00:00
8770,51,TRIAL,2026-02-15 00:00:00+00:00
2566,62,FREEMIUM,
10952,99,LEAD,
10956,99,LEAD,
10958,99,LEAD,
12073,66,LEAD,
12091,66,LEAD,
11600,73,WARM_LEAD,
7618,73,LEAD,
11228,153,LEAD,
6740,91,LEAD,
7556,118,CHURN,2025-10-03 00:00:00+00:00
2095,17,FREEMIUM,
2104,17,FREEMIUM,
6765,16,LEAD,
6185,65,LEAD,
6525,91,ON_DEMAND_SUBSCRIPTION,2025-08-18 00:00:00+00:00
6741,91,LEAD,
11770,123,LEAD,
7772,99,LEAD,
6780,77,WARM_LEAD,2025-12-14 00:00:00+00:00
7750,120,LEAD,
6758,16,RECURRING_SUBSCRIPTION,2025-08-03 00:00:00+00:00
6759,16,LEAD,
6742,91,LEAD,
7663,48,LEAD,2026-02-22 00:00:00+00:00
10955,99,LEAD,
6763,61,LEAD,
306,8,ON_DEMAND_SUBSCRIPTION,2024-04-09 00:00:00+00:00
6760,16,LEAD,
10954,99,LEAD,2026-02-25 00:00:00+00:00
6766,92,TRIAL,2025-07-27 00:00:00+00:00
11106,75,WARM_LEAD,
2188,51,ON_DEMAND_SUBSCRIPTION,2025-08-14 00:00:00+00:00
10688,77,ON_DEMAND_SUBSCRIPTION,
6769,92,LEAD,2026-04-12 00:00:00+00:00
1076,17,FREEMIUM,
6755,91,LEAD,2026-04-28 00:00:00+00:00
10953,99,LEAD,
11070,177,LEAD,
6753,73,LEAD,
6764,61,LEAD,
6762,8,LEAD,
6756,52,TRIAL,2025-07-28 00:00:00+00:00
6750,91,LEAD,
6772,92,LEAD,
6779,61,LEAD,
6748,92,LEAD,
6774,92,WARM_LEAD,2025-09-21 00:00:00+00:00
6744,11,COLD_LEAD,
6743,91,ON_DEMAND_SUBSCRIPTION,2025-11-06 00:00:00+00:00
280,7,CHURN,2026-05-05 00:00:00+00:00
6781,48,WARM_LEAD,2025-10-19 00:00:00+00:00
6767,16,LEAD,
6768,16,LEAD,
6777,16,LEAD,
6754,4,COLD_LEAD,
12092,66,LEAD,
9525,134,WARM_LEAD,
5439,73,WARM_LEAD,2025-07-30 00:00:00+00:00
6751,75,LEAD,
11249,11,LEAD,
9697,133,WARM_LEAD,
6784,83,LEAD,
6187,65,LEAD,
11927,133,LEAD,
6810,96,LEAD,
6783,11,COLD_LEAD,
1004,15,RECURRING_SUBSCRIPTION,2026-04-22 00:00:00+00:00
466,15,RECURRING_SUBSCRIPTION,2025-12-05 00:00:00+00:00
7340,99,LEAD,
5706,17,RECURRING_SUBSCRIPTION,2026-04-03 00:00:00+00:00
12093,66,LEAD,
6788,67,LEAD,
7773,119,LEAD,
1929,52,FREEMIUM,2025-08-13 00:00:00+00:00
6853,96,LEAD,
6905,92,LEAD,
6914,91,LEAD,
6912,77,LEAD,
11668,94,LEAD,
737,15,FROZEN,2024-07-10 00:00:00+00:00
11771,135,LEAD,
6852,96,LEAD,
11497,139,RECURRING_SUBSCRIPTION,
12074,139,LEAD,
12094,122,LEAD,
6878,16,LEAD,
6904,54,LEAD,
11574,205,RECURRING_SUBSCRIPTION,
6900,48,LEAD,
6910,48,LEAD,
6931,96,LEAD,2026-04-26 00:00:00+00:00
7511,114,TRIAL,2026-03-13 00:00:00+00:00
606,17,TRIAL,2024-02-18 00:00:00+00:00
4536,17,ON_DEMAND_SUBSCRIPTION,2026-01-19 00:00:00+00:00
6949,65,LEAD,
6920,96,LEAD,
7752,104,LEAD,
6922,95,LEAD,
6942,61,LEAD,
243,8,CHURN,2024-09-19 00:00:00+00:00
942,47,WARM_LEAD,2024-04-14 00:00:00+00:00
6946,96,LEAD,
1947,53,FREEMIUM,
6943,61,LEAD,
6926,95,LEAD,
6929,96,LEAD,
1808,53,FREEMIUM,2024-08-27 00:00:00+00:00
10037,91,LEAD,
10968,99,LEAD,
6928,92,LEAD,
6934,94,CHURN,2025-08-10 00:00:00+00:00
6953,92,RECURRING_SUBSCRIPTION,2025-08-24 00:00:00+00:00
6440,92,TRIAL,2025-06-30 00:00:00+00:00
5200,7,COLD_LEAD,
6933,16,LEAD,
6966,91,LEAD,
6973,76,WARM_LEAD,2025-08-10 00:00:00+00:00
10957,99,LEAD,
11772,145,LEAD,
12075,8,LEAD,
6932,95,LEAD,
6935,95,TRIAL,2025-08-05 00:00:00+00:00
6948,96,LEAD,
11928,51,LEAD,
11602,195,WARM_LEAD,
12095,195,WARM_LEAD,
1946,53,TRIAL,2024-09-13 00:00:00+00:00
6945,11,TRIAL,
11350,144,LEAD,
6947,77,LEAD,
11071,133,LEAD,
9614,6,LEAD,
6963,66,LEAD,
6967,83,ON_DEMAND_SUBSCRIPTION,2025-08-10 00:00:00+00:00
12076,17,WARM_LEAD,
6978,92,LEAD,
11498,153,LEAD,
2557,63,ON_DEMAND_SUBSCRIPTION,2026-02-11 00:00:00+00:00
5677,49,CHURN,2025-08-21 00:00:00+00:00
7343,99,LEAD,
6974,100,ON_DEMAND_SUBSCRIPTION,2025-08-10 00:00:00+00:00
6968,100,ON_DEMAND_SUBSCRIPTION,2025-08-10 00:00:00+00:00
6976,100,ON_DEMAND_SUBSCRIPTION,2025-08-10 00:00:00+00:00
12096,122,LEAD,
6975,100,ON_DEMAND_SUBSCRIPTION,2025-08-10 00:00:00+00:00
5290,64,WARM_LEAD,2025-08-10 00:00:00+00:00
7009,77,LEAD,2025-12-21 00:00:00+00:00
11929,145,TRIAL,
191,94,CHURN,2023-08-13 00:00:00+00:00
2039,17,FREEMIUM,
7005,42,LEAD,2025-11-04 00:00:00+00:00
9798,114,LEAD,
6986,96,LEAD,
10690,157,LEAD,
7004,1,TRIAL,2025-09-07 00:00:00+00:00
10076,138,LEAD,
6977,4,TRIAL,2025-08-10 00:00:00+00:00
12097,140,LEAD,
7475,104,LEAD,2025-12-07 00:00:00+00:00
11773,75,LEAD,
11250,140,LEAD,
11203,122,WARM_LEAD,2026-03-15 00:00:00+00:00
11354,123,LEAD,
10691,140,CHURN,
11229,99,WARM_LEAD,
11275,121,TRIAL,2026-04-14 00:00:00+00:00
11930,66,LEAD,
7074,92,LEAD,
7041,73,LEAD,
7063,91,LEAD,
7064,91,LEAD,
7065,91,LEAD,
7068,91,LEAD,
7059,91,LEAD,
7066,91,LEAD,
7071,91,LEAD,
7078,47,LEAD,
11295,112,TRIAL,2026-03-25 00:00:00+00:00
1196,17,FREEMIUM,2025-12-17 00:00:00+00:00
9799,114,LEAD,
7062,92,WARM_LEAD,2026-04-24 00:00:00+00:00
3022,61,ON_DEMAND_SUBSCRIPTION,2025-05-11 00:00:00+00:00
335,11,CHURN,2023-10-01 00:00:00+00:00
7054,91,LEAD,2026-05-29 00:00:00+00:00
3220,44,FREEMIUM,
11072,139,LEAD,
11107,184,LEAD,
7032,95,LEAD,
7081,66,LEAD,
7033,96,LEAD,
10960,77,LEAD,
11176,183,WARM_LEAD,
7069,11,LEAD,2025-08-24 00:00:00+00:00
7049,95,TRIAL,2025-09-07 00:00:00+00:00
7036,96,LEAD,
7037,96,LEAD,
7061,8,CHURN,2025-09-10 00:00:00+00:00
7038,96,LEAD,
7039,95,LEAD,
7040,95,LEAD,
11669,205,TRIAL,2026-04-22 00:00:00+00:00
1252,17,FREEMIUM,2025-11-26 00:00:00+00:00
2503,17,FREEMIUM,
3153,17,ON_DEMAND_SUBSCRIPTION,2025-02-23 00:00:00+00:00
2684,17,FREEMIUM,
7070,41,RECURRING_SUBSCRIPTION,2025-08-11 00:00:00+00:00
7108,66,LEAD,
10692,142,LEAD,
11204,48,WARM_LEAD,2026-03-15 00:00:00+00:00
7119,92,RECURRING_SUBSCRIPTION,2025-08-12 00:00:00+00:00
7115,98,LEAD,
11073,141,LEAD,
1686,17,RECURRING_SUBSCRIPTION,2025-07-30 00:00:00+00:00
7126,56,LEAD,
7128,96,ON_DEMAND_SUBSCRIPTION,2025-10-19 00:00:00+00:00
11177,177,WARM_LEAD,
10964,99,LEAD,
7134,4,COLD_LEAD,
7122,99,LEAD,
7127,95,LEAD,
7124,96,LEAD,
7105,92,LEAD,
12098,249,LEAD,
11251,150,WARM_LEAD,
7104,96,RECURRING_SUBSCRIPTION,2026-02-05 00:00:00+00:00
7094,61,LEAD,
11931,153,WARM_LEAD,
7093,8,LEAD,
7095,61,LEAD,
11276,122,WARM_LEAD,
288,1,CHURN,2024-06-30 00:00:00+00:00
7096,61,LEAD,
9660,130,LEAD,
9613,133,ON_DEMAND_SUBSCRIPTION,
7828,122,RECURRING_SUBSCRIPTION,2025-11-25 00:00:00+00:00
7097,61,LEAD,
7077,91,CHURN,2025-08-11 00:00:00+00:00
7113,92,WARM_LEAD,2026-04-23 00:00:00+00:00
11340,133,WARM_LEAD,
607,15,ON_DEMAND_SUBSCRIPTION,2024-05-15 00:00:00+00:00
2577,62,FREEMIUM,2025-08-05 00:00:00+00:00
2384,61,CHURN,2024-11-17 00:00:00+00:00
10985,99,LEAD,
9800,114,LEAD,
7204,92,WARM_LEAD,2025-09-21 00:00:00+00:00
7202,92,LEAD,
7206,92,LEAD,
7208,92,LEAD,
7197,91,LEAD,
7186,91,WARM_LEAD,2025-11-01 00:00:00+00:00
7159,96,LEAD,
10868,99,LEAD,
11509,15,WARM_LEAD,
7160,95,LEAD,
10989,99,LEAD,
10970,99,LEAD,
7164,92,WARM_LEAD,2026-01-01 00:00:00+00:00
11144,153,CHURN,
1100,17,RECURRING_SUBSCRIPTION,2025-10-07 00:00:00+00:00
11774,121,RECURRING_SUBSCRIPTION,2026-04-28 00:00:00+00:00
7189,99,LEAD,
12099,56,WARM_LEAD,2026-06-11 00:00:00+00:00
2705,17,FREEMIUM,
7210,73,LEAD,
7135,52,TRIAL,2025-08-12 00:00:00+00:00
7184,48,LEAD,
7177,15,LEAD,
10081,139,LEAD,
7191,94,COLD_LEAD,
7187,66,LEAD,
9753,66,RECURRING_SUBSCRIPTION,
11109,186,LEAD,
7209,48,LEAD,
11178,188,LEAD,
1138,9,FREEMIUM,2025-03-30 00:00:00+00:00
7278,7,LEAD,
7236,41,RECURRING_SUBSCRIPTION,2025-08-15 00:00:00+00:00
7225,96,LEAD,
7624,114,CHURN,2025-09-04 00:00:00+00:00
6677,65,LEAD,
7230,47,LEAD,
125,4,TRIAL,2025-09-01 00:00:00+00:00
7213,66,LEAD,
7273,11,TRIAL,2025-08-24 00:00:00+00:00
7215,66,LEAD,
7214,66,TRIAL,
7232,68,LEAD,2026-03-26 00:00:00+00:00
7216,66,TRIAL,
7217,66,LEAD,
7218,66,TRIAL,
7754,120,LEAD,
7219,66,TRIAL,
7220,66,LEAD,
7239,91,LEAD,
7221,66,TRIAL,
7243,92,LEAD,
7222,66,TRIAL,
7223,66,TRIAL,
7237,76,LEAD,
7224,66,TRIAL,
7231,76,LEAD,
7270,91,WARM_LEAD,2026-04-26 00:00:00+00:00
10694,124,WARM_LEAD,
11670,10,LEAD,
7211,91,LEAD,
7267,95,RECURRING_SUBSCRIPTION,2025-12-09 00:00:00+00:00
2886,9,FREEMIUM,2025-01-19 00:00:00+00:00
11652,96,WARM_LEAD,
5381,75,RECURRING_SUBSCRIPTION,2025-04-19 00:00:00+00:00
7351,99,WARM_LEAD,2025-09-29 00:00:00+00:00
7249,97,LEAD,
7253,16,RECURRING_SUBSCRIPTION,
10973,99,LEAD,
7252,7,CHURN,2025-10-15 00:00:00+00:00
12100,269,WARM_LEAD,
7226,96,LEAD,
7227,96,LEAD,
11500,169,WARM_LEAD,2026-04-11 00:00:00+00:00
11603,139,WARM_LEAD,
7250,49,LEAD,2025-11-28 00:00:00+00:00
7268,4,LEAD,2025-08-24 00:00:00+00:00
7276,61,LEAD,
9701,133,LEAD,
7229,96,LEAD,
7248,95,LEAD,
7272,66,TRIAL,
7274,14,LEAD,
7279,66,TRIAL,
9802,114,LEAD,
11932,15,TRIAL,2025-12-01 00:00:00+00:00
7329,66,LEAD,
9702,125,LEAD,
11277,121,RECURRING_SUBSCRIPTION,
12101,114,LEAD,
11671,68,WARM_LEAD,
4819,15,FREEMIUM,2026-04-28 00:00:00+00:00
11205,98,ON_DEMAND_SUBSCRIPTION,2026-03-15 00:00:00+00:00
10979,99,LEAD,
10982,99,LEAD,
10980,99,LEAD,
7280,99,LEAD,
10976,99,WARM_LEAD,2026-02-27 00:00:00+00:00
11401,177,LEAD,
7316,95,LEAD,
7241,68,TRIAL,2025-09-01 00:00:00+00:00
9890,140,LEAD,
7755,120,LEAD,
7318,104,RECURRING_SUBSCRIPTION,2025-09-30 00:00:00+00:00
8957,123,RECURRING_SUBSCRIPTION,2025-12-05 00:00:00+00:00
11145,11,LEAD,
7284,104,LEAD,
11297,153,WARM_LEAD,
7283,104,LEAD,
11252,17,LEAD,
7286,104,LEAD,
7287,104,LEAD,
7288,104,LEAD,
11501,198,LEAD,
11390,150,LEAD,
11322,66,LEAD,
3187,9,FREEMIUM,
7302,104,LEAD,
7312,104,LEAD,
7292,104,LEAD,
7389,94,TRIAL,2025-08-31 00:00:00+00:00
11278,151,CHURN,2026-03-29 00:00:00+00:00
7380,104,LEAD,
7365,96,LEAD,
7386,66,LEAD,
11074,133,LEAD,
7811,104,WARM_LEAD,2025-09-07 00:00:00+00:00
7775,117,LEAD,
7649,118,TRIAL,2025-09-05 00:00:00+00:00
11146,63,LEAD,
7387,66,LEAD,
7388,66,LEAD,
7561,114,CHURN,2025-08-28 00:00:00+00:00
11230,178,LEAD,
11056,41,TRIAL,2026-03-04 00:00:00+00:00
8143,124,RECURRING_SUBSCRIPTION,2025-12-30 00:00:00+00:00
7379,92,RECURRING_SUBSCRIPTION,2026-02-19 00:00:00+00:00
7665,114,ON_DEMAND_SUBSCRIPTION,2025-11-28 00:00:00+00:00
7375,104,LEAD,
7756,120,LEAD,
6080,76,FREEMIUM,2025-06-19 00:00:00+00:00
11253,139,WARM_LEAD,
11933,121,LEAD,
7385,94,TRIAL,2026-02-22 00:00:00+00:00
10695,123,TRIAL,
7374,104,ON_DEMAND_SUBSCRIPTION,2025-09-03 00:00:00+00:00
7816,123,LEAD,2025-12-23 00:00:00+00:00
378,9,CHURN,2024-07-21 00:00:00+00:00
11356,66,WARM_LEAD,
7820,121,LEAD,
11110,145,LEAD,
7377,104,LEAD,
11775,176,LEAD,
16,1,CHURN,2024-04-06 00:00:00+00:00
7346,99,LEAD,
7372,66,TRIAL,
520,7,TRIAL,2024-01-21 00:00:00+00:00
10981,99,LEAD,
7345,99,LEAD,
7347,99,LEAD,
7349,99,LEAD,
7353,99,LEAD,
7348,99,LEAD,
2788,11,CHURN,2025-02-09 00:00:00+00:00
533,17,RECURRING_SUBSCRIPTION,2025-12-03 00:00:00+00:00
12102,51,TRIAL,
7107,95,WARM_LEAD,2025-08-17 00:00:00+00:00
11075,140,RECURRING_SUBSCRIPTION,2026-04-16 00:00:00+00:00
7175,95,WARM_LEAD,2025-08-22 00:00:00+00:00
7394,66,LEAD,
11934,195,LEAD,
6836,96,WARM_LEAD,2025-08-20 00:00:00+00:00
7390,94,COLD_LEAD,
7954,122,RECURRING_SUBSCRIPTION,2025-09-21 00:00:00+00:00
7448,92,WARM_LEAD,2025-11-02 00:00:00+00:00
7409,92,LEAD,
11323,139,TRIAL,2026-03-29 00:00:00+00:00
11502,183,TRIAL,
11604,195,TRIAL,2026-04-23 00:00:00+00:00
5991,76,ON_DEMAND_SUBSCRIPTION,2025-11-14 00:00:00+00:00
7450,104,WARM_LEAD,2026-02-26 00:00:00+00:00
7455,11,COLD_LEAD,
9046,94,CHURN,2026-01-25 00:00:00+00:00
7436,91,LEAD,
7416,73,LEAD,
7144,7,TRIAL,2025-08-17 00:00:00+00:00
12103,195,LEAD,
7442,11,COLD_LEAD,
7396,47,LEAD,
11776,122,LEAD,
11601,142,LEAD,
11147,178,LEAD,
7363,99,WARM_LEAD,2025-08-24 00:00:00+00:00
7445,104,LEAD,2025-11-11 00:00:00+00:00
11254,140,TRIAL,2026-03-22 00:00:00+00:00
11256,140,WARM_LEAD,2026-03-22 00:00:00+00:00
7417,104,LEAD,
7415,104,LEAD,
10984,99,LEAD,
10988,99,LEAD,
7420,104,LEAD,
7435,104,LEAD,
7354,99,LEAD,
10990,99,LEAD,
7355,99,LEAD,
10991,99,LEAD,
10992,99,LEAD,
8405,98,CHURN,2025-10-07 00:00:00+00:00
7395,1,CHURN,2025-08-24 00:00:00+00:00
11308,150,WARM_LEAD,
1718,17,FREEMIUM,2026-03-20 00:00:00+00:00
7812,122,LEAD,
830,44,CHURN,2024-04-08 00:00:00+00:00
7843,11,COLD_LEAD,
7488,92,LEAD,
10697,56,WARM_LEAD,2026-02-22 00:00:00+00:00
7473,91,LEAD,
7439,96,RECURRING_SUBSCRIPTION,2025-08-25 00:00:00+00:00
7468,66,TRIAL,2025-08-24 00:00:00+00:00
7183,95,RECURRING_SUBSCRIPTION,2025-08-25 00:00:00+00:00
7757,120,LEAD,
7817,122,LEAD,
7457,104,LEAD,
7836,121,FROZEN,2025-12-28 00:00:00+00:00
7471,91,TRIAL,2026-04-01 00:00:00+00:00
11935,52,WARM_LEAD,
11777,75,WARM_LEAD,
7905,91,LEAD,
7464,104,LEAD,
7311,61,LEAD,
3221,44,FREEMIUM,
10994,99,LEAD,
7882,114,LEAD,2025-12-23 00:00:00+00:00
7871,64,LEAD,
7898,114,WARM_LEAD,2025-09-30 00:00:00+00:00
6820,96,WARM_LEAD,2026-03-09 00:00:00+00:00
7856,114,CHURN,2025-10-12 00:00:00+00:00
7876,115,CHURN,2025-09-08 00:00:00+00:00
7469,114,LEAD,
7479,41,LEAD,
7873,114,WARM_LEAD,2025-12-02 00:00:00+00:00
2470,61,ON_DEMAND_SUBSCRIPTION,2025-10-16 00:00:00+00:00
12104,15,LEAD,
7824,123,LEAD,
7861,115,LEAD,
7465,104,LEAD,
7827,121,TRIAL,2025-09-22 00:00:00+00:00
363,8,FREEMIUM,2023-10-22 00:00:00+00:00
7830,121,LEAD,
10987,99,LEAD,
7476,104,LEAD,
7456,104,TRIAL,2025-10-24 00:00:00+00:00
7485,104,LEAD,
7467,104,LEAD,
10926,99,LEAD,
7487,99,WARM_LEAD,2026-04-24 00:00:00+00:00
10995,99,LEAD,
11002,99,LEAD,
11076,99,LEAD,
7359,99,LEAD,
10986,99,LEAD,
11148,66,LEAD,
7868,66,LEAD,
7480,4,COLD_LEAD,
7889,66,LEAD,
7667,114,LEAD,2026-03-08 00:00:00+00:00
7491,75,LEAD,
3222,44,FREEMIUM,
7849,115,LEAD,
7490,96,LEAD,
7758,120,LEAD,
11672,133,LEAD,
7855,120,LEAD,
7852,121,LEAD,2026-04-16 00:00:00+00:00
7492,16,LEAD,
11077,140,WARM_LEAD,2026-03-01 00:00:00+00:00
7825,121,LEAD,
7813,121,WARM_LEAD,2025-10-30 00:00:00+00:00
7862,120,LEAD,
7759,120,TRIAL,2025-10-05 00:00:00+00:00
7874,115,LEAD,
7845,123,LEAD,
7834,121,LEAD,
7831,121,WARM_LEAD,2025-11-13 00:00:00+00:00
11255,145,LEAD,
7869,122,LEAD,
11262,123,WARM_LEAD,2026-03-22 00:00:00+00:00
5708,4,TRIAL,
7857,91,ON_DEMAND_SUBSCRIPTION,2025-09-05 00:00:00+00:00
7632,104,WARM_LEAD,2025-09-22 00:00:00+00:00
7883,115,LEAD,
7877,115,TRIAL,2025-10-26 00:00:00+00:00
3223,44,FREEMIUM,
7196,11,CHURN,2025-08-17 00:00:00+00:00
3224,44,FREEMIUM,
11324,127,LEAD,
11013,99,LEAD,
7818,123,RECURRING_SUBSCRIPTION,2025-10-07 00:00:00+00:00
7369,99,LEAD,
11936,15,WARM_LEAD,
7489,91,TRIAL,2025-12-14 00:00:00+00:00
3225,44,FREEMIUM,
7376,98,LEAD,
2049,4,CHURN,2024-09-15 00:00:00+00:00
7368,99,LEAD,
7358,99,WARM_LEAD,2026-02-27 00:00:00+00:00
7015,4,CHURN,2025-09-03 00:00:00+00:00
9755,133,WARM_LEAD,2025-12-21 00:00:00+00:00
10996,99,LEAD,
7367,99,LEAD,2026-02-27 00:00:00+00:00
7364,99,LEAD,
7872,11,COLD_LEAD,
11112,177,WARM_LEAD,
11291,133,RECURRING_SUBSCRIPTION,2026-03-22 00:00:00+00:00
12105,15,LEAD,
4859,15,RECURRING_SUBSCRIPTION,2026-03-02 00:00:00+00:00
7865,115,WARM_LEAD,2025-12-14 00:00:00+00:00
11149,66,LEAD,
11207,66,LEAD,
11309,4,TRIAL,2026-04-05 00:00:00+00:00
7875,114,LEAD,
7519,114,LEAD,2025-12-23 00:00:00+00:00
7238,104,LEAD,
7870,56,LEAD,
7717,120,RECURRING_SUBSCRIPTION,2025-09-22 00:00:00+00:00
11778,92,LEAD,
11078,140,LEAD,
7903,104,LEAD,
7886,104,LEAD,
7835,7,TRIAL,2025-09-21 00:00:00+00:00
7891,61,LEAD,
7884,121,LEAD,2025-11-23 00:00:00+00:00
7906,104,WARM_LEAD,2025-09-14 00:00:00+00:00
1486,44,CHURN,2024-07-26 00:00:00+00:00
10698,141,LEAD,
6491,47,CHURN,2026-02-04 00:00:00+00:00
4389,17,FREEMIUM,
7888,64,LEAD,
7850,115,WARM_LEAD,2026-02-01 00:00:00+00:00
7853,115,LEAD,
9892,128,LEAD,
7384,98,WARM_LEAD,2026-02-08 00:00:00+00:00
7370,99,LEAD,
9705,50,LEAD,
7829,121,LEAD,
7826,121,LEAD,
769,17,ON_DEMAND_SUBSCRIPTION,2025-12-04 00:00:00+00:00
7371,99,LEAD,2026-02-25 00:00:00+00:00
7392,98,LEAD,
7890,16,LEAD,
11006,99,LEAD,
7366,99,LEAD,
11181,99,LEAD,
11937,51,LEAD,
7815,121,CHURN,2025-11-07 00:00:00+00:00
7832,123,RECURRING_SUBSCRIPTION,2025-09-25 00:00:00+00:00
7858,115,LEAD,
12106,125,WARM_LEAD,
7846,115,CHURN,2025-10-01 00:00:00+00:00
5545,17,LEAD,
1953,44,FREEMIUM,
2949,17,FREEMIUM,
3115,17,FREEMIUM,
3121,17,FREEMIUM,
5558,64,WARM_LEAD,2025-05-11 00:00:00+00:00
2889,6,FREEMIUM,
6915,53,LEAD,
7738,1,COLD_LEAD,2025-09-14 00:00:00+00:00
7863,94,COLD_LEAD,
11113,66,LEAD,
11208,66,LEAD,
6700,65,LEAD,
1053,41,CHURN,2024-11-25 00:00:00+00:00
827,44,RECURRING_SUBSCRIPTION,2025-10-08 00:00:00+00:00
9896,138,TRIAL,
9971,66,LEAD,
9783,104,ON_DEMAND_SUBSCRIPTION,2026-01-11 00:00:00+00:00
7304,104,TRIAL,2025-12-01 00:00:00+00:00
5648,76,ON_DEMAND_SUBSCRIPTION,2025-12-08 00:00:00+00:00
11232,76,LEAD,
11499,169,WARM_LEAD,
10053,128,RECURRING_SUBSCRIPTION,2026-02-01 00:00:00+00:00
9893,66,LEAD,
11938,123,LEAD,
9661,66,RECURRING_SUBSCRIPTION,
10042,124,TRIAL,
10699,153,WARM_LEAD,
9948,139,ON_DEMAND_SUBSCRIPTION,2026-01-18 00:00:00+00:00
9906,121,CHURN,2026-01-13 00:00:00+00:00
1966,49,CHURN,2025-08-15 00:00:00+00:00
7320,52,CHURN,2025-09-15 00:00:00+00:00
10087,140,LEAD,
10092,140,LEAD,
9803,137,CHURN,2026-01-12 00:00:00+00:00
7356,99,LEAD,2025-10-26 00:00:00+00:00
8203,124,ON_DEMAND_SUBSCRIPTION,2025-10-12 00:00:00+00:00
10109,138,LEAD,
10100,140,LEAD,
7114,99,TRIAL,2025-08-20 00:00:00+00:00
10082,140,WARM_LEAD,2026-02-08 00:00:00+00:00
7360,97,LEAD,
9763,123,LEAD,2025-12-21 00:00:00+00:00
7393,99,LEAD,
3583,47,FREEMIUM,2026-01-02 00:00:00+00:00
7411,98,ON_DEMAND_SUBSCRIPTION,2025-10-25 00:00:00+00:00
7423,77,LEAD,2025-11-23 00:00:00+00:00
12107,52,LEAD,
8029,122,CHURN,2025-10-09 00:00:00+00:00
11779,77,WARM_LEAD,
3047,17,ON_DEMAND_SUBSCRIPTION,2025-12-17 00:00:00+00:00
11182,66,LEAD,
7908,66,LEAD,
6723,92,CHURN,2025-08-20 00:00:00+00:00
7726,114,LEAD,2026-01-15 00:00:00+00:00
3227,44,FREEMIUM,
10112,140,LEAD,
9730,111,RECURRING_SUBSCRIPTION,2025-12-26 00:00:00+00:00
10072,96,LEAD,
9872,96,TRIAL,2026-01-05 00:00:00+00:00
10054,131,WARM_LEAD,2026-01-25 00:00:00+00:00
10700,171,LEAD,
10115,140,LEAD,
10026,91,WARM_LEAD,2026-01-18 00:00:00+00:00
10134,91,LEAD,
11114,76,WARM_LEAD,
10083,140,LEAD,
10013,133,LEAD,
11606,199,TRIAL,
10088,140,LEAD,
10093,140,LEAD,
7418,77,LEAD,
11673,77,LEAD,
10128,140,RECURRING_SUBSCRIPTION,2026-02-06 00:00:00+00:00
9907,94,TRIAL,2026-01-11 00:00:00+00:00
12108,139,WARM_LEAD,
11939,121,RECURRING_SUBSCRIPTION,
9958,135,CHURN,2026-01-25 00:00:00+00:00
9804,114,ON_DEMAND_SUBSCRIPTION,
310,9,CHURN,2023-09-17 00:00:00+00:00
11503,153,WARM_LEAD,
9674,134,WARM_LEAD,
10028,140,LEAD,
11016,99,LEAD,
10097,140,LEAD,
10101,140,LEAD,
11080,99,LEAD,
7424,99,LEAD,
7425,99,LEAD,
9757,133,WARM_LEAD,2025-12-21 00:00:00+00:00
11015,99,LEAD,
10003,122,RECURRING_SUBSCRIPTION,2026-01-22 00:00:00+00:00
10127,66,LEAD,
7410,52,LEAD,
9962,139,LEAD,
10137,121,WARM_LEAD,2026-01-21 00:00:00+00:00
10133,66,LEAD,
9947,139,WARM_LEAD,2026-01-11 00:00:00+00:00
9923,139,LEAD,
9972,139,RECURRING_SUBSCRIPTION,
9333,133,CHURN,2025-12-09 00:00:00+00:00
3185,6,FREEMIUM,
5428,6,LEAD,
7909,5,LEAD,
7950,96,LEAD,
11674,77,LEAD,
5602,75,RECURRING_SUBSCRIPTION,2026-04-24 00:00:00+00:00
7947,115,LEAD,
7934,120,LEAD,
7918,123,LEAD,
7916,122,LEAD,
7917,122,LEAD,2025-11-05 00:00:00+00:00
7919,121,LEAD,
7920,122,LEAD,
7921,122,LEAD,
7922,122,WARM_LEAD,2026-01-12 00:00:00+00:00
9617,94,LEAD,
7952,115,LEAD,
7953,115,LEAD,
7860,115,CHURN,2025-09-30 00:00:00+00:00
7937,104,LEAD,
11940,9,LEAD,
217,7,CHURN,2026-05-06 00:00:00+00:00
11780,96,WARM_LEAD,
7955,92,LEAD,
8019,114,LEAD,2025-10-26 00:00:00+00:00
10701,153,WARM_LEAD,2026-04-26 00:00:00+00:00
7938,94,LEAD,
7670,4,CHURN,2025-09-14 00:00:00+00:00
7426,97,LEAD,
11504,151,WARM_LEAD,
635,17,FREEMIUM,2025-02-18 00:00:00+00:00
11018,99,LEAD,
7427,99,LEAD,
7932,1,CHURN,2025-10-22 00:00:00+00:00
11607,195,LEAD,
12109,133,RECURRING_SUBSCRIPTION,
7943,94,CHURN,2026-06-16 00:00:00+00:00
7935,1,LEAD,
7936,1,LEAD,
7923,122,LEAD,
5727,73,WARM_LEAD,2025-09-11 00:00:00+00:00
7847,115,WARM_LEAD,2025-09-09 00:00:00+00:00
7912,115,LEAD,
7941,48,LEAD,
201,4,CHURN,2023-09-10 00:00:00+00:00
3028,4,TRIAL,2025-02-16 00:00:00+00:00
7933,1,COLD_LEAD,
7965,11,CHURN,2025-09-21 00:00:00+00:00
10702,153,WARM_LEAD,
7964,104,CHURN,2025-10-31 00:00:00+00:00
7959,114,LEAD,
8015,16,RECURRING_SUBSCRIPTION,
3918,17,FREEMIUM,2025-03-23 00:00:00+00:00
8013,16,FREEMIUM,
7972,114,LEAD,
11781,195,LEAD,
7428,99,LEAD,
7981,122,LEAD,
7421,99,LEAD,
7982,123,LEAD,
11021,99,LEAD,
1734,42,RECURRING_SUBSCRIPTION,2025-09-15 00:00:00+00:00
11941,121,LEAD,
9709,114,CHURN,
11675,77,TRIAL,
8016,56,LEAD,
11505,150,LEAD,
6927,91,CHURN,2025-09-19 00:00:00+00:00
7992,96,TRIAL,2025-10-01 00:00:00+00:00
12110,140,LEAD,
7960,114,ON_DEMAND_SUBSCRIPTION,2025-12-13 00:00:00+00:00
9758,73,LEAD,
7987,115,LEAD,
8008,115,LEAD,
7962,123,ON_DEMAND_SUBSCRIPTION,2025-10-29 00:00:00+00:00
7997,94,COLD_LEAD,
7957,121,TRIAL,2026-01-18 00:00:00+00:00
7983,123,LEAD,
7966,122,LEAD,
7984,123,LEAD,
3180,9,FREEMIUM,2026-03-02 00:00:00+00:00
4307,17,FREEMIUM,
7985,123,LEAD,
4311,17,FREEMIUM,
7968,122,LEAD,
7969,123,LEAD,
8010,16,RECURRING_SUBSCRIPTION,
8009,16,LEAD,
8011,16,LEAD,
8012,16,LEAD,
8014,16,LEAD,
7999,121,RECURRING_SUBSCRIPTION,2025-10-15 00:00:00+00:00
8021,91,LEAD,
7735,114,LEAD,
8054,92,LEAD,
8025,66,LEAD,
7429,77,LEAD,
8026,120,LEAD,
5478,61,TRIAL,2025-06-29 00:00:00+00:00
11183,134,LEAD,
8045,114,LEAD,
10014,96,ON_DEMAND_SUBSCRIPTION,2026-01-18 00:00:00+00:00
8059,75,LEAD,
11942,169,LEAD,
9874,91,LEAD,
11782,150,TRIAL,
8044,11,LEAD,
8056,115,LEAD,
4312,17,FREEMIUM,
8022,104,LEAD,
8039,115,WARM_LEAD,2025-10-26 00:00:00+00:00
7414,98,CHURN,2025-10-19 00:00:00+00:00
9963,139,LEAD,
8033,122,LEAD,
11081,133,LEAD,
8060,120,LEAD,
8048,66,LEAD,
11366,195,LEAD,2026-04-21 00:00:00+00:00
8042,94,LEAD,
4313,17,FREEMIUM,
8043,7,LEAD,
7991,121,TRIAL,2025-09-21 00:00:00+00:00
274,11,COLD_LEAD,2023-09-10 00:00:00+00:00
12111,53,LEAD,
8058,120,LEAD,
8046,104,TRIAL,2025-09-19 00:00:00+00:00
8002,120,RECURRING_SUBSCRIPTION,2025-10-26 00:00:00+00:00
8049,66,LEAD,
11676,77,LEAD,
8041,123,LEAD,
11115,121,LEAD,
8031,94,COLD_LEAD,
8047,122,LEAD,
8057,121,RECURRING_SUBSCRIPTION,2025-11-03 00:00:00+00:00
7430,99,LEAD,
11025,99,LEAD,
11023,99,LEAD,
8062,66,LEAD,
8063,66,LEAD,
10703,73,RECURRING_SUBSCRIPTION,2026-02-23 00:00:00+00:00
8065,66,LEAD,
8055,73,TRIAL,2025-10-01 00:00:00+00:00
8050,115,LEAD,
8064,66,LEAD,
8061,11,LEAD,
8076,114,LEAD,2025-12-23 00:00:00+00:00
8135,124,LEAD,
8253,111,ON_DEMAND_SUBSCRIPTION,2025-12-28 00:00:00+00:00
8252,111,LEAD,
11943,75,LEAD,
11609,122,WARM_LEAD,
6232,9,TRIAL,2025-10-09 00:00:00+00:00
7821,123,CHURN,2025-10-08 00:00:00+00:00
4314,17,FREEMIUM,
8134,121,ON_DEMAND_SUBSCRIPTION,2025-09-24 00:00:00+00:00
7440,98,LEAD,
12112,77,LEAD,
11677,77,WARM_LEAD,
8116,122,LEAD,
8122,121,WARM_LEAD,2026-01-07 00:00:00+00:00
4315,17,FREEMIUM,
8118,121,LEAD,
8119,123,LEAD,
1878,51,TRIAL,2024-08-14 00:00:00+00:00
8125,121,ON_DEMAND_SUBSCRIPTION,2025-12-29 00:00:00+00:00
8128,122,TRIAL,2025-10-13 00:00:00+00:00
7438,99,LEAD,2025-10-29 00:00:00+00:00
8126,66,LEAD,
8129,66,RECURRING_SUBSCRIPTION,
8132,94,WARM_LEAD,2025-10-05 00:00:00+00:00
8123,66,LEAD,
9711,50,LEAD,
11506,183,WARM_LEAD,
8105,18,LEAD,
8130,66,LEAD,
8131,66,RECURRING_SUBSCRIPTION,
8137,4,LEAD,
8184,104,LEAD,
8149,120,LEAD,
11678,77,LEAD,
8150,120,RECURRING_SUBSCRIPTION,2026-02-20 00:00:00+00:00
8139,92,LEAD,
5660,76,RECURRING_SUBSCRIPTION,2025-06-01 00:00:00+00:00
7451,77,LEAD,
6955,96,CHURN,2025-09-18 00:00:00+00:00
7956,114,LEAD,2025-12-19 00:00:00+00:00
7466,98,LEAD,
8188,91,LEAD,
8136,124,LEAD,
8140,124,LEAD,
8141,124,LEAD,
8145,124,LEAD,
8189,122,WARM_LEAD,2026-01-15 00:00:00+00:00
7470,53,LEAD,
8172,125,LEAD,
8154,124,LEAD,
11944,142,LEAD,
7431,99,CHURN,2025-09-08 00:00:00+00:00
8144,125,CHURN,2025-12-01 00:00:00+00:00
8192,125,LEAD,
8171,123,WARM_LEAD,2026-02-18 00:00:00+00:00
11507,133,LEAD,
8191,61,LEAD,
8177,122,LEAD,
7449,99,LEAD,
10704,99,WARM_LEAD,2026-04-01 00:00:00+00:00
11027,99,LEAD,
11783,96,WARM_LEAD,2026-04-26 00:00:00+00:00
12113,195,LEAD,
8183,75,LEAD,
8159,115,RECURRING_SUBSCRIPTION,
1334,17,FREEMIUM,
9806,114,LEAD,
8185,111,LEAD,
8169,122,WARM_LEAD,2026-02-08 00:00:00+00:00
9908,67,LEAD,
8168,123,CHURN,2026-02-27 00:00:00+00:00
9850,94,LEAD,
9894,66,LEAD,
8052,94,CHURN,2025-10-21 00:00:00+00:00
8198,60,LEAD,
10705,153,LEAD,
12114,195,LEAD,
8200,120,RECURRING_SUBSCRIPTION,2025-09-22 00:00:00+00:00
1904,4,CHURN,2025-04-23 00:00:00+00:00
8212,15,LEAD,
7639,94,COLD_LEAD,2025-09-07 00:00:00+00:00
8207,115,LEAD,
11610,121,LEAD,
8205,121,CHURN,2025-10-13 00:00:00+00:00
11945,91,WARM_LEAD,
6851,96,CHURN,2025-08-19 00:00:00+00:00
8201,104,CHURN,
8196,91,LEAD,
8204,125,LEAD,
8197,94,LEAD,2025-10-19 00:00:00+00:00
11508,151,WARM_LEAD,
11784,134,LEAD,
7472,97,LEAD,
11007,99,LEAD,
11679,77,WARM_LEAD,
7315,104,CHURN,2026-04-06 00:00:00+00:00
7666,77,CHURN,2025-09-03 00:00:00+00:00
290,8,FREEMIUM,2023-09-10 00:00:00+00:00
7833,51,LEAD,
710,41,FREEMIUM,2024-03-03 00:00:00+00:00
8223,111,LEAD,
8202,112,LEAD,
8208,111,LEAD,2025-10-23 00:00:00+00:00
8206,111,WARM_LEAD,2026-02-08 00:00:00+00:00
9895,66,LEAD,
9760,104,ON_DEMAND_SUBSCRIPTION,
11611,122,LEAD,
8302,121,LEAD,
8299,92,LEAD,
11680,134,LEAD,
1316,1,CHURN,2024-06-09 00:00:00+00:00
11029,99,LEAD,
7527,114,RECURRING_SUBSCRIPTION,2025-08-28 00:00:00+00:00
482,15,ON_DEMAND_SUBSCRIPTION,2026-06-14 00:00:00+00:00
8307,115,LEAD,
6254,77,CHURN,2025-08-25 00:00:00+00:00
2563,63,ON_DEMAND_SUBSCRIPTION,2025-04-15 00:00:00+00:00
8255,111,LEAD,
8285,111,LEAD,
5661,75,LEAD,
6778,65,LEAD,
8357,122,LEAD,
8364,112,TRIAL,2025-10-22 00:00:00+00:00
11681,77,LEAD,
11612,123,LEAD,
8376,123,TRIAL,2026-02-08 00:00:00+00:00
8329,124,CHURN,2026-02-08 00:00:00+00:00
8358,104,LEAD,
8317,124,LEAD,
11785,66,WARM_LEAD,
7844,99,LEAD,
7484,99,WARM_LEAD,2026-02-22 00:00:00+00:00
11946,75,RECURRING_SUBSCRIPTION,
12115,195,LEAD,
8324,115,LEAD,
8318,124,LEAD,
8345,124,LEAD,
147,8,FREEMIUM,
8319,124,WARM_LEAD,
8322,124,LEAD,
8323,124,LEAD,
8327,124,LEAD,
8330,124,LEAD,
8331,124,LEAD,
8332,124,LEAD,
8333,124,LEAD,
8334,124,LEAD,
3155,6,FREEMIUM,
8335,124,LEAD,
8336,124,LEAD,
8337,124,LEAD,
8316,124,ON_DEMAND_SUBSCRIPTION,2025-10-05 00:00:00+00:00
8339,124,LEAD,
8340,124,LEAD,
8341,124,LEAD,
8348,124,LEAD,
8325,124,LEAD,
8343,124,LEAD,
8344,124,LEAD,
9909,60,LEAD,
8347,124,LEAD,
8349,124,LEAD,
8391,104,WARM_LEAD,2025-09-25 00:00:00+00:00
8393,114,TRIAL,2025-12-30 00:00:00+00:00
8414,125,WARM_LEAD,2025-10-20 00:00:00+00:00
4320,17,FREEMIUM,
8395,123,CHURN,2025-09-24 00:00:00+00:00
11184,140,LEAD,
8411,121,LEAD,
11082,124,LEAD,
8410,122,LEAD,
8415,125,WARM_LEAD,2025-11-04 00:00:00+00:00
8413,125,LEAD,
9714,122,WARM_LEAD,2025-12-16 00:00:00+00:00
8416,125,LEAD,
8404,115,LEAD,
4321,17,FREEMIUM,
8417,125,LEAD,
9762,121,LEAD,
8390,94,LEAD,
8418,125,LEAD,
8419,125,LEAD,
8420,125,LEAD,
8382,112,LEAD,
8421,125,LEAD,
8428,125,LEAD,
8429,125,LEAD,
8388,121,LEAD,2026-03-23 00:00:00+00:00
7242,9,RECURRING_SUBSCRIPTION,2025-09-02 00:00:00+00:00
11947,75,RECURRING_SUBSCRIPTION,
1712,17,FREEMIUM,
11152,153,LEAD,
11682,77,LEAD,
8399,94,LEAD,
967,4,CHURN,2024-04-14 00:00:00+00:00
9891,98,CHURN,2026-01-19 00:00:00+00:00
2189,56,WARM_LEAD,2025-11-18 00:00:00+00:00
6873,51,WARM_LEAD,2025-08-25 00:00:00+00:00
11031,99,LEAD,2026-06-09 00:00:00+00:00
11233,66,WARM_LEAD,
7182,96,RECURRING_SUBSCRIPTION,2025-08-22 00:00:00+00:00
8396,112,LEAD,
11786,195,LEAD,
8422,66,LEAD,
11030,99,LEAD,
12116,66,LEAD,
8380,112,TRIAL,2026-01-30 00:00:00+00:00
9774,94,TRIAL,2025-12-28 00:00:00+00:00
8383,112,LEAD,
8386,112,LEAD,
8442,66,LEAD,
8465,96,CHURN,2025-10-05 00:00:00+00:00
8443,66,RECURRING_SUBSCRIPTION,
9704,65,WARM_LEAD,2025-12-28 00:00:00+00:00
7880,77,RECURRING_SUBSCRIPTION,2025-10-16 00:00:00+00:00
8446,125,LEAD,
8472,120,CHURN,2025-10-03 00:00:00+00:00
8450,125,LEAD,
8453,125,LEAD,
8452,125,LEAD,
12117,66,LEAD,
8454,125,LEAD,
7951,114,ON_DEMAND_SUBSCRIPTION,2025-09-11 00:00:00+00:00
11683,125,LEAD,
8360,112,LEAD,
8455,125,LEAD,
8432,125,WARM_LEAD,2025-09-28 00:00:00+00:00
8461,60,CHURN,2025-09-28 00:00:00+00:00
9851,94,CHURN,2026-02-10 00:00:00+00:00
8444,125,TRIAL,2026-01-09 00:00:00+00:00
7391,53,LEAD,
8462,41,WARM_LEAD,2025-10-19 00:00:00+00:00
8467,112,LEAD,
8246,111,WARM_LEAD,2025-09-28 00:00:00+00:00
8463,94,LEAD,
8451,115,LEAD,
8475,123,CHURN,2025-10-19 00:00:00+00:00
8448,115,LEAD,
9623,64,LEAD,
4387,17,RECURRING_SUBSCRIPTION,2026-01-06 00:00:00+00:00
7924,122,RECURRING_SUBSCRIPTION,2025-12-22 00:00:00+00:00
8447,115,TRIAL,2025-09-28 00:00:00+00:00
9715,115,RECURRING_SUBSCRIPTION,2025-12-17 00:00:00+00:00
8449,115,WARM_LEAD,2025-10-03 00:00:00+00:00
8471,114,LEAD,
8473,112,LEAD,
8464,123,LEAD,
8474,121,LEAD,
8456,115,LEAD,
8476,111,LEAD,
8457,115,LEAD,
9808,133,LEAD,
11787,153,WARM_LEAD,2026-05-03 00:00:00+00:00
8477,121,LEAD,
9949,139,LEAD,
7841,99,LEAD,
11033,99,LEAD,
8445,15,LEAD,
10707,75,RECURRING_SUBSCRIPTION,
9910,67,LEAD,
10015,11,LEAD,
9610,122,RECURRING_SUBSCRIPTION,2026-01-11 00:00:00+00:00
9852,13,LEAD,
9649,121,RECURRING_SUBSCRIPTION,2026-03-02 00:00:00+00:00
9616,51,LEAD,
8497,96,LEAD,
11542,133,TRIAL,2026-04-12 00:00:00+00:00
8117,122,CHURN,2025-09-26 00:00:00+00:00
11788,15,WARM_LEAD,
9624,41,LEAD,
1978,1,TRIAL,2024-09-22 00:00:00+00:00
8181,61,WARM_LEAD,2025-09-28 00:00:00+00:00
8480,111,LEAD,
7790,65,LEAD,
7716,120,RECURRING_SUBSCRIPTION,2025-09-28 00:00:00+00:00
8482,125,LEAD,
8485,120,LEAD,
8484,47,LEAD,
948,47,RECURRING_SUBSCRIPTION,2026-01-08 00:00:00+00:00
8494,112,WARM_LEAD,2025-11-11 00:00:00+00:00
10834,99,LEAD,
8503,120,LEAD,
8500,104,LEAD,
1299,4,TRIAL,2025-12-14 00:00:00+00:00
8487,114,ON_DEMAND_SUBSCRIPTION,2025-10-13 00:00:00+00:00
8493,18,LEAD,
8492,1,TRIAL,
8499,123,RECURRING_SUBSCRIPTION,2025-10-06 00:00:00+00:00
9654,77,WARM_LEAD,2025-12-14 00:00:00+00:00
6896,95,TRIAL,2025-09-22 00:00:00+00:00
8486,112,LEAD,
8488,114,ON_DEMAND_SUBSCRIPTION,2025-10-05 00:00:00+00:00
8478,111,WARM_LEAD,2025-09-27 00:00:00+00:00
8490,111,LEAD,
10729,77,RECURRING_SUBSCRIPTION,
11684,125,WARM_LEAD,
9877,123,RECURRING_SUBSCRIPTION,2026-02-18 00:00:00+00:00
11047,99,LEAD,
10835,99,LEAD,
10836,99,LEAD,
8481,114,ON_DEMAND_SUBSCRIPTION,2025-12-08 00:00:00+00:00
7121,98,RECURRING_SUBSCRIPTION,2025-10-01 00:00:00+00:00
11948,140,LEAD,
9950,139,WARM_LEAD,
8496,73,ON_DEMAND_SUBSCRIPTION,2025-11-17 00:00:00+00:00
8501,4,TRIAL,2026-02-15 00:00:00+00:00
287,8,FREEMIUM,2023-09-10 00:00:00+00:00
9703,52,RECURRING_SUBSCRIPTION,2026-02-08 00:00:00+00:00
8495,73,LEAD,
10708,17,LEAD,
11511,17,LEAD,
9662,119,LEAD,
8512,41,RECURRING_SUBSCRIPTION,2025-10-05 00:00:00+00:00
4308,17,FREEMIUM,
8514,104,LEAD,
8180,94,CHURN,2025-10-12 00:00:00+00:00
8507,11,LEAD,2026-02-26 00:00:00+00:00
8506,66,RECURRING_SUBSCRIPTION,
10077,63,WARM_LEAD,2026-01-19 00:00:00+00:00
8293,111,CHURN,2025-10-01 00:00:00+00:00
7879,94,COLD_LEAD,
8194,11,COLD_LEAD,
8511,120,TRIAL,2025-11-27 00:00:00+00:00
9663,131,LEAD,
10709,52,LEAD,
9698,122,ON_DEMAND_SUBSCRIPTION,2025-12-28 00:00:00+00:00
8505,94,LEAD,2025-10-12 00:00:00+00:00
11036,99,LEAD,
7661,61,RECURRING_SUBSCRIPTION,2025-10-08 00:00:00+00:00
8517,64,LEAD,
11685,125,LEAD,
8508,66,LEAD,
8509,66,LEAD,
11257,153,LEAD,
8524,1,COLD_LEAD,
8513,122,LEAD,
7630,114,WARM_LEAD,2025-09-03 00:00:00+00:00
8518,66,LEAD,
8520,114,RECURRING_SUBSCRIPTION,2025-10-01 00:00:00+00:00
8483,95,TRIAL,2025-09-29 00:00:00+00:00
9625,120,CHURN,2025-12-14 00:00:00+00:00
9809,42,LEAD,
8521,1,TRIAL,2025-10-19 00:00:00+00:00
8355,121,WARM_LEAD,2025-09-22 00:00:00+00:00
5373,75,CHURN,2025-09-30 00:00:00+00:00
7251,11,TRIAL,2025-10-05 00:00:00+00:00
8000,68,ON_DEMAND_SUBSCRIPTION,2025-11-10 00:00:00+00:00
8515,4,LEAD,
10118,6,LEAD,
11789,66,LEAD,
8522,111,TRIAL,2025-11-18 00:00:00+00:00
6658,1,TRIAL,2025-10-27 00:00:00+00:00
8525,120,LEAD,2026-01-19 00:00:00+00:00
8124,122,CHURN,2025-10-20 00:00:00+00:00
8519,115,RECURRING_SUBSCRIPTION,2025-10-21 00:00:00+00:00
8400,125,TRIAL,2025-10-04 00:00:00+00:00
9853,94,LEAD,
9982,77,ON_DEMAND_SUBSCRIPTION,2026-03-01 00:00:00+00:00
11949,77,LEAD,
11153,140,WARM_LEAD,
9897,66,LEAD,
9911,67,LEAD,
10138,98,LEAD,
8510,123,CHURN,2025-12-01 00:00:00+00:00
12118,112,LEAD,
11234,66,LEAD,
7195,65,LEAD,
2342,17,CHURN,2025-10-16 00:00:00+00:00
8529,114,LEAD,
6707,91,CHURN,2025-07-25 00:00:00+00:00
8541,114,ON_DEMAND_SUBSCRIPTION,2025-10-13 00:00:00+00:00
8530,120,LEAD,
8532,115,LEAD,
8537,96,LEAD,
8544,96,TRIAL,2025-10-05 00:00:00+00:00
8545,104,LEAD,
8536,91,CHURN,2025-10-24 00:00:00+00:00
10710,153,LEAD,
8346,124,WARM_LEAD,2025-10-20 00:00:00+00:00
9626,133,LEAD,
3558,17,FREEMIUM,2025-03-02 00:00:00+00:00
8547,94,LEAD,
8553,115,LEAD,
10139,145,LEAD,
8546,104,LEAD,
8528,121,LEAD,
9854,112,LEAD,
11950,215,LEAD,
9964,139,CHURN,
10016,96,LEAD,
8542,7,LEAD,
549,94,CHURN,2026-01-04 00:00:00+00:00
11686,134,LEAD,
8535,121,LEAD,
8527,115,LEAD,2026-03-24 00:00:00+00:00
4324,17,FREEMIUM,
9984,139,LEAD,
2542,54,FREEMIUM,2024-11-17 00:00:00+00:00
443,15,RECURRING_SUBSCRIPTION,2026-03-27 00:00:00+00:00
9940,121,LEAD,
12119,127,LEAD,
8549,93,LEAD,
11154,177,LEAD,
9951,139,LEAD,
8555,111,CHURN,2025-10-04 00:00:00+00:00
8557,104,LEAD,
11039,99,LEAD,
7083,99,WARM_LEAD,2025-09-09 00:00:00+00:00
11040,99,LEAD,
11037,99,LEAD,
8550,73,LEAD,2026-03-31 00:00:00+00:00
8534,115,CHURN,2025-12-03 00:00:00+00:00
9898,66,LEAD,
10140,145,LEAD,
10141,145,LEAD,
1736,9,FREEMIUM,2024-07-30 00:00:00+00:00
10142,145,LEAD,
11084,139,WARM_LEAD,
9924,133,WARM_LEAD,2026-01-09 00:00:00+00:00
9993,139,TRIAL,2026-03-15 00:00:00+00:00
8570,125,WARM_LEAD,2025-10-12 00:00:00+00:00
8576,114,LEAD,
8559,104,LEAD,
10711,153,WARM_LEAD,
9832,114,WARM_LEAD,2025-12-28 00:00:00+00:00
11512,169,TRIAL,
8578,66,LEAD,
8564,66,RECURRING_SUBSCRIPTION,
8563,66,RECURRING_SUBSCRIPTION,
8558,60,COLD_LEAD,
8560,121,LEAD,
11042,66,LEAD,
8565,66,RECURRING_SUBSCRIPTION,
8568,94,COLD_LEAD,
11790,169,LEAD,
2700,17,ON_DEMAND_SUBSCRIPTION,2025-12-28 00:00:00+00:00
8567,122,CHURN,2025-10-05 00:00:00+00:00
9974,92,ON_DEMAND_SUBSCRIPTION,2026-01-27 00:00:00+00:00
6218,64,TRIAL,2025-06-24 00:00:00+00:00
8575,104,LEAD,
8147,123,WARM_LEAD,2025-10-05 00:00:00+00:00
8579,112,LEAD,
8566,111,TRIAL,2025-10-06 00:00:00+00:00
9952,139,LEAD,
9738,17,ON_DEMAND_SUBSCRIPTION,2025-12-21 00:00:00+00:00
11117,91,WARM_LEAD,2026-03-01 00:00:00+00:00
8571,111,LEAD,
4392,17,FREEMIUM,
7963,121,CHURN,2026-01-05 00:00:00+00:00
8538,104,RECURRING_SUBSCRIPTION,2025-10-13 00:00:00+00:00
9925,139,RECURRING_SUBSCRIPTION,2026-01-18 00:00:00+00:00
9627,66,RECURRING_SUBSCRIPTION,
11079,51,TRIAL,2026-03-01 00:00:00+00:00
2597,60,CHURN,2025-10-19 00:00:00+00:00
9664,94,LEAD,2025-10-21 00:00:00+00:00
2928,1,CHURN,
11687,92,WARM_LEAD,
11235,66,LEAD,
11155,177,LEAD,
6182,75,CHURN,2025-06-06 00:00:00+00:00
9621,104,CHURN,2026-04-20 00:00:00+00:00
9764,49,LEAD,
8577,94,CHURN,2025-11-04 00:00:00+00:00
11951,139,WARM_LEAD,
12120,122,WARM_LEAD,2026-06-15 00:00:00+00:00
8574,115,LEAD,
9941,1,LEAD,
7958,98,WARM_LEAD,2025-10-12 00:00:00+00:00
8051,99,LEAD,
9899,134,RECURRING_SUBSCRIPTION,
8626,52,LEAD,
12121,120,WARM_LEAD,
6850,96,CHURN,2025-10-17 00:00:00+00:00
11044,99,LEAD,
1337,17,FREEMIUM,
7014,96,ON_DEMAND_SUBSCRIPTION,2025-10-10 00:00:00+00:00
11045,99,LEAD,
8594,112,LEAD,
9926,139,WARM_LEAD,
9946,139,RECURRING_SUBSCRIPTION,2026-01-18 00:00:00+00:00
8595,120,LEAD,
7012,73,TRIAL,2025-12-23 00:00:00+00:00
8587,121,LEAD,
8616,104,LEAD,
8604,66,LEAD,
11791,15,LEAD,
8607,66,LEAD,
204,7,TRIAL,2023-08-20 00:00:00+00:00
8592,124,LEAD,
9985,96,LEAD,
9577,54,WARM_LEAD,2025-12-10 00:00:00+00:00
10712,153,LEAD,
10029,140,LEAD,
8608,66,RECURRING_SUBSCRIPTION,
10017,96,LEAD,
8569,111,CHURN,2025-10-19 00:00:00+00:00
8609,66,LEAD,
8606,115,LEAD,
11118,98,WARM_LEAD,2026-03-02 00:00:00+00:00
6183,75,LEAD,
8610,66,RECURRING_SUBSCRIPTION,
8593,128,LEAD,
8611,66,RECURRING_SUBSCRIPTION,
8603,123,LEAD,
9880,94,LEAD,
11688,125,LEAD,
11236,66,LEAD,
11258,1,LEAD,
11952,195,WARM_LEAD,
11085,115,TRIAL,
11325,169,LEAD,
733,11,CHURN,2024-03-10 00:00:00+00:00
9833,122,LEAD,
8605,94,COLD_LEAD,
8590,1,COLD_LEAD,
11357,151,WARM_LEAD,
6588,9,LEAD,
1677,6,FREEMIUM,
9994,66,LEAD,
9970,92,RECURRING_SUBSCRIPTION,2026-01-15 00:00:00+00:00
8600,92,TRIAL,2025-10-09 00:00:00+00:00
9995,66,LEAD,
8640,66,RECURRING_SUBSCRIPTION,2025-11-10 00:00:00+00:00
11614,195,TRIAL,
2481,17,FREEMIUM,
9629,66,LEAD,2026-02-25 00:00:00+00:00
8628,42,LEAD,
196,7,CHURN,2023-09-17 00:00:00+00:00
2801,64,TRIAL,2024-12-22 00:00:00+00:00
8635,66,RECURRING_SUBSCRIPTION,
9659,8,WARM_LEAD,2025-12-14 00:00:00+00:00
9912,66,LEAD,
9766,66,LEAD,2025-12-21 00:00:00+00:00
9927,112,LEAD,
8643,124,LEAD,
7494,73,WARM_LEAD,2025-08-26 00:00:00+00:00
8633,66,LEAD,
4765,15,FREEMIUM,2026-04-30 00:00:00+00:00
6612,75,LEAD,
9856,94,LEAD,
6478,75,TRIAL,2025-07-03 00:00:00+00:00
10713,181,WARM_LEAD,
9834,60,TRIAL,2026-01-05 00:00:00+00:00
6403,75,LEAD,
1148,9,FREEMIUM,2024-05-05 00:00:00+00:00
10049,47,LEAD,2026-01-20 00:00:00+00:00
8636,18,LEAD,
10031,120,LEAD,2026-01-25 00:00:00+00:00
2947,8,FREEMIUM,
1658,9,FREEMIUM,
4332,17,FREEMIUM,
10044,42,LEAD,
3228,44,FREEMIUM,
9759,77,WARM_LEAD,2026-02-10 00:00:00+00:00
8642,66,LEAD,
10018,95,WARM_LEAD,
10094,140,LEAD,
10069,131,LEAD,
10102,140,TRIAL,2026-03-15 00:00:00+00:00
2268,1,CHURN,2025-10-09 00:00:00+00:00
11689,134,LEAD,
9986,139,ON_DEMAND_SUBSCRIPTION,
10084,140,LEAD,
2901,41,ON_DEMAND_SUBSCRIPTION,2025-02-05 00:00:00+00:00
9954,139,LEAD,
9849,63,LEAD,
10848,99,LEAD,
10062,66,LEAD,
10849,99,LEAD,
8121,63,WARM_LEAD,2026-02-15 00:00:00+00:00
11953,4,LEAD,
9813,137,CHURN,2026-02-08 00:00:00+00:00
8637,73,LEAD,
10004,139,LEAD,
10119,135,LEAD,
10080,133,LEAD,2026-01-20 00:00:00+00:00
8779,114,LEAD,
9767,66,LEAD,
9630,66,LEAD,
8699,114,CHURN,2025-10-13 00:00:00+00:00
11792,153,TRIAL,
8654,96,RECURRING_SUBSCRIPTION,2025-10-27 00:00:00+00:00
8156,53,LEAD,
7193,95,LEAD,
6980,96,RECURRING_SUBSCRIPTION,2026-01-09 00:00:00+00:00
8224,111,TRIAL,2025-10-09 00:00:00+00:00
8702,55,LEAD,
8696,126,LEAD,
3117,44,FREEMIUM,2025-06-25 00:00:00+00:00
3103,15,FREEMIUM,
11690,134,LEAD,
10019,96,LEAD,
8271,111,ON_DEMAND_SUBSCRIPTION,2025-10-09 00:00:00+00:00
8646,128,LEAD,
5622,73,WARM_LEAD,2025-07-20 00:00:00+00:00
8178,98,WARM_LEAD,2025-10-21 00:00:00+00:00
8703,131,LEAD,
8233,111,WARM_LEAD,2025-10-09 00:00:00+00:00
8695,127,LEAD,
8641,104,WARM_LEAD,
6718,92,CHURN,2025-10-21 00:00:00+00:00
8709,131,LEAD,
9811,42,LEAD,
8780,131,LEAD,
5309,66,COLD_LEAD,2025-10-09 00:00:00+00:00
8693,111,RECURRING_SUBSCRIPTION,2025-10-27 00:00:00+00:00
7867,122,ON_DEMAND_SUBSCRIPTION,2025-09-19 00:00:00+00:00
2649,60,CHURN,2024-11-24 00:00:00+00:00
11513,77,LEAD,
8778,121,LEAD,
7299,104,WARM_LEAD,2026-02-19 00:00:00+00:00
5656,76,FREEMIUM,2025-10-09 00:00:00+00:00
8781,122,LEAD,
9975,123,LEAD,
8647,76,LEAD,
9965,139,LEAD,
8644,91,ON_DEMAND_SUBSCRIPTION,2025-11-05 00:00:00+00:00
10714,123,WARM_LEAD,
10005,139,RECURRING_SUBSCRIPTION,2026-01-15 00:00:00+00:00
9901,75,RECURRING_SUBSCRIPTION,
11954,134,LEAD,
9928,94,LEAD,
9996,139,CHURN,
6362,73,ON_DEMAND_SUBSCRIPTION,2025-06-23 00:00:00+00:00
8162,77,RECURRING_SUBSCRIPTION,2025-12-03 00:00:00+00:00
5605,73,WARM_LEAD,2025-07-20 00:00:00+00:00
3112,44,FREEMIUM,
9857,17,LEAD,
8665,76,ON_DEMAND_SUBSCRIPTION,2026-03-01 00:00:00+00:00
8652,114,LEAD,
8666,114,WARM_LEAD,2025-11-17 00:00:00+00:00
8676,111,LEAD,
8687,115,LEAD,
8682,121,RECURRING_SUBSCRIPTION,2025-11-25 00:00:00+00:00
8651,95,LEAD,2025-10-23 00:00:00+00:00
8677,104,LEAD,
8660,121,LEAD,
6829,96,CHURN,2025-10-09 00:00:00+00:00
6887,96,TRIAL,2025-10-13 00:00:00+00:00
9619,77,LEAD,
5720,73,ON_DEMAND_SUBSCRIPTION,2025-05-30 00:00:00+00:00
8670,112,LEAD,
10715,153,LEAD,
9835,7,CHURN,2026-01-04 00:00:00+00:00
11514,1,CHURN,2026-04-19 00:00:00+00:00
7532,114,TRIAL,2025-11-03 00:00:00+00:00
8653,49,LEAD,
10624,73,WARM_LEAD,2026-02-22 00:00:00+00:00
5731,73,WARM_LEAD,2025-07-20 00:00:00+00:00
7995,121,WARM_LEAD,2025-10-12 00:00:00+00:00
11955,68,WARM_LEAD,
8691,11,LEAD,2025-11-23 00:00:00+00:00
8669,42,ON_DEMAND_SUBSCRIPTION,2025-10-12 00:00:00+00:00
8697,125,LEAD,
5442,73,WARM_LEAD,2025-07-20 00:00:00+00:00
8674,126,LEAD,
9631,66,LEAD,
1070,15,ON_DEMAND_SUBSCRIPTION,2025-12-11 00:00:00+00:00
2081,49,CHURN,2025-07-15 00:00:00+00:00
8684,91,LEAD,2026-04-24 00:00:00+00:00
8659,131,LEAD,
8675,126,LEAD,
10879,99,LEAD,
268,9,FREEMIUM,2024-02-25 00:00:00+00:00
5342,75,LEAD,
1940,6,FREEMIUM,
537,8,FREEMIUM,2025-03-09 00:00:00+00:00
8694,131,LEAD,
499,8,FREEMIUM,2025-08-03 00:00:00+00:00
8678,111,LEAD,
8680,93,LEAD,
10176,142,CHURN,
585,17,FREEMIUM,2024-02-04 00:00:00+00:00
5604,73,WARM_LEAD,2025-07-20 00:00:00+00:00
8701,111,WARM_LEAD,2025-10-19 00:00:00+00:00
11793,195,LEAD,
8672,121,WARM_LEAD,
8312,99,WARM_LEAD,2026-04-09 00:00:00+00:00
8199,99,LEAD,
8692,64,LEAD,
10873,99,LEAD,
9858,122,RECURRING_SUBSCRIPTION,
8708,123,LEAD,
8706,114,LEAD,2026-01-28 00:00:00+00:00
8673,122,TRIAL,2026-01-17 00:00:00+00:00
8757,56,LEAD,
8722,118,WARM_LEAD,2026-04-05 00:00:00+00:00
11691,66,LEAD,
8718,131,LEAD,
8707,49,LEAD,
9632,66,LEAD,
8743,92,WARM_LEAD,2025-10-15 00:00:00+00:00
8756,111,ON_DEMAND_SUBSCRIPTION,2025-10-17 00:00:00+00:00
8754,121,WARM_LEAD,
8720,131,LEAD,
10716,92,WARM_LEAD,
9902,91,RECURRING_SUBSCRIPTION,2026-01-18 00:00:00+00:00
8752,128,LEAD,
8700,121,TRIAL,2025-10-20 00:00:00+00:00
9836,91,WARM_LEAD,2026-01-04 00:00:00+00:00
8727,94,COLD_LEAD,
8749,128,LEAD,
8758,121,LEAD,2025-11-25 00:00:00+00:00
8730,127,WARM_LEAD,2025-10-12 00:00:00+00:00
9929,122,LEAD,
8731,127,WARM_LEAD,2025-10-19 00:00:00+00:00
8753,128,LEAD,
8729,127,LEAD,
8710,131,LEAD,
8728,127,WARM_LEAD,2025-10-19 00:00:00+00:00
8733,127,LEAD,
8734,127,LEAD,
8737,127,LEAD,
8744,7,COLD_LEAD,
8406,98,LEAD,
8711,131,LEAD,
11794,195,LEAD,
8739,127,LEAD,
8409,98,LEAD,
11956,205,LEAD,
8714,131,LEAD,
8704,122,RECURRING_SUBSCRIPTION,2025-10-17 00:00:00+00:00
11515,195,LEAD,
6162,73,TRIAL,2025-08-28 00:00:00+00:00
5746,73,WARM_LEAD,2025-07-20 00:00:00+00:00
1604,49,TRIAL,2024-09-19 00:00:00+00:00
5718,73,WARM_LEAD,2025-05-23 00:00:00+00:00
5603,73,WARM_LEAD,2025-07-20 00:00:00+00:00
5601,73,WARM_LEAD,2025-07-20 00:00:00+00:00
8656,73,LEAD,
8735,64,LEAD,
8745,16,LEAD,
8716,131,LEAD,
8775,114,ON_DEMAND_SUBSCRIPTION,2025-12-14 00:00:00+00:00
8767,111,LEAD,
10056,121,RECURRING_SUBSCRIPTION,2026-02-23 00:00:00+00:00
9831,121,RECURRING_SUBSCRIPTION,2026-03-23 00:00:00+00:00
11616,10,WARM_LEAD,
8408,98,LEAD,
4333,17,FREEMIUM,
10717,153,TRIAL,
8766,66,TRIAL,
11795,133,WARM_LEAD,
8760,131,LEAD,
9633,66,LEAD,
8768,111,LEAD,
9930,140,WARM_LEAD,2026-03-22 00:00:00+00:00
1871,16,RECURRING_SUBSCRIPTION,
11516,195,LEAD,
8759,56,LEAD,
9997,139,WARM_LEAD,
9976,139,LEAD,
11692,124,LEAD,
387,7,CHURN,2023-11-12 00:00:00+00:00
10020,96,LEAD,
5198,73,LEAD,
6802,96,RECURRING_SUBSCRIPTION,2026-01-14 00:00:00+00:00
8772,66,LEAD,
8773,66,LEAD,
8774,111,ON_DEMAND_SUBSCRIPTION,2025-11-16 00:00:00+00:00
997,1,WARM_LEAD,2025-12-28 00:00:00+00:00
71,4,CHURN,2023-07-16 00:00:00+00:00
9837,120,LEAD,
9966,139,LEAD,
8170,121,RECURRING_SUBSCRIPTION,2026-01-07 00:00:00+00:00
6143,73,RECURRING_SUBSCRIPTION,2025-12-01 00:00:00+00:00
8407,98,LEAD,2026-03-31 00:00:00+00:00
10045,104,TRIAL,2026-01-26 00:00:00+00:00
1230,8,FREEMIUM,2024-05-26 00:00:00+00:00
8401,98,LEAD,
9788,137,CHURN,2026-01-18 00:00:00+00:00
11957,75,TRIAL,
8761,125,WARM_LEAD,2026-03-08 00:00:00+00:00
10899,99,LEAD,
10900,99,LEAD,2026-03-02 00:00:00+00:00
10901,99,LEAD,
6483,75,WARM_LEAD,2025-07-06 00:00:00+00:00
10897,99,LEAD,
9599,133,LEAD,
8403,98,LEAD,
10063,138,LEAD,
10898,99,LEAD,
8469,99,LEAD,
8402,98,LEAD,
8398,8,LEAD,
5289,17,LEAD,
6274,73,WARM_LEAD,2025-07-20 00:00:00+00:00
8113,115,CHURN,2025-10-16 00:00:00+00:00
2077,54,RECURRING_SUBSCRIPTION,2026-04-20 00:00:00+00:00
8784,128,LEAD,
8803,114,LEAD,
8810,16,LEAD,
8809,66,RECURRING_SUBSCRIPTION,
8790,114,RECURRING_SUBSCRIPTION,2025-10-22 00:00:00+00:00
8794,92,LEAD,2025-10-27 00:00:00+00:00
8818,91,RECURRING_SUBSCRIPTION,2025-10-20 00:00:00+00:00
8825,94,COLD_LEAD,
8792,4,WARM_LEAD,2026-05-10 00:00:00+00:00
8813,16,RECURRING_SUBSCRIPTION,
8821,54,LEAD,
8826,122,ON_DEMAND_SUBSCRIPTION,2025-10-13 00:00:00+00:00
8822,114,WARM_LEAD,2026-03-29 00:00:00+00:00
8842,73,LEAD,
8795,4,COLD_LEAD,
9634,66,LEAD,
8788,131,LEAD,
8913,111,LEAD,
11693,124,LEAD,
11517,195,TRIAL,
8812,66,LEAD,
8815,66,LEAD,
8808,60,COLD_LEAD,
11796,117,LEAD,
8827,66,LEAD,
8797,104,WARM_LEAD,
6429,93,TRIAL,2025-11-02 00:00:00+00:00
8837,128,LEAD,
8806,115,LEAD,
1824,51,CHURN,2024-08-25 00:00:00+00:00
8798,131,WARM_LEAD,2025-11-17 00:00:00+00:00
8805,49,LEAD,
8828,114,WARM_LEAD,2026-05-28 00:00:00+00:00
11958,54,LEAD,
8787,7,COLD_LEAD,
8831,128,LEAD,
8782,104,WARM_LEAD,2025-10-29 00:00:00+00:00
8800,115,LEAD,
8820,115,LEAD,
6559,75,TRIAL,2025-08-18 00:00:00+00:00
3116,6,TRIAL,2025-03-19 00:00:00+00:00
8811,16,RECURRING_SUBSCRIPTION,
8912,126,ON_DEMAND_SUBSCRIPTION,2025-11-04 00:00:00+00:00
8786,73,WARM_LEAD,2025-10-19 00:00:00+00:00
10718,139,LEAD,
8832,128,WARM_LEAD,2026-03-03 00:00:00+00:00
8796,130,LEAD,
8824,66,LEAD,
8843,94,COLD_LEAD,
8830,128,RECURRING_SUBSCRIPTION,2025-10-23 00:00:00+00:00
8833,128,LEAD,
8834,128,LEAD,
8836,128,LEAD,
12122,140,WARM_LEAD,
8844,66,LEAD,
8845,66,LEAD,
8846,66,LEAD,
8848,127,LEAD,
8847,92,CHURN,2025-07-21 00:00:00+00:00
8904,114,LEAD,
11959,121,LEAD,
8877,119,LEAD,
11694,77,WARM_LEAD,
11797,123,WARM_LEAD,2026-05-03 00:00:00+00:00
8873,73,WARM_LEAD,2025-10-26 00:00:00+00:00
11518,195,LEAD,
12123,142,WARM_LEAD,
8849,127,LEAD,
8872,115,LEAD,2025-11-08 00:00:00+00:00
8893,111,LEAD,
9716,63,LEAD,
8470,98,LEAD,
8887,111,LEAD,
8881,123,LEAD,2025-12-09 00:00:00+00:00
8850,127,LEAD,
8888,111,LEAD,2025-10-23 00:00:00+00:00
8884,94,COLD_LEAD,
8885,66,LEAD,
8874,91,WARM_LEAD,2025-10-19 00:00:00+00:00
8876,120,LEAD,
8855,61,LEAD,
8910,126,LEAD,2025-11-08 00:00:00+00:00
8908,126,LEAD,
8878,118,LEAD,
8890,111,LEAD,
8883,94,COLD_LEAD,
8852,127,LEAD,
3887,9,FREEMIUM,
8853,127,LEAD,
8854,127,LEAD,
8856,127,LEAD,
8857,127,LEAD,
8858,127,LEAD,
9635,66,LEAD,2025-12-18 00:00:00+00:00
9636,66,LEAD,
7625,114,TRIAL,2025-10-27 00:00:00+00:00
8791,111,LEAD,2025-11-30 00:00:00+00:00
8914,126,LEAD,
8919,126,LEAD,
8924,126,LEAD,
8942,56,LEAD,
8918,68,LEAD,
8935,68,LEAD,
8953,91,LEAD,
8940,111,LEAD,
11519,195,LEAD,
8951,4,COLD_LEAD,
8972,73,LEAD,
1231,17,CHURN,2024-05-26 00:00:00+00:00
8921,121,LEAD,
8947,111,LEAD,
8933,126,LEAD,2025-11-25 00:00:00+00:00
8967,94,WARM_LEAD,2025-11-09 00:00:00+00:00
11695,77,LEAD,
8965,7,COLD_LEAD,
160,6,FREEMIUM,
8911,126,WARM_LEAD,2025-11-02 00:00:00+00:00
2831,6,FREEMIUM,
8938,115,LEAD,
8932,122,WARM_LEAD,
8925,131,WARM_LEAD,2025-11-03 00:00:00+00:00
8916,121,LEAD,
9665,122,WARM_LEAD,2025-12-14 00:00:00+00:00
8948,121,WARM_LEAD,2025-12-23 00:00:00+00:00
11798,77,LEAD,
97,6,FREEMIUM,
3130,9,FREEMIUM,
8966,121,LEAD,
8934,48,LEAD,
8971,121,LEAD,
312,8,FREEMIUM,2023-09-17 00:00:00+00:00
7885,99,TRIAL,
8941,42,LEAD,
6286,75,RECURRING_SUBSCRIPTION,2025-08-11 00:00:00+00:00
12124,139,LEAD,
8807,115,CHURN,2025-11-26 00:00:00+00:00
8963,42,LEAD,
7295,104,TRIAL,2025-10-24 00:00:00+00:00
9838,114,LEAD,
11960,120,LEAD,
1664,7,CHURN,2026-02-15 00:00:00+00:00
8969,73,LEAD,
8952,66,RECURRING_SUBSCRIPTION,
8950,73,LEAD,
8961,7,WARM_LEAD,2025-11-09 00:00:00+00:00
8923,73,LEAD,
8949,73,LEAD,
8956,64,LEAD,
8962,66,LEAD,
7106,98,WARM_LEAD,2025-10-25 00:00:00+00:00
10719,153,WARM_LEAD,
8994,133,LEAD,
8975,71,LEAD,
8974,16,LEAD,
3127,8,FREEMIUM,2026-04-19 00:00:00+00:00
8976,71,LEAD,
9022,118,LEAD,
9004,126,LEAD,2026-03-08 00:00:00+00:00
1948,52,TRIAL,2024-08-26 00:00:00+00:00
8995,128,LEAD,2025-11-11 00:00:00+00:00
8996,66,LEAD,
9032,75,LEAD,
10720,66,LEAD,
11520,41,WARM_LEAD,2026-04-22 00:00:00+00:00
9014,41,LEAD,
1146,8,FREEMIUM,2025-03-19 00:00:00+00:00
11961,92,LEAD,
9008,73,LEAD,
9000,92,LEAD,
9029,114,LEAD,
8523,77,WARM_LEAD,2026-01-11 00:00:00+00:00
1341,9,FREEMIUM,
3111,8,FREEMIUM,2025-02-13 00:00:00+00:00
146,8,FREEMIUM,2023-08-06 00:00:00+00:00
1805,51,TRIAL,2024-08-21 00:00:00+00:00
9015,71,LEAD,
8526,98,LEAD,
9039,73,LEAD,
8880,91,RECURRING_SUBSCRIPTION,2025-11-13 00:00:00+00:00
6203,8,LEAD,
107,6,FREEMIUM,
2890,6,FREEMIUM,
9019,17,LEAD,
9011,131,LEAD,
9012,76,LEAD,
9023,131,LEAD,
9031,131,LEAD,
9038,73,LEAD,
12125,44,LEAD,
8981,131,WARM_LEAD,
8954,94,WARM_LEAD,2025-11-02 00:00:00+00:00
11799,134,LEAD,
9025,121,WARM_LEAD,2025-11-09 00:00:00+00:00
11696,195,LEAD,
11617,122,LEAD,
8999,123,LEAD,
8997,130,LEAD,
9016,130,LEAD,
9006,125,LEAD,
9009,130,LEAD,
9021,130,LEAD,
10936,99,LEAD,
10927,99,LEAD,
10928,99,LEAD,
10944,99,LEAD,
9036,94,COLD_LEAD,
9033,64,LEAD,
9048,126,RECURRING_SUBSCRIPTION,2025-12-02 00:00:00+00:00
10021,96,LEAD,
8973,16,WARM_LEAD,2025-12-28 00:00:00+00:00
1977,52,FREEMIUM,
9041,112,LEAD,
9059,71,LEAD,
9064,129,LEAD,
11521,195,RECURRING_SUBSCRIPTION,
9060,66,RECURRING_SUBSCRIPTION,
9052,111,RECURRING_SUBSCRIPTION,2025-11-10 00:00:00+00:00
2353,53,FREEMIUM,
9070,111,LEAD,
9637,66,LEAD,
9055,128,CHURN,2025-11-03 00:00:00+00:00
8209,123,FROZEN,2025-09-23 00:00:00+00:00
9053,121,LEAD,
10706,7,CHURN,2026-03-01 00:00:00+00:00
9063,66,LEAD,
9769,123,LEAD,
9044,94,WARM_LEAD,2025-11-09 00:00:00+00:00
9839,66,LEAD,
2061,17,FREEMIUM,
9071,104,LEAD,
11618,123,LEAD,
11697,134,LEAD,
9058,71,LEAD,
8531,98,CHURN,2025-10-02 00:00:00+00:00
9065,122,WARM_LEAD,2025-12-18 00:00:00+00:00
9040,92,LEAD,
9047,130,LEAD,
6597,76,FROZEN,2025-07-15 00:00:00+00:00
9057,130,LEAD,
8543,77,WARM_LEAD,2026-03-15 00:00:00+00:00
211,94,CHURN,2026-03-08 00:00:00+00:00
9977,139,CHURN,2026-01-18 00:00:00+00:00
9073,130,LEAD,
11962,122,LEAD,
11800,63,LEAD,
9049,1,COLD_LEAD,
9061,94,COLD_LEAD,
10971,99,LEAD,
9998,139,LEAD,
9931,139,LEAD,
1982,51,TRIAL,2024-09-01 00:00:00+00:00
9814,137,CHURN,2026-01-13 00:00:00+00:00
10977,99,LEAD,
7926,11,CHURN,2025-11-30 00:00:00+00:00
2063,6,RECURRING_SUBSCRIPTION,2024-10-08 00:00:00+00:00
9072,75,LEAD,
9051,115,LEAD,
12126,272,LEAD,2026-06-17 00:00:00+00:00
9043,11,LEAD,
1983,52,TRIAL,2024-09-10 00:00:00+00:00
6287,52,TRIAL,2025-09-08 00:00:00+00:00
10006,94,LEAD,
2096,17,CHURN,2024-10-20 00:00:00+00:00
9978,133,LEAD,
10057,139,TRIAL,2026-01-25 00:00:00+00:00
9078,91,ON_DEMAND_SUBSCRIPTION,2025-11-07 00:00:00+00:00
9083,104,LEAD,
3069,64,TRIAL,2025-06-02 00:00:00+00:00
2797,64,TRIAL,2025-04-21 00:00:00+00:00
11698,111,WARM_LEAD,2026-04-24 00:00:00+00:00
2879,64,TRIAL,2025-03-15 00:00:00+00:00
2798,64,TRIAL,2025-03-20 00:00:00+00:00
2859,64,TRIAL,2025-07-16 00:00:00+00:00
5565,64,TRIAL,2025-05-20 00:00:00+00:00
6222,64,TRIAL,2025-10-19 00:00:00+00:00
3118,64,TRIAL,2025-02-24 00:00:00+00:00
6536,64,TRIAL,2025-07-22 00:00:00+00:00
6511,64,TRIAL,2025-10-06 00:00:00+00:00
9074,42,WARM_LEAD,2025-11-09 00:00:00+00:00
9080,66,LEAD,
10022,96,LEAD,
10721,77,WARM_LEAD,
9914,114,WARM_LEAD,2026-01-12 00:00:00+00:00
9728,47,WARM_LEAD,2026-01-11 00:00:00+00:00
9076,128,TRIAL,2026-01-29 00:00:00+00:00
7378,98,ON_DEMAND_SUBSCRIPTION,2025-12-20 00:00:00+00:00
9082,122,TRIAL,2025-11-06 00:00:00+00:00
9903,66,LEAD,
11619,122,LEAD,
1040,7,CHURN,2025-12-23 00:00:00+00:00
10064,66,LEAD,2026-02-03 00:00:00+00:00
9086,91,WARM_LEAD,
11963,121,RECURRING_SUBSCRIPTION,
11522,195,LEAD,
9973,63,LEAD,
361,4,CHURN,2023-10-22 00:00:00+00:00
8073,114,ON_DEMAND_SUBSCRIPTION,2025-11-21 00:00:00+00:00
9999,139,ON_DEMAND_SUBSCRIPTION,
9805,137,CHURN,2026-01-12 00:00:00+00:00
11801,8,LEAD,
10963,99,LEAD,
9770,92,LEAD,
2985,8,RECURRING_SUBSCRIPTION,2025-01-19 00:00:00+00:00
9638,42,LEAD,
1338,9,FREEMIUM,
9670,4,LEAD,2026-01-10 00:00:00+00:00
12127,134,LEAD,
9967,66,LEAD,
9957,139,LEAD,
10046,139,LEAD,
10071,66,TRIAL,
9091,112,LEAD,
9088,104,LEAD,
9100,128,LEAD,
9120,92,LEAD,
9101,128,LEAD,
8030,114,LEAD,2025-11-04 00:00:00+00:00
9133,131,LEAD,
9123,42,LEAD,
9102,128,WARM_LEAD,2026-01-25 00:00:00+00:00
9116,130,LEAD,
7149,95,TRIAL,2025-11-20 00:00:00+00:00
9111,128,WARM_LEAD,2026-04-01 00:00:00+00:00
9103,128,LEAD,
9104,128,LEAD,
9105,128,LEAD,
11964,205,WARM_LEAD,
10722,77,LEAD,
9204,104,TRIAL,2026-02-15 00:00:00+00:00
8182,123,RECURRING_SUBSCRIPTION,2025-11-04 00:00:00+00:00
9136,122,LEAD,
9132,130,LEAD,
93,4,CHURN,2023-07-16 00:00:00+00:00
9137,91,LEAD,
9087,73,LEAD,
464,15,FREEMIUM,2025-03-31 00:00:00+00:00
12128,140,LEAD,
9379,115,TRIAL,2026-01-14 00:00:00+00:00
11802,112,LEAD,
8561,97,LEAD,
9117,66,LEAD,
4335,17,FREEMIUM,
9319,111,WARM_LEAD,2025-12-14 00:00:00+00:00
2079,54,FREEMIUM,2025-01-19 00:00:00+00:00
9090,122,LEAD,
4339,17,FREEMIUM,
7948,123,CHURN,2025-12-16 00:00:00+00:00
4340,17,FREEMIUM,
9135,121,WARM_LEAD,2025-11-16 00:00:00+00:00
10399,139,RECURRING_SUBSCRIPTION,2026-03-01 00:00:00+00:00
3977,17,FREEMIUM,
1663,8,FREEMIUM,
6205,8,FREEMIUM,2025-10-20 00:00:00+00:00
8562,52,LEAD,
3978,17,FREEMIUM,
3487,44,FREEMIUM,
9140,1,LEAD,
9141,1,LEAD,
2668,4,COLD_LEAD,2023-07-19 00:00:00+00:00
7977,122,WARM_LEAD,2025-11-08 00:00:00+00:00
9200,121,RECURRING_SUBSCRIPTION,2025-11-14 00:00:00+00:00
9194,123,LEAD,
9168,73,ON_DEMAND_SUBSCRIPTION,
9178,73,LEAD,
9183,122,ON_DEMAND_SUBSCRIPTION,2025-11-24 00:00:00+00:00
9197,121,LEAD,
9199,104,WARM_LEAD,
2078,54,RECURRING_SUBSCRIPTION,2024-09-23 00:00:00+00:00
12129,114,LEAD,
11620,92,WARM_LEAD,2026-04-19 00:00:00+00:00
9189,92,LEAD,
9186,91,LEAD,
9180,76,LEAD,
9378,76,TRIAL,2026-01-18 00:00:00+00:00
9184,128,WARM_LEAD,2025-11-16 00:00:00+00:00
9170,130,LEAD,
9187,125,LEAD,
11699,125,TRIAL,
11803,142,LEAD,
11965,41,LEAD,
9190,94,CHURN,2025-11-16 00:00:00+00:00
9176,1,CHURN,2025-11-16 00:00:00+00:00
9177,73,LEAD,
9142,131,LEAD,
10723,77,LEAD,
9143,131,LEAD,
11523,195,LEAD,
9201,111,WARM_LEAD,2025-11-29 00:00:00+00:00
9377,68,RECURRING_SUBSCRIPTION,2025-11-24 00:00:00+00:00
398,8,FREEMIUM,
3108,8,FREEMIUM,2025-08-15 00:00:00+00:00
9144,131,LEAD,
9196,66,RECURRING_SUBSCRIPTION,2026-01-01 00:00:00+00:00
9145,131,LEAD,
9146,131,LEAD,
9147,131,LEAD,
9191,16,LEAD,
9206,104,LEAD,
12130,195,LEAD,
11700,1,LEAD,
9242,92,LEAD,
9247,104,TRIAL,2026-01-25 00:00:00+00:00
9232,91,LEAD,
9219,91,LEAD,
9218,133,ON_DEMAND_SUBSCRIPTION,2026-01-18 00:00:00+00:00
9213,121,RECURRING_SUBSCRIPTION,2025-11-14 00:00:00+00:00
9208,128,LEAD,
11966,139,LEAD,
751,15,FREEMIUM,2025-03-31 00:00:00+00:00
2083,54,FREEMIUM,
9248,41,LEAD,
9210,114,WARM_LEAD,2025-11-30 00:00:00+00:00
9244,130,LEAD,
9221,94,CHURN,
8793,131,LEAD,2025-11-07 00:00:00+00:00
9216,61,LEAD,
2082,54,FREEMIUM,
9240,66,LEAD,
11524,195,LEAD,
9207,104,WARM_LEAD,2025-11-16 00:00:00+00:00
354,8,FREEMIUM,2023-10-15 00:00:00+00:00
9212,104,LEAD,
1021,44,CHURN,2024-04-21 00:00:00+00:00
9214,104,LEAD,
9205,104,RECURRING_SUBSCRIPTION,
9215,104,RECURRING_SUBSCRIPTION,
9182,104,TRIAL,2025-12-03 00:00:00+00:00
9223,94,CHURN,2025-12-07 00:00:00+00:00
9246,104,LEAD,
9209,115,LEAD,
1320,9,FREEMIUM,
9174,111,WARM_LEAD,
1711,9,FREEMIUM,
9260,126,LEAD,2026-01-25 00:00:00+00:00
9231,121,LEAD,
9712,53,WARM_LEAD,2025-12-21 00:00:00+00:00
9211,133,LEAD,
9237,94,LEAD,
9250,117,LEAD,
9256,126,LEAD,
9257,126,LEAD,
9258,126,LEAD,
9239,66,RECURRING_SUBSCRIPTION,
9259,126,LEAD,
9261,126,LEAD,
9233,122,ON_DEMAND_SUBSCRIPTION,2025-11-20 00:00:00+00:00
8573,77,LEAD,
9227,122,TRIAL,2025-11-13 00:00:00+00:00
9224,123,LEAD,
9226,121,LEAD,
9285,104,LEAD,
8598,77,LEAD,
9273,122,ON_DEMAND_SUBSCRIPTION,2025-11-20 00:00:00+00:00
9290,121,ON_DEMAND_SUBSCRIPTION,2025-11-17 00:00:00+00:00
9288,94,COLD_LEAD,
9236,121,WARM_LEAD,2025-11-23 00:00:00+00:00
9282,122,LEAD,
11967,195,WARM_LEAD,
9301,118,RECURRING_SUBSCRIPTION,2026-01-04 00:00:00+00:00
6523,91,RECURRING_SUBSCRIPTION,2025-11-23 00:00:00+00:00
9274,41,WARM_LEAD,2026-03-22 00:00:00+00:00
9295,41,LEAD,
9293,104,LEAD,
9272,42,LEAD,
10725,77,RECURRING_SUBSCRIPTION,
11525,195,LEAD,
11804,77,LEAD,
9303,56,LEAD,
9297,56,WARM_LEAD,2025-11-23 00:00:00+00:00
11701,122,RECURRING_SUBSCRIPTION,
9304,56,LEAD,
9277,114,LEAD,2025-11-23 00:00:00+00:00
12131,42,LEAD,
9294,114,LEAD,
9278,49,LEAD,
9264,126,RECURRING_SUBSCRIPTION,
9286,115,LEAD,
9287,115,LEAD,
9279,91,LEAD,2026-04-25 00:00:00+00:00
9230,123,RECURRING_SUBSCRIPTION,2026-01-07 00:00:00+00:00
1521,15,ON_DEMAND_SUBSCRIPTION,2025-01-24 00:00:00+00:00
9296,42,LEAD,
9289,120,RECURRING_SUBSCRIPTION,2025-11-17 00:00:00+00:00
9313,56,WARM_LEAD,2025-11-23 00:00:00+00:00
9280,93,LEAD,
11621,94,WARM_LEAD,2026-04-26 00:00:00+00:00
3571,8,FREEMIUM,
156,8,FREEMIUM,2023-09-17 00:00:00+00:00
9262,126,LEAD,
9263,126,LEAD,
9265,126,LEAD,
9266,126,LEAD,
9267,126,LEAD,
9284,131,LEAD,
9268,126,LEAD,
9271,131,LEAD,
1887,6,FREEMIUM,
8599,8,LEAD,
2060,52,CHURN,2024-12-06 00:00:00+00:00
9360,96,ON_DEMAND_SUBSCRIPTION,2025-11-26 00:00:00+00:00
9354,76,LEAD,
8591,51,LEAD,
9364,91,LEAD,
9324,68,WARM_LEAD,2026-04-28 00:00:00+00:00
2085,54,TRIAL,2024-10-01 00:00:00+00:00
9363,130,LEAD,
9320,124,RECURRING_SUBSCRIPTION,2025-11-21 00:00:00+00:00
62,4,CHURN,2023-07-16 05:00:00+00:00
9366,76,WARM_LEAD,
11526,195,LEAD,
9326,133,WARM_LEAD,2026-03-22 00:00:00+00:00
9370,124,LEAD,
9341,42,LEAD,
10726,8,RECURRING_SUBSCRIPTION,
9321,133,LEAD,
8617,52,LEAD,
12132,195,LEAD,
9343,111,LEAD,
8621,63,LEAD,
9357,76,LEAD,
9347,76,WARM_LEAD,2026-01-18 00:00:00+00:00
11702,92,LEAD,
9355,91,LEAD,
3979,17,FREEMIUM,
9362,121,CHURN,2025-11-23 00:00:00+00:00
4337,17,FREEMIUM,2025-12-17 00:00:00+00:00
9323,73,LEAD,
8882,73,RECURRING_SUBSCRIPTION,2025-11-20 00:00:00+00:00
11805,54,LEAD,
10852,99,LEAD,
9368,133,RECURRING_SUBSCRIPTION,2025-11-24 00:00:00+00:00
1989,17,FREEMIUM,
4054,17,FREEMIUM,
10853,99,LEAD,
10854,99,LEAD,
10855,99,LEAD,
9035,121,CHURN,2025-11-19 00:00:00+00:00
10856,99,LEAD,
10857,99,LEAD,
10858,99,LEAD,2026-02-27 00:00:00+00:00
4284,17,FREEMIUM,
9348,111,CHURN,2025-12-05 00:00:00+00:00
9447,121,RECURRING_SUBSCRIPTION,2025-11-30 00:00:00+00:00
9322,133,LEAD,
9340,123,LEAD,
9390,122,LEAD,
9380,120,LEAD,
9406,71,LEAD,
9396,131,LEAD,
9389,121,TRIAL,2025-12-28 00:00:00+00:00
8618,63,WARM_LEAD,2025-10-12 00:00:00+00:00
10727,77,LEAD,
8596,63,TRIAL,2025-10-29 00:00:00+00:00
11968,195,LEAD,
9407,50,LEAD,
9855,77,RECURRING_SUBSCRIPTION,2026-01-27 00:00:00+00:00
11527,195,ON_DEMAND_SUBSCRIPTION,
8623,51,LEAD,
11703,8,LEAD,
7324,104,TRIAL,2025-11-30 00:00:00+00:00
9408,67,LEAD,
8624,52,LEAD,
8620,63,LEAD,
9382,76,TRIAL,2025-11-22 00:00:00+00:00
7306,104,WARM_LEAD,2026-01-18 00:00:00+00:00
12133,134,LEAD,
9387,115,LEAD,
8627,52,LEAD,
9391,42,LEAD,
9413,92,RECURRING_SUBSCRIPTION,2025-12-16 00:00:00+00:00
9392,71,LEAD,
9393,71,LEAD,
9094,128,RECURRING_SUBSCRIPTION,
9399,126,LEAD,
8622,63,LEAD,
9401,71,LEAD,
9402,71,LEAD,
9403,71,LEAD,
9404,66,LEAD,
9405,66,LEAD,
4286,17,FREEMIUM,
9476,133,RECURRING_SUBSCRIPTION,2025-12-21 00:00:00+00:00
4287,17,FREEMIUM,
9420,41,LEAD,
11806,122,LEAD,
4291,17,FREEMIUM,
9427,128,LEAD,
9394,125,LEAD,
10845,99,LEAD,
9383,99,LEAD,
3965,17,FREEMIUM,
3494,44,FREEMIUM,
9426,48,LEAD,
9395,125,LEAD,
10859,99,LEAD,
10860,99,LEAD,
10863,99,LEAD,
99,6,ON_DEMAND_SUBSCRIPTION,2024-04-29 00:00:00+00:00
438,15,CHURN,2023-12-10 00:00:00+00:00
473,16,RECURRING_SUBSCRIPTION,2025-11-25 00:00:00+00:00
6881,96,RECURRING_SUBSCRIPTION,2025-10-29 00:00:00+00:00
9883,111,WARM_LEAD,2026-01-07 00:00:00+00:00
9639,131,LEAD,
8115,122,RECURRING_SUBSCRIPTION,2025-12-14 00:00:00+00:00
9435,133,LEAD,
73,4,CHURN,2023-07-16 00:00:00+00:00
8632,63,LEAD,
9440,104,RECURRING_SUBSCRIPTION,2025-11-23 00:00:00+00:00
11704,6,LEAD,
9469,42,LEAD,
9442,104,LEAD,
9453,122,LEAD,
9432,91,LEAD,
9458,123,WARM_LEAD,2026-01-25 00:00:00+00:00
6672,8,LEAD,
9439,125,LEAD,
9840,61,LEAD,
9455,122,LEAD,
9465,104,WARM_LEAD,2025-11-30 00:00:00+00:00
3967,17,FREEMIUM,
1788,4,CHURN,2024-08-18 00:00:00+00:00
9448,122,WARM_LEAD,
3971,17,FREEMIUM,
10030,77,LEAD,
9470,122,LEAD,
9467,66,LEAD,
9474,127,LEAD,
3980,17,FREEMIUM,
8630,63,LEAD,
8631,62,LEAD,
2556,62,TRIAL,2024-11-20 00:00:00+00:00
11528,195,TRIAL,2026-05-31 00:00:00+00:00
9462,94,WARM_LEAD,2025-12-07 00:00:00+00:00
11807,17,WARM_LEAD,
9468,115,LEAD,
8638,97,LEAD,
10881,99,LEAD,
10882,99,LEAD,
12134,140,WARM_LEAD,
10883,99,LEAD,
9460,1,LEAD,2023-08-20 00:00:00+00:00
10891,99,LEAD,
8613,53,WARM_LEAD,2025-10-09 00:00:00+00:00
1892,52,CHURN,2025-07-09 00:00:00+00:00
9475,66,LEAD,
5508,8,TRIAL,2025-05-01 00:00:00+00:00
6580,8,ON_DEMAND_SUBSCRIPTION,2025-11-07 00:00:00+00:00
6159,9,LEAD,
9860,66,LEAD,
6581,9,LEAD,
9904,66,LEAD,
9438,133,LEAD,
3983,17,FREEMIUM,
9487,91,LEAD,
9482,114,WARM_LEAD,2025-12-01 00:00:00+00:00
10047,140,WARM_LEAD,
4012,17,ON_DEMAND_SUBSCRIPTION,2026-04-21 00:00:00+00:00
7973,122,WARM_LEAD,2025-12-02 00:00:00+00:00
8645,98,LEAD,
10090,140,RECURRING_SUBSCRIPTION,
1183,47,CHURN,2025-05-10 00:00:00+00:00
11529,195,LEAD,
9481,104,LEAD,
9812,42,LEAD,
1451,42,WARM_LEAD,2025-11-26 00:00:00+00:00
9484,66,LEAD,
3988,17,FREEMIUM,
8892,111,RECURRING_SUBSCRIPTION,2025-10-23 00:00:00+00:00
9485,66,RECURRING_SUBSCRIPTION,
9667,125,LEAD,
9483,66,RECURRING_SUBSCRIPTION,
9486,66,LEAD,
8394,111,RECURRING_SUBSCRIPTION,2026-04-07 00:00:00+00:00
9841,68,WARM_LEAD,2026-01-07 00:00:00+00:00
9017,94,CHURN,2025-12-04 00:00:00+00:00
8589,111,WARM_LEAD,2026-01-25 00:00:00+00:00
8823,94,CHURN,2025-11-02 00:00:00+00:00
3992,17,FREEMIUM,
189,7,CHURN,2025-04-06 00:00:00+00:00
8195,7,CHURN,2025-10-12 00:00:00+00:00
9810,115,TRIAL,
9699,56,CHURN,2025-12-21 00:00:00+00:00
9479,133,ON_DEMAND_SUBSCRIPTION,2025-12-18 00:00:00+00:00
11706,6,LEAD,
11705,6,WARM_LEAD,
9478,73,ON_DEMAND_SUBSCRIPTION,2025-12-14 00:00:00+00:00
10103,140,WARM_LEAD,2026-02-08 00:00:00+00:00
11808,17,WARM_LEAD,
10893,99,LEAD,
9968,141,LEAD,
10032,140,LEAD,
8814,66,RECURRING_SUBSCRIPTION,
10095,140,LEAD,
3078,11,CHURN,2025-12-21 00:00:00+00:00
6408,8,TRIAL,2025-07-27 00:00:00+00:00
9640,115,WARM_LEAD,2025-12-14 00:00:00+00:00
7656,9,LEAD,
6352,9,CHURN,2025-09-08 00:00:00+00:00
6673,8,CHURN,2025-08-15 00:00:00+00:00
9990,139,LEAD,
6360,6,CHURN,2025-07-09 00:00:00+00:00
9490,96,LEAD,
9522,134,LEAD,
9488,112,LEAD,2025-11-30 00:00:00+00:00
9508,111,LEAD,
488,15,CHURN,2023-12-17 00:00:00+00:00
9493,120,LEAD,
10730,77,LEAD,
9518,71,LEAD,
9530,134,FROZEN,2025-12-21 00:00:00+00:00
2976,7,CHURN,2025-12-16 00:00:00+00:00
9492,104,LEAD,
8193,52,ON_DEMAND_SUBSCRIPTION,2025-10-15 00:00:00+00:00
9495,94,LEAD,
9520,134,LEAD,
7915,121,LEAD,2025-11-28 00:00:00+00:00
9506,122,RECURRING_SUBSCRIPTION,2025-12-07 00:00:00+00:00
9521,134,LEAD,
9497,7,LEAD,
4330,17,FREEMIUM,
9503,120,TRIAL,2026-01-25 00:00:00+00:00
9501,104,WARM_LEAD,
5445,60,CHURN,2025-12-01 00:00:00+00:00
9527,134,LEAD,
9498,104,RECURRING_SUBSCRIPTION,2025-12-07 00:00:00+00:00
11707,8,LEAD,
9494,133,TRIAL,2026-01-16 00:00:00+00:00
8663,52,LEAD,
1815,53,CHURN,2025-10-13 00:00:00+00:00
9509,133,LEAD,
9511,71,LEAD,
9512,71,LEAD,
9513,16,LEAD,
9514,71,LEAD,
9529,134,LEAD,
4010,17,FREEMIUM,
7627,117,LEAD,
9531,134,LEAD,
11809,92,LEAD,
7275,8,LEAD,
8664,62,LEAD,
10888,99,LEAD,
10894,99,LEAD,
9526,135,LEAD,
4016,17,FREEMIUM,
2120,54,FREEMIUM,
10896,99,LEAD,
4019,17,FREEMIUM,
10902,99,LEAD,
11969,169,LEAD,
9510,94,WARM_LEAD,2025-12-07 00:00:00+00:00
9491,133,TRIAL,
12135,123,LEAD,
9505,133,TRIAL,
7092,6,LEAD,
7120,6,LEAD,
10689,6,RECURRING_SUBSCRIPTION,
6937,8,LEAD,
1681,15,RECURRING_SUBSCRIPTION,2025-12-01 00:00:00+00:00
8690,63,LEAD,
7419,77,WARM_LEAD,2025-12-28 00:00:00+00:00
9523,134,WARM_LEAD,2025-12-07 00:00:00+00:00
9542,91,RECURRING_SUBSCRIPTION,2025-12-02 00:00:00+00:00
8698,98,WARM_LEAD,2025-10-19 00:00:00+00:00
9538,135,CHURN,
9543,73,LEAD,
8741,63,WARM_LEAD,2025-10-14 00:00:00+00:00
9540,96,LEAD,
8804,77,RECURRING_SUBSCRIPTION,2025-10-20 00:00:00+00:00
9537,133,LEAD,
9361,133,ON_DEMAND_SUBSCRIPTION,
9544,133,LEAD,
8738,63,LEAD,
11531,195,LEAD,
9283,94,WARM_LEAD,2025-12-07 00:00:00+00:00
1622,94,CHURN,2025-12-24 00:00:00+00:00
2664,63,RECURRING_SUBSCRIPTION,2025-09-09 00:00:00+00:00
7361,104,RECURRING_SUBSCRIPTION,2026-04-13 00:00:00+00:00
11970,220,LEAD,
12136,77,LEAD,
9519,134,TRIAL,2025-12-07 00:00:00+00:00
9528,134,CHURN,2025-12-07 00:00:00+00:00
4020,17,FREEMIUM,
4021,17,FREEMIUM,
4025,17,FREEMIUM,
4028,17,FREEMIUM,
8799,63,LEAD,
4029,17,FREEMIUM,
4030,17,FREEMIUM,
8789,98,WARM_LEAD,2025-11-03 00:00:00+00:00
4034,17,FREEMIUM,2025-12-17 00:00:00+00:00
8927,98,LEAD,
2131,54,FREEMIUM,
5828,76,TRIAL,2025-12-01 00:00:00+00:00
4036,17,FREEMIUM,
2117,54,FREEMIUM,
4037,17,FREEMIUM,
4039,17,FREEMIUM,
11708,6,LEAD,
3045,15,ON_DEMAND_SUBSCRIPTION,2025-12-05 00:00:00+00:00
8689,97,LEAD,
8683,52,LEAD,
8751,52,LEAD,
8762,51,LEAD,
6938,8,LEAD,
6971,8,LEAD,
7060,75,LEAD,
7163,8,ON_DEMAND_SUBSCRIPTION,2025-09-08 00:00:00+00:00
8763,51,LEAD,
8764,51,LEAD,
8765,51,LEAD,
8705,97,LEAD,
9555,104,WARM_LEAD,2025-12-03 00:00:00+00:00
9556,130,LEAD,
9557,134,TRIAL,
4041,17,FREEMIUM,
9002,63,TRIAL,2025-11-02 00:00:00+00:00
2128,54,RECURRING_SUBSCRIPTION,2025-10-01 00:00:00+00:00
2107,15,TRIAL,2024-09-15 00:00:00+00:00
8982,98,LEAD,
9558,92,TRIAL,2026-03-19 00:00:00+00:00
2148,54,LEAD,
9545,68,LEAD,
9546,68,LEAD,
9547,68,LEAD,
9548,68,LEAD,
9151,131,CHURN,2025-12-07 00:00:00+00:00
9150,131,RECURRING_SUBSCRIPTION,2025-11-10 00:00:00+00:00
11532,195,LEAD,
9554,123,LEAD,
2140,54,CHURN,2025-03-05 00:00:00+00:00
9551,122,TRIAL,2025-12-03 00:00:00+00:00
9185,8,CHURN,2026-03-16 00:00:00+00:00
9553,121,RECURRING_SUBSCRIPTION,
2194,17,FREEMIUM,
3208,44,RECURRING_SUBSCRIPTION,2026-05-04 00:00:00+00:00
9552,76,LEAD,
4043,17,FREEMIUM,
11709,6,LEAD,2026-04-24 00:00:00+00:00
4044,17,FREEMIUM,
4045,17,FREEMIUM,
11810,176,LEAD,
4046,17,FREEMIUM,
4047,17,FREEMIUM,
8970,97,LEAD,
9037,63,LEAD,
1408,7,CHURN,2025-10-30 00:00:00+00:00
2187,54,TRIAL,2024-10-14 00:00:00+00:00
4048,17,FREEMIUM,
4049,17,FREEMIUM,
9024,63,LEAD,
10731,77,LEAD,
11971,195,WARM_LEAD,
8977,53,WARM_LEAD,
9030,98,LEAD,
9685,134,CHURN,2026-02-05 00:00:00+00:00
9054,98,WARM_LEAD,
9956,98,LEAD,
9081,77,LEAD,
11623,195,LEAD,
8979,1,CHURN,2025-12-21 00:00:00+00:00
8968,51,LEAD,
9707,75,LEAD,
7441,9,LEAD,
8127,75,LEAD,
7482,8,LEAD,
270,6,FREEMIUM,2023-09-10 00:00:00+00:00
9708,8,LEAD,
10059,139,RECURRING_SUBSCRIPTION,
7504,104,ON_DEMAND_SUBSCRIPTION,2026-01-11 00:00:00+00:00
9913,77,LEAD,2026-01-08 00:00:00+00:00
10073,126,WARM_LEAD,2026-01-25 00:00:00+00:00
9989,98,LEAD,
11710,6,LEAD,
4052,17,FREEMIUM,
10033,96,LEAD,
12137,140,LEAD,
9564,66,RECURRING_SUBSCRIPTION,
10129,92,LEAD,
9561,123,LEAD,
7021,96,LEAD,2026-01-16 00:00:00+00:00
9565,66,LEAD,
9641,91,CHURN,
10911,99,LEAD,
8736,127,WARM_LEAD,2025-12-07 00:00:00+00:00
7235,68,WARM_LEAD,2026-01-04 00:00:00+00:00
9772,111,WARM_LEAD,2025-12-28 00:00:00+00:00
9652,121,RECURRING_SUBSCRIPTION,2026-01-19 00:00:00+00:00
11530,195,TRIAL,
7931,121,ON_DEMAND_SUBSCRIPTION,2025-12-28 00:00:00+00:00
10912,99,LEAD,
10913,99,LEAD,
853,11,TRIAL,2025-12-28 00:00:00+00:00
11811,140,RECURRING_SUBSCRIPTION,
10074,53,LEAD,
4056,17,FREEMIUM,
9563,115,LEAD,
11624,51,LEAD,
7911,6,LEAD,
8539,6,LEAD,
10099,140,LEAD,
276,7,CHURN,2026-02-01 00:00:00+00:00
3034,9,RECURRING_SUBSCRIPTION,2025-03-09 00:00:00+00:00
8023,6,WARM_LEAD,2026-03-01 00:00:00+00:00
5341,75,RECURRING_SUBSCRIPTION,2025-07-08 00:00:00+00:00
10732,8,LEAD,
9938,121,ON_DEMAND_SUBSCRIPTION,2026-03-08 00:00:00+00:00
9862,122,LEAD,
10351,145,WARM_LEAD,
9559,121,RECURRING_SUBSCRIPTION,2025-12-04 00:00:00+00:00
10012,7,LEAD,2026-01-20 00:00:00+00:00
10126,66,LEAD,
9560,133,LEAD,
9562,133,LEAD,
4058,17,FREEMIUM,
10157,96,ON_DEMAND_SUBSCRIPTION,
11972,221,LEAD,
329,11,CHURN,2025-09-14 00:00:00+00:00
10150,135,LEAD,
11711,6,WARM_LEAD,
10160,115,TRIAL,2026-03-22 00:00:00+00:00
12138,205,LEAD,
10164,140,LEAD,
10159,140,LEAD,
4059,17,FREEMIUM,
3916,58,COLD_LEAD,
2828,4,COLD_LEAD,
2689,7,COLD_LEAD,
2478,58,COLD_LEAD,
10152,138,WARM_LEAD,2026-01-25 00:00:00+00:00
9121,77,LEAD,
10162,66,LEAD,
10154,138,WARM_LEAD,
4060,17,FREEMIUM,
10185,66,LEAD,
145,8,FREEMIUM,2026-02-24 00:00:00+00:00
11812,125,LEAD,
10919,99,LEAD,
10920,99,LEAD,
10553,104,LEAD,
9456,133,WARM_LEAD,2025-12-07 00:00:00+00:00
9139,51,LEAD,
9449,133,WARM_LEAD,
429,15,RECURRING_SUBSCRIPTION,2024-09-23 00:00:00+00:00
10231,123,RECURRING_SUBSCRIPTION,2026-02-01 00:00:00+00:00
10554,104,LEAD,
10228,76,LEAD,
10201,140,LEAD,
10250,91,LEAD,
10229,139,LEAD,
11813,195,LEAD,
10203,47,LEAD,
10237,139,ON_DEMAND_SUBSCRIPTION,2026-01-25 00:00:00+00:00
11533,95,RECURRING_SUBSCRIPTION,
11973,11,LEAD,
10243,94,TRIAL,2026-02-01 00:00:00+00:00
10222,93,LEAD,
10223,93,LEAD,
10236,140,LEAD,
9367,133,WARM_LEAD,2026-01-11 00:00:00+00:00
11014,99,LEAD,
11625,153,WARM_LEAD,
11019,99,LEAD,
1379,15,FREEMIUM,2025-12-21 00:00:00+00:00
11020,99,LEAD,
1533,9,TRIAL,2025-03-06 00:00:00+00:00
11022,99,LEAD,
11017,99,LEAD,
11024,99,LEAD,
11028,99,LEAD,
11026,99,LEAD,
11032,99,LEAD,
11043,99,LEAD,
11034,99,LEAD,
10238,140,LEAD,
11041,99,LEAD,
10227,138,LEAD,
11038,99,LEAD,
9761,75,WARM_LEAD,2026-01-18 00:00:00+00:00
10247,140,LEAD,
10132,135,WARM_LEAD,2026-01-25 00:00:00+00:00
10244,140,LEAD,
10248,140,LEAD,
9444,133,LEAD,
10249,140,LEAD,
10204,123,WARM_LEAD,
12139,77,LEAD,
10251,140,TRIAL,
10246,140,WARM_LEAD,
10224,138,WARM_LEAD,
9375,133,LEAD,
9436,133,WARM_LEAD,
9471,133,LEAD,
10598,63,LEAD,
9653,77,ON_DEMAND_SUBSCRIPTION,
9245,65,LEAD,
9325,133,ON_DEMAND_SUBSCRIPTION,
10276,133,LEAD,
2378,61,CHURN,2025-04-06 00:00:00+00:00
10253,66,RECURRING_SUBSCRIPTION,
10254,66,LEAD,
10273,66,LEAD,
10067,133,WARM_LEAD,
10255,66,RECURRING_SUBSCRIPTION,
10256,66,LEAD,
10269,133,RECURRING_SUBSCRIPTION,2026-04-13 00:00:00+00:00
10261,91,LEAD,
9339,133,RECURRING_SUBSCRIPTION,
787,41,CHURN,2024-08-26 00:00:00+00:00
2133,54,CHURN,2024-10-28 00:00:00+00:00
10264,112,LEAD,
11534,4,LEAD,
10055,133,WARM_LEAD,
6837,96,TRIAL,2026-01-26 00:00:00+00:00
10734,153,LEAD,
9172,77,LEAD,
9983,61,RECURRING_SUBSCRIPTION,2026-01-26 00:00:00+00:00
10265,140,TRIAL,
10275,66,LEAD,
9243,52,WARM_LEAD,
2185,54,FREEMIUM,
11712,122,LEAD,
10277,123,ON_DEMAND_SUBSCRIPTION,2026-01-28 00:00:00+00:00
6761,9,WARM_LEAD,2025-10-14 00:00:00+00:00
2212,44,RECURRING_SUBSCRIPTION,2025-03-24 00:00:00+00:00
10272,76,WARM_LEAD,2026-01-25 00:00:00+00:00
9173,77,LEAD,
9171,77,TRIAL,
3166,1,TRIAL,2026-01-27 00:00:00+00:00
11046,99,LEAD,
10257,137,WARM_LEAD,2026-02-01 00:00:00+00:00
9179,77,LEAD,
9202,77,LEAD,
11974,66,LEAD,
10283,13,LEAD,
10284,13,LEAD,
11035,99,LEAD,
10282,133,LEAD,
11814,123,ON_DEMAND_SUBSCRIPTION,2026-05-04 00:00:00+00:00
10258,139,LEAD,
9583,133,TRIAL,2025-12-07 00:00:00+00:00
9600,133,LEAD,
9882,133,LEAD,
9328,133,LEAD,
11157,153,LEAD,
12140,142,LEAD,
10267,66,LEAD,
11310,50,LEAD,
9647,133,RECURRING_SUBSCRIPTION,2025-12-08 00:00:00+00:00
9771,133,RECURRING_SUBSCRIPTION,
9446,133,WARM_LEAD,
9480,133,LEAD,
9437,133,TRIAL,
9884,133,WARM_LEAD,2026-01-06 00:00:00+00:00
9499,133,LEAD,
10285,149,LEAD,
10286,66,LEAD,
10312,140,WARM_LEAD,
10242,133,WARM_LEAD,
4038,17,RECURRING_SUBSCRIPTION,2026-02-10 00:00:00+00:00
10327,140,WARM_LEAD,
10289,140,LEAD,
10323,42,LEAD,
6357,4,WARM_LEAD,2026-02-08 00:00:00+00:00
2238,17,CHURN,2024-10-27 00:00:00+00:00
9253,53,WARM_LEAD,
10304,150,WARM_LEAD,
10313,141,LEAD,
10294,140,WARM_LEAD,2026-03-22 00:00:00+00:00
4061,17,FREEMIUM,
10329,139,RECURRING_SUBSCRIPTION,
11086,181,LEAD,
9825,133,WARM_LEAD,
10298,141,LEAD,
10299,141,LEAD,
9457,133,CHURN,
4063,17,FREEMIUM,
11187,73,LEAD,
10302,141,LEAD,
10317,150,TRIAL,2026-02-01 00:00:00+00:00
11211,104,LEAD,
10301,76,LEAD,
10252,133,TRIAL,
9473,133,RECURRING_SUBSCRIPTION,
10303,147,WARM_LEAD,
10308,140,LEAD,
10287,122,TRIAL,
10862,99,LEAD,
10887,99,LEAD,2026-04-23 00:00:00+00:00
12141,134,LEAD,
9466,133,ON_DEMAND_SUBSCRIPTION,2025-11-30 00:00:00+00:00
11815,15,WARM_LEAD,
11713,195,WARM_LEAD,2026-04-26 00:00:00+00:00
10645,8,WARM_LEAD,
9477,133,RECURRING_SUBSCRIPTION,2025-11-30 00:00:00+00:00
11535,195,LEAD,
10320,66,WARM_LEAD,2026-02-01 00:00:00+00:00
10324,66,LEAD,
9489,133,RECURRING_SUBSCRIPTION,
10735,8,LEAD,
10331,141,LEAD,
7011,73,RECURRING_SUBSCRIPTION,2025-09-08 00:00:00+00:00
10361,134,RECURRING_SUBSCRIPTION,
10373,140,RECURRING_SUBSCRIPTION,
11158,133,LEAD,
10348,120,WARM_LEAD,2026-02-01 00:00:00+00:00
10336,141,LEAD,
10337,149,LEAD,
10374,139,TRIAL,2026-02-22 00:00:00+00:00
10339,141,LEAD,
10370,91,WARM_LEAD,
10341,140,LEAD,
9275,65,LEAD,
10340,140,ON_DEMAND_SUBSCRIPTION,
10375,140,LEAD,
9276,98,LEAD,
10343,141,LEAD,
10333,127,LEAD,
11402,139,TRIAL,2026-04-07 00:00:00+00:00
11391,114,WARM_LEAD,
2232,44,TRIAL,2024-10-31 00:00:00+00:00
10332,139,LEAD,
11261,121,WARM_LEAD,
10362,139,LEAD,
8533,99,WARM_LEAD,2025-10-29 00:00:00+00:00
11087,141,LEAD,
11212,4,LEAD,
11280,121,TRIAL,2026-03-22 00:00:00+00:00
12142,15,LEAD,
9225,121,CHURN,2026-04-08 00:00:00+00:00
11311,50,LEAD,
11300,139,WARM_LEAD,
11358,153,WARM_LEAD,
11816,94,TRIAL,2026-05-03 00:00:00+00:00
1633,11,CHURN,2024-07-21 00:00:00+00:00
9596,135,TRIAL,2025-11-30 00:00:00+00:00
10326,151,TRIAL,2026-02-01 00:00:00+00:00
1960,51,FREEMIUM,2025-10-10 00:00:00+00:00
10892,99,LEAD,
10903,99,LEAD,
10905,99,LEAD,
11627,66,WARM_LEAD,
8460,6,LEAD,
9255,6,LEAD,
10910,99,LEAD,
11714,117,WARM_LEAD,
10377,139,CHURN,
11975,120,WARM_LEAD,
10376,73,LEAD,
10363,138,TRIAL,2026-02-01 00:00:00+00:00
10389,130,LEAD,
6433,15,WARM_LEAD,2026-02-03 00:00:00+00:00
1561,49,FREEMIUM,2026-02-01 00:00:00+00:00
10342,147,LEAD,
10365,147,LEAD,
10366,147,LEAD,
10385,4,LEAD,
10400,134,LEAD,
11537,4,LEAD,
10388,131,RECURRING_SUBSCRIPTION,
10737,9,WARM_LEAD,
10410,92,TRIAL,2026-02-23 00:00:00+00:00
1825,51,FREEMIUM,
10415,125,LEAD,
10403,66,LEAD,
11121,63,RECURRING_SUBSCRIPTION,
10390,141,LEAD,
10396,73,RECURRING_SUBSCRIPTION,2026-02-02 00:00:00+00:00
12143,133,LEAD,
10391,64,LEAD,
10417,92,LEAD,
10394,120,TRIAL,2026-02-09 00:00:00+00:00
10669,51,LEAD,
10412,91,WARM_LEAD,2026-02-08 00:00:00+00:00
10413,91,LEAD,
10404,66,LEAD,
6335,68,RECURRING_SUBSCRIPTION,2026-02-04 00:00:00+00:00
2114,52,FREEMIUM,
4157,17,FREEMIUM,2026-01-31 00:00:00+00:00
2129,53,FREEMIUM,2025-06-19 00:00:00+00:00
10419,68,LEAD,
10401,139,LEAD,
10398,93,RECURRING_SUBSCRIPTION,2026-02-19 00:00:00+00:00
10407,153,LEAD,
11715,117,LEAD,
10387,140,WARM_LEAD,2026-03-15 00:00:00+00:00
2444,60,CHURN,2025-03-23 00:00:00+00:00
10383,140,WARM_LEAD,2026-02-08 00:00:00+00:00
11817,94,LEAD,
10408,66,LEAD,
9291,99,TRIAL,
10418,140,WARM_LEAD,2026-02-17 00:00:00+00:00
1890,53,FREEMIUM,
11375,77,TRIAL,2026-04-29 00:00:00+00:00
1234,4,CHURN,2024-08-11 00:00:00+00:00
1727,7,CHURN,2025-12-14 00:00:00+00:00
10414,152,LEAD,
10420,66,LEAD,
10421,154,LEAD,
10422,66,LEAD,
10409,152,TRIAL,
10424,141,LEAD,
9597,133,CHURN,
10406,141,CHURN,
11343,66,LEAD,
10485,134,LEAD,
10452,93,LEAD,
10486,56,LEAD,
10448,135,WARM_LEAD,
10426,154,WARM_LEAD,2026-02-08 00:00:00+00:00
10502,140,WARM_LEAD,
10428,66,LEAD,
10427,91,LEAD,
10433,73,WARM_LEAD,2026-03-15 00:00:00+00:00
10429,121,LEAD,
8776,51,ON_DEMAND_SUBSCRIPTION,2025-10-19 00:00:00+00:00
10451,155,LEAD,
4064,17,FREEMIUM,
10491,104,RECURRING_SUBSCRIPTION,2026-02-08 00:00:00+00:00
10472,111,WARM_LEAD,2026-03-01 00:00:00+00:00
10476,104,LEAD,
9331,77,LEAD,2025-11-30 00:00:00+00:00
10478,91,WARM_LEAD,2026-03-01 00:00:00+00:00
10514,91,LEAD,
6812,96,RECURRING_SUBSCRIPTION,2025-10-22 00:00:00+00:00
9332,77,LEAD,
10488,156,WARM_LEAD,
2134,53,FREEMIUM,
9334,77,LEAD,
9330,77,LEAD,
10738,77,LEAD,
11716,117,LEAD,
10431,122,RECURRING_SUBSCRIPTION,
10381,121,TRIAL,
10550,139,LEAD,
11048,99,LEAD,
10493,139,LEAD,
10543,139,LEAD,
4068,17,FREEMIUM,
10430,140,LEAD,
11122,150,LEAD,
10549,134,RECURRING_SUBSCRIPTION,2026-02-08 00:00:00+00:00
11160,133,LEAD,
2406,60,CHURN,2025-01-26 00:00:00+00:00
2142,53,FREEMIUM,
2328,1,CHURN,2024-10-13 00:00:00+00:00
2132,52,RECURRING_SUBSCRIPTION,2024-09-17 00:00:00+00:00
10434,17,LEAD,
10490,122,ON_DEMAND_SUBSCRIPTION,
10534,139,RECURRING_SUBSCRIPTION,2026-02-16 00:00:00+00:00
10494,158,LEAD,
10489,141,LEAD,
10500,159,LEAD,
10492,157,LEAD,
10501,135,LEAD,
10552,141,LEAD,
2600,60,CHURN,2024-11-17 00:00:00+00:00
3540,15,FREEMIUM,2026-02-11 00:00:00+00:00
9337,77,LEAD,
10584,54,RECURRING_SUBSCRIPTION,2026-02-15 00:00:00+00:00
10411,92,WARM_LEAD,2026-02-15 00:00:00+00:00
10568,73,RECURRING_SUBSCRIPTION,2026-02-16 00:00:00+00:00
10560,114,LEAD,
9336,77,LEAD,
10562,42,WARM_LEAD,
10588,134,LEAD,
10572,104,TRIAL,
3970,17,FREEMIUM,
2221,15,FREEMIUM,
10571,131,WARM_LEAD,2026-02-15 00:00:00+00:00
10739,153,LEAD,
3985,17,TRIAL,2025-12-17 00:00:00+00:00
10576,17,LEAD,
2274,54,FREEMIUM,
3990,17,FREEMIUM,
11717,117,LEAD,
10564,140,LEAD,
4057,17,FREEMIUM,2025-10-17 00:00:00+00:00
4301,17,FREEMIUM,2026-02-18 00:00:00+00:00
4295,17,FREEMIUM,
10565,141,WARM_LEAD,2026-02-15 00:00:00+00:00
10566,11,LEAD,2025-07-16 00:00:00+00:00
10594,91,LEAD,
4296,17,FREEMIUM,
2343,17,RECURRING_SUBSCRIPTION,2025-02-06 00:00:00+00:00
10569,170,LEAD,
2306,15,TRIAL,2026-03-28 00:00:00+00:00
10580,126,LEAD,
4294,17,FREEMIUM,2026-04-27 00:00:00+00:00
10556,104,WARM_LEAD,2026-03-01 00:00:00+00:00
10245,115,RECURRING_SUBSCRIPTION,2026-04-09 00:00:00+00:00
10551,133,TRIAL,
1419,42,FREEMIUM,2026-04-29 00:00:00+00:00
11049,77,WARM_LEAD,
10575,140,WARM_LEAD,2026-03-03 00:00:00+00:00
7373,75,WARM_LEAD,2025-08-24 00:00:00+00:00
11818,195,LEAD,
11161,77,WARM_LEAD,
11088,177,LEAD,
10764,97,LEAD,2026-03-04 00:00:00+00:00
10555,133,ON_DEMAND_SUBSCRIPTION,
9335,53,LEAD,
10592,140,LEAD,
10570,91,LEAD,
10581,123,LEAD,
10577,121,LEAD,
10583,155,ON_DEMAND_SUBSCRIPTION,2026-02-15 00:00:00+00:00
10591,49,LEAD,
10595,11,LEAD,
10616,114,LEAD,
1713,15,TRIAL,
10600,61,LEAD,
1494,15,ON_DEMAND_SUBSCRIPTION,2025-05-02 00:00:00+00:00
4770,15,FREEMIUM,2026-04-14 00:00:00+00:00
11976,121,LEAD,
10599,145,LEAD,
3168,65,TRIAL,2025-03-10 00:00:00+00:00
10613,114,CHURN,2026-02-20 00:00:00+00:00
10603,66,LEAD,
10567,4,TRIAL,2026-02-15 00:00:00+00:00
10604,141,LEAD,
2289,15,FREEMIUM,
9371,65,LEAD,
2341,44,FREEMIUM,
2288,44,FREEMIUM,
10602,53,LEAD,
4008,17,FREEMIUM,
11718,120,LEAD,
10612,60,TRIAL,2026-02-22 00:00:00+00:00
10614,77,LEAD,
11819,195,LEAD,
11050,153,LEAD,
10618,133,LEAD,
10620,139,LEAD,
10617,114,LEAD,
9398,97,LEAD,
11162,104,LEAD,
10615,133,LEAD,
11376,91,WARM_LEAD,
2431,44,FREEMIUM,2024-10-18 00:00:00+00:00
4009,17,FREEMIUM,
6001,76,WARM_LEAD,2025-10-09 00:00:00+00:00
2447,15,FREEMIUM,2026-01-30 00:00:00+00:00
9381,99,WARM_LEAD,2025-12-14 00:00:00+00:00
10608,123,LEAD,
10740,133,LEAD,
10619,140,TRIAL,2026-02-15 00:00:00+00:00
10610,140,WARM_LEAD,2026-02-15 00:00:00+00:00
10606,140,WARM_LEAD,
11538,195,TRIAL,2026-04-14 00:00:00+00:00
10609,73,LEAD,
10601,73,ON_DEMAND_SUBSCRIPTION,2026-02-16 00:00:00+00:00
9421,53,LEAD,
10611,144,WARM_LEAD,2026-02-16 00:00:00+00:00
9416,52,LEAD,
9067,75,LEAD,
9068,75,LEAD,
9075,75,LEAD,
11719,104,LEAD,
11820,75,LEAD,
11977,142,LEAD,
9066,75,ON_DEMAND_SUBSCRIPTION,2025-11-04 00:00:00+00:00
11539,203,LEAD,
9089,9,LEAD,
11108,15,RECURRING_SUBSCRIPTION,2026-03-08 00:00:00+00:00
11821,127,LEAD,
11978,123,WARM_LEAD,
4069,17,FREEMIUM,
8580,9,TRIAL,2025-10-23 00:00:00+00:00
11540,134,LEAD,
11720,119,WARM_LEAD,
11979,145,WARM_LEAD,
11822,195,RECURRING_SUBSCRIPTION,
4070,17,FREEMIUM,
11980,9,LEAD,
7768,120,WARM_LEAD,2026-04-24 00:00:00+00:00
11823,66,RECURRING_SUBSCRIPTION,
11721,195,LEAD,
11824,9,LEAD,
11981,124,WARM_LEAD,2026-05-31 00:00:00+00:00
11722,195,LEAD,
11825,96,LEAD,
4762,15,FREEMIUM,
11982,142,RECURRING_SUBSCRIPTION,
11723,75,LEAD,
11983,92,LEAD,
11826,205,RECURRING_SUBSCRIPTION,
8582,8,WARM_LEAD,2025-10-26 00:00:00+00:00
11724,195,LEAD,
11984,145,LEAD,
11827,17,WARM_LEAD,
8601,9,LEAD,
9353,75,TRIAL,2026-01-02 00:00:00+00:00
11231,139,RECURRING_SUBSCRIPTION,
1169,17,TRIAL,2026-02-03 00:00:00+00:00
11541,195,TRIAL,
11985,15,LEAD,
5354,75,LEAD,2025-11-24 00:00:00+00:00
11364,114,WARM_LEAD,
11986,53,LEAD,
11828,195,WARM_LEAD,2026-05-10 00:00:00+00:00
4072,17,FREEMIUM,
10756,97,LEAD,
10757,97,LEAD,
10758,97,LEAD,
10759,97,LEAD,
10760,97,LEAD,
10761,97,LEAD,
10780,97,LEAD,2026-03-21 00:00:00+00:00
11132,177,WARM_LEAD,2026-03-08 00:00:00+00:00
10783,97,LEAD,
10784,97,LEAD,
10785,97,LEAD,
10786,97,LEAD,
10787,97,LEAD,
10788,97,LEAD,
10789,97,LEAD,
10765,97,LEAD,
10767,97,LEAD,
10768,97,LEAD,
10769,97,LEAD,
10770,97,LEAD,
10771,97,LEAD,
10772,97,LEAD,
10773,97,LEAD,
10774,97,LEAD,
10775,97,LEAD,
10776,97,LEAD,
10778,97,LEAD,
10779,97,LEAD,
11474,177,TRIAL,
2584,62,CHURN,2024-12-19 00:00:00+00:00
7086,99,LEAD,2026-02-15 00:00:00+00:00
7088,99,TRIAL,2025-09-22 00:00:00+00:00
2605,62,FREEMIUM,2025-07-13 00:00:00+00:00
7085,99,LEAD,
7099,99,LEAD,
7102,99,LEAD,
7110,99,LEAD,
7111,99,LEAD,
7100,99,WARM_LEAD,2025-08-17 00:00:00+00:00
7129,99,LEAD,
7136,99,LEAD,
7084,99,CHURN,2025-08-14 00:00:00+00:00
7188,99,LEAD,
7350,99,LEAD,
7352,99,LEAD,
7281,99,LEAD,
7333,99,LEAD,
7330,99,LEAD,
7332,99,LEAD,
7335,99,TRIAL,2025-08-19 00:00:00+00:00
7664,99,WARM_LEAD,2025-10-12 00:00:00+00:00
7327,99,LEAD,
7336,99,LEAD,
7337,99,LEAD,
7344,99,LEAD,
7338,99,LEAD,
7341,99,LEAD,
7328,99,LEAD,
7339,99,LEAD,
7087,99,LEAD,
2555,62,CHURN,2025-05-05 00:00:00+00:00
10993,99,LEAD,
7422,99,LEAD,
10997,99,LEAD,
11206,99,WARM_LEAD,
10874,99,LEAD,
10875,99,LEAD,
10876,99,LEAD,
10877,99,LEAD,
10878,99,LEAD,
10945,99,LEAD,
10210,144,WARM_LEAD,2026-02-15 00:00:00+00:00
10946,99,LEAD,
7098,99,CHURN,2025-09-29 00:00:00+00:00
10935,99,LEAD,2026-03-14 00:00:00+00:00
10864,99,LEAD,
10865,99,LEAD,
8588,99,WARM_LEAD,
10866,99,LEAD,
10870,99,LEAD,
10871,99,LEAD,
10872,99,LEAD,
10880,99,LEAD,
7748,99,CHURN,2025-10-13 00:00:00+00:00
8668,62,WARM_LEAD,2025-10-12 00:00:00+00:00
8939,99,TRIAL,
8838,99,LEAD,
10938,99,LEAD,
10906,99,LEAD,
8688,62,WARM_LEAD,2025-10-19 00:00:00+00:00
9028,97,LEAD,
10939,99,LEAD,
10940,99,LEAD,
10909,99,LEAD,
10922,99,LEAD,
10923,99,LEAD,
10924,99,LEAD,
10925,99,LEAD,
10916,99,LEAD,
10933,99,LEAD,
10934,99,LEAD,
10947,99,LEAD,
10941,99,LEAD,
10942,99,LEAD,
7334,99,LEAD,
7117,99,LEAD,
10959,99,LEAD,
10961,99,LEAD,
11011,99,WARM_LEAD,2026-02-27 00:00:00+00:00
10962,99,LEAD,
10965,99,LEAD,
10966,99,LEAD,
10967,99,LEAD,
10969,99,LEAD,
10950,99,LEAD,
10951,99,LEAD,
7342,99,LEAD,
10974,99,LEAD,
10975,99,LEAD,
10978,99,LEAD,
10972,99,LEAD,
10998,99,LEAD,
7357,99,LEAD,
10999,99,LEAD,
11000,99,LEAD,
11001,99,LEAD,
11003,99,LEAD,
11004,99,LEAD,
11009,99,LEAD,
9203,99,LEAD,
11010,99,LEAD,
11012,99,LEAD,
10983,99,LEAD,
11008,99,LEAD,
9423,75,LEAD,
11005,99,LEAD,
10886,99,LEAD,
10895,99,LEAD,
10907,99,LEAD,
10914,99,LEAD,
10915,99,LEAD,
11987,142,LEAD,
7089,99,LEAD,2026-05-30 00:00:00+00:00
10921,99,LEAD,2026-06-11 00:00:00+00:00
11726,75,LEAD,
11829,195,WARM_LEAD,
11988,139,LEAD,
11543,204,LEAD,
11089,104,LEAD,
11830,195,LEAD,
11989,66,RECURRING_SUBSCRIPTION,2026-05-30 00:00:00+00:00
10832,98,WARM_LEAD,2026-04-24 00:00:00+00:00
4073,17,FREEMIUM,
9422,75,LEAD,
11727,119,LEAD,
9861,97,CHURN,2026-01-01 00:00:00+00:00
9517,99,LEAD,
9428,75,LEAD,
11831,66,WARM_LEAD,
9900,6,WARM_LEAD,2026-04-08 00:00:00+00:00
11990,66,LEAD,
8296,111,RECURRING_SUBSCRIPTION,2025-09-28 00:00:00+00:00
9424,52,WARM_LEAD,
4075,17,FREEMIUM,
9430,77,LEAD,2025-11-25 00:00:00+00:00
9433,77,WARM_LEAD,
4076,17,FREEMIUM,
4079,17,FREEMIUM,
4081,17,FREEMIUM,
3113,17,FREEMIUM,
9500,98,LEAD,
9524,10,LEAD,
2441,54,FREEMIUM,
9534,63,LEAD,
9539,63,LEAD,
4084,17,FREEMIUM,
4086,17,FREEMIUM,
4087,17,FREEMIUM,
4088,17,FREEMIUM,
4089,17,FREEMIUM,
2461,54,FREEMIUM,
4090,17,FREEMIUM,
4091,17,FREEMIUM,
4092,17,FREEMIUM,
4152,17,FREEMIUM,
9441,52,LEAD,
8629,9,LEAD,
8634,6,LEAD,
4093,17,FREEMIUM,
4094,17,FREEMIUM,
2464,54,TRIAL,2025-03-24 00:00:00+00:00
7784,117,LEAD,
2446,54,FREEMIUM,
2475,17,TRIAL,2024-11-24 00:00:00+00:00
2477,17,FREEMIUM,
2510,17,FREEMIUM,
2511,44,FREEMIUM,2024-11-10 00:00:00+00:00
4095,17,FREEMIUM,
4149,17,FREEMIUM,
4150,17,FREEMIUM,
4151,17,FREEMIUM,
4154,17,FREEMIUM,
4155,17,FREEMIUM,
4158,17,FREEMIUM,
4213,17,FREEMIUM,
4214,17,FREEMIUM,
4097,17,FREEMIUM,
4098,17,FREEMIUM,
4099,17,FREEMIUM,
4100,17,FREEMIUM,
4101,17,FREEMIUM,
4102,17,FREEMIUM,
4103,17,FREEMIUM,
1543,17,FREEMIUM,2025-03-24 00:00:00+00:00
4215,17,FREEMIUM,2025-12-17 00:00:00+00:00
4217,17,FREEMIUM,
4218,17,FREEMIUM,
4112,17,FREEMIUM,
10171,144,LEAD,
7640,77,TRIAL,2025-09-02 00:00:00+00:00
4116,17,FREEMIUM,
7785,117,LEAD,
10149,145,CHURN,
10172,144,LEAD,
10166,144,WARM_LEAD,2026-01-25 00:00:00+00:00
10239,144,WARM_LEAD,2026-01-25 00:00:00+00:00
8639,6,LEAD,
10191,144,LEAD,
10193,144,LEAD,
10196,144,LEAD,
10207,145,LEAD,
11544,195,LEAD,
5369,75,RECURRING_SUBSCRIPTION,2026-03-25 00:00:00+00:00
8650,6,LEAD,
10208,144,LEAD,
10212,144,LEAD,
10213,144,LEAD,
10268,145,LEAD,
10292,144,LEAD,
10307,144,WARM_LEAD,2026-02-01 00:00:00+00:00
10297,144,LEAD,
10314,144,LEAD,
10305,145,LEAD,
10354,145,LEAD,
10355,145,LEAD,
10356,145,LEAD,
10357,145,LEAD,
10345,144,LEAD,
10346,144,LEAD,
10349,145,LEAD,
10350,145,LEAD,
10189,145,WARM_LEAD,
10263,145,WARM_LEAD,
7793,117,LEAD,
4397,17,FREEMIUM,
10369,63,LEAD,
4117,17,FREEMIUM,
4118,17,FREEMIUM,
4119,17,FREEMIUM,
4120,17,FREEMIUM,
4121,17,FREEMIUM,
3071,17,FREEMIUM,2025-02-02 00:00:00+00:00
4122,17,FREEMIUM,
4346,17,FREEMIUM,
4348,17,FREEMIUM,
10542,98,WARM_LEAD,2026-02-08 00:00:00+00:00
10503,77,LEAD,
513,17,FREEMIUM,2024-01-07 00:00:00+00:00
4353,17,FREEMIUM,
10585,77,LEAD,
10589,77,LEAD,
10590,77,LEAD,
11190,133,LEAD,
11214,66,RECURRING_SUBSCRIPTION,
10360,145,LEAD,
10742,121,LEAD,
10477,104,CHURN,2026-02-13 00:00:00+00:00
10504,98,LEAD,
11282,169,LEAD,
10393,151,CHURN,2026-02-08 00:00:00+00:00
2527,17,ON_DEMAND_SUBSCRIPTION,2025-12-02 00:00:00+00:00
3503,44,FREEMIUM,
11090,153,LEAD,
10352,145,WARM_LEAD,2026-02-01 00:00:00+00:00
10416,52,TRIAL,
11301,123,CHURN,2026-03-29 00:00:00+00:00
10379,145,LEAD,
11163,180,LEAD,
11377,140,LEAD,
10587,99,LEAD,
11728,75,WARM_LEAD,
10432,145,LEAD,
11344,153,RECURRING_SUBSCRIPTION,
11392,151,LEAD,
10372,51,CHURN,
10382,51,LEAD,
11124,177,LEAD,
10499,98,RECURRING_SUBSCRIPTION,2026-03-11 00:00:00+00:00
11832,211,LEAD,
11403,9,LEAD,2026-05-10 00:00:00+00:00
7317,104,RECURRING_SUBSCRIPTION,2025-09-18 00:00:00+00:00
11423,183,TRIAL,2026-04-12 00:00:00+00:00
10423,144,LEAD,
11991,195,LEAD,
10596,52,LEAD,
10573,144,WARM_LEAD,
11429,53,WARM_LEAD,2026-04-06 00:00:00+00:00
10367,142,LEAD,
10186,144,CHURN,
10364,142,LEAD,
11545,91,WARM_LEAD,
2708,44,FREEMIUM,2025-02-19 00:00:00+00:00
2712,44,FREEMIUM,
2713,17,FREEMIUM,2024-12-22 00:00:00+00:00
4355,17,FREEMIUM,
4356,17,FREEMIUM,
8648,6,WARM_LEAD,2025-12-18 00:00:00+00:00
8657,6,LEAD,
8658,6,LEAD,
9502,75,RECURRING_SUBSCRIPTION,2025-12-07 00:00:00+00:00
8655,9,LEAD,
9532,8,LEAD,
9496,75,LEAD,
9515,75,LEAD,2026-01-14 00:00:00+00:00
8662,6,LEAD,
8667,6,LEAD,
7080,9,LEAD,2026-02-24 00:00:00+00:00
8955,9,WARM_LEAD,
8671,6,LEAD,
8801,6,LEAD,
8785,6,LEAD,
9018,6,LEAD,
9005,6,LEAD,
9027,6,LEAD,
9093,6,LEAD,
9122,6,LEAD,
10733,8,CHURN,2026-02-24 00:00:00+00:00
9169,9,LEAD,
11626,8,LEAD,
9241,6,LEAD,
9026,9,RECURRING_SUBSCRIPTION,2025-11-12 00:00:00+00:00
9249,8,LEAD,
11119,75,WARM_LEAD,
10728,9,RECURRING_SUBSCRIPTION,
5446,75,LEAD,
5351,75,WARM_LEAD,2025-06-02 00:00:00+00:00
5353,75,LEAD,2025-12-26 00:00:00+00:00
5412,75,CHURN,2025-04-15 00:00:00+00:00
5365,75,LEAD,
5471,75,LEAD,
5420,75,LEAD,
5370,75,LEAD,
4114,17,FREEMIUM,2025-06-28 00:00:00+00:00
4478,17,TRIAL,2025-06-29 00:00:00+00:00
4138,17,FREEMIUM,2025-12-27 00:00:00+00:00
4135,17,FREEMIUM,
4136,17,FREEMIUM,
4137,17,FREEMIUM,
4139,17,FREEMIUM,
428,15,ON_DEMAND_SUBSCRIPTION,2023-12-10 00:00:00+00:00
11833,150,LEAD,
10425,75,RECURRING_SUBSCRIPTION,
2707,54,FREEMIUM,
5357,75,TRIAL,2025-04-20 00:00:00+00:00
11729,11,CHURN,
8249,111,RECURRING_SUBSCRIPTION,2025-10-09 00:00:00+00:00
9376,8,RECURRING_SUBSCRIPTION,2025-11-23 00:00:00+00:00
4127,17,FREEMIUM,2025-12-17 00:00:00+00:00
4141,17,FREEMIUM,
4142,17,FREEMIUM,
4145,17,ON_DEMAND_SUBSCRIPTION,2026-02-13 00:00:00+00:00
4144,17,FREEMIUM,
1335,17,FREEMIUM,
11730,119,LEAD,
7742,17,LEAD,
324,4,CHURN,2024-07-09 00:00:00+00:00
2753,17,TRIAL,2026-01-28 00:00:00+00:00
2743,15,ON_DEMAND_SUBSCRIPTION,2024-12-22 00:00:00+00:00
5302,54,CHURN,2025-04-15 00:00:00+00:00
2763,54,ON_DEMAND_SUBSCRIPTION,2025-01-27 00:00:00+00:00
3539,15,FREEMIUM,2025-03-02 00:00:00+00:00
5372,75,RECURRING_SUBSCRIPTION,2025-06-30 00:00:00+00:00
6307,75,LEAD,2025-11-24 00:00:00+00:00
5735,75,FROZEN,2025-08-01 00:00:00+00:00
6657,75,RECURRING_SUBSCRIPTION,2025-08-21 00:00:00+00:00
5340,75,LEAD,2025-11-04 00:00:00+00:00
6321,75,LEAD,
7181,75,LEAD,
9084,75,WARM_LEAD,2026-03-07 00:00:00+00:00
6499,75,CHURN,2025-10-02 00:00:00+00:00
10605,9,LEAD,
10607,75,LEAD,
9374,6,LEAD,
9385,6,LEAD,
10741,6,WARM_LEAD,
9463,6,LEAD,
9452,6,LEAD,
4474,17,FREEMIUM,
2183,51,FREEMIUM,2024-09-29 00:00:00+00:00
2191,51,FREEMIUM,
2178,52,RECURRING_SUBSCRIPTION,2024-09-24 00:00:00+00:00
2202,53,FREEMIUM,
2102,51,FREEMIUM,2026-03-08 00:00:00+00:00
2224,51,TRIAL,2024-09-25 00:00:00+00:00
2350,53,FREEMIUM,
1350,17,FREEMIUM,2025-12-17 00:00:00+00:00
4174,17,FREEMIUM,2025-12-17 00:00:00+00:00
4162,17,FREEMIUM,2026-01-07 00:00:00+00:00
4185,17,FREEMIUM,
4187,17,FREEMIUM,
3407,44,WARM_LEAD,
2906,44,FREEMIUM,
3048,17,FREEMIUM,
2110,51,FREEMIUM,2025-08-07 00:00:00+00:00
10108,8,WARM_LEAD,2026-04-28 00:00:00+00:00
11834,195,LEAD,
2213,52,ON_DEMAND_SUBSCRIPTION,2024-10-03 00:00:00+00:00
9717,60,CHURN,2026-04-20 00:00:00+00:00
11431,142,TRIAL,
1882,52,CHURN,2025-01-23 00:00:00+00:00
2704,51,FREEMIUM,
2662,53,FREEMIUM,
2616,52,FREEMIUM,
3714,53,FREEMIUM,
10306,145,ON_DEMAND_SUBSCRIPTION,
11318,144,WARM_LEAD,
11351,144,WARM_LEAD,
11418,144,LEAD,
6368,53,LEAD,2025-12-08 00:00:00+00:00
2967,51,TRIAL,2025-01-14 00:00:00+00:00
3067,52,CHURN,2025-03-07 00:00:00+00:00
3058,53,FREEMIUM,
3057,51,FREEMIUM,
3092,52,FREEMIUM,
3066,51,FREEMIUM,
3060,51,FREEMIUM,
3134,51,FREEMIUM,
5491,53,LEAD,
7496,53,WARM_LEAD,2025-08-27 00:00:00+00:00
6305,53,LEAD,
6105,53,TRIAL,2025-06-01 00:00:00+00:00
5495,53,LEAD,
5516,51,WARM_LEAD,2025-05-16 00:00:00+00:00
6441,51,LEAD,
6312,51,WARM_LEAD,2025-06-29 00:00:00+00:00
1835,53,FREEMIUM,2025-05-10 00:00:00+00:00
5504,53,WARM_LEAD,2025-05-04 00:00:00+00:00
6295,52,WARM_LEAD,2025-07-07 00:00:00+00:00
6313,51,LEAD,
6350,53,LEAD,
6351,51,LEAD,2026-02-10 00:00:00+00:00
6315,52,LEAD,
6705,53,LEAD,
6316,52,LEAD,
9867,53,WARM_LEAD,2026-01-04 00:00:00+00:00
5507,53,LEAD,
1880,53,TRIAL,2025-07-07 00:00:00+00:00
5663,53,LEAD,
1799,52,RECURRING_SUBSCRIPTION,2024-08-11 00:00:00+00:00
5510,53,LEAD,
6319,52,LEAD,
6354,53,WARM_LEAD,2026-02-11 00:00:00+00:00
6294,52,WARM_LEAD,2025-06-29 00:00:00+00:00
7067,53,LEAD,
7073,51,LEAD,
10079,52,LEAD,
7112,52,LEAD,
7178,53,LEAD,2025-10-16 00:00:00+00:00
6773,53,RECURRING_SUBSCRIPTION,2025-09-21 00:00:00+00:00
7650,53,LEAD,2026-06-04 00:00:00+00:00
5512,52,CHURN,2025-11-30 00:00:00+00:00
2360,53,ON_DEMAND_SUBSCRIPTION,2025-06-01 00:00:00+00:00
2492,51,TRIAL,2025-06-25 00:00:00+00:00
10195,144,ON_DEMAND_SUBSCRIPTION,2026-01-25 00:00:00+00:00
11209,142,WARM_LEAD,
10143,145,LEAD,
7970,51,WARM_LEAD,2025-09-14 00:00:00+00:00
11613,53,WARM_LEAD,
6140,53,TRIAL,2026-03-15 00:00:00+00:00
9828,52,LEAD,2025-12-26 00:00:00+00:00
9622,53,WARM_LEAD,
8612,53,RECURRING_SUBSCRIPTION,2025-10-12 00:00:00+00:00
8614,53,LEAD,
8615,51,LEAD,
8619,51,LEAD,
10113,53,RECURRING_SUBSCRIPTION,2026-02-05 00:00:00+00:00
8771,51,LEAD,
7881,53,ON_DEMAND_SUBSCRIPTION,2026-01-11 00:00:00+00:00
8920,53,WARM_LEAD,2025-10-26 00:00:00+00:00
8959,52,LEAD,
6293,53,LEAD,2026-03-04 00:00:00+00:00
610,11,CHURN,2024-02-04 00:00:00+00:00
8993,53,LEAD,
8978,52,LEAD,
8980,53,LEAD,
8989,53,WARM_LEAD,
8983,53,LEAD,
8985,53,LEAD,
8984,53,LEAD,
8987,53,LEAD,
8988,53,LEAD,
8990,53,LEAD,
8991,53,LEAD,
8992,53,LEAD,
9069,52,LEAD,
2653,53,FREEMIUM,
9077,52,LEAD,
9085,53,LEAD,
9234,51,LEAD,
11186,53,LEAD,
8986,53,WARM_LEAD,2025-11-23 00:00:00+00:00
11188,52,LEAD,
9400,53,LEAD,
11189,53,LEAD,
9417,51,LEAD,
9425,53,LEAD,
9418,51,RECURRING_SUBSCRIPTION,
10008,52,LEAD,
9504,53,LEAD,
9541,53,LEAD,
9397,53,TRIAL,2025-12-02 00:00:00+00:00
9668,52,LEAD,2025-12-11 00:00:00+00:00
10144,145,LEAD,
10145,145,LEAD,
10146,145,LEAD,
10147,145,LEAD,
10148,145,LEAD,
1845,53,TRIAL,2025-10-09 00:00:00+00:00
8964,52,WARM_LEAD,2026-05-04 00:00:00+00:00
10359,145,WARM_LEAD,
8769,51,WARM_LEAD,
10011,94,CHURN,2026-03-01 00:00:00+00:00
2917,44,FREEMIUM,
5714,44,LEAD,
7767,117,LEAD,
4252,17,FREEMIUM,
4253,17,FREEMIUM,
4255,17,FREEMIUM,
4256,17,FREEMIUM,
4261,17,FREEMIUM,
4262,17,FREEMIUM,
4263,17,FREEMIUM,
4264,17,FREEMIUM,
2695,17,FREEMIUM,
4265,17,FREEMIUM,
4268,17,FREEMIUM,
1994,17,FREEMIUM,
4272,17,FREEMIUM,
4273,17,FREEMIUM,
4274,17,FREEMIUM,
4276,17,FREEMIUM,
4277,17,FREEMIUM,
3264,44,FREEMIUM,
4278,17,FREEMIUM,
4279,17,FREEMIUM,
4343,17,FREEMIUM,
3245,44,FREEMIUM,2025-02-28 00:00:00+00:00
4357,17,FREEMIUM,
2761,15,ON_DEMAND_SUBSCRIPTION,
4360,17,FREEMIUM,
3009,54,TRIAL,2025-02-19 00:00:00+00:00
4361,17,FREEMIUM,
3021,54,FREEMIUM,
4362,17,FREEMIUM,
4364,17,FREEMIUM,
2982,44,FREEMIUM,
4368,17,FREEMIUM,
4372,17,FREEMIUM,
4373,17,FREEMIUM,
4249,17,FREEMIUM,
4281,17,FREEMIUM,
4251,17,FREEMIUM,2025-12-17 00:00:00+00:00
4228,17,FREEMIUM,2025-10-17 00:00:00+00:00
4224,17,FREEMIUM,2025-12-17 00:00:00+00:00
7907,119,TRIAL,2025-09-17 00:00:00+00:00
5430,44,LEAD,
9736,17,WARM_LEAD,2026-01-11 00:00:00+00:00
542,17,TRIAL,2026-01-12 00:00:00+00:00
4369,17,FREEMIUM,2026-06-02 00:00:00+00:00
753,17,TRIAL,2025-12-26 00:00:00+00:00
3101,17,CHURN,2026-01-05 00:00:00+00:00
2284,17,ON_DEMAND_SUBSCRIPTION,2025-12-06 00:00:00+00:00
523,17,RECURRING_SUBSCRIPTION,2024-11-18 00:00:00+00:00
3510,44,FREEMIUM,
9920,15,WARM_LEAD,
5216,17,CHURN,2026-03-04 00:00:00+00:00
9868,117,WARM_LEAD,
2486,17,RECURRING_SUBSCRIPTION,2026-06-03 00:00:00+00:00
3107,17,TRIAL,2025-12-17 00:00:00+00:00
3181,15,FREEMIUM,
3001,17,FREEMIUM,2026-04-14 00:00:00+00:00
3210,44,FREEMIUM,
7653,117,CHURN,2025-09-14 00:00:00+00:00
3211,44,FREEMIUM,
3198,44,FREEMIUM,
4414,17,ON_DEMAND_SUBSCRIPTION,2025-11-02 00:00:00+00:00
4450,17,TRIAL,
4407,17,RECURRING_SUBSCRIPTION,2025-11-28 00:00:00+00:00
786,17,FREEMIUM,
1066,15,FREEMIUM,2025-04-13 00:00:00+00:00
9937,15,LEAD,
3268,44,FREEMIUM,
7805,117,LEAD,
623,17,CHURN,2025-03-17 00:00:00+00:00
4977,15,CHURN,2025-10-31 00:00:00+00:00
3299,44,FREEMIUM,
7810,119,LEAD,
7800,117,LEAD,
4422,17,FREEMIUM,
4424,17,FREEMIUM,
4425,17,FREEMIUM,
4420,17,FREEMIUM,
3715,17,FREEMIUM,2026-03-07 00:00:00+00:00
2534,15,FREEMIUM,2025-12-04 00:00:00+00:00
11239,17,TRIAL,2026-03-21 00:00:00+00:00
11379,54,LEAD,2026-04-01 00:00:00+00:00
3345,44,FREEMIUM,
3347,44,FREEMIUM,
921,17,FREEMIUM,
4433,17,FREEMIUM,2025-09-19 00:00:00+00:00
4448,17,FREEMIUM,
4082,17,FREEMIUM,
3422,44,FREEMIUM,
4427,17,FREEMIUM,
4428,17,FREEMIUM,
4431,17,FREEMIUM,
11240,17,WARM_LEAD,
3437,44,FREEMIUM,2025-04-18 00:00:00+00:00
6147,15,LEAD,
11383,44,WARM_LEAD,2026-04-01 00:00:00+00:00
4455,17,FREEMIUM,
4458,17,FREEMIUM,
4462,17,FREEMIUM,
3129,44,FREEMIUM,2025-03-12 00:00:00+00:00
4466,17,FREEMIUM,
4467,17,FREEMIUM,
4468,17,FREEMIUM,
3500,44,FREEMIUM,
5435,44,LEAD,
11130,15,LEAD,
11241,17,RECURRING_SUBSCRIPTION,
3473,44,FREEMIUM,2025-02-28 00:00:00+00:00
4107,17,FREEMIUM,
4469,17,FREEMIUM,
4471,17,FREEMIUM,
4470,17,FREEMIUM,
4485,17,FREEMIUM,
4486,17,FREEMIUM,
4487,17,FREEMIUM,
4490,17,FREEMIUM,
3410,44,FREEMIUM,2025-03-08 00:00:00+00:00
1089,44,WARM_LEAD,2025-07-10 00:00:00+00:00
835,44,FREEMIUM,2024-09-03 00:00:00+00:00
870,44,FREEMIUM,2024-04-07 00:00:00+00:00
975,44,FREEMIUM,2024-05-06 00:00:00+00:00
911,44,FREEMIUM,2024-04-28 00:00:00+00:00
872,44,FREEMIUM,2024-05-23 00:00:00+00:00
971,44,FREEMIUM,2024-04-10 00:00:00+00:00
962,44,FREEMIUM,
829,44,FREEMIUM,
884,44,FREEMIUM,
863,44,FREEMIUM,
866,44,FREEMIUM,
1097,44,FREEMIUM,
833,44,FREEMIUM,
845,44,FREEMIUM,
867,44,FREEMIUM,
973,44,FREEMIUM,
2905,44,FREEMIUM,
3248,44,FREEMIUM,
3243,44,FREEMIUM,
3249,44,FREEMIUM,
3244,44,FREEMIUM,
3246,44,FREEMIUM,
3247,44,FREEMIUM,
3251,44,FREEMIUM,
3252,44,FREEMIUM,
3253,44,FREEMIUM,
3254,44,FREEMIUM,
3256,44,FREEMIUM,
3258,44,FREEMIUM,
3259,44,FREEMIUM,
3260,44,FREEMIUM,
3261,44,FREEMIUM,
3263,44,FREEMIUM,
3262,44,FREEMIUM,
3266,44,FREEMIUM,
2979,44,FREEMIUM,
855,44,FREEMIUM,2024-05-28 00:00:00+00:00
869,44,FREEMIUM,2024-04-11 00:00:00+00:00
3199,44,FREEMIUM,
3200,44,FREEMIUM,
3201,44,FREEMIUM,
3202,44,FREEMIUM,
3203,44,FREEMIUM,
3204,44,FREEMIUM,
3205,44,FREEMIUM,
3206,44,FREEMIUM,
3213,44,FREEMIUM,
3215,44,FREEMIUM,
3216,44,FREEMIUM,
3217,44,FREEMIUM,
3218,44,FREEMIUM,
3862,17,TRIAL,2026-01-28 00:00:00+00:00
3229,44,FREEMIUM,
3230,44,FREEMIUM,
3231,44,FREEMIUM,
3232,44,FREEMIUM,
3234,44,FREEMIUM,
3235,44,FREEMIUM,
3236,44,FREEMIUM,
3237,44,FREEMIUM,
3239,44,FREEMIUM,
3241,44,FREEMIUM,
3270,44,FREEMIUM,
3271,44,FREEMIUM,
3272,44,FREEMIUM,
3273,44,FREEMIUM,
3274,44,FREEMIUM,
3275,44,FREEMIUM,
3278,44,FREEMIUM,
3279,44,FREEMIUM,
3280,44,FREEMIUM,
3281,44,FREEMIUM,
3282,44,FREEMIUM,
3284,44,FREEMIUM,
3285,44,FREEMIUM,
3286,44,FREEMIUM,
3287,44,FREEMIUM,
3288,44,FREEMIUM,
3214,44,FREEMIUM,2025-08-19 00:00:00+00:00
3289,44,FREEMIUM,
3291,44,FREEMIUM,
3292,44,FREEMIUM,
3293,44,FREEMIUM,
3294,44,FREEMIUM,
3295,44,FREEMIUM,
3306,44,FREEMIUM,2025-02-28 00:00:00+00:00
3297,44,FREEMIUM,
3296,44,FREEMIUM,
3300,44,FREEMIUM,
3301,44,FREEMIUM,
3302,44,FREEMIUM,
3303,44,FREEMIUM,
3304,44,FREEMIUM,
3307,44,FREEMIUM,
3308,44,FREEMIUM,
3309,44,FREEMIUM,
3310,44,FREEMIUM,
3311,44,FREEMIUM,
3313,44,FREEMIUM,
3314,44,FREEMIUM,
3315,44,FREEMIUM,
3317,44,FREEMIUM,
3318,44,FREEMIUM,
3320,44,FREEMIUM,
3321,44,FREEMIUM,
3322,44,FREEMIUM,
3323,44,FREEMIUM,
3324,44,FREEMIUM,
3325,44,FREEMIUM,
3327,44,FREEMIUM,
3328,44,FREEMIUM,
3329,44,FREEMIUM,
3330,44,FREEMIUM,
3331,44,FREEMIUM,
3332,44,FREEMIUM,
3334,44,FREEMIUM,
3335,44,FREEMIUM,
3336,44,FREEMIUM,
3337,44,FREEMIUM,
3340,44,FREEMIUM,
3341,44,FREEMIUM,
3342,44,FREEMIUM,
3343,44,FREEMIUM,
3267,44,FREEMIUM,
3349,44,FREEMIUM,
3350,44,FREEMIUM,
3351,44,FREEMIUM,
3352,44,FREEMIUM,
3354,44,FREEMIUM,
3355,44,FREEMIUM,
3356,44,FREEMIUM,
3357,44,FREEMIUM,
3358,44,FREEMIUM,
3359,44,FREEMIUM,
3361,44,FREEMIUM,
3362,44,FREEMIUM,
3363,44,FREEMIUM,
3338,44,FREEMIUM,2025-12-03 00:00:00+00:00
3365,44,FREEMIUM,
3366,44,FREEMIUM,
3368,44,FREEMIUM,
3369,44,FREEMIUM,
3370,44,FREEMIUM,
3371,44,FREEMIUM,
3372,44,FREEMIUM,
3373,44,FREEMIUM,
3375,44,FREEMIUM,
3376,44,FREEMIUM,
3377,44,FREEMIUM,
3379,44,FREEMIUM,
3364,44,FREEMIUM,
3382,44,FREEMIUM,
3383,44,FREEMIUM,
3384,44,FREEMIUM,
3385,44,FREEMIUM,
3386,44,FREEMIUM,
3387,44,FREEMIUM,
3389,44,FREEMIUM,
3390,44,FREEMIUM,
3391,44,FREEMIUM,
3392,44,FREEMIUM,
3393,44,FREEMIUM,
3394,44,FREEMIUM,
3396,44,FREEMIUM,
3397,44,FREEMIUM,
3398,44,FREEMIUM,
3399,44,FREEMIUM,
3400,44,FREEMIUM,
3401,44,FREEMIUM,
3403,44,FREEMIUM,
3405,44,FREEMIUM,
3406,44,FREEMIUM,
3408,44,FREEMIUM,
3412,44,FREEMIUM,
3413,44,FREEMIUM,
3414,44,FREEMIUM,
3415,44,FREEMIUM,
3418,44,FREEMIUM,
3419,44,FREEMIUM,
3420,44,FREEMIUM,
3344,44,FREEMIUM,
3479,44,FREEMIUM,
3424,44,FREEMIUM,
3425,44,FREEMIUM,
3426,44,FREEMIUM,
3427,44,FREEMIUM,
3428,44,FREEMIUM,
3430,44,FREEMIUM,
3432,44,FREEMIUM,
3433,44,FREEMIUM,
3434,44,FREEMIUM,
3435,44,FREEMIUM,
3436,44,FREEMIUM,
3476,44,FREEMIUM,2025-02-28 00:00:00+00:00
3439,44,FREEMIUM,
3441,44,FREEMIUM,
3442,44,FREEMIUM,
3443,44,FREEMIUM,
3446,44,FREEMIUM,
3447,44,FREEMIUM,
3448,44,FREEMIUM,
3449,44,FREEMIUM,
7638,117,LEAD,
3453,44,FREEMIUM,
3454,44,FREEMIUM,
3455,44,FREEMIUM,
3456,44,FREEMIUM,
3457,44,FREEMIUM,
3458,44,FREEMIUM,
3461,44,FREEMIUM,
3462,44,FREEMIUM,
3378,44,WARM_LEAD,2026-01-20 00:00:00+00:00
3463,44,FREEMIUM,
3464,44,FREEMIUM,
3465,44,FREEMIUM,
3467,44,FREEMIUM,
3468,44,FREEMIUM,
3469,44,FREEMIUM,
3470,44,FREEMIUM,
3471,44,FREEMIUM,
3472,44,FREEMIUM,
3474,44,FREEMIUM,
3475,44,FREEMIUM,
3477,44,FREEMIUM,
3478,44,FREEMIUM,
3429,44,FREEMIUM,
3481,44,FREEMIUM,
3482,44,FREEMIUM,
3483,44,FREEMIUM,
3484,44,FREEMIUM,
3485,44,FREEMIUM,
3486,44,FREEMIUM,
3488,44,FREEMIUM,
3489,44,FREEMIUM,
3490,44,FREEMIUM,
3491,44,FREEMIUM,
3492,44,FREEMIUM,
3493,44,FREEMIUM,
3495,44,FREEMIUM,
3497,44,FREEMIUM,
3421,44,FREEMIUM,
3501,44,FREEMIUM,
3502,44,FREEMIUM,
3459,44,FREEMIUM,
3504,44,FREEMIUM,
3506,44,FREEMIUM,
3508,44,FREEMIUM,
3509,44,FREEMIUM,
3511,44,FREEMIUM,
3512,44,FREEMIUM,
3513,44,FREEMIUM,
3514,44,FREEMIUM,
3515,44,FREEMIUM,
3516,44,FREEMIUM,
3518,44,FREEMIUM,
3519,44,FREEMIUM,
3520,44,FREEMIUM,
3521,44,FREEMIUM,
3523,44,FREEMIUM,
3525,44,FREEMIUM,
3526,44,FREEMIUM,
840,44,FREEMIUM,
3242,44,FREEMIUM,
3250,44,FREEMIUM,
3257,44,FREEMIUM,
3265,44,FREEMIUM,
3207,44,FREEMIUM,
3209,44,FREEMIUM,
3212,44,FREEMIUM,
3226,44,FREEMIUM,
3233,44,FREEMIUM,
3240,44,FREEMIUM,
3269,44,FREEMIUM,
3276,44,FREEMIUM,
3283,44,FREEMIUM,
3409,44,FREEMIUM,
3290,44,FREEMIUM,
3298,44,FREEMIUM,
3219,44,FREEMIUM,2025-02-25 00:00:00+00:00
3305,44,FREEMIUM,
3312,44,FREEMIUM,
3319,44,FREEMIUM,
3326,44,FREEMIUM,
3333,44,FREEMIUM,
3339,44,FREEMIUM,
3346,44,FREEMIUM,
3353,44,FREEMIUM,
3360,44,FREEMIUM,
3367,44,FREEMIUM,
3374,44,FREEMIUM,
3381,44,FREEMIUM,
3388,44,FREEMIUM,
3395,44,FREEMIUM,
3402,44,FREEMIUM,
3417,44,FREEMIUM,
3423,44,FREEMIUM,
3431,44,FREEMIUM,
3438,44,FREEMIUM,
3445,44,FREEMIUM,
3452,44,FREEMIUM,
3498,44,FREEMIUM,
3524,44,FREEMIUM,
3460,44,FREEMIUM,2025-02-25 00:00:00+00:00
3380,44,FREEMIUM,2025-02-25 00:00:00+00:00
972,44,FREEMIUM,2025-03-02 00:00:00+00:00
3896,17,FREEMIUM,
5389,15,FREEMIUM,
4493,17,FREEMIUM,
4494,17,FREEMIUM,
2080,54,FREEMIUM,
739,17,TRIAL,
4561,17,FREEMIUM,
4566,17,FREEMIUM,
4568,17,FREEMIUM,
4570,17,FREEMIUM,
4572,17,FREEMIUM,
11419,17,TRIAL,2026-04-07 00:00:00+00:00
1780,17,CHURN,2026-02-05 00:00:00+00:00
11467,15,WARM_LEAD,
5523,17,RECURRING_SUBSCRIPTION,2025-06-17 00:00:00+00:00
4574,17,FREEMIUM,
4579,15,FREEMIUM,
4580,15,FREEMIUM,
1216,15,FREEMIUM,2025-04-01 00:00:00+00:00
4345,17,FREEMIUM,
4062,17,FREEMIUM,2025-12-22 00:00:00+00:00
4419,17,FREEMIUM,2025-12-17 00:00:00+00:00
4573,17,FREEMIUM,
4794,15,FREEMIUM,
5202,15,FREEMIUM,2025-12-16 00:00:00+00:00
5395,15,LEAD,
564,17,FREEMIUM,
898,17,FREEMIUM,
543,17,FREEMIUM,
5011,15,FREEMIUM,2026-03-19 00:00:00+00:00
2543,15,FREEMIUM,
11287,15,LEAD,
4371,17,FREEMIUM,2025-12-17 00:00:00+00:00
5263,17,FREEMIUM,
7645,119,LEAD,
4206,17,FREEMIUM,
7644,119,LEAD,
4804,15,FREEMIUM,
4805,15,FREEMIUM,
604,15,FREEMIUM,2024-02-04 00:00:00+00:00
7788,117,LEAD,
11198,17,LEAD,2026-03-13 00:00:00+00:00
2965,15,FREEMIUM,2025-12-15 00:00:00+00:00
5277,15,FREEMIUM,
7646,119,LEAD,
3451,44,FREEMIUM,
7744,117,LEAD,
468,15,FREEMIUM,2023-12-24 00:00:00+00:00
6901,17,RECURRING_SUBSCRIPTION,2025-12-22 00:00:00+00:00
2846,15,ON_DEMAND_SUBSCRIPTION,
4323,17,FREEMIUM,
5222,15,FREEMIUM,2026-03-24 00:00:00+00:00
5109,15,FREEMIUM,
5054,15,TRIAL,
4006,17,FREEMIUM,
5499,15,TRIAL,
7770,117,LEAD,
3996,15,FREEMIUM,
847,44,WARM_LEAD,2024-04-03 00:00:00+00:00
5664,54,LEAD,
4104,17,FREEMIUM,
4105,17,FREEMIUM,
4110,17,FREEMIUM,
11992,54,LEAD,
5336,17,TRIAL,2025-05-04 00:00:00+00:00
4124,17,FREEMIUM,
4125,17,FREEMIUM,
2706,17,FREEMIUM,2025-12-23 00:00:00+00:00
11336,117,RECURRING_SUBSCRIPTION,
1528,15,ON_DEMAND_SUBSCRIPTION,2025-07-06 00:00:00+00:00
11321,15,TRIAL,
11200,15,WARM_LEAD,
2201,54,TRIAL,2024-11-13 00:00:00+00:00
4133,17,FREEMIUM,
7606,119,RECURRING_SUBSCRIPTION,2025-11-07 00:00:00+00:00
3522,44,FREEMIUM,2025-06-19 00:00:00+00:00
1018,15,RECURRING_SUBSCRIPTION,2026-02-26 00:00:00+00:00
6692,15,LEAD,
11292,119,LEAD,
11272,15,WARM_LEAD,
4161,17,FREEMIUM,
3114,17,FREEMIUM,
6458,15,LEAD,
4164,17,FREEMIUM,
728,17,FREEMIUM,
4165,17,FREEMIUM,
4167,17,FREEMIUM,
4168,17,FREEMIUM,
7743,117,LEAD,2026-04-02 00:00:00+00:00
4176,17,FREEMIUM,
4178,17,FREEMIUM,
2467,17,WARM_LEAD,
4181,17,FREEMIUM,
4190,17,FREEMIUM,
4182,17,FREEMIUM,
4183,17,FREEMIUM,
6549,17,TRIAL,2025-07-10 00:00:00+00:00
5014,15,FREEMIUM,
4201,17,FREEMIUM,
4203,17,FREEMIUM,
4205,17,FREEMIUM,
7745,117,LEAD,
10051,119,LEAD,
4207,17,FREEMIUM,
4208,17,FREEMIUM,
5505,15,LEAD,
3316,44,FREEMIUM,2025-07-01 00:00:00+00:00
6435,15,LEAD,
11248,119,RECURRING_SUBSCRIPTION,
2744,17,FREEMIUM,2024-12-08 00:00:00+00:00
4210,17,FREEMIUM,
4220,17,FREEMIUM,
5506,15,RECURRING_SUBSCRIPTION,2026-01-17 00:00:00+00:00
6460,15,ON_DEMAND_SUBSCRIPTION,2025-12-08 00:00:00+00:00
7747,117,LEAD,
7789,117,LEAD,
2422,17,ON_DEMAND_SUBSCRIPTION,
3974,17,FREEMIUM,
6659,17,LEAD,
6481,15,LEAD,
496,17,RECURRING_SUBSCRIPTION,2025-12-07 00:00:00+00:00
4227,17,FREEMIUM,
1186,17,TRIAL,2025-11-25 00:00:00+00:00
3189,15,FREEMIUM,2026-01-13 00:00:00+00:00
5156,15,ON_DEMAND_SUBSCRIPTION,
7774,117,LEAD,
5334,17,RECURRING_SUBSCRIPTION,2025-09-22 00:00:00+00:00
834,44,FREEMIUM,2024-10-07 00:00:00+00:00
6405,17,TRIAL,2026-01-25 00:00:00+00:00
4920,15,FREEMIUM,
6482,54,LEAD,
4921,15,FREEMIUM,
6320,17,LEAD,
6607,54,LEAD,2025-12-11 00:00:00+00:00
1269,15,FREEMIUM,
4905,15,ON_DEMAND_SUBSCRIPTION,
3277,44,FREEMIUM,2025-07-13 00:00:00+00:00
5599,17,WARM_LEAD,2025-05-11 00:00:00+00:00
5064,15,FREEMIUM,
11105,17,LEAD,
2908,15,CHURN,2025-04-22 00:00:00+00:00
6407,54,LEAD,
2094,54,FREEMIUM,
11993,94,LEAD,
5192,15,FREEMIUM,
4943,15,FREEMIUM,
4855,15,FREEMIUM,
538,15,FREEMIUM,2024-01-14 00:00:00+00:00
4936,15,FREEMIUM,
4912,15,FREEMIUM,
5007,15,FREEMIUM,
5131,15,FREEMIUM,
3999,17,FREEMIUM,2025-06-10 00:00:00+00:00
5307,17,CHURN,2025-04-27 00:00:00+00:00
1434,17,FREEMIUM,2025-04-01 00:00:00+00:00
2594,15,FREEMIUM,
2903,44,CHURN,2025-05-18 00:00:00+00:00
4733,15,FREEMIUM,
820,44,RECURRING_SUBSCRIPTION,2025-08-11 00:00:00+00:00
6771,17,LEAD,
6745,15,LEAD,
4096,17,CHURN,2025-08-20 00:00:00+00:00
4106,17,ON_DEMAND_SUBSCRIPTION,2026-01-20 00:00:00+00:00
6770,17,LEAD,
5332,17,TRIAL,2025-05-25 00:00:00+00:00
6246,15,TRIAL,2025-06-14 00:00:00+00:00
4239,17,FREEMIUM,2025-08-28 00:00:00+00:00
6599,15,RECURRING_SUBSCRIPTION,2026-03-05 00:00:00+00:00
11339,15,LEAD,
4802,15,ON_DEMAND_SUBSCRIPTION,2025-12-02 00:00:00+00:00
1667,15,ON_DEMAND_SUBSCRIPTION,2025-12-13 00:00:00+00:00
1003,17,ON_DEMAND_SUBSCRIPTION,2025-11-20 00:00:00+00:00
7179,17,LEAD,
4923,15,WARM_LEAD,
1749,15,FREEMIUM,2026-02-22 00:00:00+00:00
2313,54,RECURRING_SUBSCRIPTION,2024-11-21 00:00:00+00:00
7807,117,LEAD,2026-04-24 00:00:00+00:00
11396,15,LEAD,
3411,44,FREEMIUM,2026-03-15 00:00:00+00:00
7362,15,LEAD,
1208,15,ON_DEMAND_SUBSCRIPTION,2024-06-12 00:00:00+00:00
7801,117,ON_DEMAND_SUBSCRIPTION,2025-09-22 00:00:00+00:00
7795,117,TRIAL,2025-09-15 00:00:00+00:00
7806,117,LEAD,
7234,15,CHURN,2025-08-18 00:00:00+00:00
5479,17,CHURN,2025-06-01 00:00:00+00:00
5219,15,FREEMIUM,2026-03-02 00:00:00+00:00
4839,15,FREEMIUM,
7413,15,WARM_LEAD,2025-08-24 00:00:00+00:00
7486,117,CHURN,2025-09-26 00:00:00+00:00
7791,117,LEAD,
7851,119,LEAD,2025-10-24 00:00:00+00:00
7776,117,LEAD,
7796,117,LEAD,
7802,117,LEAD,
904,17,CHURN,2024-04-14 00:00:00+00:00
4968,15,FREEMIUM,2026-02-06 00:00:00+00:00
4270,17,CHURN,2025-07-08 00:00:00+00:00
7777,117,LEAD,
7792,117,LEAD,
7797,117,LEAD,
7803,117,LEAD,
7822,117,LEAD,
7798,117,LEAD,
7804,117,LEAD,
7866,119,CHURN,2025-09-08 00:00:00+00:00
2292,15,FREEMIUM,2026-01-07 00:00:00+00:00
7887,15,WARM_LEAD,2025-09-14 00:00:00+00:00
4975,15,ON_DEMAND_SUBSCRIPTION,2025-08-03 00:00:00+00:00
4787,15,CHURN,2025-04-27 00:00:00+00:00
2911,17,RECURRING_SUBSCRIPTION,2025-12-09 00:00:00+00:00
7809,119,LEAD,
445,15,RECURRING_SUBSCRIPTION,2025-12-18 00:00:00+00:00
7808,117,RECURRING_SUBSCRIPTION,2025-10-06 00:00:00+00:00
1204,17,ON_DEMAND_SUBSCRIPTION,2025-12-09 00:00:00+00:00
11994,66,LEAD,
9859,15,RECURRING_SUBSCRIPTION,2026-01-04 00:00:00+00:00
9939,117,RECURRING_SUBSCRIPTION,2026-01-11 00:00:00+00:00
10043,119,TRIAL,
836,17,RECURRING_SUBSCRIPTION,2026-01-21 00:00:00+00:00
7913,119,LEAD,
7910,119,LEAD,2025-12-04 00:00:00+00:00
7914,117,WARM_LEAD,2025-09-15 00:00:00+00:00
458,15,TRIAL,2023-12-18 00:00:00+00:00
7942,119,LEAD,
7949,119,LEAD,2025-11-20 00:00:00+00:00
8004,119,LEAD,
7944,117,LEAD,
7961,15,LEAD,
8024,117,TRIAL,2025-10-30 00:00:00+00:00
8038,54,LEAD,
8070,15,LEAD,
8158,15,LEAD,
8187,54,LEAD,
509,15,CHURN,2023-12-31 00:00:00+00:00
4900,15,RECURRING_SUBSCRIPTION,2025-12-06 00:00:00+00:00
8412,15,LEAD,
2214,15,CHURN,2025-12-10 00:00:00+00:00
3973,17,ON_DEMAND_SUBSCRIPTION,2025-12-20 00:00:00+00:00
4845,15,CHURN,2025-06-29 00:00:00+00:00
9879,15,RECURRING_SUBSCRIPTION,2026-03-24 00:00:00+00:00
2920,15,RECURRING_SUBSCRIPTION,2025-12-05 00:00:00+00:00
2233,17,TRIAL,2026-01-14 00:00:00+00:00
8572,54,LEAD,
8602,119,LEAD,
705,15,FREEMIUM,2026-03-25 00:00:00+00:00
9765,15,LEAD,
9719,15,LEAD,
9943,15,LEAD,
4416,17,RECURRING_SUBSCRIPTION,2025-10-09 00:00:00+00:00
9944,119,LEAD,
9720,15,LEAD,
1244,15,WARM_LEAD,2024-06-02 00:00:00+00:00
841,17,ON_DEMAND_SUBSCRIPTION,2025-12-22 00:00:00+00:00
8686,117,RECURRING_SUBSCRIPTION,2025-12-15 00:00:00+00:00
8661,119,LEAD,
8719,117,LEAD,
480,15,ON_DEMAND_SUBSCRIPTION,2025-09-22 00:00:00+00:00
11995,134,RECURRING_SUBSCRIPTION,
9710,15,TRIAL,2025-12-15 00:00:00+00:00
9942,17,RECURRING_SUBSCRIPTION,2026-02-22 00:00:00+00:00
11151,15,ON_DEMAND_SUBSCRIPTION,2026-03-01 00:00:00+00:00
2723,17,ON_DEMAND_SUBSCRIPTION,2025-12-17 00:00:00+00:00
8142,15,RECURRING_SUBSCRIPTION,2025-12-01 00:00:00+00:00
6457,15,RECURRING_SUBSCRIPTION,2025-12-07 00:00:00+00:00
2669,17,WARM_LEAD,2025-12-30 00:00:00+00:00
8750,54,LEAD,
10027,17,WARM_LEAD,2026-01-18 00:00:00+00:00
3348,44,FREEMIUM,2025-10-16 00:00:00+00:00
10070,117,LEAD,
2437,15,ON_DEMAND_SUBSCRIPTION,
9723,15,LEAD,
4708,15,RECURRING_SUBSCRIPTION,2026-01-16 00:00:00+00:00
8819,17,LEAD,2025-12-17 00:00:00+00:00
8829,15,WARM_LEAD,2025-10-21 00:00:00+00:00
9724,15,WARM_LEAD,2025-12-21 00:00:00+00:00
3444,44,FREEMIUM,2025-10-22 00:00:00+00:00
8879,117,LEAD,
8851,15,LEAD,
8907,119,LEAD,
8930,17,LEAD,
8936,117,LEAD,
8917,119,LEAD,
8926,117,LEAD,
8937,119,LEAD,
8946,119,LEAD,
8922,117,LEAD,
9726,15,LEAD,
5101,15,WARM_LEAD,2025-11-25 00:00:00+00:00
9020,17,LEAD,
9013,15,LEAD,
9001,119,LEAD,
8998,17,LEAD,
9007,119,LEAD,
9003,117,CHURN,2025-10-29 00:00:00+00:00
9045,17,ON_DEMAND_SUBSCRIPTION,2025-10-27 00:00:00+00:00
3440,44,FREEMIUM,2025-11-03 00:00:00+00:00
9727,15,LEAD,
9062,119,TRIAL,2026-03-05 00:00:00+00:00
9666,15,WARM_LEAD,
9138,17,LEAD,
9129,117,RECURRING_SUBSCRIPTION,2025-11-06 00:00:00+00:00
9317,117,WARM_LEAD,2025-12-21 00:00:00+00:00
9217,117,RECURRING_SUBSCRIPTION,2025-11-13 00:00:00+00:00
9251,117,WARM_LEAD,2025-11-30 00:00:00+00:00
9252,117,LEAD,
7783,117,LEAD,2025-11-13 00:00:00+00:00
9269,119,LEAD,
9270,119,LEAD,
9281,15,WARM_LEAD,2025-12-30 00:00:00+00:00
9316,119,LEAD,
5224,15,FREEMIUM,
8915,119,LEAD,2026-04-24 00:00:00+00:00
8712,17,TRIAL,2025-11-30 00:00:00+00:00
9722,15,WARM_LEAD,2026-01-18 00:00:00+00:00
11996,1,LEAD,
1834,15,ON_DEMAND_SUBSCRIPTION,2026-01-01 00:00:00+00:00
9369,119,RECURRING_SUBSCRIPTION,2025-11-23 00:00:00+00:00
4033,17,WARM_LEAD,2025-12-01 00:00:00+00:00
11622,15,WARM_LEAD,
9412,44,WARM_LEAD,
9431,44,LEAD,
9454,17,LEAD,
629,15,FREEMIUM,2025-12-16 00:00:00+00:00
9434,15,LEAD,
9459,15,WARM_LEAD,2025-12-07 00:00:00+00:00
4898,15,RECURRING_SUBSCRIPTION,2025-12-05 00:00:00+00:00
9451,15,LEAD,
9729,15,LEAD,
449,15,RECURRING_SUBSCRIPTION,2026-01-20 00:00:00+00:00
4698,15,WARM_LEAD,2026-01-06 00:00:00+00:00
9507,17,LEAD,2025-12-17 00:00:00+00:00
9533,17,LEAD,
6200,15,CHURN,2025-06-10 00:00:00+00:00
9516,119,LEAD,
9535,44,LEAD,
534,17,FREEMIUM,2025-12-02 00:00:00+00:00
2585,15,ON_DEMAND_SUBSCRIPTION,2026-02-06 00:00:00+00:00
4722,15,WARM_LEAD,2026-01-22 00:00:00+00:00
10205,117,RECURRING_SUBSCRIPTION,2026-02-15 00:00:00+00:00
10266,17,LEAD,
4758,15,ON_DEMAND_SUBSCRIPTION,2025-10-29 00:00:00+00:00
10318,15,LEAD,
516,17,RECURRING_SUBSCRIPTION,2024-07-23 00:00:00+00:00
3496,44,FREEMIUM,2025-09-14 00:00:00+00:00
11120,15,TRIAL,
10344,15,LEAD,
3255,44,FREEMIUM,2026-02-02 00:00:00+00:00
10435,17,LEAD,
10597,17,TRIAL,2026-02-17 00:00:00+00:00
4318,17,ON_DEMAND_SUBSCRIPTION,2025-12-07 00:00:00+00:00
10495,17,RECURRING_SUBSCRIPTION,2026-04-12 00:00:00+00:00
1016,15,RECURRING_SUBSCRIPTION,2025-12-05 00:00:00+00:00
1535,15,WARM_LEAD,2025-03-31 00:00:00+00:00
541,15,TRIAL,2024-09-06 00:00:00+00:00
2354,17,RECURRING_SUBSCRIPTION,2026-01-28 00:00:00+00:00
10371,119,RECURRING_SUBSCRIPTION,2026-02-15 00:00:00+00:00
554,17,RECURRING_SUBSCRIPTION,2025-04-13 00:00:00+00:00
9419,17,LEAD,
11997,195,LEAD,
11536,15,WARM_LEAD,
9945,119,CHURN,2026-01-12 00:00:00+00:00
492,15,RECURRING_SUBSCRIPTION,2026-03-23 00:00:00+00:00
5236,15,FREEMIUM,2025-12-09 00:00:00+00:00
598,15,RECURRING_SUBSCRIPTION,2024-04-01 00:00:00+00:00
4688,15,FREEMIUM,
4897,15,FREEMIUM,2026-03-22 00:00:00+00:00
633,15,RECURRING_SUBSCRIPTION,2024-07-10 00:00:00+00:00
1273,15,CHURN,2024-07-26 00:00:00+00:00
442,15,TRIAL,2025-03-26 00:00:00+00:00
605,15,TRIAL,2024-02-04 00:00:00+00:00
430,15,TRIAL,2023-12-10 00:00:00+00:00
1142,15,RECURRING_SUBSCRIPTION,2025-12-13 00:00:00+00:00
688,15,TRIAL,2024-09-03 00:00:00+00:00
1744,15,ON_DEMAND_SUBSCRIPTION,2025-12-29 00:00:00+00:00
927,15,FREEMIUM,2025-04-19 00:00:00+00:00
738,15,TRIAL,2024-03-17 00:00:00+00:00
1742,15,FREEMIUM,
4669,15,FREEMIUM,
555,15,CHURN,2024-07-10 00:00:00+00:00
535,15,CHURN,2024-07-10 00:00:00+00:00
556,15,TRIAL,2024-01-28 00:00:00+00:00
5028,15,FREEMIUM,
5228,15,FREEMIUM,
536,15,FREEMIUM,
5229,15,FREEMIUM,
1095,15,FREEMIUM,
648,15,FREEMIUM,2025-04-13 00:00:00+00:00
4872,15,FREEMIUM,
696,15,CHURN,2024-11-13 00:00:00+00:00
457,15,TRIAL,2024-10-27 00:00:00+00:00
465,15,ON_DEMAND_SUBSCRIPTION,2026-01-19 00:00:00+00:00
490,15,CHURN,2023-12-31 00:00:00+00:00
448,15,FREEMIUM,2023-12-17 00:00:00+00:00
441,15,TRIAL,2023-12-10 00:00:00+00:00
485,15,CHURN,2023-12-17 00:00:00+00:00
484,15,CHURN,2023-12-24 00:00:00+00:00
5269,15,FREEMIUM,
1160,15,CHURN,2024-06-10 00:00:00+00:00
1193,15,ON_DEMAND_SUBSCRIPTION,
616,15,CHURN,2024-02-04 00:00:00+00:00
2442,15,CHURN,2025-12-14 00:00:00+00:00
494,15,ON_DEMAND_SUBSCRIPTION,2024-08-29 00:00:00+00:00
3053,15,ON_DEMAND_SUBSCRIPTION,2025-12-04 00:00:00+00:00
11998,142,LEAD,
470,15,RECURRING_SUBSCRIPTION,2026-05-11 00:00:00+00:00
748,15,RECURRING_SUBSCRIPTION,2024-10-21 00:00:00+00:00
1069,15,FREEMIUM,
809,15,FREEMIUM,
1221,15,ON_DEMAND_SUBSCRIPTION,
720,15,CHURN,2024-03-03 00:00:00+00:00
1447,15,CHURN,2024-06-30 00:00:00+00:00
1151,15,TRIAL,2024-05-19 00:00:00+00:00
1238,15,TRIAL,2024-10-10 00:00:00+00:00
1243,15,CHURN,2024-07-10 00:00:00+00:00
1298,15,CHURN,
621,15,ON_DEMAND_SUBSCRIPTION,2024-08-07 00:00:00+00:00
1250,15,TRIAL,2024-05-26 00:00:00+00:00
1448,15,ON_DEMAND_SUBSCRIPTION,2024-06-30 00:00:00+00:00
1355,15,TRIAL,2024-06-16 00:00:00+00:00
512,15,TRIAL,2024-01-07 00:00:00+00:00
6170,15,LEAD,
1735,15,TRIAL,
1888,15,FREEMIUM,2025-12-28 00:00:00+00:00
518,15,ON_DEMAND_SUBSCRIPTION,2025-12-01 00:00:00+00:00
5071,15,FREEMIUM,
471,15,ON_DEMAND_SUBSCRIPTION,2024-05-08 00:00:00+00:00
5419,15,LEAD,
1951,15,FREEMIUM,
481,15,CHURN,2024-06-27 00:00:00+00:00
641,15,RECURRING_SUBSCRIPTION,2024-07-10 00:00:00+00:00
9575,15,RECURRING_SUBSCRIPTION,2026-01-04 00:00:00+00:00
486,15,FROZEN,2024-07-10 00:00:00+00:00
560,15,RECURRING_SUBSCRIPTION,2025-05-16 00:00:00+00:00
439,15,ON_DEMAND_SUBSCRIPTION,2025-12-22 00:00:00+00:00
5287,15,FREEMIUM,2025-12-16 00:00:00+00:00
1972,15,CHURN,2024-09-01 00:00:00+00:00
2026,15,TRIAL,2024-09-01 00:00:00+00:00
478,15,CHURN,2023-12-17 00:00:00+00:00
1014,15,CHURN,2024-07-21 00:00:00+00:00
2106,15,FREEMIUM,2024-11-10 00:00:00+00:00
2116,15,RECURRING_SUBSCRIPTION,2025-06-11 00:00:00+00:00
2683,15,RECURRING_SUBSCRIPTION,
3019,15,RECURRING_SUBSCRIPTION,2026-03-03 00:00:00+00:00
2042,15,CHURN,2025-01-12 00:00:00+00:00
514,15,TRIAL,2026-02-06 00:00:00+00:00
11999,139,RECURRING_SUBSCRIPTION,
1442,15,ON_DEMAND_SUBSCRIPTION,2024-06-28 00:00:00+00:00
1493,15,ON_DEMAND_SUBSCRIPTION,2025-12-11 00:00:00+00:00
2027,15,FREEMIUM,2026-06-05 00:00:00+00:00
2043,15,RECURRING_SUBSCRIPTION,2025-02-12 00:00:00+00:00
2136,15,TRIAL,2024-09-29 00:00:00+00:00
2105,15,CHURN,2025-11-30 00:00:00+00:00
9582,15,LEAD,
2296,15,TRIAL,2024-10-06 00:00:00+00:00
2740,15,CHURN,2024-12-09 00:00:00+00:00
2760,15,TRIAL,2024-12-15 00:00:00+00:00
2769,15,FREEMIUM,
1067,15,ON_DEMAND_SUBSCRIPTION,2024-12-15 00:00:00+00:00
453,15,CHURN,2023-12-17 00:00:00+00:00
901,15,ON_DEMAND_SUBSCRIPTION,2025-01-05 00:00:00+00:00
2907,15,TRIAL,2025-01-05 00:00:00+00:00
2868,15,RECURRING_SUBSCRIPTION,2025-04-10 00:00:00+00:00
4980,15,FREEMIUM,
4709,15,ON_DEMAND_SUBSCRIPTION,
2999,15,FREEMIUM,
3075,15,TRIAL,2025-03-02 00:00:00+00:00
3040,15,FREEMIUM,2025-02-02 00:00:00+00:00
3147,15,RECURRING_SUBSCRIPTION,2025-12-12 00:00:00+00:00
3136,15,FREEMIUM,2025-02-16 00:00:00+00:00
3137,15,ON_DEMAND_SUBSCRIPTION,2025-02-23 00:00:00+00:00
3102,15,CHURN,2025-12-21 00:00:00+00:00
5058,15,ON_DEMAND_SUBSCRIPTION,2026-01-01 00:00:00+00:00
4811,15,FREEMIUM,
4582,15,FREEMIUM,
4588,15,FREEMIUM,
4589,15,FREEMIUM,
4590,15,FREEMIUM,
4591,15,FREEMIUM,
4592,15,FREEMIUM,
4593,15,FREEMIUM,
4595,15,FREEMIUM,
4596,15,FREEMIUM,
4597,15,FREEMIUM,
4598,15,FREEMIUM,
4599,15,FREEMIUM,
4600,15,FREEMIUM,
4601,15,FREEMIUM,
4602,15,FREEMIUM,
4603,15,FREEMIUM,
4604,15,FREEMIUM,
4605,15,FREEMIUM,
4606,15,FREEMIUM,
432,15,FREEMIUM,2023-12-10 00:00:00+00:00
4608,15,FREEMIUM,
4647,15,FREEMIUM,
4611,15,FREEMIUM,
4613,15,FREEMIUM,
4614,15,FREEMIUM,
4615,15,FREEMIUM,
4616,15,FREEMIUM,
4617,15,FREEMIUM,
4618,15,FREEMIUM,
4619,15,FREEMIUM,
4689,15,FREEMIUM,
2710,15,CHURN,2025-12-07 00:00:00+00:00
1413,15,TRIAL,2025-11-25 00:00:00+00:00
1154,15,TRIAL,2024-07-21 00:00:00+00:00
4620,15,FREEMIUM,
4621,15,FREEMIUM,
4622,15,FREEMIUM,
4623,15,FREEMIUM,
4624,15,FREEMIUM,
4625,15,FREEMIUM,
4626,15,FREEMIUM,
4627,15,FREEMIUM,
4628,15,FREEMIUM,
4629,15,FREEMIUM,
4631,15,FREEMIUM,
4632,15,FREEMIUM,
4633,15,FREEMIUM,
4634,15,FREEMIUM,
4635,15,FREEMIUM,
4636,15,FREEMIUM,
4637,15,FREEMIUM,
4638,15,FREEMIUM,
4639,15,FREEMIUM,
4640,15,FREEMIUM,
4641,15,FREEMIUM,
4642,15,FREEMIUM,
4644,15,FREEMIUM,
4645,15,FREEMIUM,
4646,15,FREEMIUM,
4648,15,FREEMIUM,
4651,15,FREEMIUM,
4652,15,FREEMIUM,
4653,15,FREEMIUM,
4654,15,FREEMIUM,
4655,15,FREEMIUM,
4656,15,FREEMIUM,
4657,15,FREEMIUM,
4658,15,FREEMIUM,
4659,15,FREEMIUM,
4660,15,FREEMIUM,
4661,15,FREEMIUM,
4662,15,FREEMIUM,
4663,15,FREEMIUM,
4664,15,FREEMIUM,
4665,15,FREEMIUM,
4666,15,FREEMIUM,
4667,15,FREEMIUM,
4668,15,FREEMIUM,
4670,15,FREEMIUM,
4643,15,ON_DEMAND_SUBSCRIPTION,
5392,15,FREEMIUM,2026-01-31 00:00:00+00:00
5217,15,ON_DEMAND_SUBSCRIPTION,2025-11-06 00:00:00+00:00
4695,15,FREEMIUM,
4671,15,FREEMIUM,
4672,15,FREEMIUM,
4673,15,FREEMIUM,
4674,15,FREEMIUM,
4630,15,FREEMIUM,
4675,15,FREEMIUM,
4676,15,FREEMIUM,
4677,15,FREEMIUM,
4678,15,FREEMIUM,
4679,15,FREEMIUM,
4680,15,FREEMIUM,
4681,15,FREEMIUM,
4682,15,FREEMIUM,
4683,15,FREEMIUM,
4684,15,FREEMIUM,
4685,15,FREEMIUM,
4686,15,FREEMIUM,
4687,15,FREEMIUM,
4690,15,FREEMIUM,
4691,15,FREEMIUM,
4692,15,FREEMIUM,
4693,15,FREEMIUM,
4694,15,FREEMIUM,
4696,15,FREEMIUM,
4697,15,FREEMIUM,
4699,15,FREEMIUM,
4700,15,FREEMIUM,
4701,15,FREEMIUM,
4702,15,FREEMIUM,
4703,15,FREEMIUM,
4704,15,FREEMIUM,
4705,15,FREEMIUM,
4706,15,FREEMIUM,
4707,15,FREEMIUM,
4710,15,FREEMIUM,
4711,15,FREEMIUM,
4712,15,FREEMIUM,
4713,15,FREEMIUM,
608,15,FREEMIUM,
551,15,ON_DEMAND_SUBSCRIPTION,2025-12-04 00:00:00+00:00
4714,15,FREEMIUM,
4715,15,FREEMIUM,
4716,15,FREEMIUM,
4717,15,FREEMIUM,
4718,15,FREEMIUM,
4719,15,FREEMIUM,
4720,15,FREEMIUM,
4721,15,FREEMIUM,
4723,15,FREEMIUM,
4724,15,FREEMIUM,
4725,15,FREEMIUM,
4726,15,FREEMIUM,
4728,15,FREEMIUM,
4729,15,FREEMIUM,
4730,15,FREEMIUM,
4731,15,FREEMIUM,
4734,15,FREEMIUM,
4736,15,FREEMIUM,
4737,15,FREEMIUM,
4739,15,FREEMIUM,
4740,15,FREEMIUM,
4741,15,FREEMIUM,
4742,15,FREEMIUM,
4743,15,FREEMIUM,
4744,15,FREEMIUM,
4745,15,FREEMIUM,
4746,15,FREEMIUM,
4747,15,FREEMIUM,
4748,15,FREEMIUM,
4749,15,FREEMIUM,
1064,15,FREEMIUM,
4750,15,FREEMIUM,
4751,15,FREEMIUM,
4752,15,FREEMIUM,
4753,15,FREEMIUM,
3132,15,FREEMIUM,
4756,15,FREEMIUM,
4757,15,FREEMIUM,
2524,15,FREEMIUM,
2811,15,FREEMIUM,
4755,15,FREEMIUM,
4754,15,WARM_LEAD,
4791,15,ON_DEMAND_SUBSCRIPTION,
4759,15,FREEMIUM,
4761,15,FREEMIUM,
4763,15,FREEMIUM,
4764,15,FREEMIUM,
4766,15,FREEMIUM,
4767,15,FREEMIUM,
4768,15,FREEMIUM,
4769,15,FREEMIUM,
4771,15,FREEMIUM,
4772,15,FREEMIUM,
4773,15,FREEMIUM,
4774,15,FREEMIUM,
4775,15,FREEMIUM,
4776,15,FREEMIUM,
4777,15,FREEMIUM,
4778,15,FREEMIUM,
2023,15,FREEMIUM,
4779,15,FREEMIUM,
4780,15,FREEMIUM,
4781,15,FREEMIUM,
4782,15,FREEMIUM,
4783,15,FREEMIUM,
4785,15,FREEMIUM,
4786,15,FREEMIUM,
4788,15,FREEMIUM,
4795,15,FREEMIUM,
4796,15,FREEMIUM,
4797,15,FREEMIUM,
4799,15,FREEMIUM,
4793,15,FREEMIUM,
4790,15,FREEMIUM,
4801,15,FREEMIUM,
2646,15,FREEMIUM,
4803,15,FREEMIUM,
1365,15,FREEMIUM,
4807,15,FREEMIUM,
770,15,TRIAL,2025-12-15 00:00:00+00:00
4798,15,TRIAL,
4806,15,FREEMIUM,2026-02-02 00:00:00+00:00
4895,15,FREEMIUM,
790,15,ON_DEMAND_SUBSCRIPTION,2024-04-14 00:00:00+00:00
4760,15,FREEMIUM,
1353,15,FREEMIUM,2025-02-09 00:00:00+00:00
4784,15,FREEMIUM,
4789,15,FREEMIUM,2025-12-16 00:00:00+00:00
4800,15,FREEMIUM,2026-01-11 00:00:00+00:00
4650,15,FREEMIUM,
4808,15,FREEMIUM,
4809,15,FREEMIUM,
4810,15,FREEMIUM,
4812,15,FREEMIUM,
1483,15,FREEMIUM,
4813,15,FREEMIUM,
4814,15,FREEMIUM,
4815,15,FREEMIUM,
4816,15,FREEMIUM,
4817,15,FREEMIUM,
4818,15,FREEMIUM,
4820,15,FREEMIUM,
4824,15,FREEMIUM,
4825,15,FREEMIUM,
4826,15,FREEMIUM,
4827,15,FREEMIUM,
4828,15,FREEMIUM,
4829,15,FREEMIUM,
4830,15,FREEMIUM,
4831,15,FREEMIUM,
4832,15,FREEMIUM,
4833,15,FREEMIUM,
4834,15,FREEMIUM,
4835,15,FREEMIUM,
4836,15,FREEMIUM,
4837,15,FREEMIUM,
4838,15,FREEMIUM,
4840,15,FREEMIUM,
4841,15,FREEMIUM,
4842,15,FREEMIUM,
4843,15,FREEMIUM,
4844,15,FREEMIUM,
4846,15,FREEMIUM,
4847,15,FREEMIUM,
4848,15,FREEMIUM,
4849,15,FREEMIUM,
4850,15,FREEMIUM,
4851,15,FREEMIUM,
4852,15,FREEMIUM,
4853,15,FREEMIUM,
1312,15,TRIAL,2024-06-16 00:00:00+00:00
4821,15,CHURN,2025-10-26 00:00:00+00:00
4727,15,FREEMIUM,
632,15,FREEMIUM,
2651,15,FREEMIUM,2024-12-08 00:00:00+00:00
603,15,FREEMIUM,2024-02-04 00:00:00+00:00
1086,15,FREEMIUM,2024-07-21 00:00:00+00:00
670,15,FREEMIUM,2024-03-10 00:00:00+00:00
709,15,FREEMIUM,
2619,15,FREEMIUM,
4854,15,FREEMIUM,
2311,15,FREEMIUM,
5256,15,FREEMIUM,
2622,15,FREEMIUM,2025-02-09 00:00:00+00:00
4792,15,FREEMIUM,
2520,15,ON_DEMAND_SUBSCRIPTION,2025-12-13 00:00:00+00:00
2539,15,FREEMIUM,
4869,15,RECURRING_SUBSCRIPTION,2025-12-07 00:00:00+00:00
5257,15,FREEMIUM,2024-01-28 00:00:00+00:00
5259,15,FREEMIUM,
5260,15,FREEMIUM,
5261,15,FREEMIUM,
5264,15,FREEMIUM,
5265,15,FREEMIUM,
1093,15,FREEMIUM,2024-07-14 00:00:00+00:00
446,15,FREEMIUM,2023-12-10 00:00:00+00:00
454,15,FREEMIUM,2023-12-17 00:00:00+00:00
1099,15,FREEMIUM,2025-04-02 00:00:00+00:00
4982,15,FREEMIUM,
5271,15,FREEMIUM,
5273,15,FREEMIUM,
5274,15,FREEMIUM,
5275,15,FREEMIUM,
4732,15,FREEMIUM,
12001,15,LEAD,
469,15,FREEMIUM,2023-12-24 00:00:00+00:00
1473,15,FREEMIUM,
5278,15,FREEMIUM,
2680,15,FREEMIUM,
1692,15,FREEMIUM,
1907,15,FREEMIUM,
2774,15,FREEMIUM,
3018,15,FREEMIUM,
3070,15,FREEMIUM,
3077,15,FREEMIUM,
3869,15,FREEMIUM,
519,15,FREEMIUM,2024-01-14 00:00:00+00:00
1061,15,RECURRING_SUBSCRIPTION,2026-01-24 00:00:00+00:00
467,15,FREEMIUM,2023-12-24 00:00:00+00:00
476,15,FREEMIUM,2023-12-31 00:00:00+00:00
437,15,FREEMIUM,2023-12-24 00:00:00+00:00
1194,15,FREEMIUM,
1039,15,FREEMIUM,
1047,15,FREEMIUM,
1180,15,FREEMIUM,
1101,15,FREEMIUM,
1063,15,FREEMIUM,
1264,15,FREEMIUM,
1368,15,FREEMIUM,
1372,15,FREEMIUM,
1964,15,FREEMIUM,
1373,15,FREEMIUM,2025-04-02 00:00:00+00:00
5055,15,FREEMIUM,
5056,15,FREEMIUM,
5057,15,FREEMIUM,
5059,15,FREEMIUM,
2264,15,FREEMIUM,
5060,15,FREEMIUM,
2109,15,TRIAL,
1529,15,CHURN,2025-04-07 00:00:00+00:00
4878,15,FREEMIUM,2025-12-21 00:00:00+00:00
4955,15,FREEMIUM,
2519,15,FREEMIUM,
5062,15,FREEMIUM,
2295,15,FREEMIUM,
5063,15,FREEMIUM,
5068,15,FREEMIUM,
2324,15,FREEMIUM,
1359,15,TRIAL,2024-06-16 00:00:00+00:00
3027,15,FREEMIUM,
2358,15,FREEMIUM,
2344,15,FREEMIUM,
2347,15,FREEMIUM,
2410,15,FREEMIUM,
4973,15,FREEMIUM,2026-03-28 00:00:00+00:00
2493,15,FREEMIUM,
2914,15,FREEMIUM,
2945,15,FREEMIUM,
3152,15,FREEMIUM,
2090,15,FREEMIUM,
5061,15,FREEMIUM,
2330,15,FREEMIUM,2026-06-11 00:00:00+00:00
2329,15,FREEMIUM,
1042,15,FREEMIUM,2024-04-21 00:00:00+00:00
2709,15,FREEMIUM,
2681,15,FREEMIUM,2024-12-01 00:00:00+00:00
5038,15,FREEMIUM,
5039,15,FREEMIUM,
5037,15,FREEMIUM,
5032,15,FREEMIUM,
5033,15,FREEMIUM,
5034,15,FREEMIUM,
5036,15,FREEMIUM,
5040,15,FREEMIUM,
5041,15,FREEMIUM,
5042,15,FREEMIUM,
5043,15,FREEMIUM,
5044,15,FREEMIUM,
5045,15,FREEMIUM,
5046,15,FREEMIUM,
5047,15,FREEMIUM,
5049,15,FREEMIUM,
5050,15,FREEMIUM,
5051,15,FREEMIUM,
5052,15,FREEMIUM,
5053,15,FREEMIUM,
5035,15,FREEMIUM,
6152,15,RECURRING_SUBSCRIPTION,2025-12-04 00:00:00+00:00
5325,15,LEAD,
4880,15,FREEMIUM,
7769,15,LEAD,
5110,15,WARM_LEAD,2026-01-04 00:00:00+00:00
4015,15,FREEMIUM,
4051,15,FREEMIUM,
6459,15,WARM_LEAD,2025-11-16 00:00:00+00:00
6221,15,FREEMIUM,2025-06-15 00:00:00+00:00
782,15,TRIAL,2024-03-17 00:00:00+00:00
5065,15,FREEMIUM,2025-10-17 00:00:00+00:00
5066,15,FREEMIUM,
3946,15,FREEMIUM,2025-03-30 00:00:00+00:00
5223,15,FREEMIUM,2026-01-21 00:00:00+00:00
461,15,FREEMIUM,2023-12-17 00:00:00+00:00
4857,15,FREEMIUM,
4858,15,FREEMIUM,
4860,15,FREEMIUM,
4862,15,FREEMIUM,
4925,15,FREEMIUM,
4861,15,FREEMIUM,
4823,15,FREEMIUM,
4856,15,FREEMIUM,
4863,15,FREEMIUM,
4864,15,FREEMIUM,
4865,15,FREEMIUM,
4866,15,FREEMIUM,
4868,15,FREEMIUM,
3943,15,FREEMIUM,
4998,15,FREEMIUM,2026-01-06 00:00:00+00:00
3914,15,ON_DEMAND_SUBSCRIPTION,2025-12-16 00:00:00+00:00
4867,15,FREEMIUM,
4870,15,FREEMIUM,
4871,15,FREEMIUM,
4873,15,FREEMIUM,
4874,15,FREEMIUM,
4875,15,FREEMIUM,
4876,15,FREEMIUM,
4877,15,FREEMIUM,
487,15,FREEMIUM,2023-12-17 00:00:00+00:00
4879,15,FREEMIUM,
4881,15,FREEMIUM,
4882,15,FREEMIUM,
4883,15,FREEMIUM,
4884,15,FREEMIUM,
698,15,FREEMIUM,
4885,15,FREEMIUM,
4886,15,FREEMIUM,
4887,15,FREEMIUM,
4888,15,FREEMIUM,
4889,15,FREEMIUM,
4890,15,FREEMIUM,
4891,15,FREEMIUM,
4892,15,FREEMIUM,
4893,15,FREEMIUM,
4894,15,FREEMIUM,
3079,15,FREEMIUM,
4896,15,FREEMIUM,
4899,15,FREEMIUM,
2620,15,FREEMIUM,2025-12-16 00:00:00+00:00
4901,15,FREEMIUM,
4902,15,FREEMIUM,
4903,15,FREEMIUM,
4904,15,FREEMIUM,
4906,15,FREEMIUM,
4907,15,FREEMIUM,
436,15,FREEMIUM,2023-12-10 00:00:00+00:00
4908,15,FREEMIUM,
515,15,FREEMIUM,2025-02-02 00:00:00+00:00
4909,15,FREEMIUM,
4910,15,FREEMIUM,
2455,15,FREEMIUM,2025-12-16 00:00:00+00:00
4913,15,FREEMIUM,
4914,15,FREEMIUM,
4915,15,FREEMIUM,
4916,15,FREEMIUM,
4917,15,FREEMIUM,
4918,15,FREEMIUM,
4919,15,FREEMIUM,
2532,15,FREEMIUM,
4922,15,FREEMIUM,
4924,15,FREEMIUM,
2547,15,ON_DEMAND_SUBSCRIPTION,2024-11-24 00:00:00+00:00
2595,15,FREEMIUM,2026-01-28 00:00:00+00:00
4926,15,FREEMIUM,
4927,15,FREEMIUM,
4928,15,FREEMIUM,
4929,15,FREEMIUM,
4930,15,FREEMIUM,
4931,15,FREEMIUM,
4932,15,FREEMIUM,
1987,15,FREEMIUM,
4933,15,FREEMIUM,
4934,15,FREEMIUM,
4935,15,FREEMIUM,
4937,15,FREEMIUM,
4938,15,FREEMIUM,
4939,15,FREEMIUM,
4941,15,FREEMIUM,
4942,15,FREEMIUM,
4944,15,FREEMIUM,
2892,15,FREEMIUM,
4945,15,FREEMIUM,
4946,15,FREEMIUM,
4947,15,FREEMIUM,
4948,15,FREEMIUM,
4949,15,FREEMIUM,
4950,15,FREEMIUM,
4951,15,FREEMIUM,
4952,15,FREEMIUM,
4953,15,FREEMIUM,
4954,15,FREEMIUM,
4956,15,FREEMIUM,
4957,15,FREEMIUM,
4958,15,FREEMIUM,
4959,15,FREEMIUM,
4961,15,FREEMIUM,
4962,15,FREEMIUM,
4964,15,FREEMIUM,
4965,15,FREEMIUM,
4967,15,FREEMIUM,
2490,15,FREEMIUM,2025-12-16 00:00:00+00:00
1961,15,FREEMIUM,2024-09-01 00:00:00+00:00
4969,15,FREEMIUM,
1782,15,FREEMIUM,
4970,15,FREEMIUM,
4971,15,FREEMIUM,
4972,15,FREEMIUM,
4976,15,FREEMIUM,
4978,15,FREEMIUM,
4979,15,FREEMIUM,
4960,15,FREEMIUM,
856,15,FREEMIUM,2025-10-23 00:00:00+00:00
4963,15,FREEMIUM,
2286,15,FREEMIUM,
4974,15,FREEMIUM,
4981,15,FREEMIUM,
4993,15,FREEMIUM,
4983,15,FREEMIUM,
4984,15,FREEMIUM,
4986,15,FREEMIUM,
4987,15,FREEMIUM,
4988,15,FREEMIUM,
4989,15,FREEMIUM,
4990,15,FREEMIUM,
4991,15,FREEMIUM,
4992,15,FREEMIUM,
4994,15,FREEMIUM,
4995,15,FREEMIUM,
4996,15,FREEMIUM,
4997,15,FREEMIUM,
4999,15,FREEMIUM,
5001,15,FREEMIUM,
5002,15,FREEMIUM,
5003,15,FREEMIUM,
5004,15,FREEMIUM,
5005,15,FREEMIUM,
5006,15,FREEMIUM,
5008,15,FREEMIUM,
5009,15,FREEMIUM,
5012,15,FREEMIUM,
5013,15,FREEMIUM,
2460,15,FREEMIUM,
2407,15,FREEMIUM,
5016,15,FREEMIUM,
5017,15,FREEMIUM,
5018,15,FREEMIUM,
5019,15,FREEMIUM,
5020,15,FREEMIUM,
5022,15,FREEMIUM,
5023,15,FREEMIUM,
5024,15,FREEMIUM,
5025,15,FREEMIUM,
5026,15,FREEMIUM,
5027,15,FREEMIUM,
5029,15,FREEMIUM,
5030,15,FREEMIUM,
5031,15,FREEMIUM,
1354,15,FREEMIUM,
1155,15,FREEMIUM,
1367,15,FREEMIUM,
3054,15,FREEMIUM,
444,15,FREEMIUM,2023-12-17 00:00:00+00:00
620,15,FREEMIUM,
5015,15,FREEMIUM,
1058,15,FREEMIUM,
5067,15,FREEMIUM,
617,15,FREEMIUM,2024-02-04 00:00:00+00:00
5069,15,FREEMIUM,
5070,15,FREEMIUM,
5072,15,FREEMIUM,
5073,15,FREEMIUM,
5074,15,FREEMIUM,
5075,15,FREEMIUM,
5076,15,FREEMIUM,
5077,15,FREEMIUM,
5088,15,FREEMIUM,
5078,15,FREEMIUM,
5079,15,FREEMIUM,
5081,15,FREEMIUM,
5083,15,FREEMIUM,
5084,15,FREEMIUM,
5086,15,FREEMIUM,
5087,15,FREEMIUM,
5089,15,FREEMIUM,
5090,15,FREEMIUM,
5091,15,FREEMIUM,
5092,15,FREEMIUM,
5093,15,FREEMIUM,
5094,15,FREEMIUM,
5095,15,FREEMIUM,
5096,15,FREEMIUM,
5097,15,FREEMIUM,
5098,15,FREEMIUM,
5100,15,FREEMIUM,
2281,15,FREEMIUM,
2663,15,FREEMIUM,2025-12-16 00:00:00+00:00
5102,15,FREEMIUM,
5103,15,FREEMIUM,
5104,15,FREEMIUM,
5105,15,FREEMIUM,
5106,15,FREEMIUM,
5107,15,FREEMIUM,
5108,15,FREEMIUM,
5111,15,FREEMIUM,
5112,15,FREEMIUM,
5114,15,FREEMIUM,
1217,15,FREEMIUM,
5115,15,FREEMIUM,
5117,15,FREEMIUM,
5118,15,FREEMIUM,
3007,15,FREEMIUM,
5119,15,FREEMIUM,
5120,15,FREEMIUM,
5121,15,FREEMIUM,
5123,15,FREEMIUM,
5124,15,FREEMIUM,
5125,15,FREEMIUM,
5126,15,FREEMIUM,
5127,15,FREEMIUM,
5128,15,FREEMIUM,
5080,15,FREEMIUM,
5099,15,FREEMIUM,
5130,15,FREEMIUM,
5113,15,FREEMIUM,
5122,15,FREEMIUM,
5132,15,FREEMIUM,
5133,15,FREEMIUM,
5134,15,FREEMIUM,
5137,15,FREEMIUM,
5138,15,FREEMIUM,
5139,15,FREEMIUM,
5140,15,FREEMIUM,
5141,15,FREEMIUM,
5142,15,FREEMIUM,
5143,15,FREEMIUM,
5144,15,FREEMIUM,
5145,15,FREEMIUM,
5146,15,FREEMIUM,
5147,15,FREEMIUM,
694,15,FREEMIUM,2024-02-25 00:00:00+00:00
5148,15,FREEMIUM,
5149,15,FREEMIUM,
5150,15,FREEMIUM,
5151,15,FREEMIUM,
5152,15,FREEMIUM,
5153,15,FREEMIUM,
5154,15,FREEMIUM,
5155,15,FREEMIUM,
5157,15,FREEMIUM,
5158,15,FREEMIUM,
5159,15,FREEMIUM,
5160,15,FREEMIUM,
5161,15,FREEMIUM,
5162,15,FREEMIUM,
5163,15,FREEMIUM,
5164,15,FREEMIUM,
5165,15,FREEMIUM,
5166,15,FREEMIUM,
5168,15,FREEMIUM,
5169,15,FREEMIUM,
5170,15,FREEMIUM,
5171,15,FREEMIUM,
5172,15,FREEMIUM,
5173,15,FREEMIUM,
5174,15,FREEMIUM,
5175,15,FREEMIUM,
5176,15,FREEMIUM,
5177,15,FREEMIUM,
5179,15,FREEMIUM,
5180,15,FREEMIUM,
5181,15,FREEMIUM,
5182,15,FREEMIUM,
5183,15,FREEMIUM,
5184,15,FREEMIUM,
5185,15,FREEMIUM,
5186,15,FREEMIUM,
5187,15,FREEMIUM,
5189,15,FREEMIUM,
5190,15,FREEMIUM,
5191,15,FREEMIUM,
5188,15,FREEMIUM,
5167,15,ON_DEMAND_SUBSCRIPTION,
5135,15,FREEMIUM,
1433,15,FREEMIUM,2024-11-24 00:00:00+00:00
2355,15,FREEMIUM,
4966,15,CHURN,2025-04-22 00:00:00+00:00
2403,15,ON_DEMAND_SUBSCRIPTION,2025-12-02 00:00:00+00:00
1356,15,CHURN,2025-05-26 00:00:00+00:00
5010,15,WARM_LEAD,2025-12-03 00:00:00+00:00
5116,15,FREEMIUM,
5178,15,FREEMIUM,
9754,15,LEAD,
440,15,RECURRING_SUBSCRIPTION,2026-01-06 00:00:00+00:00
7946,15,LEAD,
9611,15,TRIAL,2025-12-14 00:00:00+00:00
8157,15,WARM_LEAD,2025-10-26 00:00:00+00:00
9875,15,COLD_LEAD,2026-02-08 00:00:00+00:00
8211,15,LEAD,
8479,15,LEAD,2026-01-23 00:00:00+00:00
3020,15,TRIAL,2026-01-09 00:00:00+00:00
477,15,RECURRING_SUBSCRIPTION,2025-04-28 00:00:00+00:00
5304,15,CHURN,2025-11-25 00:00:00+00:00
9690,15,WARM_LEAD,2025-12-14 00:00:00+00:00
2876,15,CHURN,2025-12-02 00:00:00+00:00
8681,15,ON_DEMAND_SUBSCRIPTION,2025-10-07 00:00:00+00:00
9721,15,LEAD,
2316,15,CHURN,2025-10-13 00:00:00+00:00
2101,15,RECURRING_SUBSCRIPTION,2025-11-25 00:00:00+00:00
2693,15,TRIAL,2025-12-06 00:00:00+00:00
4985,15,RECURRING_SUBSCRIPTION,2026-02-04 00:00:00+00:00
5048,15,CHURN,2025-12-09 00:00:00+00:00
12004,66,LEAD,
9725,15,RECURRING_SUBSCRIPTION,2025-12-19 00:00:00+00:00
788,15,RECURRING_SUBSCRIPTION,2025-12-09 00:00:00+00:00
3164,15,TRIAL,2025-07-01 00:00:00+00:00
2124,15,ON_DEMAND_SUBSCRIPTION,2024-11-14 00:00:00+00:00
1968,15,RECURRING_SUBSCRIPTION,2025-12-03 00:00:00+00:00
452,15,CHURN,2024-07-10 00:00:00+00:00
450,15,RECURRING_SUBSCRIPTION,2025-11-25 00:00:00+00:00
10322,15,LEAD,
5000,15,TRIAL,2025-10-02 00:00:00+00:00
4735,15,RECURRING_SUBSCRIPTION,2026-01-12 00:00:00+00:00
11263,17,LEAD,
5085,15,FREEMIUM,2025-12-17 00:00:00+00:00
11365,15,RECURRING_SUBSCRIPTION,2026-04-06 00:00:00+00:00
717,15,ON_DEMAND_SUBSCRIPTION,2025-12-10 00:00:00+00:00
12005,195,LEAD,
11731,104,LEAD,
434,15,ON_DEMAND_SUBSCRIPTION,2024-07-11 00:00:00+00:00
2275,15,ON_DEMAND_SUBSCRIPTION,2025-11-26 00:00:00+00:00
9955,15,RECURRING_SUBSCRIPTION,
11835,133,WARM_LEAD,
