ApartmentId,OldStatus,NewStatus,CreatedAt
237,RECURRING_SUBSCRIPTION,CHURN,2024-01-05 14:09:06.096+00
364,RECURRING_SUBSCRIPTION,CHURN,2024-01-05 14:09:29.922+00
479,RECURRING_SUBSCRIPTION,CHURN,2024-01-05 16:53:54.657+00
313,RECURRING_SUBSCRIPTION,CHURN,2024-01-05 18:37:50.628+00
430,RECURRING_SUBSCRIPTION,FROZEN,2024-01-09 18:37:06.328+00
98,LEAD,COLD_LEAD,2024-01-09 19:24:49.038+00
97,LEAD,COLD_LEAD,2024-01-09 19:25:04.798+00
101,LEAD,COLD_LEAD,2024-01-09 19:25:13.652+00
104,LEAD,COLD_LEAD,2024-01-09 19:25:23.763+00
105,LEAD,COLD_LEAD,2024-01-09 19:25:32.384+00
106,LEAD,COLD_LEAD,2024-01-09 19:25:41.882+00
107,LEAD,COLD_LEAD,2024-01-09 19:25:51.368+00
131,LEAD,COLD_LEAD,2024-01-09 19:26:09.741+00
95,LEAD,COLD_LEAD,2024-01-09 19:26:19.743+00
100,LEAD,COLD_LEAD,2024-01-09 19:26:31.103+00
140,LEAD,COLD_LEAD,2024-01-09 19:26:40.985+00
148,LEAD,COLD_LEAD,2024-01-09 19:26:51.865+00
145,LEAD,COLD_LEAD,2024-01-09 19:27:01.662+00
147,LEAD,COLD_LEAD,2024-01-09 19:27:16.883+00
413,LEAD,COLD_LEAD,2024-01-09 19:27:30.584+00
160,LEAD,COLD_LEAD,2024-01-09 19:27:43.963+00
162,LEAD,COLD_LEAD,2024-01-09 19:27:56.647+00
159,LEAD,COLD_LEAD,2024-01-09 19:28:05.203+00
99,RECURRING_SUBSCRIPTION,FROZEN,2024-01-11 19:03:33.941+00
461,RECURRING_SUBSCRIPTION,FROZEN,2024-01-11 20:58:37.945+00
146,LEAD,COLD_LEAD,2024-01-11 21:24:28.727+00
135,LEAD,COLD_LEAD,2024-01-11 21:24:37.646+00
149,LEAD,COLD_LEAD,2024-01-11 21:24:49.193+00
536,LEAD,COLD_LEAD,2024-01-12 19:03:06.337+00
293,RECURRING_SUBSCRIPTION,FROZEN,2024-01-23 17:36:07.085+00
524,LEAD,COLD_LEAD,2024-01-23 20:22:54.565+00
523,LEAD,COLD_LEAD,2024-01-23 20:23:10.804+00
151,LEAD,COLD_LEAD,2024-01-23 20:23:23.294+00
108,LEAD,COLD_LEAD,2024-01-23 20:23:38.564+00
154,LEAD,COLD_LEAD,2024-01-23 20:23:47.884+00
184,LEAD,COLD_LEAD,2024-01-23 20:23:59.399+00
195,LEAD,COLD_LEAD,2024-01-23 20:24:11.131+00
268,LEAD,COLD_LEAD,2024-01-23 20:24:19.884+00
150,LEAD,COLD_LEAD,2024-01-23 20:24:36.645+00
158,LEAD,COLD_LEAD,2024-01-23 20:24:47.347+00
219,LEAD,COLD_LEAD,2024-01-23 20:24:55.963+00
270,LEAD,COLD_LEAD,2024-01-23 20:25:04.849+00
273,LEAD,COLD_LEAD,2024-01-23 20:25:19.188+00
157,LEAD,COLD_LEAD,2024-01-23 20:25:29.603+00
312,LEAD,COLD_LEAD,2024-01-23 20:25:38.368+00
302,LEAD,COLD_LEAD,2024-01-23 20:25:48.263+00
307,LEAD,COLD_LEAD,2024-01-23 20:25:58.783+00
322,LEAD,COLD_LEAD,2024-01-23 20:26:08.829+00
398,LEAD,COLD_LEAD,2024-01-23 20:26:36.526+00
304,LEAD,COLD_LEAD,2024-01-23 20:26:44.248+00
432,LEAD,COLD_LEAD,2024-01-23 20:27:05.625+00
198,LEAD,COLD_LEAD,2024-01-23 20:27:14.943+00
259,LEAD,COLD_LEAD,2024-01-23 20:27:23.662+00
354,LEAD,COLD_LEAD,2024-01-23 20:27:37.344+00
360,LEAD,COLD_LEAD,2024-01-23 20:27:46.853+00
337,LEAD,COLD_LEAD,2024-01-23 20:27:59.744+00
436,LEAD,COLD_LEAD,2024-01-23 20:28:10.197+00
348,LEAD,COLD_LEAD,2024-01-23 20:28:20.735+00
351,LEAD,COLD_LEAD,2024-01-23 20:28:29.363+00
362,LEAD,COLD_LEAD,2024-01-23 20:28:41.224+00
370,LEAD,COLD_LEAD,2024-01-23 20:28:51.623+00
359,LEAD,COLD_LEAD,2024-01-23 20:29:02.479+00
378,LEAD,COLD_LEAD,2024-01-23 20:29:11.303+00
379,LEAD,COLD_LEAD,2024-01-23 20:29:20.803+00
383,LEAD,COLD_LEAD,2024-01-23 20:29:29.722+00
385,LEAD,COLD_LEAD,2024-01-23 20:29:50.98+00
372,LEAD,COLD_LEAD,2024-01-23 20:29:59.723+00
454,LEAD,COLD_LEAD,2024-01-23 20:30:35.569+00
458,LEAD,COLD_LEAD,2024-01-23 20:30:57.588+00
363,LEAD,COLD_LEAD,2024-01-23 20:31:13.184+00
393,LEAD,COLD_LEAD,2024-01-23 20:31:23.863+00
323,LEAD,COLD_LEAD,2024-01-23 20:31:47.039+00
373,LEAD,COLD_LEAD,2024-01-23 20:32:03.103+00
377,LEAD,COLD_LEAD,2024-01-23 20:32:17.883+00
152,LEAD,COLD_LEAD,2024-01-23 20:33:08.503+00
141,LEAD,COLD_LEAD,2024-01-23 20:33:30.823+00
423,LEAD,COLD_LEAD,2024-01-23 20:33:51.965+00
467,LEAD,COLD_LEAD,2024-01-23 20:34:18.663+00
232,LEAD,COLD_LEAD,2024-01-21 21:31:45.595+00
380,RECURRING_SUBSCRIPTION,CHURN,2024-01-29 17:06:51.29+00
318,RECURRING_SUBSCRIPTION,CHURN,2024-01-29 17:11:33.762+00
590,LEAD,WARM_LEAD,2024-01-29 17:54:40.05+00
585,LEAD,WARM_LEAD,2024-01-29 18:44:48.47+00
582,LEAD,WARM_LEAD,2024-01-29 18:51:42.536+00
359,COLD_LEAD,WARM_LEAD,2024-01-29 22:11:53.107+00
601,LEAD,WARM_LEAD,2024-01-30 08:26:43.345+00
589,LEAD,WARM_LEAD,2024-01-30 16:45:50.53+00
592,LEAD,WARM_LEAD,2024-01-30 22:33:53.682+00
610,LEAD,WARM_LEAD,2024-01-31 09:35:37.436+00
611,LEAD,WARM_LEAD,2024-01-31 13:58:28.118+00
591,LEAD,WARM_LEAD,2024-01-31 18:02:36.708+00
605,LEAD,WARM_LEAD,2024-01-31 18:36:18.328+00
604,LEAD,WARM_LEAD,2024-01-31 18:55:27.909+00
616,LEAD,WARM_LEAD,2024-02-01 19:11:39.999+00
614,LEAD,WARM_LEAD,2024-02-01 20:04:30.138+00
607,LEAD,WARM_LEAD,2024-02-01 20:29:30.78+00
617,LEAD,WARM_LEAD,2024-02-01 20:58:36.622+00
595,LEAD,WARM_LEAD,2024-02-01 21:56:28.829+00
603,LEAD,WARM_LEAD,2024-02-02 14:04:46.194+00
621,LEAD,WARM_LEAD,2024-02-02 14:30:10.188+00
618,LEAD,WARM_LEAD,2024-02-02 15:06:54.991+00
628,LEAD,WARM_LEAD,2024-02-05 15:19:44.782+00
625,LEAD,WARM_LEAD,2024-02-05 17:19:13.919+00
627,LEAD,WARM_LEAD,2024-02-05 17:52:45.03+00
622,LEAD,WARM_LEAD,2024-02-06 00:02:56.23+00
574,COLD_LEAD,WARM_LEAD,2024-02-06 08:44:42.957+00
576,COLD_LEAD,WARM_LEAD,2024-02-06 09:26:51.785+00
515,RECURRING_SUBSCRIPTION,FROZEN,2024-02-06 17:43:31.346+00
579,LEAD,COLD_LEAD,2024-02-06 17:44:31.178+00
464,LEAD,COLD_LEAD,2024-02-06 17:44:45.82+00
541,LEAD,COLD_LEAD,2024-02-06 17:44:56.857+00
542,LEAD,COLD_LEAD,2024-02-06 17:45:05.632+00
564,LEAD,COLD_LEAD,2024-02-06 17:45:32.134+00
301,LEAD,COLD_LEAD,2024-02-06 17:45:50.794+00
631,LEAD,WARM_LEAD,2024-02-07 11:37:10.907+00
633,LEAD,WARM_LEAD,2024-02-08 15:02:45.746+00
626,LEAD,WARM_LEAD,2024-02-08 17:33:15.634+00
634,LEAD,WARM_LEAD,2024-02-08 23:02:27.33+00
356,RECURRING_SUBSCRIPTION,CHURN,2024-02-09 19:57:15.315+00
606,LEAD,WARM_LEAD,2024-02-12 17:59:06.775+00
523,COLD_LEAD,WARM_LEAD,2024-02-14 19:26:18.493+00
635,LEAD,WARM_LEAD,2024-02-15 16:44:47.926+00
648,LEAD,WARM_LEAD,2024-02-15 17:12:54.786+00
593,LEAD,WARM_LEAD,2024-02-15 17:32:36.456+00
651,LEAD,WARM_LEAD,2024-02-15 18:06:13.675+00
645,LEAD,WARM_LEAD,2024-02-15 18:37:02.175+00
657,LEAD,WARM_LEAD,2024-02-20 15:01:53.536+00
629,LEAD,COLD_LEAD,2024-02-20 15:08:35.337+00
426,LEAD,COLD_LEAD,2024-02-20 15:08:55.025+00
641,LEAD,WARM_LEAD,2024-02-20 15:31:47.678+00
664,LEAD,WARM_LEAD,2024-02-20 16:02:42.842+00
685,LEAD,WARM_LEAD,2024-02-20 16:23:08.151+00
668,LEAD,WARM_LEAD,2024-02-20 17:02:45.84+00
268,COLD_LEAD,WARM_LEAD,2024-02-20 22:43:14.171+00
619,LEAD,COLD_LEAD,2024-02-21 00:04:57.325+00
632,LEAD,COLD_LEAD,2024-02-21 00:05:11.641+00
688,LEAD,WARM_LEAD,2024-02-21 21:01:09.862+00
300,RECURRING_SUBSCRIPTION,CHURN,2024-02-21 21:17:38.954+00
694,LEAD,WARM_LEAD,2024-02-22 20:33:00.204+00
596,LEAD,WARM_LEAD,2024-02-22 21:00:35.601+00
697,LEAD,WARM_LEAD,2024-02-22 21:17:25.569+00
711,LEAD,WARM_LEAD,2024-02-22 22:36:04.42+00
696,LEAD,WARM_LEAD,2024-02-23 20:19:53.835+00
695,LEAD,WARM_LEAD,2024-02-23 20:57:12.53+00
319,RECURRING_SUBSCRIPTION,CHURN,2024-02-25 15:27:41.869+00
690,COLD_LEAD,WARM_LEAD,2024-02-26 13:48:36.26+00
703,LEAD,WARM_LEAD,2024-02-26 20:55:04.556+00
717,LEAD,WARM_LEAD,2024-02-26 21:32:36.261+00
658,LEAD,COLD_LEAD,2024-02-26 23:27:56.135+00
724,LEAD,WARM_LEAD,2024-02-28 15:33:49.347+00
722,LEAD,WARM_LEAD,2024-02-28 20:31:59.713+00
726,LEAD,WARM_LEAD,2024-02-28 22:50:11.51+00
727,LEAD,WARM_LEAD,2024-02-29 15:33:39.039+00
723,LEAD,WARM_LEAD,2024-03-01 18:02:28.712+00
699,LEAD,WARM_LEAD,2024-03-01 18:08:16.106+00
720,LEAD,WARM_LEAD,2024-03-01 20:29:48.82+00
710,LEAD,WARM_LEAD,2024-03-01 20:39:14.67+00
670,LEAD,WARM_LEAD,2024-03-04 23:29:59.803+00
733,LEAD,WARM_LEAD,2024-03-05 07:53:37.921+00
677,LEAD,WARM_LEAD,2024-03-05 15:33:49.244+00
707,LEAD,WARM_LEAD,2024-03-06 16:16:54.928+00
734,LEAD,WARM_LEAD,2024-03-07 08:15:14.624+00
732,LEAD,WARM_LEAD,2024-03-07 17:36:33.414+00
590,RECURRING_SUBSCRIPTION,CHURN,2024-03-07 18:44:41.256+00
737,LEAD,WARM_LEAD,2024-03-08 16:35:18.409+00
735,LEAD,WARM_LEAD,2024-03-08 20:21:48.25+00
721,LEAD,WARM_LEAD,2024-03-09 17:33:36.017+00
747,LEAD,WARM_LEAD,2024-03-10 14:21:27.551+00
738,LEAD,WARM_LEAD,2024-03-11 21:17:37.785+00
752,LEAD,WARM_LEAD,2024-03-12 00:14:03.085+00
750,LEAD,WARM_LEAD,2024-03-12 16:03:26.611+00
591,RECURRING_SUBSCRIPTION,CHURN,2024-03-12 16:12:50.384+00
438,RECURRING_SUBSCRIPTION,CHURN,2024-03-12 16:13:38.015+00
745,LEAD,WARM_LEAD,2024-03-12 18:33:12.713+00
746,LEAD,WARM_LEAD,2024-03-13 11:58:48.469+00
751,LEAD,WARM_LEAD,2024-03-13 13:38:44.008+00
753,LEAD,WARM_LEAD,2024-03-13 16:32:08.594+00
755,LEAD,WARM_LEAD,2024-03-13 17:00:09.018+00
472,RECURRING_SUBSCRIPTION,CHURN,2024-03-13 17:14:42.51+00
756,LEAD,WARM_LEAD,2024-03-13 18:04:44.259+00
754,LEAD,WARM_LEAD,2024-03-13 20:30:15.512+00
775,LEAD,WARM_LEAD,2024-03-13 21:29:08.471+00
776,LEAD,WARM_LEAD,2024-03-14 14:04:01.572+00
758,LEAD,WARM_LEAD,2024-03-14 14:32:26.881+00
770,LEAD,WARM_LEAD,2024-03-14 15:00:23.263+00
779,LEAD,WARM_LEAD,2024-03-14 19:01:09.762+00
769,LEAD,WARM_LEAD,2024-03-14 20:01:36.825+00
594,LEAD,WARM_LEAD,2024-03-14 20:24:17.945+00
514,RECURRING_SUBSCRIPTION,FROZEN,2024-03-14 20:50:32.151+00
782,LEAD,WARM_LEAD,2024-03-15 15:33:02.318+00
781,LEAD,WARM_LEAD,2024-03-15 17:13:30.107+00
768,LEAD,WARM_LEAD,2024-03-18 16:04:59.286+00
293,FROZEN,CHURN,2024-03-19 18:13:40.917+00
457,RECURRING_SUBSCRIPTION,CHURN,2024-03-19 18:26:08.838+00
305,RECURRING_SUBSCRIPTION,CHURN,2024-03-19 18:54:37.36+00
176,RECURRING_SUBSCRIPTION,CHURN,2024-03-19 18:54:56.482+00
596,RECURRING_SUBSCRIPTION,CHURN,2024-03-20 21:17:02.654+00
797,LEAD,WARM_LEAD,2024-03-24 18:21:45.817+00
805,LEAD,WARM_LEAD,2024-03-25 12:25:18.02+00
665,COLD_LEAD,WARM_LEAD,2024-03-25 17:42:25.587+00
787,LEAD,WARM_LEAD,2024-03-25 17:56:59.604+00
795,LEAD,WARM_LEAD,2024-03-25 17:58:49.463+00
178,COLD_LEAD,WARM_LEAD,2024-03-26 11:53:15.088+00
806,LEAD,WARM_LEAD,2024-03-26 14:01:53.526+00
820,LEAD,WARM_LEAD,2024-03-26 14:38:02.802+00
620,LEAD,COLD_LEAD,2024-03-26 15:47:45.131+00
478,RECURRING_SUBSCRIPTION,FROZEN,2024-03-26 18:02:43.255+00
524,RECURRING_SUBSCRIPTION,CHURN,2024-03-26 18:31:02.729+00
793,LEAD,WARM_LEAD,2024-03-26 18:50:17.255+00
849,LEAD,WARM_LEAD,2024-03-27 10:08:19.801+00
836,LEAD,WARM_LEAD,2024-03-27 13:37:19.273+00
9,COLD_LEAD,TRIAL,2024-03-27 17:12:00.145+00
9,TRIAL,TRIAL,2024-03-27 17:12:07.478+00
821,LEAD,WARM_LEAD,2024-03-27 23:28:40.706+00
488,RECURRING_SUBSCRIPTION,CHURN,2024-03-28 17:01:49.597+00
869,LEAD,WARM_LEAD,2024-03-29 13:53:43.897+00
841,LEAD,WARM_LEAD,2024-03-29 14:47:40.108+00
792,LEAD,WARM_LEAD,2024-03-29 15:44:11.149+00
484,RECURRING_SUBSCRIPTION,FROZEN,2024-03-29 16:04:48.521+00
874,LEAD,WARM_LEAD,2024-03-29 16:29:23.743+00
859,LEAD,TRIAL,2024-03-30 08:19:05.668+00
796,LEAD,WARM_LEAD,2024-04-01 08:57:28.687+00
342,ON_DEMAND_SUBSCRIPTION,CHURN,2024-04-01 13:49:23.786+00
882,LEAD,WARM_LEAD,2024-04-01 13:53:15.21+00
310,RECURRING_SUBSCRIPTION,CHURN,2024-04-01 15:52:09.476+00
857,LEAD,WARM_LEAD,2024-04-01 16:01:36.195+00
870,LEAD,WARM_LEAD,2024-04-01 17:01:09.684+00
213,RECURRING_SUBSCRIPTION,CHURN,2024-04-01 17:09:11.876+00
892,LEAD,WARM_LEAD,2024-04-02 15:56:25.799+00
902,LEAD,TRIAL,2024-04-03 11:06:02.168+00
902,TRIAL,TRIAL,2024-04-03 11:06:02.818+00
901,LEAD,WARM_LEAD,2024-04-03 13:54:46.978+00
815,LEAD,WARM_LEAD,2024-04-03 15:33:46.631+00
900,LEAD,WARM_LEAD,2024-04-03 16:45:26.833+00
847,LEAD,WARM_LEAD,2024-04-03 18:20:57.721+00
910,LEAD,TRIAL,2024-04-04 14:20:33.929+00
908,LEAD,WARM_LEAD,2024-04-04 15:35:31.717+00
921,LEAD,TRIAL,2024-04-06 18:12:13.412+00
883,LEAD,WARM_LEAD,2024-04-07 10:17:24.46+00
924,LEAD,WARM_LEAD,2024-04-07 14:16:59.103+00
925,LEAD,WARM_LEAD,2024-04-07 15:07:58.167+00
926,LEAD,WARM_LEAD,2024-04-07 15:08:26.606+00
928,LEAD,WARM_LEAD,2024-04-07 15:34:56.094+00
930,LEAD,TRIAL,2024-04-07 17:29:52.318+00
819,LEAD,WARM_LEAD,2024-04-08 15:04:53.828+00
830,LEAD,WARM_LEAD,2024-04-08 16:03:23.259+00
749,LEAD,WARM_LEAD,2024-04-08 17:11:03.171+00
904,LEAD,WARM_LEAD,2024-04-09 13:02:05.62+00
942,LEAD,WARM_LEAD,2024-04-09 14:05:03.082+00
940,LEAD,TRIAL,2024-04-09 16:00:16.623+00
484,FROZEN,CHURN,2024-04-09 17:11:19.463+00
967,LEAD,WARM_LEAD,2024-04-10 14:01:15.273+00
966,LEAD,TRIAL,2024-04-10 14:31:51.485+00
142,LEAD,COLD_LEAD,2024-04-10 15:07:12.635+00
182,LEAD,COLD_LEAD,2024-04-10 15:07:32.096+00
269,LEAD,COLD_LEAD,2024-04-10 15:07:53.064+00
291,LEAD,COLD_LEAD,2024-04-10 15:08:09.08+00
296,LEAD,COLD_LEAD,2024-04-10 15:08:33.177+00
518,RECURRING_SUBSCRIPTION,FROZEN,2024-04-10 15:08:57.962+00
923,LEAD,WARM_LEAD,2024-04-10 17:11:58.628+00
937,LEAD,WARM_LEAD,2024-04-10 22:16:46.15+00
374,COLD_LEAD,WARM_LEAD,2024-04-11 08:41:30.527+00
982,LEAD,WARM_LEAD,2024-04-11 21:07:01.234+00
981,LEAD,WARM_LEAD,2024-04-12 07:48:02.91+00
790,LEAD,WARM_LEAD,2024-04-12 16:22:05.187+00
1007,COLD_LEAD,WARM_LEAD,2024-04-15 08:11:18.746+00
958,COLD_LEAD,WARM_LEAD,2024-04-15 08:52:51.284+00
1011,LEAD,TRIAL,2024-04-15 11:03:50.48+00
1011,LEAD,TRIAL,2024-04-15 11:03:50.504+00
1011,TRIAL,TRIAL,2024-04-15 11:04:01.234+00
1011,TRIAL,TRIAL,2024-04-15 11:04:09.087+00
1011,TRIAL,TRIAL,2024-04-15 11:04:09.37+00
1011,TRIAL,TRIAL,2024-04-15 11:04:22.543+00
1011,TRIAL,TRIAL,2024-04-15 11:04:23.194+00
1000,LEAD,WARM_LEAD,2024-04-15 15:00:58.684+00
1003,LEAD,WARM_LEAD,2024-04-15 15:36:29.444+00
953,LEAD,WARM_LEAD,2024-04-15 17:08:45.212+00
1016,LEAD,WARM_LEAD,2024-04-15 21:04:30.263+00
1019,LEAD,WARM_LEAD,2024-04-16 11:25:29.181+00
1012,LEAD,WARM_LEAD,2024-04-16 14:30:23.908+00
822,LEAD,WARM_LEAD,2024-04-16 17:10:34.697+00
1018,LEAD,WARM_LEAD,2024-04-16 18:32:56.49+00
358,RECURRING_SUBSCRIPTION,CHURN,2024-04-16 20:41:53.868+00
1002,LEAD,WARM_LEAD,2024-04-16 21:52:39.014+00
1017,LEAD,WARM_LEAD,2024-04-16 22:31:06.825+00
984,LEAD,WARM_LEAD,2024-04-16 23:03:26.642+00
1021,LEAD,WARM_LEAD,2024-04-17 17:02:54.692+00
1023,LEAD,WARM_LEAD,2024-04-18 11:02:00.924+00
1038,LEAD,WARM_LEAD,2024-04-22 14:02:52.494+00
919,LEAD,WARM_LEAD,2024-04-22 15:31:18.631+00
994,LEAD,WARM_LEAD,2024-04-22 15:44:39.614+00
1044,LEAD,WARM_LEAD,2024-04-22 16:21:02.196+00
748,LEAD,WARM_LEAD,2024-04-22 21:13:16.531+00
1042,LEAD,WARM_LEAD,2024-04-22 23:31:32.706+00
832,LEAD,WARM_LEAD,2024-04-23 14:32:53.297+00
828,LEAD,WARM_LEAD,2024-04-23 17:06:48.738+00
772,LEAD,WARM_LEAD,2024-04-23 18:01:29.782+00
1045,LEAD,WARM_LEAD,2024-04-23 23:00:22.881+00
1053,LEAD,TRIAL,2024-04-25 00:15:57.328+00
1052,LEAD,WARM_LEAD,2024-04-25 15:35:35.689+00
1046,LEAD,TRIAL,2024-04-25 19:00:58.612+00
936,LEAD,WARM_LEAD,2024-04-25 19:12:38.637+00
588,LEAD,COLD_LEAD,2024-04-26 15:47:05.55+00
543,LEAD,COLD_LEAD,2024-04-26 15:47:23.275+00
845,LEAD,COLD_LEAD,2024-04-26 17:30:03.482+00
840,LEAD,COLD_LEAD,2024-04-26 17:30:17.691+00
1040,LEAD,WARM_LEAD,2024-04-28 10:06:20.862+00
1059,LEAD,WARM_LEAD,2024-04-29 13:48:56.845+00
1005,LEAD,WARM_LEAD,2024-04-29 17:49:57.679+00
999,LEAD,WARM_LEAD,2024-04-29 19:26:17.835+00
389,RECURRING_SUBSCRIPTION,CHURN,2024-04-29 20:12:17.617+00
917,LEAD,WARM_LEAD,2024-04-29 20:31:39.284+00
1078,LEAD,TRIAL,2024-04-29 20:37:15.962+00
1087,LEAD,TRIAL,2024-04-29 21:23:21.159+00
1100,LEAD,WARM_LEAD,2024-04-30 14:33:55.446+00
1020,LEAD,WARM_LEAD,2024-04-30 15:05:18.073+00
911,LEAD,WARM_LEAD,2024-04-30 15:32:37.796+00
1070,LEAD,WARM_LEAD,2024-04-30 16:01:30.309+00
1098,LEAD,WARM_LEAD,2024-04-30 16:39:24.548+00
1094,LEAD,WARM_LEAD,2024-04-30 17:31:59.362+00
1071,LEAD,WARM_LEAD,2024-04-30 18:02:25.756+00
1011,COLD_LEAD,TRIAL,2024-05-01 11:40:10.191+00
1011,TRIAL,TRIAL,2024-05-01 11:40:10.754+00
1011,TRIAL,TRIAL,2024-05-01 11:40:27.589+00
1011,TRIAL,TRIAL,2024-05-01 11:40:28.246+00
1011,TRIAL,TRIAL,2024-05-01 11:40:43.249+00
1011,TRIAL,TRIAL,2024-05-01 11:40:43.733+00
1084,LEAD,WARM_LEAD,2024-05-01 20:47:29.359+00
1145,LEAD,TRIAL,2024-05-02 12:34:44.418+00
911,RECURRING_SUBSCRIPTION,TRIAL,2024-05-02 16:20:45.168+00
494,WARM_LEAD,TRIAL,2024-05-02 17:33:13.105+00
1151,LEAD,WARM_LEAD,2024-05-02 18:22:57.114+00
1068,LEAD,WARM_LEAD,2024-05-02 20:18:11.121+00
1068,RECURRING_SUBSCRIPTION,TRIAL,2024-05-02 20:19:48.708+00
1141,LEAD,WARM_LEAD,2024-05-03 16:07:15.888+00
1148,LEAD,WARM_LEAD,2024-05-03 17:01:34.871+00
1148,RECURRING_SUBSCRIPTION,TRIAL,2024-05-03 19:04:28.547+00
782,ON_DEMAND_SUBSCRIPTION,TRIAL,2024-05-03 19:19:17.035+00
1169,LEAD,TRIAL,2024-05-06 00:37:50.344+00
913,LEAD,WARM_LEAD,2024-05-06 13:48:50.451+00
913,WARM_LEAD,TRIAL,2024-05-06 13:49:29.798+00
1133,LEAD,WARM_LEAD,2024-05-06 14:12:51.025+00
1160,LEAD,WARM_LEAD,2024-05-06 16:07:42.191+00
1111,LEAD,WARM_LEAD,2024-05-06 18:17:18.793+00
1111,WARM_LEAD,TRIAL,2024-05-06 18:17:59.926+00
949,LEAD,COLD_LEAD,2024-05-06 18:21:27.371+00
744,LEAD,COLD_LEAD,2024-05-06 18:46:20.636+00
347,RECURRING_SUBSCRIPTION,CHURN,2024-05-06 19:17:10.315+00
1162,LEAD,WARM_LEAD,2024-05-06 19:58:59.962+00
1166,LEAD,WARM_LEAD,2024-05-06 20:30:26.232+00
984,RECURRING_SUBSCRIPTION,TRIAL,2024-05-06 22:13:48.848+00
954,LEAD,WARM_LEAD,2024-05-06 23:18:59.218+00
587,LEAD,COLD_LEAD,2024-05-07 13:55:02.917+00
791,LEAD,COLD_LEAD,2024-05-07 13:57:39.017+00
583,LEAD,COLD_LEAD,2024-05-07 13:58:08.574+00
786,LEAD,COLD_LEAD,2024-05-07 13:58:27.18+00
608,LEAD,COLD_LEAD,2024-05-07 13:58:39.723+00
580,LEAD,COLD_LEAD,2024-05-07 13:58:56.271+00
708,LEAD,COLD_LEAD,2024-05-07 13:59:34.393+00
875,LEAD,COLD_LEAD,2024-05-07 14:01:27.729+00
609,LEAD,COLD_LEAD,2024-05-07 14:01:48.537+00
698,LEAD,COLD_LEAD,2024-05-07 14:02:09.922+00
623,LEAD,COLD_LEAD,2024-05-07 14:02:27.078+00
783,LEAD,COLD_LEAD,2024-05-07 14:02:40.659+00
817,LEAD,COLD_LEAD,2024-05-07 14:03:27.669+00
624,RECURRING_SUBSCRIPTION,TRIAL,2024-05-07 14:06:24.154+00
684,LEAD,COLD_LEAD,2024-05-07 14:06:42.19+00
739,LEAD,COLD_LEAD,2024-05-07 14:07:06.305+00
809,LEAD,COLD_LEAD,2024-05-07 14:07:30.833+00
725,LEAD,COLD_LEAD,2024-05-07 14:07:51.259+00
1176,LEAD,WARM_LEAD,2024-05-07 15:15:22.692+00
705,LEAD,WARM_LEAD,2024-05-07 20:32:48.452+00
1105,LEAD,TRIAL,2024-05-07 21:06:48.825+00
1184,LEAD,WARM_LEAD,2024-05-07 21:32:15.888+00
661,LEAD,COLD_LEAD,2024-05-08 01:40:22.578+00
709,LEAD,COLD_LEAD,2024-05-08 01:40:39.932+00
728,LEAD,COLD_LEAD,2024-05-08 01:41:02.433+00
780,LEAD,COLD_LEAD,2024-05-08 01:41:38.684+00
816,LEAD,COLD_LEAD,2024-05-08 01:41:58.035+00
798,LEAD,COLD_LEAD,2024-05-08 01:42:16.22+00
818,LEAD,COLD_LEAD,2024-05-08 01:42:30.691+00
826,LEAD,COLD_LEAD,2024-05-08 01:42:47.955+00
827,LEAD,COLD_LEAD,2024-05-08 01:43:00.677+00
824,LEAD,COLD_LEAD,2024-05-08 01:43:22.011+00
829,LEAD,COLD_LEAD,2024-05-08 01:43:34.227+00
831,LEAD,COLD_LEAD,2024-05-08 01:47:23.233+00
833,LEAD,COLD_LEAD,2024-05-08 01:47:38.644+00
834,LEAD,COLD_LEAD,2024-05-08 01:48:03.533+00
835,LEAD,COLD_LEAD,2024-05-08 01:48:21.465+00
835,COLD_LEAD,COLD_LEAD,2024-05-08 01:49:06.141+00
855,LEAD,COLD_LEAD,2024-05-08 01:49:24.558+00
846,LEAD,COLD_LEAD,2024-05-08 01:49:43.608+00
856,LEAD,COLD_LEAD,2024-05-08 01:49:57.344+00
863,LEAD,COLD_LEAD,2024-05-08 01:50:19.226+00
864,LEAD,COLD_LEAD,2024-05-08 01:50:33.763+00
866,LEAD,COLD_LEAD,2024-05-08 01:51:54.139+00
868,LEAD,COLD_LEAD,2024-05-08 01:52:15.607+00
873,LEAD,COLD_LEAD,2024-05-08 01:52:30.851+00
872,LEAD,COLD_LEAD,2024-05-08 01:53:03.554+00
871,LEAD,COLD_LEAD,2024-05-08 01:53:20.033+00
865,LEAD,COLD_LEAD,2024-05-08 01:53:33.948+00
961,LEAD,COLD_LEAD,2024-05-08 01:54:00.237+00
946,LEAD,COLD_LEAD,2024-05-08 01:55:18.446+00
931,LEAD,COLD_LEAD,2024-05-08 01:55:57.63+00
927,LEAD,COLD_LEAD,2024-05-08 01:56:33.331+00
889,LEAD,COLD_LEAD,2024-05-08 01:57:19.107+00
932,LEAD,COLD_LEAD,2024-05-08 01:58:10.65+00
912,LEAD,COLD_LEAD,2024-05-08 02:00:36.146+00
960,LEAD,COLD_LEAD,2024-05-08 02:01:15.685+00
938,LEAD,COLD_LEAD,2024-05-08 02:01:43.228+00
941,LEAD,COLD_LEAD,2024-05-08 02:02:21.179+00
947,LEAD,COLD_LEAD,2024-05-08 02:02:38.182+00
945,LEAD,COLD_LEAD,2024-05-08 02:03:01.244+00
944,LEAD,COLD_LEAD,2024-05-08 02:03:34.81+00
890,LEAD,COLD_LEAD,2024-05-08 02:04:05.122+00
948,LEAD,COLD_LEAD,2024-05-08 02:04:19.161+00
955,LEAD,COLD_LEAD,2024-05-08 02:05:56.622+00
956,LEAD,COLD_LEAD,2024-05-08 02:06:33.923+00
952,LEAD,COLD_LEAD,2024-05-08 02:07:25.821+00
957,LEAD,COLD_LEAD,2024-05-08 02:08:45.801+00
987,LEAD,COLD_LEAD,2024-05-08 02:09:16.436+00
970,LEAD,COLD_LEAD,2024-05-08 02:10:10.583+00
991,LEAD,COLD_LEAD,2024-05-08 02:10:44.309+00
1013,LEAD,COLD_LEAD,2024-05-08 02:12:04.841+00
988,LEAD,COLD_LEAD,2024-05-08 02:12:38.603+00
973,LEAD,COLD_LEAD,2024-05-08 02:13:30.901+00
989,LEAD,COLD_LEAD,2024-05-08 02:14:19.777+00
992,LEAD,COLD_LEAD,2024-05-08 02:15:17.449+00
1001,LEAD,COLD_LEAD,2024-05-08 02:16:03.929+00
1004,LEAD,COLD_LEAD,2024-05-08 02:17:54.467+00
1034,LEAD,COLD_LEAD,2024-05-08 02:25:27.842+00
998,LEAD,COLD_LEAD,2024-05-08 02:26:23.177+00
971,LEAD,COLD_LEAD,2024-05-08 02:27:50.273+00
1170,LEAD,WARM_LEAD,2024-05-08 09:56:40.246+00
1178,LEAD,WARM_LEAD,2024-05-08 10:47:38.175+00
1185,LEAD,WARM_LEAD,2024-05-08 14:14:44.042+00
1109,LEAD,WARM_LEAD,2024-05-08 20:20:39.342+00
1109,WARM_LEAD,TRIAL,2024-05-08 20:21:15.178+00
1014,LEAD,WARM_LEAD,2024-05-08 23:27:50.022+00
1014,WARM_LEAD,TRIAL,2024-05-08 23:28:12.953+00
1193,LEAD,TRIAL,2024-05-09 14:21:48.881+00
580,WARM_LEAD,TRIAL,2024-05-09 16:34:32.95+00
855,COLD_LEAD,WARM_LEAD,2024-05-10 19:18:49.012+00
876,COLD_LEAD,TRIAL,2024-05-12 12:12:37.145+00
876,TRIAL,TRIAL,2024-05-12 12:12:37.844+00
1204,LEAD,TRIAL,2024-05-13 01:13:56.176+00
726,RECURRING_SUBSCRIPTION,CHURN,2024-05-13 14:08:21.251+00
1202,LEAD,WARM_LEAD,2024-05-13 19:32:44.108+00
1218,LEAD,WARM_LEAD,2024-05-13 20:13:20.549+00
1061,LEAD,WARM_LEAD,2024-05-13 21:35:35.479+00
1061,ON_DEMAND_SUBSCRIPTION,TRIAL,2024-05-13 21:36:16.572+00
1124,LEAD,WARM_LEAD,2024-05-13 23:04:53.262+00
661,COLD_LEAD,WARM_LEAD,2024-05-14 13:16:49.343+00
980,LEAD,WARM_LEAD,2024-05-14 14:21:31.36+00
980,WARM_LEAD,TRIAL,2024-05-14 14:21:50.688+00
790,RECURRING_SUBSCRIPTION,TRIAL,2024-05-14 15:44:50.021+00
1117,LEAD,WARM_LEAD,2024-05-14 19:01:38.248+00
1117,WARM_LEAD,TRIAL,2024-05-14 19:03:51.394+00
1113,LEAD,COLD_LEAD,2024-05-14 21:51:08.592+00
1168,LEAD,COLD_LEAD,2024-05-14 22:00:27.968+00
1089,LEAD,COLD_LEAD,2024-05-14 22:00:55.692+00
976,LEAD,COLD_LEAD,2024-05-14 22:01:10.736+00
1221,LEAD,TRIAL,2024-05-14 23:57:27.218+00
514,RECURRING_SUBSCRIPTION,TRIAL,2024-05-15 20:00:10.396+00
1222,LEAD,WARM_LEAD,2024-05-15 23:36:07.358+00
1156,LEAD,WARM_LEAD,2024-05-16 13:40:11.544+00
1214,LEAD,WARM_LEAD,2024-05-17 19:30:53.726+00
1105,RECURRING_SUBSCRIPTION,TRIAL,2024-05-18 01:36:03.322+00
1238,LEAD,WARM_LEAD,2024-05-20 14:39:54.27+00
1238,WARM_LEAD,TRIAL,2024-05-20 14:40:22.163+00
867,LEAD,COLD_LEAD,2024-05-20 18:11:56.748+00
898,LEAD,COLD_LEAD,2024-05-20 18:12:08.948+00
916,LEAD,COLD_LEAD,2024-05-20 18:12:21.298+00
884,LEAD,COLD_LEAD,2024-05-20 18:12:36.025+00
962,LEAD,COLD_LEAD,2024-05-20 18:12:48.184+00
975,LEAD,COLD_LEAD,2024-05-20 18:13:32.389+00
943,LEAD,COLD_LEAD,2024-05-20 18:13:56.705+00
630,LEAD,COLD_LEAD,2024-05-20 18:14:08.971+00
615,LEAD,COLD_LEAD,2024-05-20 18:14:16.971+00
959,LEAD,COLD_LEAD,2024-05-20 18:14:28.337+00
993,LEAD,COLD_LEAD,2024-05-20 18:14:47.477+00
1243,LEAD,WARM_LEAD,2024-05-20 20:10:26.157+00
551,RECURRING_SUBSCRIPTION,CHURN,2024-05-21 12:03:30.694+00
1230,LEAD,WARM_LEAD,2024-05-21 14:03:38.865+00
1230,WARM_LEAD,TRIAL,2024-05-21 14:05:07.445+00
1151,RECURRING_SUBSCRIPTION,TRIAL,2024-05-21 14:21:07.169+00
1156,RECURRING_SUBSCRIPTION,TRIAL,2024-05-21 15:04:25.735+00
1188,LEAD,COLD_LEAD,2024-05-21 18:33:38.537+00
1154,LEAD,COLD_LEAD,2024-05-21 20:32:14.775+00
1066,LEAD,COLD_LEAD,2024-05-21 20:36:27.224+00
1137,LEAD,COLD_LEAD,2024-05-21 20:38:31.642+00
1182,LEAD,WARM_LEAD,2024-05-21 20:48:42.605+00
1091,LEAD,COLD_LEAD,2024-05-21 21:09:07.118+00
1069,LEAD,COLD_LEAD,2024-05-21 21:09:17.851+00
1233,LEAD,WARM_LEAD,2024-05-22 09:59:05.068+00
1251,LEAD,WARM_LEAD,2024-05-23 11:34:56.701+00
1036,COLD_LEAD,WARM_LEAD,2024-05-23 13:16:38.385+00
1231,LEAD,WARM_LEAD,2024-05-23 19:01:28.897+00
1250,LEAD,WARM_LEAD,2024-05-24 15:18:19.429+00
1250,WARM_LEAD,TRIAL,2024-05-24 15:20:00.069+00
1159,LEAD,WARM_LEAD,2024-05-24 18:55:05.519+00
998,COLD_LEAD,TRIAL,2024-05-26 12:27:22.473+00
1150,COLD_LEAD,TRIAL,2024-05-27 11:59:26.579+00
1269,LEAD,TRIAL,2024-05-27 21:16:44.481+00
1261,LEAD,WARM_LEAD,2024-05-28 12:59:26.737+00
1253,LEAD,WARM_LEAD,2024-05-28 14:03:07.993+00
100,COLD_LEAD,WARM_LEAD,2024-05-28 14:26:01.421+00
1260,LEAD,WARM_LEAD,2024-05-29 07:14:38.653+00
1270,LEAD,WARM_LEAD,2024-05-29 08:41:43.553+00
1257,LEAD,WARM_LEAD,2024-05-29 14:40:13.481+00
1235,LEAD,WARM_LEAD,2024-05-30 06:03:30.559+00
1242,LEAD,WARM_LEAD,2024-05-30 06:10:59.112+00
234,COLD_LEAD,WARM_LEAD,2024-05-30 15:08:49.953+00
989,COLD_LEAD,WARM_LEAD,2024-05-30 15:34:55.006+00
1276,LEAD,WARM_LEAD,2024-05-30 16:39:25.046+00
862,LEAD,WARM_LEAD,2024-05-30 17:36:11.804+00
915,LEAD,WARM_LEAD,2024-05-30 22:28:55.799+00
944,COLD_LEAD,WARM_LEAD,2024-05-31 15:02:28.538+00
1244,LEAD,WARM_LEAD,2024-05-31 15:32:05.092+00
1244,WARM_LEAD,TRIAL,2024-05-31 15:33:59.789+00
1022,LEAD,WARM_LEAD,2024-05-31 19:05:43.32+00
1287,LEAD,WARM_LEAD,2024-05-31 19:32:06.261+00
1229,LEAD,WARM_LEAD,2024-05-31 20:01:49.289+00
976,COLD_LEAD,WARM_LEAD,2024-05-31 21:33:17.443+00
1275,LEAD,WARM_LEAD,2024-06-02 13:25:51.303+00
1278,LEAD,WARM_LEAD,2024-06-02 13:41:56.682+00
1297,LEAD,WARM_LEAD,2024-06-02 14:19:10.575+00
723,ON_DEMAND_SUBSCRIPTION,TRIAL,2024-06-02 16:18:16.825+00
1300,LEAD,TRIAL,2024-06-02 19:52:31.482+00
1298,LEAD,TRIAL,2024-06-02 20:49:11.829+00
1299,LEAD,WARM_LEAD,2024-06-03 14:02:18.557+00
1262,LEAD,WARM_LEAD,2024-06-03 14:03:59.909+00
1191,LEAD,WARM_LEAD,2024-06-03 14:29:27.785+00
597,ON_DEMAND_SUBSCRIPTION,TRIAL,2024-06-03 15:21:23.395+00
317,ON_DEMAND_SUBSCRIPTION,CHURN,2024-06-03 15:22:53.136+00
1280,LEAD,WARM_LEAD,2024-06-03 15:32:46.632+00
1308,LEAD,WARM_LEAD,2024-06-03 18:51:51.892+00
1308,ON_DEMAND_SUBSCRIPTION,TRIAL,2024-06-03 18:52:51.291+00
711,RECURRING_SUBSCRIPTION,CHURN,2024-06-04 17:25:46.856+00
1288,LEAD,WARM_LEAD,2024-06-04 18:07:41.759+00
1097,LEAD,COLD_LEAD,2024-06-04 18:27:59.383+00
1099,LEAD,COLD_LEAD,2024-06-04 18:29:35.171+00
1067,LEAD,COLD_LEAD,2024-06-04 18:31:34.5+00
1086,LEAD,COLD_LEAD,2024-06-04 18:33:16.552+00
1028,LEAD,COLD_LEAD,2024-06-04 18:38:09.539+00
1033,LEAD,COLD_LEAD,2024-06-04 18:38:30.551+00
1255,LEAD,WARM_LEAD,2024-06-04 18:40:09.63+00
1047,LEAD,COLD_LEAD,2024-06-04 18:59:34.691+00
1138,LEAD,COLD_LEAD,2024-06-04 19:13:41.545+00
1123,LEAD,COLD_LEAD,2024-06-04 19:13:52.372+00
968,LEAD,COLD_LEAD,2024-06-04 19:14:13.307+00
972,LEAD,COLD_LEAD,2024-06-04 19:14:23.401+00
943,COLD_LEAD,WARM_LEAD,2024-06-04 19:15:49.927+00
1101,LEAD,COLD_LEAD,2024-06-04 20:25:20.352+00
1010,LEAD,WARM_LEAD,2024-06-04 22:22:58.155+00
1311,LEAD,WARM_LEAD,2024-06-05 15:41:06.459+00
1312,LEAD,WARM_LEAD,2024-06-05 20:32:34.391+00
1316,LEAD,WARM_LEAD,2024-06-06 14:40:37.211+00
1316,WARM_LEAD,RECURRING_SUBSCRIPTION,2024-06-06 14:41:01.993+00
460,ON_DEMAND_SUBSCRIPTION,TRIAL,2024-06-06 17:19:44.244+00
1190,LEAD,WARM_LEAD,2024-06-06 21:01:33.954+00
1190,WARM_LEAD,TRIAL,2024-06-06 21:04:32.217+00
614,RECURRING_SUBSCRIPTION,TRIAL,2024-06-07 02:07:56.832+00
1292,LEAD,TRIAL,2024-06-07 13:25:21.791+00
772,RECURRING_SUBSCRIPTION,CHURN,2024-06-07 19:21:41.327+00
772,CHURN,TRIAL,2024-06-07 19:22:12.69+00
1267,LEAD,TRIAL,2024-06-09 14:11:43.321+00
1150,TRIAL,RECURRING_SUBSCRIPTION,2024-06-09 17:44:29.361+00
1317,LEAD,WARM_LEAD,2024-06-10 18:59:41.559+00
1317,WARM_LEAD,RECURRING_SUBSCRIPTION,2024-06-10 18:59:46.297+00
936,RECURRING_SUBSCRIPTION,RECURRING_SUBSCRIPTION,2024-06-11 13:17:46.879+00
1222,RECURRING_SUBSCRIPTION,ON_DEMAND_SUBSCRIPTION,2024-06-11 13:20:41.508+00
1312,RECURRING_SUBSCRIPTION,TRIAL,2024-06-11 13:40:55.071+00
1317,RECURRING_SUBSCRIPTION,TRIAL,2024-06-11 13:41:21.143+00
1255,WARM_LEAD,RECURRING_SUBSCRIPTION,2024-06-11 14:54:05.308+00
1312,TRIAL,RECURRING_SUBSCRIPTION,2024-06-11 15:40:49.236+00
1312,RECURRING_SUBSCRIPTION,RECURRING_SUBSCRIPTION,2024-06-11 15:41:13.221+00
1312,RECURRING_SUBSCRIPTION,RECURRING_SUBSCRIPTION,2024-06-11 15:41:33.974+00
1312,RECURRING_SUBSCRIPTION,RECURRING_SUBSCRIPTION,2024-06-11 15:59:37.402+00
622,WARM_LEAD,TRIAL,2024-06-11 19:20:00.835+00
458,WARM_LEAD,TRIAL,2024-06-11 19:44:00.044+00
1357,LEAD,WARM_LEAD,2024-06-11 20:32:01.583+00
1357,WARM_LEAD,TRIAL,2024-06-11 20:32:13.663+00
1208,LEAD,TRIAL,2024-06-12 12:24:00.851+00
353,RECURRING_SUBSCRIPTION,CHURN,2024-06-12 15:16:27.346+00
1312,RECURRING_SUBSCRIPTION,RECURRING_SUBSCRIPTION,2024-06-12 15:17:04.929+00
1312,RECURRING_SUBSCRIPTION,RECURRING_SUBSCRIPTION,2024-06-12 15:49:21.148+00
1288,RECURRING_SUBSCRIPTION,RECURRING_SUBSCRIPTION,2024-06-12 16:58:33.578+00
1202,RECURRING_SUBSCRIPTION,RECURRING_SUBSCRIPTION,2024-06-12 18:41:08.68+00
383,COLD_LEAD,WARM_LEAD,2024-06-12 19:19:21.749+00
383,WARM_LEAD,RECURRING_SUBSCRIPTION,2024-06-12 19:20:03.509+00
383,RECURRING_SUBSCRIPTION,RECURRING_SUBSCRIPTION,2024-06-12 19:24:53.438+00
1369,LEAD,WARM_LEAD,2024-06-12 19:30:55.551+00
1369,WARM_LEAD,RECURRING_SUBSCRIPTION,2024-06-12 19:33:04.572+00
1340,LEAD,WARM_LEAD,2024-06-12 20:08:35.551+00
1340,WARM_LEAD,ON_DEMAND_SUBSCRIPTION,2024-06-12 20:09:05.158+00
1349,LEAD,WARM_LEAD,2024-06-12 20:15:05.769+00
1355,LEAD,WARM_LEAD,2024-06-12 20:34:35.435+00
1355,WARM_LEAD,TRIAL,2024-06-12 20:34:46.541+00
1376,LEAD,WARM_LEAD,2024-06-13 13:18:17.969+00
1359,LEAD,WARM_LEAD,2024-06-13 19:02:03.918+00
1359,WARM_LEAD,TRIAL,2024-06-13 19:02:18.554+00
1386,LEAD,TRIAL,2024-06-15 15:14:58.87+00
1277,LEAD,TRIAL,2024-06-15 18:40:58.011+00
1331,LEAD,TRIAL,2024-06-16 09:24:26.459+00
1331,TRIAL,TRIAL,2024-06-16 09:24:26.907+00
1331,TRIAL,TRIAL,2024-06-16 09:24:27.37+00
1331,TRIAL,TRIAL,2024-06-16 09:24:27.535+00
1376,WARM_LEAD,RECURRING_SUBSCRIPTION,2024-06-16 14:57:08.986+00
1233,TRIAL,RECURRING_SUBSCRIPTION,2024-06-17 16:39:09.562+00
1312,RECURRING_SUBSCRIPTION,TRIAL,2024-06-17 17:18:51.21+00
976,RECURRING_SUBSCRIPTION,TRIAL,2024-06-17 17:19:48.178+00
1410,LEAD,TRIAL,2024-06-18 07:17:14.5+00
1410,TRIAL,TRIAL,2024-06-18 07:17:15.351+00
1400,LEAD,WARM_LEAD,2024-06-18 15:03:16.123+00
1400,WARM_LEAD,TRIAL,2024-06-18 15:03:53.813+00
1420,LEAD,WARM_LEAD,2024-06-19 11:11:23.456+00
1420,WARM_LEAD,RECURRING_SUBSCRIPTION,2024-06-19 11:12:49.504+00
783,COLD_LEAD,WARM_LEAD,2024-06-19 13:42:40.608+00
783,WARM_LEAD,TRIAL,2024-06-19 13:43:45.638+00
1414,LEAD,WARM_LEAD,2024-06-19 14:04:00.851+00
1414,WARM_LEAD,TRIAL,2024-06-19 14:04:23.302+00
1043,LEAD,WARM_LEAD,2024-06-19 14:48:33.345+00
1043,WARM_LEAD,RECURRING_SUBSCRIPTION,2024-06-19 14:48:43.436+00
1411,LEAD,WARM_LEAD,2024-06-19 15:01:43.509+00
1411,WARM_LEAD,RECURRING_SUBSCRIPTION,2024-06-19 15:01:48.974+00
442,ON_DEMAND_SUBSCRIPTION,ON_DEMAND_SUBSCRIPTION,2024-06-19 17:04:49.077+00
738,ON_DEMAND_SUBSCRIPTION,ON_DEMAND_SUBSCRIPTION,2024-06-19 17:06:29.886+00
841,ON_DEMAND_SUBSCRIPTION,RECURRING_SUBSCRIPTION,2024-06-19 17:19:16.326+00
1273,LEAD,WARM_LEAD,2024-06-19 19:02:15.13+00
1273,WARM_LEAD,RECURRING_SUBSCRIPTION,2024-06-19 19:02:31.648+00
1410,TRIAL,RECURRING_SUBSCRIPTION,2024-06-20 13:09:36.973+00
1177,LEAD,WARM_LEAD,2024-06-20 14:31:55.187+00
1177,WARM_LEAD,RECURRING_SUBSCRIPTION,2024-06-20 14:43:32.514+00
1094,WARM_LEAD,TRIAL,2024-06-20 16:09:03.38+00
550,TRIAL,RECURRING_SUBSCRIPTION,2024-06-20 18:12:37.692+00
1009,COLD_LEAD,WARM_LEAD,2024-06-20 18:31:30.443+00
1087,TRIAL,ON_DEMAND_SUBSCRIPTION,2024-06-20 20:33:03.394+00
1009,WARM_LEAD,RECURRING_SUBSCRIPTION,2024-06-21 07:01:41.788+00
554,RECURRING_SUBSCRIPTION,CHURN,2024-06-21 17:09:05.457+00
929,COLD_LEAD,TRIAL,2024-06-23 11:19:38.597+00
929,TRIAL,TRIAL,2024-06-23 11:19:38.893+00
1438,LEAD,WARM_LEAD,2024-06-23 12:47:05.212+00
1438,WARM_LEAD,RECURRING_SUBSCRIPTION,2024-06-23 12:48:49.259+00
1150,RECURRING_SUBSCRIPTION,RECURRING_SUBSCRIPTION,2024-06-24 11:37:27.877+00
1446,LEAD,TRIAL,2024-06-24 15:10:30.752+00
1447,LEAD,WARM_LEAD,2024-06-24 15:13:14.024+00
1447,WARM_LEAD,RECURRING_SUBSCRIPTION,2024-06-24 15:13:22.541+00
1044,RECURRING_SUBSCRIPTION,TRIAL,2024-06-24 16:23:39.041+00
1195,LEAD,WARM_LEAD,2024-06-24 16:25:56.409+00
1195,WARM_LEAD,TRIAL,2024-06-24 16:27:20.378+00
1432,LEAD,WARM_LEAD,2024-06-24 20:13:53.687+00
1432,WARM_LEAD,TRIAL,2024-06-24 20:14:13.672+00
854,LEAD,COLD_LEAD,2024-06-24 20:51:06.344+00
995,LEAD,COLD_LEAD,2024-06-24 20:51:19.46+00
985,LEAD,COLD_LEAD,2024-06-24 20:51:31.395+00
983,LEAD,COLD_LEAD,2024-06-24 20:51:41.532+00
986,LEAD,COLD_LEAD,2024-06-24 20:51:53.046+00
990,LEAD,COLD_LEAD,2024-06-24 20:52:08.076+00
996,LEAD,COLD_LEAD,2024-06-24 20:52:21.306+00
1015,LEAD,COLD_LEAD,2024-06-24 21:02:29.887+00
1025,LEAD,COLD_LEAD,2024-06-24 21:02:47.142+00
945,COLD_LEAD,WARM_LEAD,2024-06-24 21:29:08.303+00
945,WARM_LEAD,TRIAL,2024-06-24 21:30:58.558+00
1448,LEAD,WARM_LEAD,2024-06-24 23:57:20.367+00
1448,WARM_LEAD,TRIAL,2024-06-24 23:57:29.794+00
1448,TRIAL,ON_DEMAND_SUBSCRIPTION,2024-06-25 00:10:07.031+00
1444,LEAD,WARM_LEAD,2024-06-25 08:45:19.783+00
1442,LEAD,TRIAL,2024-06-25 15:35:25.935+00
1442,TRIAL,TRIAL,2024-06-25 15:36:47.331+00
1453,LEAD,WARM_LEAD,2024-06-25 15:55:57.957+00
1453,WARM_LEAD,RECURRING_SUBSCRIPTION,2024-06-25 15:57:41.397+00
379,COLD_LEAD,WARM_LEAD,2024-06-25 19:04:42.344+00
379,WARM_LEAD,RECURRING_SUBSCRIPTION,2024-06-25 19:05:11.972+00
1279,LEAD,WARM_LEAD,2024-06-25 21:03:18.447+00
1279,WARM_LEAD,RECURRING_SUBSCRIPTION,2024-06-25 21:03:23.373+00
1459,LEAD,WARM_LEAD,2024-06-25 21:19:58.204+00
1459,WARM_LEAD,RECURRING_SUBSCRIPTION,2024-06-25 21:20:20.823+00
1459,RECURRING_SUBSCRIPTION,RECURRING_SUBSCRIPTION,2024-06-25 21:21:15.893+00
1459,RECURRING_SUBSCRIPTION,RECURRING_SUBSCRIPTION,2024-06-25 21:22:41.588+00
288,COLD_LEAD,WARM_LEAD,2024-06-26 13:18:15.359+00
1326,LEAD,WARM_LEAD,2024-06-26 14:03:02.348+00
1326,WARM_LEAD,ON_DEMAND_SUBSCRIPTION,2024-06-26 14:05:16.991+00
1126,LEAD,WARM_LEAD,2024-06-26 16:08:33.979+00
1126,WARM_LEAD,RECURRING_SUBSCRIPTION,2024-06-26 16:09:13.125+00
1126,RECURRING_SUBSCRIPTION,RECURRING_SUBSCRIPTION,2024-06-26 16:10:06.455+00
1126,RECURRING_SUBSCRIPTION,RECURRING_SUBSCRIPTION,2024-06-26 16:10:30.473+00
1126,RECURRING_SUBSCRIPTION,RECURRING_SUBSCRIPTION,2024-06-26 16:10:53.713+00
1126,RECURRING_SUBSCRIPTION,RECURRING_SUBSCRIPTION,2024-06-26 16:11:05.238+00
526,RECURRING_SUBSCRIPTION,ON_DEMAND_SUBSCRIPTION,2024-06-27 14:30:57.196+00
793,RECURRING_SUBSCRIPTION,CHURN,2024-06-27 14:39:32.95+00
1027,LEAD,COLD_LEAD,2024-06-27 14:43:33.081+00
1029,LEAD,COLD_LEAD,2024-06-27 14:43:42.159+00
1039,LEAD,COLD_LEAD,2024-06-27 14:43:51.051+00
1051,LEAD,COLD_LEAD,2024-06-27 14:44:01.285+00
1049,LEAD,COLD_LEAD,2024-06-27 14:44:10.666+00
542,COLD_LEAD,WARM_LEAD,2024-06-27 14:59:45.724+00
542,WARM_LEAD,TRIAL,2024-06-27 14:59:57.942+00
1054,LEAD,COLD_LEAD,2024-06-27 16:47:04.823+00
1058,LEAD,COLD_LEAD,2024-06-27 16:47:14.242+00
1063,LEAD,COLD_LEAD,2024-06-27 16:47:25.871+00
1064,LEAD,COLD_LEAD,2024-06-27 16:48:40.46+00
1180,LEAD,COLD_LEAD,2024-06-27 16:48:58.498+00
1122,LEAD,COLD_LEAD,2024-06-27 16:49:08.555+00
1055,LEAD,COLD_LEAD,2024-06-27 16:49:21.197+00
1127,LEAD,COLD_LEAD,2024-06-27 16:49:32.522+00
1130,LEAD,COLD_LEAD,2024-06-27 16:54:35.364+00
1081,LEAD,COLD_LEAD,2024-06-27 16:54:54.401+00
1132,LEAD,COLD_LEAD,2024-06-27 16:55:04.723+00
1134,LEAD,COLD_LEAD,2024-06-27 16:55:14.826+00
1110,LEAD,COLD_LEAD,2024-06-27 16:55:31.329+00
1088,LEAD,COLD_LEAD,2024-06-27 16:55:40.985+00
1092,LEAD,COLD_LEAD,2024-06-27 16:55:51.861+00
1125,LEAD,COLD_LEAD,2024-06-27 16:56:01.1+00
1057,LEAD,COLD_LEAD,2024-06-27 16:56:10.911+00
1093,LEAD,COLD_LEAD,2024-06-27 16:56:26.251+00
1121,LEAD,COLD_LEAD,2024-06-27 16:56:34.451+00
793,CHURN,RECURRING_SUBSCRIPTION,2024-06-27 21:02:22.039+00
661,RECURRING_SUBSCRIPTION,RECURRING_SUBSCRIPTION,2024-06-28 14:06:27.704+00
1469,LEAD,WARM_LEAD,2024-06-28 15:02:03.38+00
1469,WARM_LEAD,TRIAL,2024-06-28 15:14:51.813+00
847,COLD_LEAD,RECURRING_SUBSCRIPTION,2024-06-28 16:38:53.556+00
1204,TRIAL,ON_DEMAND_SUBSCRIPTION,2024-06-28 18:13:06.689+00
234,TRIAL,RECURRING_SUBSCRIPTION,2024-06-28 22:22:13.346+00
1466,LEAD,TRIAL,2024-06-29 15:56:37.303+00
1466,LEAD,TRIAL,2024-06-29 15:56:37.311+00
1466,TRIAL,TRIAL,2024-06-29 15:56:37.836+00
1474,LEAD,TRIAL,2024-06-29 19:46:46.41+00
1474,TRIAL,TRIAL,2024-06-29 19:46:47.555+00
1315,LEAD,WARM_LEAD,2024-06-30 10:25:41.232+00
1468,LEAD,WARM_LEAD,2024-06-30 10:26:10.098+00
1304,LEAD,WARM_LEAD,2024-06-30 10:26:29.726+00
1454,LEAD,WARM_LEAD,2024-06-30 10:26:47.126+00
1477,LEAD,WARM_LEAD,2024-06-30 14:44:05.528+00
920,COLD_LEAD,WARM_LEAD,2024-07-01 10:41:46.79+00
920,WARM_LEAD,RECURRING_SUBSCRIPTION,2024-07-01 10:48:55.855+00
1301,LEAD,WARM_LEAD,2024-07-01 14:36:43.598+00
1480,LEAD,WARM_LEAD,2024-07-01 14:37:10.193+00
1449,LEAD,WARM_LEAD,2024-07-01 14:37:33.961+00
1445,LEAD,WARM_LEAD,2024-07-01 14:37:50.512+00
1427,LEAD,WARM_LEAD,2024-07-01 14:38:08.087+00
1408,LEAD,WARM_LEAD,2024-07-01 14:38:27.167+00
1385,LEAD,WARM_LEAD,2024-07-01 14:38:41.83+00
1330,LEAD,WARM_LEAD,2024-07-01 14:38:54.831+00
1329,LEAD,WARM_LEAD,2024-07-01 14:39:12.979+00
1328,LEAD,WARM_LEAD,2024-07-01 14:39:35.714+00
1310,LEAD,WARM_LEAD,2024-07-01 14:39:52.341+00
1309,LEAD,WARM_LEAD,2024-07-01 14:40:06.437+00
1307,LEAD,WARM_LEAD,2024-07-01 14:40:27.9+00
1305,LEAD,WARM_LEAD,2024-07-01 14:40:44.492+00
1015,COLD_LEAD,WARM_LEAD,2024-07-01 15:03:13.284+00
1015,WARM_LEAD,TRIAL,2024-07-01 15:03:34.968+00
827,COLD_LEAD,WARM_LEAD,2024-07-01 15:17:50.628+00
827,WARM_LEAD,RECURRING_SUBSCRIPTION,2024-07-01 15:18:28.563+00
1487,LEAD,TRIAL,2024-07-01 15:41:36.223+00
795,ON_DEMAND_SUBSCRIPTION,TRIAL,2024-07-01 15:59:43.534+00
1481,LEAD,WARM_LEAD,2024-07-01 16:05:19.641+00
1485,LEAD,WARM_LEAD,2024-07-01 16:26:40.742+00
1152,LEAD,WARM_LEAD,2024-07-02 11:49:54.06+00
1152,WARM_LEAD,TRIAL,2024-07-02 11:50:07.905+00
1444,WARM_LEAD,RECURRING_SUBSCRIPTION,2024-07-02 11:55:02.755+00
1444,RECURRING_SUBSCRIPTION,RECURRING_SUBSCRIPTION,2024-07-02 12:10:53.304+00
1423,LEAD,WARM_LEAD,2024-07-02 15:01:16.941+00
1423,WARM_LEAD,RECURRING_SUBSCRIPTION,2024-07-02 15:02:24.468+00
1490,LEAD,WARM_LEAD,2024-07-02 18:33:14.541+00
1490,WARM_LEAD,RECURRING_SUBSCRIPTION,2024-07-02 18:35:18.813+00
1416,LEAD,WARM_LEAD,2024-07-02 19:02:58.563+00
1416,WARM_LEAD,RECURRING_SUBSCRIPTION,2024-07-02 19:04:30.405+00
1500,LEAD,WARM_LEAD,2024-07-04 10:24:52.951+00
1499,LEAD,WARM_LEAD,2024-07-04 10:25:06.096+00
1331,TRIAL,RECURRING_SUBSCRIPTION,2024-07-04 10:53:49.106+00
1503,LEAD,WARM_LEAD,2024-07-04 14:12:09.683+00
434,ON_DEMAND_SUBSCRIPTION,RECURRING_SUBSCRIPTION,2024-07-05 10:58:13.469+00
1203,COLD_LEAD,TRIAL,2024-07-06 10:12:03.894+00
1203,TRIAL,TRIAL,2024-07-06 10:12:04.729+00
1203,TRIAL,TRIAL,2024-07-06 10:12:05.597+00
288,TRIAL,RECURRING_SUBSCRIPTION,2024-07-06 15:54:26.696+00
1513,LEAD,WARM_LEAD,2024-07-07 10:16:57.651+00
1512,LEAD,WARM_LEAD,2024-07-07 10:23:10.718+00
1511,LEAD,WARM_LEAD,2024-07-07 10:28:31.706+00
1510,LEAD,WARM_LEAD,2024-07-07 10:34:39.152+00
1509,LEAD,WARM_LEAD,2024-07-07 10:44:19.962+00
1508,LEAD,WARM_LEAD,2024-07-07 10:50:21.583+00
1507,LEAD,WARM_LEAD,2024-07-07 10:55:52.884+00
1514,LEAD,WARM_LEAD,2024-07-07 11:00:05.057+00
1504,LEAD,WARM_LEAD,2024-07-07 11:36:32.065+00
1505,LEAD,WARM_LEAD,2024-07-07 11:43:36.58+00
1506,LEAD,WARM_LEAD,2024-07-07 12:05:41.6+00
1515,LEAD,WARM_LEAD,2024-07-07 12:11:44.08+00
1481,WARM_LEAD,RECURRING_SUBSCRIPTION,2024-07-07 12:29:36.738+00
1518,LEAD,WARM_LEAD,2024-07-07 13:34:01.583+00
154,COLD_LEAD,TRIAL,2024-07-08 01:06:38.983+00
1503,TRIAL,RECURRING_SUBSCRIPTION,2024-07-08 06:56:02.672+00
776,ON_DEMAND_SUBSCRIPTION,TRIAL,2024-07-08 13:13:07.282+00
758,ON_DEMAND_SUBSCRIPTION,TRIAL,2024-07-08 13:15:09.138+00
1378,LEAD,WARM_LEAD,2024-07-08 14:04:35.814+00
1378,WARM_LEAD,RECURRING_SUBSCRIPTION,2024-07-08 14:06:59.501+00
1378,RECURRING_SUBSCRIPTION,TRIAL,2024-07-08 14:09:39.214+00
1530,LEAD,WARM_LEAD,2024-07-08 14:36:51.366+00
1530,WARM_LEAD,RECURRING_SUBSCRIPTION,2024-07-08 14:36:58.009+00
1493,LEAD,WARM_LEAD,2024-07-08 16:05:24.894+00
1493,WARM_LEAD,TRIAL,2024-07-08 16:05:45.627+00
633,TRIAL,RECURRING_SUBSCRIPTION,2024-07-08 17:07:11.03+00
633,RECURRING_SUBSCRIPTION,RECURRING_SUBSCRIPTION,2024-07-08 17:09:18.319+00
429,WARM_LEAD,RECURRING_SUBSCRIPTION,2024-07-08 18:15:37.349+00
434,RECURRING_SUBSCRIPTION,RECURRING_SUBSCRIPTION,2024-07-08 18:39:34.673+00
1204,ON_DEMAND_SUBSCRIPTION,RECURRING_SUBSCRIPTION,2024-07-08 19:39:01.702+00
1460,LEAD,WARM_LEAD,2024-07-08 21:01:15.794+00
1460,WARM_LEAD,RECURRING_SUBSCRIPTION,2024-07-08 21:01:42.682+00
1204,RECURRING_SUBSCRIPTION,RECURRING_SUBSCRIPTION,2024-07-08 21:56:14.775+00
942,TRIAL,RECURRING_SUBSCRIPTION,2024-07-09 01:34:12.424+00
1532,LEAD,WARM_LEAD,2024-07-09 06:01:02.019+00
1532,WARM_LEAD,RECURRING_SUBSCRIPTION,2024-07-09 06:01:13.717+00
1531,LEAD,WARM_LEAD,2024-07-09 08:15:14.226+00
1523,LEAD,WARM_LEAD,2024-07-09 08:15:34.424+00
1522,LEAD,WARM_LEAD,2024-07-09 08:15:57.518+00
1520,LEAD,WARM_LEAD,2024-07-09 08:16:19.938+00
1519,LEAD,WARM_LEAD,2024-07-09 08:16:32.841+00
1516,LEAD,WARM_LEAD,2024-07-09 08:16:47.593+00
987,COLD_LEAD,WARM_LEAD,2024-07-09 13:05:08.33+00
987,WARM_LEAD,RECURRING_SUBSCRIPTION,2024-07-09 13:05:22.412+00
987,RECURRING_SUBSCRIPTION,RECURRING_SUBSCRIPTION,2024-07-09 13:08:38.621+00
987,RECURRING_SUBSCRIPTION,RECURRING_SUBSCRIPTION,2024-07-09 13:34:56.472+00
987,RECURRING_SUBSCRIPTION,RECURRING_SUBSCRIPTION,2024-07-09 13:37:53.675+00
954,ON_DEMAND_SUBSCRIPTION,TRIAL,2024-07-09 15:55:03.789+00
478,FROZEN,CHURN,2024-07-09 17:16:01.676+00
759,RECURRING_SUBSCRIPTION,FROZEN,2024-07-09 17:16:37.421+00
1093,COLD_LEAD,WARM_LEAD,2024-07-09 17:45:56.396+00
1534,LEAD,WARM_LEAD,2024-07-09 19:04:31.757+00
1534,WARM_LEAD,TRIAL,2024-07-09 19:10:05.069+00
1493,TRIAL,RECURRING_SUBSCRIPTION,2024-07-09 22:03:18.314+00
751,ON_DEMAND_SUBSCRIPTION,TRIAL,2024-07-10 07:17:24.285+00
518,FROZEN,RECURRING_SUBSCRIPTION,2024-07-10 15:01:21.783+00
140,COLD_LEAD,WARM_LEAD,2024-07-10 15:34:45.734+00
1182,RECURRING_SUBSCRIPTION,RECURRING_SUBSCRIPTION,2024-07-10 15:44:39.377+00
989,RECURRING_SUBSCRIPTION,TRIAL,2024-07-10 17:33:51.028+00
447,RECURRING_SUBSCRIPTION,CHURN,2024-07-10 17:35:43.322+00
1566,LEAD,WARM_LEAD,2024-07-10 19:07:58.953+00
1566,WARM_LEAD,RECURRING_SUBSCRIPTION,2024-07-10 19:08:18.397+00
336,RECURRING_SUBSCRIPTION,CHURN,2024-07-10 19:16:55.821+00
1569,LEAD,WARM_LEAD,2024-07-11 15:33:12.142+00
1569,WARM_LEAD,RECURRING_SUBSCRIPTION,2024-07-11 15:34:52.254+00
1577,LEAD,WARM_LEAD,2024-07-11 16:13:10.731+00
1577,WARM_LEAD,TRIAL,2024-07-11 16:14:05.883+00
607,RECURRING_SUBSCRIPTION,ON_DEMAND_SUBSCRIPTION,2024-07-11 18:23:05.403+00
1542,LEAD,WARM_LEAD,2024-07-11 19:06:08.304+00
1542,WARM_LEAD,RECURRING_SUBSCRIPTION,2024-07-11 19:06:49.016+00
1561,LEAD,WARM_LEAD,2024-07-11 21:39:02.798+00
1600,LEAD,WARM_LEAD,2024-07-11 21:50:02.23+00
1600,WARM_LEAD,RECURRING_SUBSCRIPTION,2024-07-11 21:50:07.989+00
1359,TRIAL,ON_DEMAND_SUBSCRIPTION,2024-07-12 15:18:24.214+00
1554,LEAD,WARM_LEAD,2024-07-12 15:33:41.739+00
1554,WARM_LEAD,RECURRING_SUBSCRIPTION,2024-07-12 15:34:02.308+00
1554,RECURRING_SUBSCRIPTION,RECURRING_SUBSCRIPTION,2024-07-12 15:35:37.42+00
1554,RECURRING_SUBSCRIPTION,RECURRING_SUBSCRIPTION,2024-07-12 15:36:48.546+00
1622,LEAD,WARM_LEAD,2024-07-14 14:10:29.512+00
1609,LEAD,WARM_LEAD,2024-07-14 14:11:08.496+00
1621,LEAD,WARM_LEAD,2024-07-14 14:11:27.985+00
1620,LEAD,WARM_LEAD,2024-07-14 14:15:26.776+00
1617,LEAD,WARM_LEAD,2024-07-14 14:15:47.977+00
1612,LEAD,WARM_LEAD,2024-07-14 14:16:05.631+00
1611,LEAD,WARM_LEAD,2024-07-14 14:17:48.245+00
1610,LEAD,WARM_LEAD,2024-07-15 07:58:56.076+00
1597,LEAD,WARM_LEAD,2024-07-15 08:05:39.865+00
1624,LEAD,WARM_LEAD,2024-07-15 08:06:27.629+00
1623,LEAD,WARM_LEAD,2024-07-15 08:08:36.747+00
1485,WARM_LEAD,RECURRING_SUBSCRIPTION,2024-07-15 11:25:46.261+00
1597,WARM_LEAD,RECURRING_SUBSCRIPTION,2024-07-15 14:30:30.942+00
1414,TRIAL,RECURRING_SUBSCRIPTION,2024-07-15 15:11:55.877+00
1414,RECURRING_SUBSCRIPTION,RECURRING_SUBSCRIPTION,2024-07-15 15:16:31.601+00
1487,TRIAL,ON_DEMAND_SUBSCRIPTION,2024-07-15 16:05:30.428+00
1630,LEAD,TRIAL,2024-07-15 16:07:12.969+00
1202,RECURRING_SUBSCRIPTION,TRIAL,2024-07-15 17:17:39.936+00
1154,COLD_LEAD,WARM_LEAD,2024-07-15 19:56:00.545+00
1154,WARM_LEAD,TRIAL,2024-07-15 19:56:11.717+00
1222,ON_DEMAND_SUBSCRIPTION,RECURRING_SUBSCRIPTION,2024-07-15 20:58:33.609+00
1298,TRIAL,RECURRING_SUBSCRIPTION,2024-07-15 21:04:00.143+00
1635,LEAD,WARM_LEAD,2024-07-15 22:12:27.871+00
1635,WARM_LEAD,RECURRING_SUBSCRIPTION,2024-07-15 22:12:51.83+00
1076,LEAD,COLD_LEAD,2024-07-15 22:37:51.789+00
1095,LEAD,COLD_LEAD,2024-07-15 22:38:03.066+00
1103,LEAD,COLD_LEAD,2024-07-15 22:38:11.385+00
1136,LEAD,COLD_LEAD,2024-07-15 22:38:19.035+00
1131,LEAD,COLD_LEAD,2024-07-15 22:38:25.586+00
2380,RECURRING_SUBSCRIPTION,TRIAL,2024-12-18 17:35:05.717+00
1236,RECURRING_SUBSCRIPTION,FROZEN,2024-12-18 18:32:05.104+00
2700,RECURRING_SUBSCRIPTION,RECURRING_SUBSCRIPTION,2024-12-18 21:07:16.704+00
2814,LEAD,WARM_LEAD,2024-12-19 16:51:54.745+00
2399,RECURRING_SUBSCRIPTION,ON_DEMAND_SUBSCRIPTION,2024-12-19 17:43:56.437+00
2392,LEAD,WARM_LEAD,2024-12-19 22:57:42.269+00
2819,LEAD,WARM_LEAD,2024-12-19 23:14:56.283+00
923,CHURN,ON_DEMAND_SUBSCRIPTION,2024-12-19 23:38:10.751+00
2654,LEAD,WARM_LEAD,2024-12-20 15:35:06.836+00
806,RECURRING_SUBSCRIPTION,RECURRING_SUBSCRIPTION,2024-12-20 15:52:18.672+00
2685,WARM_LEAD,TRIAL,2024-12-20 16:06:17.106+00
2637,WARM_LEAD,TRIAL,2024-12-20 17:34:48.982+00
2743,LEAD,WARM_LEAD,2024-12-20 17:39:40.365+00
2743,RECURRING_SUBSCRIPTION,RECURRING_SUBSCRIPTION,2024-12-20 17:42:00.789+00
2250,RECURRING_SUBSCRIPTION,TRIAL,2024-12-21 00:14:49.653+00
2814,RECURRING_SUBSCRIPTION,WARM_LEAD,2024-12-22 14:48:08.424+00
2821,WARM_LEAD,RECURRING_SUBSCRIPTION,2024-12-23 15:09:58.672+00
2682,LEAD,WARM_LEAD,2024-12-23 19:05:45.213+00
2377,LEAD,WARM_LEAD,2024-12-23 20:33:26.616+00
2377,RECURRING_SUBSCRIPTION,RECURRING_SUBSCRIPTION,2024-12-23 20:35:01.673+00
2841,WARM_LEAD,RECURRING_SUBSCRIPTION,2024-12-25 13:30:49.371+00
2331,LEAD,WARM_LEAD,2024-12-26 11:45:22.712+00
2253,RECURRING_SUBSCRIPTION,RECURRING_SUBSCRIPTION,2024-12-26 15:58:04.665+00
2586,WARM_LEAD,TRIAL,2024-12-26 20:35:46.172+00
553,TRIAL,RECURRING_SUBSCRIPTION,2024-12-30 13:41:13.434+00
2771,WARM_LEAD,LEAD,2024-12-30 16:54:30.967+00
2801,RECURRING_SUBSCRIPTION,WARM_LEAD,2024-12-31 10:45:31.272+00
1304,COLD_LEAD,WARM_LEAD,2025-01-01 09:15:10.731+00
2847,WARM_LEAD,TRIAL,2025-01-01 11:18:04.392+00
2859,WARM_LEAD,RECURRING_SUBSCRIPTION,2025-01-02 15:21:22.423+00
2859,RECURRING_SUBSCRIPTION,RECURRING_SUBSCRIPTION,2025-01-02 15:26:22.786+00
2881,WARM_LEAD,RECURRING_SUBSCRIPTION,2025-01-02 15:41:41.359+00
2868,WARM_LEAD,RECURRING_SUBSCRIPTION,2025-01-02 17:06:34.287+00
2284,RECURRING_SUBSCRIPTION,ON_DEMAND_SUBSCRIPTION,2025-01-02 23:42:24.891+00
684,WARM_LEAD,RECURRING_SUBSCRIPTION,2025-01-03 14:36:01.649+00
2871,WARM_LEAD,RECURRING_SUBSCRIPTION,2025-01-03 14:44:56.177+00
2871,WARM_LEAD,LEAD,2025-01-03 14:45:48.113+00
2876,WARM_LEAD,RECURRING_SUBSCRIPTION,2025-01-03 15:05:29.674+00
2275,LEAD,WARM_LEAD,2025-01-03 17:43:54.41+00
1745,TRIAL,ON_DEMAND_SUBSCRIPTION,2025-01-03 18:05:49.599+00
2674,LEAD,WARM_LEAD,2025-01-03 18:58:43.038+00
2416,RECURRING_SUBSCRIPTION,TRIAL,2025-01-03 19:09:55.617+00
378,RECURRING_SUBSCRIPTION,CHURN,2025-01-03 19:36:20.937+00
2296,RECURRING_SUBSCRIPTION,TRIAL,2025-01-06 15:52:55.911+00
2872,WARM_LEAD,RECURRING_SUBSCRIPTION,2025-01-06 17:03:11.637+00
2872,RECURRING_SUBSCRIPTION,RECURRING_SUBSCRIPTION,2025-01-06 17:05:40.183+00
2872,RECURRING_SUBSCRIPTION,RECURRING_SUBSCRIPTION,2025-01-06 17:08:19.585+00
2872,RECURRING_SUBSCRIPTION,RECURRING_SUBSCRIPTION,2025-01-06 17:09:21.873+00
2872,RECURRING_SUBSCRIPTION,RECURRING_SUBSCRIPTION,2025-01-06 17:11:03.539+00
2887,LEAD,WARM_LEAD,2025-01-06 18:23:44.686+00
2911,LEAD,WARM_LEAD,2025-01-06 18:31:59.512+00
2911,WARM_LEAD,RECURRING_SUBSCRIPTION,2025-01-06 18:35:54.575+00
496,FROZEN,CHURN,2025-01-06 19:17:55.082+00
2887,WARM_LEAD,RECURRING_SUBSCRIPTION,2025-01-07 08:59:02.158+00
2887,RECURRING_SUBSCRIPTION,RECURRING_SUBSCRIPTION,2025-01-07 08:59:20.26+00
2743,RECURRING_SUBSCRIPTION,ON_DEMAND_SUBSCRIPTION,2025-01-07 16:18:56.724+00
2907,LEAD,WARM_LEAD,2025-01-07 16:32:42.769+00
2907,WARM_LEAD,RECURRING_SUBSCRIPTION,2025-01-07 16:33:36.365+00
100,RECURRING_SUBSCRIPTION,TRIAL,2025-01-07 17:52:38.341+00
2485,RECURRING_SUBSCRIPTION,RECURRING_SUBSCRIPTION,2025-01-07 18:43:41.669+00
1139,LEAD,COLD_LEAD,2024-07-15 22:38:32.812+00
1140,LEAD,COLD_LEAD,2024-07-15 22:38:41.075+00
1146,LEAD,COLD_LEAD,2024-07-15 22:38:56.112+00
1147,LEAD,COLD_LEAD,2024-07-15 22:39:01.934+00
1149,LEAD,COLD_LEAD,2024-07-15 22:39:08.204+00
1155,LEAD,COLD_LEAD,2024-07-15 22:39:15.735+00
1142,LEAD,COLD_LEAD,2024-07-15 22:39:23.249+00
1407,LEAD,WARM_LEAD,2024-07-15 23:02:23.547+00
1407,WARM_LEAD,RECURRING_SUBSCRIPTION,2024-07-15 23:02:51.269+00
1158,LEAD,COLD_LEAD,2024-07-15 23:12:25.241+00
1157,LEAD,COLD_LEAD,2024-07-15 23:12:32.182+00
1165,LEAD,COLD_LEAD,2024-07-15 23:12:42.213+00
1181,LEAD,COLD_LEAD,2024-07-15 23:12:48.704+00
1189,LEAD,COLD_LEAD,2024-07-15 23:12:55.974+00
1194,LEAD,COLD_LEAD,2024-07-15 23:13:02.818+00
1196,LEAD,COLD_LEAD,2024-07-15 23:13:09.36+00
1197,LEAD,COLD_LEAD,2024-07-15 23:13:15.521+00
1199,LEAD,COLD_LEAD,2024-07-15 23:13:21.539+00
1216,LEAD,COLD_LEAD,2024-07-15 23:13:29.102+00
1217,LEAD,COLD_LEAD,2024-07-15 23:13:35.682+00
1228,LEAD,COLD_LEAD,2024-07-15 23:13:42.105+00
1226,LEAD,COLD_LEAD,2024-07-15 23:13:48.056+00
1236,LEAD,COLD_LEAD,2024-07-15 23:13:54.349+00
1246,LEAD,COLD_LEAD,2024-07-15 23:14:00.291+00
1247,LEAD,COLD_LEAD,2024-07-15 23:14:07.957+00
1252,LEAD,COLD_LEAD,2024-07-15 23:14:14.925+00
1254,LEAD,COLD_LEAD,2024-07-15 23:14:21.852+00
1258,LEAD,COLD_LEAD,2024-07-15 23:14:29.813+00
1274,LEAD,COLD_LEAD,2024-07-15 23:14:46.319+00
1266,LEAD,COLD_LEAD,2024-07-15 23:14:54.984+00
1264,LEAD,COLD_LEAD,2024-07-15 23:15:02.145+00
1271,LEAD,COLD_LEAD,2024-07-15 23:15:08.79+00
1272,LEAD,COLD_LEAD,2024-07-15 23:15:16.269+00
1281,LEAD,COLD_LEAD,2024-07-15 23:15:45.284+00
1293,LEAD,COLD_LEAD,2024-07-15 23:15:54.913+00
1296,LEAD,COLD_LEAD,2024-07-15 23:17:27.709+00
1344,LEAD,COLD_LEAD,2024-07-15 23:18:01.37+00
1345,LEAD,COLD_LEAD,2024-07-15 23:18:09.153+00
1183,LEAD,COLD_LEAD,2024-07-15 23:20:43.792+00
1161,LEAD,COLD_LEAD,2024-07-15 23:20:51.134+00
1220,LEAD,COLD_LEAD,2024-07-15 23:20:59.494+00
1240,LEAD,COLD_LEAD,2024-07-15 23:21:10.205+00
429,RECURRING_SUBSCRIPTION,RECURRING_SUBSCRIPTION,2024-07-15 23:26:43.063+00
1563,LEAD,WARM_LEAD,2024-07-15 23:32:39.165+00
1563,WARM_LEAD,RECURRING_SUBSCRIPTION,2024-07-15 23:33:11.998+00
1563,RECURRING_SUBSCRIPTION,RECURRING_SUBSCRIPTION,2024-07-15 23:33:15.456+00
1633,LEAD,WARM_LEAD,2024-07-16 09:14:15.961+00
1633,WARM_LEAD,RECURRING_SUBSCRIPTION,2024-07-16 09:14:28.434+00
1597,RECURRING_SUBSCRIPTION,ON_DEMAND_SUBSCRIPTION,2024-07-16 10:25:29.442+00
1328,WARM_LEAD,RECURRING_SUBSCRIPTION,2024-07-16 10:34:34.632+00
1636,LEAD,WARM_LEAD,2024-07-16 13:11:48.319+00
874,ON_DEMAND_SUBSCRIPTION,TRIAL,2024-07-16 13:12:40.262+00
1632,LEAD,WARM_LEAD,2024-07-16 13:14:57.404+00
1629,LEAD,WARM_LEAD,2024-07-16 13:16:41.417+00
1589,LEAD,WARM_LEAD,2024-07-16 13:17:14.638+00
1588,LEAD,WARM_LEAD,2024-07-16 13:18:25.772+00
1585,LEAD,WARM_LEAD,2024-07-16 13:19:13.753+00
1583,LEAD,WARM_LEAD,2024-07-16 13:19:56.601+00
1549,LEAD,WARM_LEAD,2024-07-16 13:23:25.956+00
1536,LEAD,WARM_LEAD,2024-07-16 13:25:21.298+00
1428,LEAD,WARM_LEAD,2024-07-16 13:35:38.809+00
1428,WARM_LEAD,RECURRING_SUBSCRIPTION,2024-07-16 13:35:48.415+00
541,COLD_LEAD,TRIAL,2024-07-16 14:47:59.937+00
1615,LEAD,WARM_LEAD,2024-07-16 15:02:21.079+00
1615,WARM_LEAD,TRIAL,2024-07-16 15:04:01.856+00
626,RECURRING_SUBSCRIPTION,CHURN,2024-07-16 18:03:05.932+00
1572,LEAD,WARM_LEAD,2024-07-16 19:02:15.329+00
1371,LEAD,WARM_LEAD,2024-07-17 13:04:42.381+00
1371,WARM_LEAD,TRIAL,2024-07-17 13:05:17.287+00
847,RECURRING_SUBSCRIPTION,TRIAL,2024-07-17 13:48:20.21+00
1532,RECURRING_SUBSCRIPTION,TRIAL,2024-07-17 13:48:37.673+00
869,ON_DEMAND_SUBSCRIPTION,TRIAL,2024-07-17 13:49:03.581+00
1643,COLD_LEAD,WARM_LEAD,2024-07-17 13:51:19.767+00
1647,LEAD,WARM_LEAD,2024-07-17 13:54:47.61+00
1642,LEAD,WARM_LEAD,2024-07-17 13:58:10.35+00
1641,LEAD,WARM_LEAD,2024-07-17 14:01:24.028+00
378,COLD_LEAD,WARM_LEAD,2024-07-17 14:06:13.366+00
378,WARM_LEAD,RECURRING_SUBSCRIPTION,2024-07-17 14:06:31.272+00
1638,LEAD,WARM_LEAD,2024-07-17 15:04:38.39+00
1638,WARM_LEAD,RECURRING_SUBSCRIPTION,2024-07-17 15:06:38.644+00
1596,LEAD,WARM_LEAD,2024-07-17 19:32:34.688+00
1596,WARM_LEAD,ON_DEMAND_SUBSCRIPTION,2024-07-17 19:35:16.961+00
1596,ON_DEMAND_SUBSCRIPTION,RECURRING_SUBSCRIPTION,2024-07-17 19:37:38.246+00
1596,RECURRING_SUBSCRIPTION,ON_DEMAND_SUBSCRIPTION,2024-07-17 19:37:56.634+00
1086,COLD_LEAD,WARM_LEAD,2024-07-18 19:30:26.382+00
1086,WARM_LEAD,TRIAL,2024-07-18 19:31:16.734+00
1423,RECURRING_SUBSCRIPTION,TRIAL,2024-07-19 15:01:32.792+00
1657,LEAD,WARM_LEAD,2024-07-19 15:04:44.178+00
1657,WARM_LEAD,TRIAL,2024-07-19 15:04:57.449+00
1660,LEAD,WARM_LEAD,2024-07-19 15:39:56.147+00
1660,WARM_LEAD,TRIAL,2024-07-19 15:40:54.068+00
668,RECURRING_SUBSCRIPTION,ON_DEMAND_SUBSCRIPTION,2024-07-19 18:35:56.891+00
942,RECURRING_SUBSCRIPTION,ON_DEMAND_SUBSCRIPTION,2024-07-19 18:37:56.611+00
1405,LEAD,WARM_LEAD,2024-07-19 19:32:31.928+00
1405,WARM_LEAD,TRIAL,2024-07-19 19:33:44.181+00
1536,WARM_LEAD,RECURRING_SUBSCRIPTION,2024-07-21 12:09:51.238+00
1628,LEAD,TRIAL,2024-07-22 17:53:27.12+00
1669,LEAD,WARM_LEAD,2024-07-23 14:02:12.879+00
1669,WARM_LEAD,RECURRING_SUBSCRIPTION,2024-07-23 14:02:24.822+00
383,RECURRING_SUBSCRIPTION,ON_DEMAND_SUBSCRIPTION,2024-07-23 20:21:19.732+00
1651,LEAD,WARM_LEAD,2024-07-24 12:26:54.36+00
1651,WARM_LEAD,RECURRING_SUBSCRIPTION,2024-07-24 12:32:40.246+00
1020,RECURRING_SUBSCRIPTION,CHURN,2024-07-24 13:03:37.28+00
1685,LEAD,WARM_LEAD,2024-07-24 14:03:32.987+00
1685,WARM_LEAD,TRIAL,2024-07-24 14:04:08.973+00
1665,LEAD,WARM_LEAD,2024-07-24 18:17:22.489+00
606,WARM_LEAD,TRIAL,2024-07-24 18:17:40.917+00
1665,WARM_LEAD,TRIAL,2024-07-24 18:19:55.375+00
1220,COLD_LEAD,WARM_LEAD,2024-07-24 22:31:39.687+00
1220,WARM_LEAD,TRIAL,2024-07-24 22:31:53.517+00
1704,LEAD,WARM_LEAD,2024-07-25 08:32:15.173+00
1704,WARM_LEAD,RECURRING_SUBSCRIPTION,2024-07-25 08:33:07.673+00
1111,TRIAL,RECURRING_SUBSCRIPTION,2024-07-25 13:27:24.206+00
1111,RECURRING_SUBSCRIPTION,TRIAL,2024-07-25 13:29:12.925+00
1711,LEAD,TRIAL,2024-07-25 15:19:03.821+00
1291,LEAD,COLD_LEAD,2024-07-25 15:23:41.404+00
1142,COLD_LEAD,WARM_LEAD,2024-07-25 15:44:29.521+00
1142,WARM_LEAD,RECURRING_SUBSCRIPTION,2024-07-25 15:45:18.515+00
1713,LEAD,TRIAL,2024-07-25 20:21:00.872+00
1701,LEAD,WARM_LEAD,2024-07-25 20:31:43.089+00
1701,WARM_LEAD,TRIAL,2024-07-25 20:33:14.091+00
103,RECURRING_SUBSCRIPTION,RECURRING_SUBSCRIPTION,2024-07-26 16:43:43.53+00
616,RECURRING_SUBSCRIPTION,RECURRING_SUBSCRIPTION,2024-07-26 16:55:24.641+00
1587,LEAD,COLD_LEAD,2024-07-26 18:43:20.691+00
1586,LEAD,WARM_LEAD,2024-07-26 18:46:32.361+00
1486,LEAD,WARM_LEAD,2024-07-26 19:03:22.402+00
1486,WARM_LEAD,RECURRING_SUBSCRIPTION,2024-07-26 19:03:47.759+00
1572,WARM_LEAD,RECURRING_SUBSCRIPTION,2024-07-26 19:34:26.28+00
847,TRIAL,RECURRING_SUBSCRIPTION,2024-07-26 21:44:15.333+00
1756,WARM_LEAD,RECURRING_SUBSCRIPTION,2024-08-05 22:03:54.712+00
929,TRIAL,RECURRING_SUBSCRIPTION,2024-07-27 14:12:10.619+00
1703,LEAD,WARM_LEAD,2024-07-28 09:40:00.666+00
1703,WARM_LEAD,RECURRING_SUBSCRIPTION,2024-07-28 09:46:25.744+00
1734,LEAD,WARM_LEAD,2024-07-29 13:11:09.649+00
1734,WARM_LEAD,TRIAL,2024-07-29 13:12:37.087+00
1702,LEAD,WARM_LEAD,2024-07-29 13:20:45.182+00
1681,COLD_LEAD,WARM_LEAD,2024-07-29 13:33:08.977+00
1681,WARM_LEAD,TRIAL,2024-07-29 13:35:20.782+00
1731,LEAD,WARM_LEAD,2024-07-30 15:33:28.558+00
1731,WARM_LEAD,TRIAL,2024-07-30 15:33:59.174+00
661,RECURRING_SUBSCRIPTION,RECURRING_SUBSCRIPTION,2024-07-30 16:40:30.387+00
661,RECURRING_SUBSCRIPTION,RECURRING_SUBSCRIPTION,2024-07-30 16:43:36.516+00
1005,RECURRING_SUBSCRIPTION,ON_DEMAND_SUBSCRIPTION,2024-07-30 17:00:49.3+00
1736,LEAD,WARM_LEAD,2024-07-30 18:14:14.332+00
1736,WARM_LEAD,TRIAL,2024-07-30 18:15:32.404+00
1735,LEAD,TRIAL,2024-07-31 02:12:37.66+00
901,ON_DEMAND_SUBSCRIPTION,TRIAL,2024-07-31 07:45:51.37+00
1662,LEAD,WARM_LEAD,2024-07-31 14:02:45.172+00
1662,WARM_LEAD,TRIAL,2024-07-31 14:02:59.05+00
434,RECURRING_SUBSCRIPTION,ON_DEMAND_SUBSCRIPTION,2024-07-31 14:24:26.983+00
1656,LEAD,WARM_LEAD,2024-07-31 15:36:04.589+00
1656,WARM_LEAD,RECURRING_SUBSCRIPTION,2024-07-31 15:37:36.348+00
11,ON_DEMAND_SUBSCRIPTION,RECURRING_SUBSCRIPTION,2024-07-31 16:07:50.298+00
1739,LEAD,WARM_LEAD,2024-07-31 17:02:29.108+00
1739,WARM_LEAD,RECURRING_SUBSCRIPTION,2024-07-31 17:04:16.974+00
1111,TRIAL,RECURRING_SUBSCRIPTION,2024-07-31 22:42:12.836+00
1726,LEAD,WARM_LEAD,2024-08-01 13:01:22.302+00
1726,WARM_LEAD,TRIAL,2024-08-01 13:01:57.223+00
1625,LEAD,WARM_LEAD,2024-08-01 22:31:19.058+00
1625,WARM_LEAD,RECURRING_SUBSCRIPTION,2024-08-01 22:31:59.133+00
1743,LEAD,WARM_LEAD,2024-08-02 13:02:23.929+00
1743,WARM_LEAD,TRIAL,2024-08-02 13:04:56.552+00
439,RECURRING_SUBSCRIPTION,ON_DEMAND_SUBSCRIPTION,2024-08-02 13:43:30.142+00
1266,COLD_LEAD,WARM_LEAD,2024-08-02 14:02:12.403+00
1266,WARM_LEAD,ON_DEMAND_SUBSCRIPTION,2024-08-02 14:05:24.244+00
1745,LEAD,WARM_LEAD,2024-08-02 14:43:17.921+00
1745,WARM_LEAD,TRIAL,2024-08-02 14:43:35.375+00
1744,LEAD,WARM_LEAD,2024-08-02 15:01:25.268+00
1744,WARM_LEAD,TRIAL,2024-08-02 15:02:51.695+00
1700,LEAD,WARM_LEAD,2024-08-02 16:02:17.507+00
1700,WARM_LEAD,RECURRING_SUBSCRIPTION,2024-08-02 16:03:31.415+00
948,COLD_LEAD,WARM_LEAD,2024-08-02 18:26:41.039+00
948,WARM_LEAD,RECURRING_SUBSCRIPTION,2024-08-02 18:28:11.539+00
1716,LEAD,COLD_LEAD,2024-08-02 18:56:34.23+00
1574,LEAD,COLD_LEAD,2024-08-02 19:06:06.162+00
1573,LEAD,COLD_LEAD,2024-08-02 19:08:32.318+00
1571,LEAD,COLD_LEAD,2024-08-02 19:09:57.627+00
1677,LEAD,COLD_LEAD,2024-08-02 19:12:46.152+00
1738,LEAD,COLD_LEAD,2024-08-02 19:16:33.94+00
1753,LEAD,WARM_LEAD,2024-08-02 19:30:38.279+00
1753,WARM_LEAD,RECURRING_SUBSCRIPTION,2024-08-02 19:30:53.211+00
1234,COLD_LEAD,WARM_LEAD,2024-08-04 12:17:21.895+00
1234,TRIAL,RECURRING_SUBSCRIPTION,2024-08-05 12:54:50.168+00
465,RECURRING_SUBSCRIPTION,ON_DEMAND_SUBSCRIPTION,2024-08-05 14:22:01.807+00
1749,LEAD,WARM_LEAD,2024-08-05 16:01:50.859+00
1749,WARM_LEAD,RECURRING_SUBSCRIPTION,2024-08-05 16:03:03.787+00
1756,LEAD,WARM_LEAD,2024-08-05 22:03:01.401+00
2302,TRIAL,TRIAL,2024-10-05 07:56:16.359+00
1764,LEAD,WARM_LEAD,2024-08-05 22:37:47.025+00
1764,WARM_LEAD,RECURRING_SUBSCRIPTION,2024-08-05 22:39:05.237+00
1764,RECURRING_SUBSCRIPTION,RECURRING_SUBSCRIPTION,2024-08-05 22:40:28.464+00
1412,TRIAL,RECURRING_SUBSCRIPTION,2024-08-06 13:25:49.82+00
837,TRIAL,RECURRING_SUBSCRIPTION,2024-08-06 13:31:38.519+00
1053,COLD_LEAD,TRIAL,2024-08-06 14:35:15.723+00
1770,LEAD,WARM_LEAD,2024-08-06 20:22:13.858+00
1770,WARM_LEAD,RECURRING_SUBSCRIPTION,2024-08-06 20:24:04.242+00
1765,LEAD,TRIAL,2024-08-07 04:03:55.641+00
1781,LEAD,WARM_LEAD,2024-08-07 12:35:47.996+00
1582,LEAD,WARM_LEAD,2024-08-07 14:18:14.545+00
1582,WARM_LEAD,RECURRING_SUBSCRIPTION,2024-08-07 14:18:46.828+00
1278,COLD_LEAD,WARM_LEAD,2024-08-07 14:44:55.078+00
518,RECURRING_SUBSCRIPTION,ON_DEMAND_SUBSCRIPTION,2024-08-07 17:00:09.099+00
1754,LEAD,WARM_LEAD,2024-08-07 20:15:56.09+00
1754,WARM_LEAD,RECURRING_SUBSCRIPTION,2024-08-07 20:19:20.655+00
1278,WARM_LEAD,RECURRING_SUBSCRIPTION,2024-08-08 10:00:37.673+00
1369,RECURRING_SUBSCRIPTION,ON_DEMAND_SUBSCRIPTION,2024-08-08 15:19:24.934+00
1722,LEAD,WARM_LEAD,2024-08-09 13:27:45.495+00
1722,WARM_LEAD,TRIAL,2024-08-09 13:32:19.759+00
1803,WARM_LEAD,RECURRING_SUBSCRIPTION,2024-08-09 14:27:32.378+00
1837,LEAD,WARM_LEAD,2024-08-09 15:05:43.628+00
1799,LEAD,WARM_LEAD,2024-08-09 15:07:42.511+00
1799,WARM_LEAD,RECURRING_SUBSCRIPTION,2024-08-09 15:07:54.351+00
1566,RECURRING_SUBSCRIPTION,RECURRING_SUBSCRIPTION,2024-08-09 15:25:08.578+00
1566,RECURRING_SUBSCRIPTION,RECURRING_SUBSCRIPTION,2024-08-09 15:53:22.237+00
622,TRIAL,RECURRING_SUBSCRIPTION,2024-08-09 16:05:30.254+00
622,RECURRING_SUBSCRIPTION,RECURRING_SUBSCRIPTION,2024-08-09 16:14:17.494+00
512,RECURRING_SUBSCRIPTION,ON_DEMAND_SUBSCRIPTION,2024-08-09 16:15:30.165+00
645,RECURRING_SUBSCRIPTION,RECURRING_SUBSCRIPTION,2024-08-09 16:27:42.094+00
645,RECURRING_SUBSCRIPTION,RECURRING_SUBSCRIPTION,2024-08-09 16:29:12.112+00
1807,LEAD,WARM_LEAD,2024-08-09 16:35:22.856+00
1807,WARM_LEAD,RECURRING_SUBSCRIPTION,2024-08-09 16:35:32.95+00
1824,LEAD,WARM_LEAD,2024-08-09 17:03:21.153+00
1824,WARM_LEAD,RECURRING_SUBSCRIPTION,2024-08-09 17:03:46.664+00
768,RECURRING_SUBSCRIPTION,CHURN,2024-08-09 17:45:04.401+00
768,CHURN,CHURN,2024-08-09 17:45:06.116+00
1812,LEAD,WARM_LEAD,2024-08-09 19:35:34.259+00
1812,WARM_LEAD,RECURRING_SUBSCRIPTION,2024-08-09 19:35:49.389+00
1821,LEAD,WARM_LEAD,2024-08-11 08:34:51.34+00
1803,LEAD,WARM_LEAD,2024-08-11 08:36:17.975+00
1469,TRIAL,RECURRING_SUBSCRIPTION,2024-08-12 15:04:35.942+00
1291,COLD_LEAD,WARM_LEAD,2024-08-12 15:33:00.647+00
1291,WARM_LEAD,TRIAL,2024-08-12 15:34:17.634+00
987,RECURRING_SUBSCRIPTION,CHURN,2024-08-12 15:52:46.531+00
1809,LEAD,WARM_LEAD,2024-08-12 16:37:46.161+00
1809,WARM_LEAD,RECURRING_SUBSCRIPTION,2024-08-12 16:40:07.183+00
1809,RECURRING_SUBSCRIPTION,RECURRING_SUBSCRIPTION,2024-08-12 16:42:33.803+00
1686,LEAD,WARM_LEAD,2024-08-12 20:08:19.609+00
1686,WARM_LEAD,RECURRING_SUBSCRIPTION,2024-08-12 20:08:46.211+00
1850,LEAD,WARM_LEAD,2024-08-12 20:33:21.641+00
1850,WARM_LEAD,RECURRING_SUBSCRIPTION,2024-08-12 20:33:30.11+00
1469,RECURRING_SUBSCRIPTION,TRIAL,2024-08-13 12:23:30.998+00
1259,COLD_LEAD,WARM_LEAD,2024-08-13 13:04:27.077+00
1259,WARM_LEAD,RECURRING_SUBSCRIPTION,2024-08-13 13:15:35.282+00
1038,RECURRING_SUBSCRIPTION,CHURN,2024-08-13 14:09:00.768+00
1824,RECURRING_SUBSCRIPTION,RECURRING_SUBSCRIPTION,2024-08-13 14:13:51.696+00
1824,RECURRING_SUBSCRIPTION,RECURRING_SUBSCRIPTION,2024-08-13 14:17:07.275+00
1222,RECURRING_SUBSCRIPTION,ON_DEMAND_SUBSCRIPTION,2024-08-13 14:43:12.72+00
475,RECURRING_SUBSCRIPTION,RECURRING_SUBSCRIPTION,2024-08-13 14:59:37.85+00
475,RECURRING_SUBSCRIPTION,RECURRING_SUBSCRIPTION,2024-08-13 14:59:49.546+00
1865,LEAD,WARM_LEAD,2024-08-13 15:07:37.651+00
1865,WARM_LEAD,RECURRING_SUBSCRIPTION,2024-08-13 15:07:45.408+00
1865,RECURRING_SUBSCRIPTION,RECURRING_SUBSCRIPTION,2024-08-13 15:09:20.157+00
1873,LEAD,WARM_LEAD,2024-08-13 15:16:53.46+00
1873,WARM_LEAD,RECURRING_SUBSCRIPTION,2024-08-13 15:18:55.827+00
1873,RECURRING_SUBSCRIPTION,RECURRING_SUBSCRIPTION,2024-08-13 15:20:24.101+00
923,TRIAL,RECURRING_SUBSCRIPTION,2024-08-13 15:34:36.512+00
1836,LEAD,WARM_LEAD,2024-08-13 15:47:45.652+00
1836,WARM_LEAD,RECURRING_SUBSCRIPTION,2024-08-13 15:48:45.734+00
1814,LEAD,WARM_LEAD,2024-08-13 20:03:08.4+00
1814,WARM_LEAD,RECURRING_SUBSCRIPTION,2024-08-13 20:03:50.609+00
847,RECURRING_SUBSCRIPTION,RECURRING_SUBSCRIPTION,2024-08-13 20:31:50.451+00
1182,RECURRING_SUBSCRIPTION,CHURN,2024-08-14 13:47:01.389+00
1530,RECURRING_SUBSCRIPTION,RECURRING_SUBSCRIPTION,2024-08-14 15:02:59.774+00
1486,RECURRING_SUBSCRIPTION,RECURRING_SUBSCRIPTION,2024-08-14 15:35:15.783+00
1890,LEAD,COLD_LEAD,2024-08-14 18:57:12.683+00
1872,LEAD,COLD_LEAD,2024-08-14 18:57:32.912+00
1884,LEAD,WARM_LEAD,2024-08-14 20:32:44.736+00
1884,WARM_LEAD,RECURRING_SUBSCRIPTION,2024-08-14 20:34:07.441+00
1878,LEAD,WARM_LEAD,2024-08-14 21:39:10.229+00
1878,WARM_LEAD,RECURRING_SUBSCRIPTION,2024-08-14 21:39:22.324+00
1843,LEAD,WARM_LEAD,2024-08-14 21:49:23.431+00
1843,WARM_LEAD,RECURRING_SUBSCRIPTION,2024-08-14 21:49:29.191+00
1843,RECURRING_SUBSCRIPTION,RECURRING_SUBSCRIPTION,2024-08-14 21:53:33.681+00
1821,WARM_LEAD,RECURRING_SUBSCRIPTION,2024-08-14 22:02:07.459+00
1847,LEAD,WARM_LEAD,2024-08-14 22:33:22.255+00
1847,WARM_LEAD,RECURRING_SUBSCRIPTION,2024-08-14 22:33:31.15+00
1788,LEAD,WARM_LEAD,2024-08-15 08:43:13.393+00
1788,WARM_LEAD,RECURRING_SUBSCRIPTION,2024-08-15 08:43:28.973+00
429,RECURRING_SUBSCRIPTION,RECURRING_SUBSCRIPTION,2024-08-15 15:23:33.657+00
1849,LEAD,WARM_LEAD,2024-08-15 20:30:13.757+00
1849,WARM_LEAD,RECURRING_SUBSCRIPTION,2024-08-15 20:31:28.256+00
1849,RECURRING_SUBSCRIPTION,RECURRING_SUBSCRIPTION,2024-08-15 20:33:23.454+00
1900,LEAD,COLD_LEAD,2024-08-15 20:48:13.498+00
1887,LEAD,COLD_LEAD,2024-08-15 20:50:26.365+00
1866,LEAD,COLD_LEAD,2024-08-15 20:50:54.981+00
1231,RECURRING_SUBSCRIPTION,CHURN,2024-08-16 14:30:49.365+00
1829,LEAD,WARM_LEAD,2024-08-16 18:29:48.233+00
1829,WARM_LEAD,ON_DEMAND_SUBSCRIPTION,2024-08-16 18:30:53.796+00
1829,ON_DEMAND_SUBSCRIPTION,RECURRING_SUBSCRIPTION,2024-08-16 18:31:57.767+00
1788,RECURRING_SUBSCRIPTION,TRIAL,2024-08-19 09:22:28.311+00
827,RECURRING_SUBSCRIPTION,TRIAL,2024-08-19 15:47:11.971+00
1359,ON_DEMAND_SUBSCRIPTION,TRIAL,2024-08-19 17:03:26.062+00
221,RECURRING_SUBSCRIPTION,RECURRING_SUBSCRIPTION,2024-08-19 19:46:36.242+00
1781,WARM_LEAD,RECURRING_SUBSCRIPTION,2024-08-19 20:04:26.221+00
1345,COLD_LEAD,WARM_LEAD,2024-08-19 21:01:13.259+00
1345,WARM_LEAD,RECURRING_SUBSCRIPTION,2024-08-19 21:03:34.957+00
1311,RECURRING_SUBSCRIPTION,ON_DEMAND_SUBSCRIPTION,2024-08-20 15:43:40.221+00
1790,LEAD,WARM_LEAD,2024-08-20 21:41:17.89+00
1790,WARM_LEAD,ON_DEMAND_SUBSCRIPTION,2024-08-20 21:41:24.359+00
1790,ON_DEMAND_SUBSCRIPTION,RECURRING_SUBSCRIPTION,2024-08-20 21:41:30.589+00
1800,LEAD,WARM_LEAD,2024-08-20 21:46:31.415+00
1800,WARM_LEAD,RECURRING_SUBSCRIPTION,2024-08-20 21:48:01.377+00
1808,LEAD,WARM_LEAD,2024-08-20 22:39:42.708+00
1808,WARM_LEAD,RECURRING_SUBSCRIPTION,2024-08-20 22:39:52.38+00
1808,RECURRING_SUBSCRIPTION,RECURRING_SUBSCRIPTION,2024-08-20 22:42:05.185+00
1808,RECURRING_SUBSCRIPTION,RECURRING_SUBSCRIPTION,2024-08-20 22:42:23.409+00
292,TRIAL,ON_DEMAND_SUBSCRIPTION,2024-08-21 09:00:39.859+00
1904,LEAD,WARM_LEAD,2024-08-21 15:12:52.702+00
1904,WARM_LEAD,RECURRING_SUBSCRIPTION,2024-08-21 15:21:59.357+00
1943,LEAD,WARM_LEAD,2024-08-21 15:37:36.484+00
1943,WARM_LEAD,RECURRING_SUBSCRIPTION,2024-08-21 15:39:26.104+00
1805,LEAD,WARM_LEAD,2024-08-21 16:03:57.512+00
1805,WARM_LEAD,ON_DEMAND_SUBSCRIPTION,2024-08-21 16:04:12.828+00
724,RECURRING_SUBSCRIPTION,RECURRING_SUBSCRIPTION,2024-08-21 17:55:25.087+00
91,COLD_LEAD,WARM_LEAD,2024-08-22 09:10:08.901+00
91,WARM_LEAD,RECURRING_SUBSCRIPTION,2024-08-22 09:14:15.023+00
796,RECURRING_SUBSCRIPTION,FROZEN,2024-08-22 13:00:41.974+00
1954,LEAD,WARM_LEAD,2024-08-22 14:33:25.663+00
1954,WARM_LEAD,TRIAL,2024-08-22 14:34:40.779+00
1847,RECURRING_SUBSCRIPTION,WARM_LEAD,2024-08-22 16:38:06.718+00
1749,RECURRING_SUBSCRIPTION,WARM_LEAD,2024-08-23 07:52:48.108+00
1829,RECURRING_SUBSCRIPTION,WARM_LEAD,2024-08-23 07:53:00.807+00
1844,LEAD,WARM_LEAD,2024-08-23 16:23:05.35+00
1844,WARM_LEAD,RECURRING_SUBSCRIPTION,2024-08-23 16:24:28.553+00
1844,RECURRING_SUBSCRIPTION,RECURRING_SUBSCRIPTION,2024-08-23 16:24:59.344+00
341,RECURRING_SUBSCRIPTION,CHURN,2024-08-24 16:12:58.456+00
341,CHURN,CHURN,2024-08-24 16:13:00.611+00
1925,LEAD,WARM_LEAD,2024-08-25 08:36:45.876+00
1961,LEAD,WARM_LEAD,2024-08-26 18:13:06.808+00
1961,WARM_LEAD,RECURRING_SUBSCRIPTION,2024-08-26 18:14:29.763+00
944,RECURRING_SUBSCRIPTION,TRIAL,2024-08-26 19:09:38.645+00
1961,RECURRING_SUBSCRIPTION,WARM_LEAD,2024-08-26 20:04:28.078+00
1948,LEAD,WARM_LEAD,2024-08-26 20:09:11.197+00
1948,WARM_LEAD,RECURRING_SUBSCRIPTION,2024-08-26 20:09:16.955+00
1948,RECURRING_SUBSCRIPTION,RECURRING_SUBSCRIPTION,2024-08-26 20:10:07.998+00
1780,LEAD,WARM_LEAD,2024-08-26 20:36:00.1+00
1780,WARM_LEAD,ON_DEMAND_SUBSCRIPTION,2024-08-26 20:57:18.915+00
1258,COLD_LEAD,WARM_LEAD,2024-08-26 21:02:58.225+00
1258,WARM_LEAD,TRIAL,2024-08-26 21:06:50.907+00
1258,TRIAL,ON_DEMAND_SUBSCRIPTION,2024-08-26 21:09:39.298+00
1258,ON_DEMAND_SUBSCRIPTION,TRIAL,2024-08-26 21:16:01.244+00
1811,LEAD,WARM_LEAD,2024-08-26 21:23:13.677+00
1811,WARM_LEAD,TRIAL,2024-08-26 21:24:26.545+00
1667,LEAD,WARM_LEAD,2024-08-26 23:42:04.847+00
1667,WARM_LEAD,ON_DEMAND_SUBSCRIPTION,2024-08-26 23:47:04.884+00
1519,LEAD,WARM_LEAD,2024-08-27 10:28:10.779+00
1733,LEAD,WARM_LEAD,2024-08-27 12:04:44.697+00
1840,LEAD,WARM_LEAD,2024-08-27 13:42:43.67+00
1840,WARM_LEAD,RECURRING_SUBSCRIPTION,2024-08-27 13:42:51.631+00
1486,RECURRING_SUBSCRIPTION,ON_DEMAND_SUBSCRIPTION,2024-08-27 14:09:37.675+00
1733,WARM_LEAD,RECURRING_SUBSCRIPTION,2024-08-27 14:59:26.767+00
1459,RECURRING_SUBSCRIPTION,TRIAL,2024-08-27 15:56:48.831+00
1576,LEAD,WARM_LEAD,2024-08-27 16:07:32.702+00
1576,WARM_LEAD,RECURRING_SUBSCRIPTION,2024-08-27 16:08:02.161+00
1765,TRIAL,ON_DEMAND_SUBSCRIPTION,2024-08-27 20:44:00.369+00
1852,LEAD,WARM_LEAD,2024-08-27 23:34:28.317+00
1635,RECURRING_SUBSCRIPTION,TRIAL,2024-08-28 15:26:19.486+00
1966,LEAD,WARM_LEAD,2024-08-28 20:02:29.932+00
1966,WARM_LEAD,RECURRING_SUBSCRIPTION,2024-08-28 20:03:17.375+00
1972,LEAD,WARM_LEAD,2024-08-28 22:37:37.212+00
1972,WARM_LEAD,RECURRING_SUBSCRIPTION,2024-08-28 22:38:06.171+00
2019,WARM_LEAD,RECURRING_SUBSCRIPTION,2024-08-29 11:04:17.701+00
1982,LEAD,WARM_LEAD,2024-08-29 14:11:36.257+00
1982,WARM_LEAD,TRIAL,2024-08-29 14:11:48.141+00
857,RECURRING_SUBSCRIPTION,RECURRING_SUBSCRIPTION,2024-08-29 16:08:21.23+00
2021,LEAD,WARM_LEAD,2024-08-29 16:36:41.733+00
2021,WARM_LEAD,RECURRING_SUBSCRIPTION,2024-08-29 16:36:48.659+00
2021,RECURRING_SUBSCRIPTION,WARM_LEAD,2024-08-29 16:48:23.713+00
2021,WARM_LEAD,RECURRING_SUBSCRIPTION,2024-08-29 16:57:05.62+00
2021,RECURRING_SUBSCRIPTION,RECURRING_SUBSCRIPTION,2024-08-29 17:21:01.929+00
1257,RECURRING_SUBSCRIPTION,CHURN,2024-08-29 17:33:57.295+00
2021,RECURRING_SUBSCRIPTION,RECURRING_SUBSCRIPTION,2024-08-29 17:45:15.339+00
2021,RECURRING_SUBSCRIPTION,RECURRING_SUBSCRIPTION,2024-08-29 17:49:56.727+00
2021,RECURRING_SUBSCRIPTION,RECURRING_SUBSCRIPTION,2024-08-29 17:51:44.48+00
2021,RECURRING_SUBSCRIPTION,RECURRING_SUBSCRIPTION,2024-08-29 17:52:37.802+00
2021,RECURRING_SUBSCRIPTION,RECURRING_SUBSCRIPTION,2024-08-29 17:55:10.455+00
597,TRIAL,ON_DEMAND_SUBSCRIPTION,2024-08-29 18:32:38.766+00
2023,LEAD,TRIAL,2024-08-29 21:57:01.615+00
1414,RECURRING_SUBSCRIPTION,TRIAL,2024-08-30 12:00:25.098+00
1246,COLD_LEAD,WARM_LEAD,2024-08-30 15:13:50.022+00
1246,WARM_LEAD,RECURRING_SUBSCRIPTION,2024-08-30 15:15:15.881+00
1246,RECURRING_SUBSCRIPTION,TRIAL,2024-08-30 15:17:56.563+00
2026,LEAD,WARM_LEAD,2024-08-30 15:34:27.841+00
2026,WARM_LEAD,TRIAL,2024-08-30 15:35:35.138+00
2022,LEAD,WARM_LEAD,2024-08-30 15:52:15.895+00
2022,WARM_LEAD,TRIAL,2024-08-30 15:52:49.806+00
1843,RECURRING_SUBSCRIPTION,RECURRING_SUBSCRIPTION,2024-08-30 16:25:28.417+00
1843,RECURRING_SUBSCRIPTION,RECURRING_SUBSCRIPTION,2024-08-30 16:26:06.477+00
2013,LEAD,WARM_LEAD,2024-09-02 10:14:29.691+00
2013,WARM_LEAD,RECURRING_SUBSCRIPTION,2024-09-02 10:17:02.557+00
1164,COLD_LEAD,WARM_LEAD,2024-09-02 11:19:20.266+00
2025,LEAD,WARM_LEAD,2024-09-03 13:39:52.798+00
2025,WARM_LEAD,TRIAL,2024-09-03 13:40:25.087+00
1012,ON_DEMAND_SUBSCRIPTION,TRIAL,2024-09-03 15:05:43.989+00
2030,LEAD,WARM_LEAD,2024-09-03 15:09:51.02+00
2030,WARM_LEAD,ON_DEMAND_SUBSCRIPTION,2024-09-03 15:10:25.316+00
1958,LEAD,WARM_LEAD,2024-09-03 15:40:03.573+00
1958,WARM_LEAD,TRIAL,2024-09-03 15:40:40.468+00
904,RECURRING_SUBSCRIPTION,ON_DEMAND_SUBSCRIPTION,2024-09-03 15:50:38.921+00
1763,LEAD,WARM_LEAD,2024-09-03 16:38:56.479+00
1763,WARM_LEAD,RECURRING_SUBSCRIPTION,2024-09-03 16:39:18.871+00
668,ON_DEMAND_SUBSCRIPTION,CHURN,2024-09-03 17:14:19.651+00
1965,LEAD,WARM_LEAD,2024-09-03 20:03:06.003+00
1965,WARM_LEAD,RECURRING_SUBSCRIPTION,2024-09-03 20:07:10.154+00
707,RECURRING_SUBSCRIPTION,FROZEN,2024-09-03 20:24:28.818+00
835,COLD_LEAD,WARM_LEAD,2024-09-03 21:42:01.438+00
835,WARM_LEAD,TRIAL,2024-09-03 21:42:17.933+00
1421,LEAD,WARM_LEAD,2024-09-04 15:31:42.056+00
1421,WARM_LEAD,RECURRING_SUBSCRIPTION,2024-09-04 15:32:37.776+00
1421,RECURRING_SUBSCRIPTION,RECURRING_SUBSCRIPTION,2024-09-04 15:32:56.634+00
1421,RECURRING_SUBSCRIPTION,RECURRING_SUBSCRIPTION,2024-09-04 15:33:14.033+00
1421,RECURRING_SUBSCRIPTION,RECURRING_SUBSCRIPTION,2024-09-04 15:37:13.625+00
350,RECURRING_SUBSCRIPTION,CHURN,2024-09-04 15:46:42.705+00
688,ON_DEMAND_SUBSCRIPTION,TRIAL,2024-09-04 18:04:01.775+00
512,ON_DEMAND_SUBSCRIPTION,TRIAL,2024-09-04 19:51:01.911+00
1995,LEAD,WARM_LEAD,2024-09-04 21:31:32.633+00
1995,WARM_LEAD,RECURRING_SUBSCRIPTION,2024-09-04 21:32:11.128+00
1732,LEAD,WARM_LEAD,2024-09-04 23:32:18.291+00
1732,WARM_LEAD,RECURRING_SUBSCRIPTION,2024-09-04 23:33:08.502+00
2030,ON_DEMAND_SUBSCRIPTION,TRIAL,2024-09-05 03:13:16.427+00
2034,LEAD,WARM_LEAD,2024-09-05 13:00:23.743+00
1600,RECURRING_SUBSCRIPTION,CHURN,2024-09-05 14:30:55.501+00
2043,LEAD,WARM_LEAD,2024-09-05 21:01:55.248+00
2043,WARM_LEAD,RECURRING_SUBSCRIPTION,2024-09-05 21:03:01.346+00
82,RECURRING_SUBSCRIPTION,TRIAL,2024-09-08 05:27:46.248+00
2053,LEAD,WARM_LEAD,2024-09-08 07:11:58.61+00
2053,WARM_LEAD,RECURRING_SUBSCRIPTION,2024-09-08 07:14:24.148+00
2053,RECURRING_SUBSCRIPTION,WARM_LEAD,2024-09-08 09:04:36.081+00
2070,LEAD,WARM_LEAD,2024-09-08 10:06:10.823+00
2070,WARM_LEAD,RECURRING_SUBSCRIPTION,2024-09-08 10:06:20.681+00
2053,WARM_LEAD,RECURRING_SUBSCRIPTION,2024-09-09 12:52:10.89+00
1686,RECURRING_SUBSCRIPTION,TRIAL,2024-09-09 13:48:22.478+00
841,RECURRING_SUBSCRIPTION,FROZEN,2024-09-09 13:51:03.601+00
1625,RECURRING_SUBSCRIPTION,FROZEN,2024-09-09 13:51:50.5+00
622,RECURRING_SUBSCRIPTION,FROZEN,2024-09-09 13:52:34.919+00
490,RECURRING_SUBSCRIPTION,FROZEN,2024-09-09 13:53:19.492+00
1884,RECURRING_SUBSCRIPTION,FROZEN,2024-09-09 13:53:39.12+00
1014,ON_DEMAND_SUBSCRIPTION,CHURN,2024-09-09 15:41:35.006+00
1021,RECURRING_SUBSCRIPTION,CHURN,2024-09-09 15:59:17.967+00
2072,LEAD,WARM_LEAD,2024-09-09 16:00:12.357+00
2072,WARM_LEAD,RECURRING_SUBSCRIPTION,2024-09-09 16:03:36.807+00
788,RECURRING_SUBSCRIPTION,RECURRING_SUBSCRIPTION,2024-09-09 17:10:26.055+00
616,RECURRING_SUBSCRIPTION,CHURN,2024-09-09 17:13:03.193+00
616,CHURN,CHURN,2024-09-09 17:13:04.516+00
589,TRIAL,ON_DEMAND_SUBSCRIPTION,2024-09-09 18:48:28.11+00
1892,LEAD,WARM_LEAD,2024-09-09 22:24:53.397+00
1892,WARM_LEAD,RECURRING_SUBSCRIPTION,2024-09-09 22:27:41.792+00
2049,LEAD,WARM_LEAD,2024-09-10 09:17:21.581+00
2049,WARM_LEAD,RECURRING_SUBSCRIPTION,2024-09-10 09:19:41.083+00
948,RECURRING_SUBSCRIPTION,TRIAL,2024-09-10 13:37:39.142+00
1552,LEAD,WARM_LEAD,2024-09-10 14:12:57.391+00
1552,WARM_LEAD,RECURRING_SUBSCRIPTION,2024-09-10 14:13:45.576+00
923,RECURRING_SUBSCRIPTION,ON_DEMAND_SUBSCRIPTION,2024-09-10 15:20:51.618+00
993,COLD_LEAD,WARM_LEAD,2024-09-10 15:52:12.149+00
993,WARM_LEAD,RECURRING_SUBSCRIPTION,2024-09-10 15:53:32.055+00
1884,FROZEN,RECURRING_SUBSCRIPTION,2024-09-10 16:29:20.585+00
533,RECURRING_SUBSCRIPTION,RECURRING_SUBSCRIPTION,2024-09-10 16:56:24.41+00
622,FROZEN,RECURRING_SUBSCRIPTION,2024-09-10 17:03:41.721+00
2101,ON_DEMAND_SUBSCRIPTION,WARM_LEAD,2024-09-10 18:36:08.679+00
2049,RECURRING_SUBSCRIPTION,WARM_LEAD,2024-09-10 19:06:26.281+00
1582,RECURRING_SUBSCRIPTION,TRIAL,2024-09-10 19:21:25.421+00
1530,RECURRING_SUBSCRIPTION,CHURN,2024-09-10 19:37:46.096+00
1983,LEAD,WARM_LEAD,2024-09-10 21:38:39.359+00
1983,WARM_LEAD,RECURRING_SUBSCRIPTION,2024-09-10 21:41:30.212+00
2111,LEAD,WARM_LEAD,2024-09-10 22:48:30.689+00
2111,WARM_LEAD,TRIAL,2024-09-10 22:48:53.762+00
2111,TRIAL,ON_DEMAND_SUBSCRIPTION,2024-09-10 22:50:59.421+00
2103,LEAD,WARM_LEAD,2024-09-10 23:23:06.826+00
497,COLD_LEAD,WARM_LEAD,2024-09-11 08:34:11.137+00
202,COLD_LEAD,WARM_LEAD,2024-09-11 10:04:50.193+00
1956,LEAD,WARM_LEAD,2024-09-11 12:43:04.828+00
434,ON_DEMAND_SUBSCRIPTION,CHURN,2024-09-11 13:48:26.169+00
434,CHURN,CHURN,2024-09-11 13:48:27.486+00
306,RECURRING_SUBSCRIPTION,CHURN,2024-09-11 15:26:16.556+00
306,CHURN,CHURN,2024-09-11 15:26:17.876+00
707,FROZEN,RECURRING_SUBSCRIPTION,2024-09-11 16:49:03.444+00
707,RECURRING_SUBSCRIPTION,TRIAL,2024-09-11 16:49:53.137+00
759,FROZEN,CHURN,2024-09-11 16:52:39.217+00
581,RECURRING_SUBSCRIPTION,RECURRING_SUBSCRIPTION,2024-09-11 16:52:40.948+00
581,RECURRING_SUBSCRIPTION,RECURRING_SUBSCRIPTION,2024-09-11 16:54:16.071+00
841,RECURRING_SUBSCRIPTION,TRIAL,2024-09-11 17:22:45.048+00
273,COLD_LEAD,WARM_LEAD,2024-09-11 17:25:44.427+00
273,WARM_LEAD,LEAD,2024-09-11 17:26:10.736+00
622,RECURRING_SUBSCRIPTION,TRIAL,2024-09-11 17:28:24.16+00
163,ON_DEMAND_SUBSCRIPTION,TRIAL,2024-09-11 17:34:46.228+00
1981,LEAD,WARM_LEAD,2024-09-12 08:51:09.265+00
2116,LEAD,WARM_LEAD,2024-09-12 13:35:40.095+00
2116,WARM_LEAD,RECURRING_SUBSCRIPTION,2024-09-12 13:36:00.139+00
2107,LEAD,WARM_LEAD,2024-09-12 14:02:19.374+00
2107,WARM_LEAD,RECURRING_SUBSCRIPTION,2024-09-12 14:02:36.209+00
1564,LEAD,WARM_LEAD,2024-09-12 14:34:05.305+00
1564,WARM_LEAD,RECURRING_SUBSCRIPTION,2024-09-12 14:37:57.594+00
1893,LEAD,WARM_LEAD,2024-09-12 15:49:37.361+00
1893,WARM_LEAD,RECURRING_SUBSCRIPTION,2024-09-12 15:52:01.615+00
1214,RECURRING_SUBSCRIPTION,CHURN,2024-09-12 18:04:29.554+00
1460,RECURRING_SUBSCRIPTION,CHURN,2024-09-13 07:44:40.371+00
1946,LEAD,WARM_LEAD,2024-09-13 15:39:52.927+00
1946,WARM_LEAD,RECURRING_SUBSCRIPTION,2024-09-13 15:42:55.521+00
1937,LEAD,WARM_LEAD,2024-09-13 20:02:45.151+00
1937,WARM_LEAD,RECURRING_SUBSCRIPTION,2024-09-13 20:03:29.179+00
1937,RECURRING_SUBSCRIPTION,WARM_LEAD,2024-09-13 20:06:35.241+00
2122,LEAD,WARM_LEAD,2024-09-15 12:15:49.163+00
63,TRIAL,ON_DEMAND_SUBSCRIPTION,2024-09-16 12:26:44.921+00
1600,CHURN,ON_DEMAND_SUBSCRIPTION,2024-09-16 14:25:18.421+00
2132,LEAD,WARM_LEAD,2024-09-16 14:30:46.236+00
2132,WARM_LEAD,RECURRING_SUBSCRIPTION,2024-09-16 14:31:07.453+00
2132,RECURRING_SUBSCRIPTION,RECURRING_SUBSCRIPTION,2024-09-16 15:28:37.776+00
2132,RECURRING_SUBSCRIPTION,RECURRING_SUBSCRIPTION,2024-09-16 15:29:02.225+00
775,WARM_LEAD,TRIAL,2024-09-16 15:55:15.747+00
1078,TRIAL,ON_DEMAND_SUBSCRIPTION,2024-09-16 16:38:12.071+00
434,CHURN,ON_DEMAND_SUBSCRIPTION,2024-09-16 16:46:07.669+00
1229,RECURRING_SUBSCRIPTION,CHURN,2024-09-16 16:48:19.847+00
441,RECURRING_SUBSCRIPTION,RECURRING_SUBSCRIPTION,2024-09-16 17:02:32.022+00
1469,TRIAL,ON_DEMAND_SUBSCRIPTION,2024-09-16 17:36:35.012+00
1221,TRIAL,ON_DEMAND_SUBSCRIPTION,2024-09-16 17:37:50.492+00
1442,TRIAL,ON_DEMAND_SUBSCRIPTION,2024-09-16 17:39:45.042+00
1267,TRIAL,ON_DEMAND_SUBSCRIPTION,2024-09-16 17:48:28.407+00
1208,TRIAL,ON_DEMAND_SUBSCRIPTION,2024-09-16 17:52:30.709+00
1190,TRIAL,ON_DEMAND_SUBSCRIPTION,2024-09-16 17:53:01.252+00
2133,LEAD,WARM_LEAD,2024-09-16 18:19:34.094+00
2133,WARM_LEAD,RECURRING_SUBSCRIPTION,2024-09-16 18:21:24.855+00
2133,RECURRING_SUBSCRIPTION,RECURRING_SUBSCRIPTION,2024-09-16 18:21:49.26+00
2133,RECURRING_SUBSCRIPTION,RECURRING_SUBSCRIPTION,2024-09-16 18:21:59.844+00
1033,COLD_LEAD,WARM_LEAD,2024-09-16 19:05:30.307+00
1033,WARM_LEAD,RECURRING_SUBSCRIPTION,2024-09-16 19:16:40.17+00
1913,LEAD,WARM_LEAD,2024-09-16 22:02:01.811+00
1302,LEAD,COLD_LEAD,2024-09-16 22:43:47.304+00
1321,LEAD,COLD_LEAD,2024-09-16 22:43:59.251+00
1055,COLD_LEAD,WARM_LEAD,2024-09-17 00:00:05.231+00
1055,WARM_LEAD,TRIAL,2024-09-17 00:01:08.14+00
14,TRIAL,ON_DEMAND_SUBSCRIPTION,2024-09-17 07:46:20.34+00
1978,COLD_LEAD,WARM_LEAD,2024-09-17 08:00:03.266+00
75,TRIAL,RECURRING_SUBSCRIPTION,2024-09-17 08:12:30.172+00
122,TRIAL,ON_DEMAND_SUBSCRIPTION,2024-09-17 08:17:14.669+00
227,TRIAL,RECURRING_SUBSCRIPTION,2024-09-17 08:25:24.224+00
227,RECURRING_SUBSCRIPTION,RECURRING_SUBSCRIPTION,2024-09-17 08:25:28.716+00
2810,WARM_LEAD,TRIAL,2024-12-18 17:55:18.796+00
2700,WARM_LEAD,RECURRING_SUBSCRIPTION,2024-12-18 21:00:31.769+00
2805,TRIAL,RECURRING_SUBSCRIPTION,2024-12-19 13:33:14.785+00
255,TRIAL,RECURRING_SUBSCRIPTION,2024-09-17 08:28:41.23+00
272,TRIAL,RECURRING_SUBSCRIPTION,2024-09-17 08:30:48.899+00
929,TRIAL,ON_DEMAND_SUBSCRIPTION,2024-09-17 08:34:58.631+00
75,CHURN,TRIAL,2024-09-17 09:16:20.65+00
227,CHURN,TRIAL,2024-09-17 09:17:08.962+00
255,CHURN,TRIAL,2024-09-17 09:18:16.434+00
2155,LEAD,WARM_LEAD,2024-09-17 13:33:59.589+00
2155,WARM_LEAD,RECURRING_SUBSCRIPTION,2024-09-17 13:38:41.001+00
2155,RECURRING_SUBSCRIPTION,RECURRING_SUBSCRIPTION,2024-09-17 13:38:42.798+00
1756,RECURRING_SUBSCRIPTION,TRIAL,2024-09-17 14:17:00.546+00
862,RECURRING_SUBSCRIPTION,TRIAL,2024-09-17 16:16:15.483+00
1600,ON_DEMAND_SUBSCRIPTION,CHURN,2024-09-17 16:18:29.298+00
2140,LEAD,WARM_LEAD,2024-09-17 16:35:27.487+00
2140,WARM_LEAD,RECURRING_SUBSCRIPTION,2024-09-17 16:44:41.364+00
2140,RECURRING_SUBSCRIPTION,RECURRING_SUBSCRIPTION,2024-09-17 16:49:25.362+00
2140,RECURRING_SUBSCRIPTION,RECURRING_SUBSCRIPTION,2024-09-17 16:49:41.608+00
2140,RECURRING_SUBSCRIPTION,RECURRING_SUBSCRIPTION,2024-09-17 16:50:18.415+00
1844,RECURRING_SUBSCRIPTION,RECURRING_SUBSCRIPTION,2024-09-17 19:55:34.368+00
1807,RECURRING_SUBSCRIPTION,RECURRING_SUBSCRIPTION,2024-09-17 21:01:59.759+00
2172,LEAD,WARM_LEAD,2024-09-17 22:07:42.901+00
2172,WARM_LEAD,RECURRING_SUBSCRIPTION,2024-09-17 22:08:19.951+00
2172,RECURRING_SUBSCRIPTION,RECURRING_SUBSCRIPTION,2024-09-17 22:10:29.181+00
2172,RECURRING_SUBSCRIPTION,RECURRING_SUBSCRIPTION,2024-09-17 22:10:48.19+00
2172,RECURRING_SUBSCRIPTION,RECURRING_SUBSCRIPTION,2024-09-17 22:11:50.595+00
2160,LEAD,WARM_LEAD,2024-09-17 22:17:59.215+00
2160,WARM_LEAD,ON_DEMAND_SUBSCRIPTION,2024-09-17 22:18:08.147+00
2173,LEAD,WARM_LEAD,2024-09-17 22:22:03.116+00
2173,WARM_LEAD,RECURRING_SUBSCRIPTION,2024-09-17 22:22:21.905+00
2175,LEAD,WARM_LEAD,2024-09-17 22:37:43.468+00
2175,WARM_LEAD,ON_DEMAND_SUBSCRIPTION,2024-09-17 22:37:50.792+00
2179,LEAD,WARM_LEAD,2024-09-18 14:31:41.466+00
2179,WARM_LEAD,RECURRING_SUBSCRIPTION,2024-09-18 14:31:52.433+00
2179,RECURRING_SUBSCRIPTION,RECURRING_SUBSCRIPTION,2024-09-18 14:36:08.286+00
2179,RECURRING_SUBSCRIPTION,RECURRING_SUBSCRIPTION,2024-09-18 14:36:41.32+00
479,COLD_LEAD,WARM_LEAD,2024-09-18 15:03:34.013+00
479,WARM_LEAD,RECURRING_SUBSCRIPTION,2024-09-18 15:04:17.994+00
479,RECURRING_SUBSCRIPTION,RECURRING_SUBSCRIPTION,2024-09-18 15:08:08.441+00
1569,RECURRING_SUBSCRIPTION,RECURRING_SUBSCRIPTION,2024-09-18 15:37:34.781+00
554,TRIAL,ON_DEMAND_SUBSCRIPTION,2024-09-18 16:22:36.912+00
2178,LEAD,WARM_LEAD,2024-09-18 20:28:44.505+00
2178,WARM_LEAD,RECURRING_SUBSCRIPTION,2024-09-18 20:28:56.915+00
2182,LEAD,WARM_LEAD,2024-09-18 22:47:21.033+00
2182,WARM_LEAD,ON_DEMAND_SUBSCRIPTION,2024-09-18 22:48:09.661+00
2147,LEAD,WARM_LEAD,2024-09-19 08:19:42.186+00
2147,WARM_LEAD,RECURRING_SUBSCRIPTION,2024-09-19 08:25:09.199+00
343,RECURRING_SUBSCRIPTION,CHURN,2024-09-19 14:01:54.84+00
822,RECURRING_SUBSCRIPTION,RECURRING_SUBSCRIPTION,2024-09-19 15:19:44.475+00
1604,LEAD,WARM_LEAD,2024-09-19 16:01:37.106+00
1604,WARM_LEAD,RECURRING_SUBSCRIPTION,2024-09-19 16:05:33.359+00
429,RECURRING_SUBSCRIPTION,RECURRING_SUBSCRIPTION,2024-09-19 17:13:22.864+00
429,RECURRING_SUBSCRIPTION,RECURRING_SUBSCRIPTION,2024-09-19 17:13:38.721+00
429,RECURRING_SUBSCRIPTION,RECURRING_SUBSCRIPTION,2024-09-19 17:17:57.838+00
2143,LEAD,WARM_LEAD,2024-09-19 18:01:30.429+00
2143,WARM_LEAD,RECURRING_SUBSCRIPTION,2024-09-19 18:03:56.614+00
2143,RECURRING_SUBSCRIPTION,RECURRING_SUBSCRIPTION,2024-09-19 18:06:19.424+00
2163,LEAD,WARM_LEAD,2024-09-19 19:10:51.68+00
2163,WARM_LEAD,RECURRING_SUBSCRIPTION,2024-09-19 19:13:00.236+00
2163,RECURRING_SUBSCRIPTION,RECURRING_SUBSCRIPTION,2024-09-19 19:13:11.653+00
2163,RECURRING_SUBSCRIPTION,RECURRING_SUBSCRIPTION,2024-09-19 19:14:19.62+00
1625,RECURRING_SUBSCRIPTION,FROZEN,2024-09-20 07:43:13.578+00
281,CHURN,TRIAL,2024-09-20 07:51:14.071+00
987,CHURN,TRIAL,2024-09-20 07:52:14.072+00
187,CHURN,TRIAL,2024-09-20 07:53:35.967+00
183,CHURN,TRIAL,2024-09-20 07:54:46.212+00
2126,LEAD,WARM_LEAD,2024-09-22 13:45:25.944+00
2171,LEAD,WARM_LEAD,2024-09-22 13:52:46.592+00
1855,LEAD,WARM_LEAD,2024-09-23 09:52:11.797+00
793,RECURRING_SUBSCRIPTION,RECURRING_SUBSCRIPTION,2024-09-23 13:11:58.652+00
793,RECURRING_SUBSCRIPTION,RECURRING_SUBSCRIPTION,2024-09-23 13:14:38.077+00
2046,LEAD,WARM_LEAD,2024-09-23 13:34:23.4+00
2046,WARM_LEAD,RECURRING_SUBSCRIPTION,2024-09-23 13:34:33.964+00
2078,LEAD,WARM_LEAD,2024-09-23 14:50:34.331+00
2078,WARM_LEAD,RECURRING_SUBSCRIPTION,2024-09-23 14:50:41.263+00
1428,RECURRING_SUBSCRIPTION,RECURRING_SUBSCRIPTION,2024-09-23 14:55:10.549+00
2187,LEAD,WARM_LEAD,2024-09-23 16:09:44.076+00
2187,WARM_LEAD,TRIAL,2024-09-23 16:12:29.296+00
1428,RECURRING_SUBSCRIPTION,RECURRING_SUBSCRIPTION,2024-09-23 16:14:54.785+00
2187,TRIAL,RECURRING_SUBSCRIPTION,2024-09-23 16:16:31.847+00
2192,LEAD,WARM_LEAD,2024-09-23 18:00:08.205+00
2192,WARM_LEAD,RECURRING_SUBSCRIPTION,2024-09-23 18:00:22.601+00
2183,LEAD,WARM_LEAD,2024-09-23 19:00:49.349+00
2183,WARM_LEAD,RECURRING_SUBSCRIPTION,2024-09-23 19:01:51.07+00
1963,LEAD,WARM_LEAD,2024-09-23 20:31:18.72+00
1963,WARM_LEAD,ON_DEMAND_SUBSCRIPTION,2024-09-23 20:42:01.09+00
2210,LEAD,WARM_LEAD,2024-09-23 21:35:21.651+00
2210,WARM_LEAD,RECURRING_SUBSCRIPTION,2024-09-23 21:35:43.636+00
475,RECURRING_SUBSCRIPTION,RECURRING_SUBSCRIPTION,2024-09-24 09:48:11.65+00
475,RECURRING_SUBSCRIPTION,RECURRING_SUBSCRIPTION,2024-09-24 09:52:15.072+00
475,RECURRING_SUBSCRIPTION,RECURRING_SUBSCRIPTION,2024-09-24 10:19:12.887+00
475,RECURRING_SUBSCRIPTION,RECURRING_SUBSCRIPTION,2024-09-24 10:19:14.89+00
475,RECURRING_SUBSCRIPTION,RECURRING_SUBSCRIPTION,2024-09-24 10:23:11.54+00
475,RECURRING_SUBSCRIPTION,RECURRING_SUBSCRIPTION,2024-09-24 11:41:22.366+00
1843,RECURRING_SUBSCRIPTION,ON_DEMAND_SUBSCRIPTION,2024-09-24 13:17:28.26+00
2213,LEAD,WARM_LEAD,2024-09-24 14:19:50.165+00
2213,WARM_LEAD,RECURRING_SUBSCRIPTION,2024-09-24 14:21:45.332+00
99,RECURRING_SUBSCRIPTION,ON_DEMAND_SUBSCRIPTION,2024-09-24 14:24:52.913+00
2204,LEAD,WARM_LEAD,2024-09-24 16:01:16.287+00
2204,WARM_LEAD,LEAD,2024-09-24 16:04:54.19+00
2204,LEAD,LEAD,2024-09-24 16:04:55.847+00
2204,LEAD,WARM_LEAD,2024-09-24 16:08:44.604+00
2204,WARM_LEAD,TRIAL,2024-09-24 16:08:53.883+00
547,RECURRING_SUBSCRIPTION,TRIAL,2024-09-24 17:26:00.388+00
979,COLD_LEAD,WARM_LEAD,2024-09-25 10:08:59.588+00
979,WARM_LEAD,RECURRING_SUBSCRIPTION,2024-09-25 10:44:44.044+00
2212,LEAD,WARM_LEAD,2024-09-25 15:33:37.702+00
2212,WARM_LEAD,RECURRING_SUBSCRIPTION,2024-09-25 15:39:12.886+00
2164,LEAD,WARM_LEAD,2024-09-25 16:02:22.474+00
2164,WARM_LEAD,RECURRING_SUBSCRIPTION,2024-09-25 16:02:52.877+00
1948,RECURRING_SUBSCRIPTION,TRIAL,2024-09-25 16:32:31.535+00
2224,LEAD,WARM_LEAD,2024-09-25 17:27:53.99+00
2224,WARM_LEAD,TRIAL,2024-09-25 17:30:08.208+00
2237,LEAD,WARM_LEAD,2024-09-25 19:08:25.242+00
2237,WARM_LEAD,RECURRING_SUBSCRIPTION,2024-09-25 19:09:14.098+00
2152,LEAD,WARM_LEAD,2024-09-25 20:13:04.999+00
2152,WARM_LEAD,RECURRING_SUBSCRIPTION,2024-09-25 20:14:09.806+00
2247,LEAD,WARM_LEAD,2024-09-26 12:26:55.3+00
2247,WARM_LEAD,RECURRING_SUBSCRIPTION,2024-09-26 12:27:12.203+00
2229,LEAD,WARM_LEAD,2024-09-26 15:12:13.413+00
2257,LEAD,WARM_LEAD,2024-09-26 15:29:58.49+00
2257,WARM_LEAD,RECURRING_SUBSCRIPTION,2024-09-26 15:31:59.338+00
2168,LEAD,WARM_LEAD,2024-09-26 16:02:19.75+00
2168,WARM_LEAD,TRIAL,2024-09-26 16:02:40.784+00
2145,LEAD,WARM_LEAD,2024-09-26 16:31:16.144+00
2145,WARM_LEAD,RECURRING_SUBSCRIPTION,2024-09-26 16:34:06.201+00
2021,RECURRING_SUBSCRIPTION,TRIAL,2024-09-26 19:18:09.167+00
2065,LEAD,WARM_LEAD,2024-09-27 15:55:34.616+00
2065,WARM_LEAD,RECURRING_SUBSCRIPTION,2024-09-27 15:55:46.475+00
2271,LEAD,WARM_LEAD,2024-09-27 18:34:59.416+00
2271,WARM_LEAD,RECURRING_SUBSCRIPTION,2024-09-27 18:35:14.468+00
2265,LEAD,WARM_LEAD,2024-09-27 18:59:52.121+00
2265,WARM_LEAD,RECURRING_SUBSCRIPTION,2024-09-27 19:03:00.644+00
2265,RECURRING_SUBSCRIPTION,RECURRING_SUBSCRIPTION,2024-09-27 19:03:21.421+00
2235,LEAD,WARM_LEAD,2024-09-27 19:26:47.78+00
2235,WARM_LEAD,RECURRING_SUBSCRIPTION,2024-09-27 19:28:20.936+00
2235,RECURRING_SUBSCRIPTION,RECURRING_SUBSCRIPTION,2024-09-27 19:29:56.703+00
2235,RECURRING_SUBSCRIPTION,RECURRING_SUBSCRIPTION,2024-09-27 19:32:06.77+00
2136,LEAD,WARM_LEAD,2024-09-27 21:46:39.266+00
2136,WARM_LEAD,RECURRING_SUBSCRIPTION,2024-09-27 21:47:19.697+00
2136,RECURRING_SUBSCRIPTION,RECURRING_SUBSCRIPTION,2024-09-27 21:48:36.032+00
2136,RECURRING_SUBSCRIPTION,TRIAL,2024-09-27 21:49:50.826+00
2136,TRIAL,ON_DEMAND_SUBSCRIPTION,2024-09-27 21:53:51.499+00
2253,LEAD,WARM_LEAD,2024-09-29 09:35:51.977+00
2253,WARM_LEAD,RECURRING_SUBSCRIPTION,2024-09-29 10:04:57.881+00
2253,RECURRING_SUBSCRIPTION,RECURRING_SUBSCRIPTION,2024-09-29 12:56:22.628+00
2253,RECURRING_SUBSCRIPTION,RECURRING_SUBSCRIPTION,2024-09-29 12:58:37.716+00
2187,RECURRING_SUBSCRIPTION,WARM_LEAD,2024-09-29 14:46:38.278+00
2257,RECURRING_SUBSCRIPTION,WARM_LEAD,2024-09-29 14:47:35.038+00
2253,RECURRING_SUBSCRIPTION,WARM_LEAD,2024-09-30 12:25:36.428+00
2169,LEAD,WARM_LEAD,2024-09-30 13:32:35.889+00
2240,LEAD,WARM_LEAD,2024-09-30 14:01:06.542+00
2279,LEAD,WARM_LEAD,2024-09-30 15:04:39.109+00
2279,WARM_LEAD,ON_DEMAND_SUBSCRIPTION,2024-09-30 15:05:02.519+00
1834,LEAD,WARM_LEAD,2024-09-30 15:32:04.53+00
1834,WARM_LEAD,TRIAL,2024-09-30 15:32:25.323+00
2085,LEAD,WARM_LEAD,2024-09-30 19:31:07.68+00
2085,WARM_LEAD,TRIAL,2024-09-30 19:37:07.73+00
1596,ON_DEMAND_SUBSCRIPTION,RECURRING_SUBSCRIPTION,2024-09-30 20:08:05.188+00
2250,LEAD,WARM_LEAD,2024-09-30 20:22:34.9+00
2250,WARM_LEAD,TRIAL,2024-09-30 20:24:48.07+00
2250,TRIAL,RECURRING_SUBSCRIPTION,2024-09-30 20:25:17.103+00
779,RECURRING_SUBSCRIPTION,RECURRING_SUBSCRIPTION,2024-10-01 12:57:15.835+00
1600,CHURN,ON_DEMAND_SUBSCRIPTION,2024-10-01 13:40:38.654+00
779,RECURRING_SUBSCRIPTION,RECURRING_SUBSCRIPTION,2024-10-01 14:36:27.487+00
496,RECURRING_SUBSCRIPTION,FROZEN,2024-10-01 15:28:18.875+00
2232,LEAD,WARM_LEAD,2024-10-01 15:36:44.787+00
2232,WARM_LEAD,ON_DEMAND_SUBSCRIPTION,2024-10-01 15:41:50.356+00
496,FROZEN,RECURRING_SUBSCRIPTION,2024-10-01 16:16:17.01+00
537,RECURRING_SUBSCRIPTION,TRIAL,2024-10-01 16:25:42.466+00
1739,RECURRING_SUBSCRIPTION,TRIAL,2024-10-01 17:51:10.295+00
457,TRIAL,RECURRING_SUBSCRIPTION,2024-10-02 13:36:52.062+00
1566,RECURRING_SUBSCRIPTION,CHURN,2024-10-02 14:29:57.078+00
1486,ON_DEMAND_SUBSCRIPTION,CHURN,2024-10-02 15:48:56.723+00
1453,RECURRING_SUBSCRIPTION,ON_DEMAND_SUBSCRIPTION,2024-10-03 13:04:08.639+00
1884,RECURRING_SUBSCRIPTION,RECURRING_SUBSCRIPTION,2024-10-03 14:36:44.693+00
834,COLD_LEAD,WARM_LEAD,2024-10-03 16:02:57.202+00
834,WARM_LEAD,TRIAL,2024-10-03 16:03:21.54+00
2296,LEAD,WARM_LEAD,2024-10-03 16:30:49.715+00
1482,LEAD,WARM_LEAD,2024-10-03 16:34:06.011+00
1482,WARM_LEAD,RECURRING_SUBSCRIPTION,2024-10-03 16:34:48.86+00
2296,WARM_LEAD,RECURRING_SUBSCRIPTION,2024-10-03 16:37:05.721+00
2238,LEAD,WARM_LEAD,2024-10-03 19:09:25.504+00
2238,WARM_LEAD,RECURRING_SUBSCRIPTION,2024-10-03 19:10:25.944+00
2179,RECURRING_SUBSCRIPTION,ON_DEMAND_SUBSCRIPTION,2024-10-03 19:13:55.051+00
857,RECURRING_SUBSCRIPTION,CHURN,2024-10-04 18:29:48.219+00
2308,LEAD,WARM_LEAD,2024-10-04 19:08:04.596+00
2308,WARM_LEAD,RECURRING_SUBSCRIPTION,2024-10-04 19:09:50.985+00
2168,TRIAL,RECURRING_SUBSCRIPTION,2024-10-04 19:22:12.433+00
2302,LEAD,TRIAL,2024-10-05 07:56:12.841+00
2302,TRIAL,TRIAL,2024-10-05 07:56:13.71+00
2302,TRIAL,TRIAL,2024-10-05 07:56:15.656+00
2302,TRIAL,TRIAL,2024-10-05 07:56:16.211+00
2314,LEAD,TRIAL,2024-10-05 18:10:22.955+00
2299,LEAD,WARM_LEAD,2024-10-06 07:50:19.306+00
2268,LEAD,WARM_LEAD,2024-10-06 14:26:55.282+00
1037,COLD_LEAD,WARM_LEAD,2024-10-07 08:34:22.019+00
2234,LEAD,WARM_LEAD,2024-10-07 09:07:38.01+00
1754,RECURRING_SUBSCRIPTION,RECURRING_SUBSCRIPTION,2024-10-07 13:01:45.604+00
1812,RECURRING_SUBSCRIPTION,ON_DEMAND_SUBSCRIPTION,2024-10-07 17:32:55.805+00
1833,LEAD,WARM_LEAD,2024-10-07 20:30:42.927+00
1833,WARM_LEAD,RECURRING_SUBSCRIPTION,2024-10-07 20:31:45.193+00
2159,LEAD,WARM_LEAD,2024-10-08 13:02:39.159+00
2159,WARM_LEAD,RECURRING_SUBSCRIPTION,2024-10-08 13:02:57.38+00
2211,LEAD,WARM_LEAD,2024-10-08 16:02:51.179+00
2211,WARM_LEAD,TRIAL,2024-10-08 16:03:33.854+00
2316,LEAD,WARM_LEAD,2024-10-08 18:15:03.593+00
2316,WARM_LEAD,RECURRING_SUBSCRIPTION,2024-10-08 18:20:36.092+00
2063,LEAD,WARM_LEAD,2024-10-08 19:01:04.667+00
2063,WARM_LEAD,RECURRING_SUBSCRIPTION,2024-10-08 19:01:15.92+00
2316,RECURRING_SUBSCRIPTION,TRIAL,2024-10-08 19:18:11.792+00
2272,LEAD,WARM_LEAD,2024-10-08 19:56:12.959+00
2303,LEAD,WARM_LEAD,2024-10-08 20:01:23.342+00
2303,WARM_LEAD,RECURRING_SUBSCRIPTION,2024-10-08 20:03:57.815+00
2272,WARM_LEAD,RECURRING_SUBSCRIPTION,2024-10-08 20:09:11.095+00
748,RECURRING_SUBSCRIPTION,RECURRING_SUBSCRIPTION,2024-10-09 13:11:40.408+00
2328,LEAD,WARM_LEAD,2024-10-09 13:35:12.184+00
549,CHURN,ON_DEMAND_SUBSCRIPTION,2024-10-09 14:36:03.435+00
1978,TRIAL,RECURRING_SUBSCRIPTION,2024-10-09 23:21:50.685+00
1152,TRIAL,ON_DEMAND_SUBSCRIPTION,2024-10-10 14:58:28.008+00
2046,RECURRING_SUBSCRIPTION,ON_DEMAND_SUBSCRIPTION,2024-10-10 18:41:33.916+00
2046,ON_DEMAND_SUBSCRIPTION,WARM_LEAD,2024-10-10 18:56:13.39+00
2046,WARM_LEAD,LEAD,2024-10-10 18:56:29.989+00
2162,LEAD,WARM_LEAD,2024-10-10 19:55:40.205+00
2162,WARM_LEAD,RECURRING_SUBSCRIPTION,2024-10-10 19:55:52.161+00
2304,LEAD,WARM_LEAD,2024-10-10 20:20:43.868+00
2314,TRIAL,ON_DEMAND_SUBSCRIPTION,2024-10-10 20:36:00.779+00
2304,WARM_LEAD,LEAD,2024-10-10 20:37:47.235+00
2343,LEAD,WARM_LEAD,2024-10-11 13:37:15.183+00
2343,WARM_LEAD,RECURRING_SUBSCRIPTION,2024-10-11 13:38:40.121+00
1193,TRIAL,ON_DEMAND_SUBSCRIPTION,2024-10-11 14:24:04.987+00
2318,LEAD,WARM_LEAD,2024-10-14 08:38:46.223+00
2222,LEAD,WARM_LEAD,2024-10-14 09:42:12.729+00
1552,RECURRING_SUBSCRIPTION,TRIAL,2024-10-14 14:41:44.716+00
2169,WARM_LEAD,TRIAL,2024-10-14 15:35:40.173+00
2346,LEAD,WARM_LEAD,2024-10-14 17:56:17.486+00
2346,WARM_LEAD,RECURRING_SUBSCRIPTION,2024-10-14 17:56:56.544+00
2337,LEAD,WARM_LEAD,2024-10-14 20:01:46.572+00
2337,WARM_LEAD,ON_DEMAND_SUBSCRIPTION,2024-10-14 20:03:38.307+00
2363,LEAD,WARM_LEAD,2024-10-14 20:33:25.657+00
2363,WARM_LEAD,TRIAL,2024-10-14 20:35:16.821+00
1844,RECURRING_SUBSCRIPTION,TRIAL,2024-10-14 20:59:51.186+00
1111,RECURRING_SUBSCRIPTION,RECURRING_SUBSCRIPTION,2024-10-14 21:10:37.504+00
1481,RECURRING_SUBSCRIPTION,ON_DEMAND_SUBSCRIPTION,2024-10-15 12:23:58.869+00
1965,RECURRING_SUBSCRIPTION,RECURRING_SUBSCRIPTION,2024-10-15 12:39:20.555+00
1983,RECURRING_SUBSCRIPTION,TRIAL,2024-10-15 14:25:29.458+00
2371,LEAD,WARM_LEAD,2024-10-15 15:12:55.029+00
2047,LEAD,WARM_LEAD,2024-10-15 16:50:38.009+00
2047,WARM_LEAD,RECURRING_SUBSCRIPTION,2024-10-15 16:50:51.242+00
2047,RECURRING_SUBSCRIPTION,RECURRING_SUBSCRIPTION,2024-10-15 16:55:32.55+00
1000,RECURRING_SUBSCRIPTION,CHURN,2024-10-15 17:06:58.048+00
2187,WARM_LEAD,TRIAL,2024-10-15 17:28:31.376+00
2384,LEAD,WARM_LEAD,2024-10-15 19:14:05.189+00
2384,WARM_LEAD,TRIAL,2024-10-15 19:14:21.846+00
2374,LEAD,WARM_LEAD,2024-10-15 20:02:47.525+00
2374,WARM_LEAD,RECURRING_SUBSCRIPTION,2024-10-15 20:06:53.952+00
2384,TRIAL,RECURRING_SUBSCRIPTION,2024-10-15 22:50:49.878+00
2384,RECURRING_SUBSCRIPTION,WARM_LEAD,2024-10-15 22:55:03.344+00
2372,LEAD,WARM_LEAD,2024-10-16 10:38:24.988+00
1521,LEAD,WARM_LEAD,2024-10-16 13:42:15.653+00
1521,WARM_LEAD,RECURRING_SUBSCRIPTION,2024-10-16 13:42:31.809+00
2315,LEAD,WARM_LEAD,2024-10-16 14:06:31.241+00
2315,WARM_LEAD,RECURRING_SUBSCRIPTION,2024-10-16 14:07:05.623+00
1033,RECURRING_SUBSCRIPTION,RECURRING_SUBSCRIPTION,2024-10-16 14:24:32.919+00
2284,LEAD,WARM_LEAD,2024-10-16 14:32:39.502+00
2284,WARM_LEAD,RECURRING_SUBSCRIPTION,2024-10-16 14:33:14.153+00
1280,RECURRING_SUBSCRIPTION,ON_DEMAND_SUBSCRIPTION,2024-10-16 15:24:50.953+00
1273,RECURRING_SUBSCRIPTION,RECURRING_SUBSCRIPTION,2024-10-16 15:44:02.324+00
2418,LEAD,WARM_LEAD,2024-10-16 16:32:21.479+00
1965,RECURRING_SUBSCRIPTION,RECURRING_SUBSCRIPTION,2024-10-16 16:33:40.742+00
2418,WARM_LEAD,RECURRING_SUBSCRIPTION,2024-10-16 16:36:02.344+00
2418,RECURRING_SUBSCRIPTION,ON_DEMAND_SUBSCRIPTION,2024-10-16 16:36:12.352+00
1878,RECURRING_SUBSCRIPTION,TRIAL,2024-10-16 17:41:17.856+00
1111,RECURRING_SUBSCRIPTION,RECURRING_SUBSCRIPTION,2024-10-16 18:35:36.448+00
72,RECURRING_SUBSCRIPTION,ON_DEMAND_SUBSCRIPTION,2024-10-16 20:49:56.199+00
2306,LEAD,TRIAL,2024-10-17 03:40:43.616+00
1411,RECURRING_SUBSCRIPTION,CHURN,2024-10-17 15:44:43.494+00
441,RECURRING_SUBSCRIPTION,CHURN,2024-10-17 15:46:34.647+00
634,RECURRING_SUBSCRIPTION,CHURN,2024-10-17 16:14:08.924+00
2412,LEAD,WARM_LEAD,2024-10-17 19:32:46.391+00
2412,WARM_LEAD,RECURRING_SUBSCRIPTION,2024-10-17 19:33:26.314+00
2380,LEAD,WARM_LEAD,2024-10-18 14:05:11.898+00
2380,WARM_LEAD,RECURRING_SUBSCRIPTION,2024-10-18 14:05:26.58+00
2096,LEAD,WARM_LEAD,2024-10-18 14:38:39.356+00
2096,WARM_LEAD,TRIAL,2024-10-18 14:38:59.85+00
2431,LEAD,WARM_LEAD,2024-10-18 16:05:01.569+00
2431,WARM_LEAD,RECURRING_SUBSCRIPTION,2024-10-18 16:05:29.33+00
820,WARM_LEAD,LEAD,2024-10-18 19:03:40.215+00
471,RECURRING_SUBSCRIPTION,ON_DEMAND_SUBSCRIPTION,2024-10-18 19:48:54.859+00
847,RECURRING_SUBSCRIPTION,TRIAL,2024-10-18 20:10:01.641+00
827,TRIAL,RECURRING_SUBSCRIPTION,2024-10-19 14:52:43.537+00
115,CHURN,ON_DEMAND_SUBSCRIPTION,2024-10-20 10:22:30.74+00
2370,LEAD,WARM_LEAD,2024-10-20 17:41:47.77+00
2370,WARM_LEAD,RECURRING_SUBSCRIPTION,2024-10-21 09:46:25.59+00
2370,RECURRING_SUBSCRIPTION,RECURRING_SUBSCRIPTION,2024-10-21 09:53:02.404+00
2438,LEAD,WARM_LEAD,2024-10-21 10:02:22.815+00
168,RECURRING_SUBSCRIPTION,ON_DEMAND_SUBSCRIPTION,2024-10-21 10:18:45.358+00
2323,LEAD,WARM_LEAD,2024-10-21 10:19:55.289+00
2366,LEAD,WARM_LEAD,2024-10-21 14:36:50.108+00
2366,WARM_LEAD,RECURRING_SUBSCRIPTION,2024-10-21 14:38:53.989+00
2416,LEAD,WARM_LEAD,2024-10-21 14:43:12.579+00
2416,WARM_LEAD,RECURRING_SUBSCRIPTION,2024-10-21 14:43:28.804+00
2416,RECURRING_SUBSCRIPTION,WARM_LEAD,2024-10-21 14:48:26.146+00
2366,RECURRING_SUBSCRIPTION,RECURRING_SUBSCRIPTION,2024-10-21 14:55:30.396+00
2366,RECURRING_SUBSCRIPTION,RECURRING_SUBSCRIPTION,2024-10-21 14:55:47.542+00
2366,RECURRING_SUBSCRIPTION,RECURRING_SUBSCRIPTION,2024-10-21 15:03:30.275+00
2366,RECURRING_SUBSCRIPTION,RECURRING_SUBSCRIPTION,2024-10-21 15:05:17.076+00
944,TRIAL,RECURRING_SUBSCRIPTION,2024-10-21 16:57:18.569+00
944,RECURRING_SUBSCRIPTION,RECURRING_SUBSCRIPTION,2024-10-21 17:06:12.742+00
2452,LEAD,WARM_LEAD,2024-10-21 18:17:05.416+00
2452,WARM_LEAD,RECURRING_SUBSCRIPTION,2024-10-21 18:23:14.48+00
2168,RECURRING_SUBSCRIPTION,ON_DEMAND_SUBSCRIPTION,2024-10-21 19:00:04.076+00
2238,RECURRING_SUBSCRIPTION,RECURRING_SUBSCRIPTION,2024-10-21 19:24:15.472+00
1059,RECURRING_SUBSCRIPTION,FROZEN,2024-10-21 19:52:27.726+00
2265,RECURRING_SUBSCRIPTION,RECURRING_SUBSCRIPTION,2024-10-21 20:15:30.94+00
2265,RECURRING_SUBSCRIPTION,RECURRING_SUBSCRIPTION,2024-10-21 20:16:16.799+00
2265,RECURRING_SUBSCRIPTION,RECURRING_SUBSCRIPTION,2024-10-21 20:29:01.792+00
549,ON_DEMAND_SUBSCRIPTION,RECURRING_SUBSCRIPTION,2024-10-22 11:34:45.484+00
2449,LEAD,WARM_LEAD,2024-10-22 15:17:14.879+00
2427,LEAD,WARM_LEAD,2024-10-22 17:01:17.299+00
2427,WARM_LEAD,TRIAL,2024-10-22 17:01:30.42+00
2459,LEAD,WARM_LEAD,2024-10-22 17:03:27.67+00
2268,WARM_LEAD,RECURRING_SUBSCRIPTION,2024-10-22 17:13:17.189+00
221,RECURRING_SUBSCRIPTION,RECURRING_SUBSCRIPTION,2024-10-22 17:17:49.583+00
2366,RECURRING_SUBSCRIPTION,RECURRING_SUBSCRIPTION,2024-10-22 19:33:53.687+00
2436,LEAD,WARM_LEAD,2024-10-22 23:26:58.955+00
2436,WARM_LEAD,RECURRING_SUBSCRIPTION,2024-10-22 23:27:08.858+00
2107,RECURRING_SUBSCRIPTION,TRIAL,2024-10-23 13:45:48.992+00
2382,LEAD,WARM_LEAD,2024-10-23 14:48:53.31+00
2382,WARM_LEAD,RECURRING_SUBSCRIPTION,2024-10-23 14:49:36.213+00
2338,LEAD,WARM_LEAD,2024-10-23 15:41:59.581+00
2338,WARM_LEAD,RECURRING_SUBSCRIPTION,2024-10-23 15:42:27.377+00
1676,LEAD,WARM_LEAD,2024-10-23 16:31:36.029+00
1676,WARM_LEAD,RECURRING_SUBSCRIPTION,2024-10-23 16:32:43.76+00
1676,RECURRING_SUBSCRIPTION,RECURRING_SUBSCRIPTION,2024-10-23 16:33:26.057+00
2434,LEAD,WARM_LEAD,2024-10-23 19:05:03.215+00
2434,WARM_LEAD,RECURRING_SUBSCRIPTION,2024-10-23 19:07:05.27+00
2434,RECURRING_SUBSCRIPTION,WARM_LEAD,2024-10-23 19:17:49.984+00
2434,WARM_LEAD,LEAD,2024-10-23 19:17:58.041+00
306,CHURN,ON_DEMAND_SUBSCRIPTION,2024-10-23 19:35:22.458+00
2448,LEAD,WARM_LEAD,2024-10-24 16:55:38.219+00
2448,WARM_LEAD,RECURRING_SUBSCRIPTION,2024-10-24 16:56:45.52+00
2448,RECURRING_SUBSCRIPTION,RECURRING_SUBSCRIPTION,2024-10-24 17:00:22.748+00
2325,LEAD,WARM_LEAD,2024-10-24 23:09:50.162+00
2325,WARM_LEAD,RECURRING_SUBSCRIPTION,2024-10-24 23:10:13.851+00
2325,RECURRING_SUBSCRIPTION,TRIAL,2024-10-24 23:11:25.55+00
2436,RECURRING_SUBSCRIPTION,TRIAL,2024-10-25 12:21:54.271+00
1958,TRIAL,RECURRING_SUBSCRIPTION,2024-10-25 12:48:09.286+00
2310,LEAD,WARM_LEAD,2024-10-25 16:47:45.247+00
2310,WARM_LEAD,RECURRING_SUBSCRIPTION,2024-10-25 16:48:53.873+00
2310,RECURRING_SUBSCRIPTION,ON_DEMAND_SUBSCRIPTION,2024-10-25 16:51:30.318+00
2425,LEAD,WARM_LEAD,2024-10-25 19:46:00.623+00
2425,WARM_LEAD,RECURRING_SUBSCRIPTION,2024-10-25 19:46:36.024+00
2425,RECURRING_SUBSCRIPTION,RECURRING_SUBSCRIPTION,2024-10-25 19:47:30.173+00
2425,RECURRING_SUBSCRIPTION,RECURRING_SUBSCRIPTION,2024-10-25 19:47:38.714+00
2425,RECURRING_SUBSCRIPTION,RECURRING_SUBSCRIPTION,2024-10-25 19:47:45.194+00
2328,WARM_LEAD,RECURRING_SUBSCRIPTION,2024-10-27 12:16:21.603+00
2363,TRIAL,RECURRING_SUBSCRIPTION,2024-10-28 14:06:42.725+00
1958,RECURRING_SUBSCRIPTION,TRIAL,2024-10-28 17:38:44.829+00
2469,LEAD,WARM_LEAD,2024-10-28 19:13:22.488+00
2469,WARM_LEAD,RECURRING_SUBSCRIPTION,2024-10-28 19:14:45.036+00
2383,LEAD,WARM_LEAD,2024-10-28 23:32:32.585+00
2383,WARM_LEAD,RECURRING_SUBSCRIPTION,2024-10-28 23:33:44.262+00
2383,RECURRING_SUBSCRIPTION,RECURRING_SUBSCRIPTION,2024-10-28 23:34:15.018+00
2383,RECURRING_SUBSCRIPTION,TRIAL,2024-10-28 23:39:12.526+00
128,TRIAL,ON_DEMAND_SUBSCRIPTION,2024-10-29 10:35:41.813+00
2444,LEAD,WARM_LEAD,2024-10-29 12:04:05.641+00
2452,RECURRING_SUBSCRIPTION,RECURRING_SUBSCRIPTION,2024-10-29 12:51:17.845+00
2043,RECURRING_SUBSCRIPTION,RECURRING_SUBSCRIPTION,2024-10-29 13:56:37.138+00
2433,LEAD,WARM_LEAD,2024-10-29 14:02:39.043+00
2433,WARM_LEAD,RECURRING_SUBSCRIPTION,2024-10-29 14:03:03.963+00
2161,LEAD,WARM_LEAD,2024-10-29 15:09:46.179+00
2161,WARM_LEAD,RECURRING_SUBSCRIPTION,2024-10-29 15:10:50.398+00
535,RECURRING_SUBSCRIPTION,FROZEN,2024-10-29 17:13:11.576+00
2043,RECURRING_SUBSCRIPTION,RECURRING_SUBSCRIPTION,2024-10-29 19:04:54.773+00
1111,RECURRING_SUBSCRIPTION,RECURRING_SUBSCRIPTION,2024-10-29 19:09:15.048+00
1111,RECURRING_SUBSCRIPTION,RECURRING_SUBSCRIPTION,2024-10-29 19:16:21.551+00
1111,RECURRING_SUBSCRIPTION,RECURRING_SUBSCRIPTION,2024-10-29 19:26:19.259+00
1604,RECURRING_SUBSCRIPTION,ON_DEMAND_SUBSCRIPTION,2024-10-29 19:48:40.915+00
2371,WARM_LEAD,RECURRING_SUBSCRIPTION,2024-10-29 20:41:26.632+00
2372,TRIAL,RECURRING_SUBSCRIPTION,2024-10-30 10:20:24.126+00
1809,RECURRING_SUBSCRIPTION,TRIAL,2024-10-30 12:44:31.01+00
2438,WARM_LEAD,RECURRING_SUBSCRIPTION,2024-10-30 13:09:21.163+00
237,CHURN,ON_DEMAND_SUBSCRIPTION,2024-10-30 13:41:51.209+00
477,RECURRING_SUBSCRIPTION,CHURN,2024-10-30 14:38:05.157+00
1033,RECURRING_SUBSCRIPTION,RECURRING_SUBSCRIPTION,2024-10-30 14:57:20.248+00
1476,LEAD,COLD_LEAD,2024-10-30 15:10:53.168+00
1476,COLD_LEAD,COLD_LEAD,2024-10-30 15:10:54.395+00
273,LEAD,COLD_LEAD,2024-10-30 15:11:13.112+00
273,COLD_LEAD,COLD_LEAD,2024-10-30 15:11:14.469+00
820,LEAD,COLD_LEAD,2024-10-30 15:11:29.712+00
820,COLD_LEAD,COLD_LEAD,2024-10-30 15:11:30.181+00
1461,LEAD,WARM_LEAD,2024-10-30 16:35:34.096+00
1461,WARM_LEAD,RECURRING_SUBSCRIPTION,2024-10-30 16:37:37.547+00
1461,RECURRING_SUBSCRIPTION,TRIAL,2024-10-30 16:42:21.136+00
2491,LEAD,WARM_LEAD,2024-10-30 19:48:22.061+00
2491,WARM_LEAD,ON_DEMAND_SUBSCRIPTION,2024-10-30 19:48:28.322+00
2166,LEAD,WARM_LEAD,2024-10-30 23:12:25.726+00
2166,WARM_LEAD,TRIAL,2024-10-30 23:13:34.609+00
1542,RECURRING_SUBSCRIPTION,ON_DEMAND_SUBSCRIPTION,2024-10-31 13:38:28.618+00
1882,LEAD,WARM_LEAD,2024-10-31 14:59:36.892+00
1882,WARM_LEAD,RECURRING_SUBSCRIPTION,2024-10-31 15:00:45.299+00
1882,RECURRING_SUBSCRIPTION,RECURRING_SUBSCRIPTION,2024-10-31 15:03:06.17+00
1572,RECURRING_SUBSCRIPTION,RECURRING_SUBSCRIPTION,2024-10-31 16:57:18.907+00
1572,RECURRING_SUBSCRIPTION,RECURRING_SUBSCRIPTION,2024-10-31 16:58:39.691+00
2492,LEAD,WARM_LEAD,2024-10-31 17:06:57.596+00
2492,WARM_LEAD,TRIAL,2024-10-31 17:07:44.688+00
2457,LEAD,WARM_LEAD,2024-10-31 18:11:46.225+00
2394,LEAD,WARM_LEAD,2024-10-31 18:29:19.766+00
1487,ON_DEMAND_SUBSCRIPTION,TRIAL,2024-11-01 12:47:37.751+00
597,ON_DEMAND_SUBSCRIPTION,TRIAL,2024-11-01 13:22:44.193+00
2420,LEAD,WARM_LEAD,2024-11-01 14:02:14.496+00
2420,WARM_LEAD,RECURRING_SUBSCRIPTION,2024-11-01 14:02:58.733+00
2136,ON_DEMAND_SUBSCRIPTION,TRIAL,2024-11-01 15:28:52.994+00
2279,ON_DEMAND_SUBSCRIPTION,TRIAL,2024-11-01 15:33:27.067+00
2479,LEAD,WARM_LEAD,2024-11-01 16:04:32.795+00
2489,LEAD,WARM_LEAD,2024-11-01 16:31:10.167+00
2489,WARM_LEAD,RECURRING_SUBSCRIPTION,2024-11-01 16:31:20.051+00
2502,LEAD,TRIAL,2024-11-02 11:11:00.195+00
1410,COLD_LEAD,TRIAL,2024-11-03 10:36:20.759+00
1410,TRIAL,TRIAL,2024-11-03 10:36:24.903+00
2253,WARM_LEAD,RECURRING_SUBSCRIPTION,2024-11-03 15:10:43.214+00
2253,RECURRING_SUBSCRIPTION,RECURRING_SUBSCRIPTION,2024-11-03 16:26:32.638+00
2386,LEAD,WARM_LEAD,2024-11-04 13:40:44.472+00
2386,WARM_LEAD,TRIAL,2024-11-04 13:41:17.881+00
1016,RECURRING_SUBSCRIPTION,RECURRING_SUBSCRIPTION,2024-11-04 13:48:03.495+00
2316,TRIAL,RECURRING_SUBSCRIPTION,2024-11-04 15:36:30.425+00
2303,RECURRING_SUBSCRIPTION,TRIAL,2024-11-04 17:43:29.602+00
2363,RECURRING_SUBSCRIPTION,RECURRING_SUBSCRIPTION,2024-11-04 17:52:14.8+00
2375,LEAD,WARM_LEAD,2024-11-04 21:02:03.324+00
2375,WARM_LEAD,RECURRING_SUBSCRIPTION,2024-11-04 21:04:44.361+00
2375,RECURRING_SUBSCRIPTION,RECURRING_SUBSCRIPTION,2024-11-04 21:04:53.786+00
2375,RECURRING_SUBSCRIPTION,RECURRING_SUBSCRIPTION,2024-11-04 21:05:20.588+00
2269,LEAD,WARM_LEAD,2024-11-05 11:56:06.952+00
1166,RECURRING_SUBSCRIPTION,CHURN,2024-11-05 18:44:07.783+00
2272,RECURRING_SUBSCRIPTION,TRIAL,2024-11-05 19:29:36.229+00
2345,LEAD,WARM_LEAD,2024-11-05 21:02:57.683+00
2871,LEAD,LEAD,2025-01-03 14:45:48.961+00
2345,WARM_LEAD,RECURRING_SUBSCRIPTION,2024-11-05 21:03:27.625+00
1965,RECURRING_SUBSCRIPTION,RECURRING_SUBSCRIPTION,2024-11-05 21:17:17.952+00
1965,RECURRING_SUBSCRIPTION,RECURRING_SUBSCRIPTION,2024-11-05 21:29:11.263+00
1965,RECURRING_SUBSCRIPTION,RECURRING_SUBSCRIPTION,2024-11-05 21:31:29.964+00
2192,RECURRING_SUBSCRIPTION,RECURRING_SUBSCRIPTION,2024-11-05 21:48:57.406+00
1965,RECURRING_SUBSCRIPTION,RECURRING_SUBSCRIPTION,2024-11-05 22:50:31.482+00
1965,RECURRING_SUBSCRIPTION,RECURRING_SUBSCRIPTION,2024-11-05 22:52:14.292+00
2369,LEAD,WARM_LEAD,2024-11-05 23:22:19.48+00
2369,WARM_LEAD,TRIAL,2024-11-05 23:22:56.678+00
2504,LEAD,WARM_LEAD,2024-11-05 23:55:27.262+00
2504,WARM_LEAD,ON_DEMAND_SUBSCRIPTION,2024-11-05 23:56:44.185+00
2469,RECURRING_SUBSCRIPTION,WARM_LEAD,2024-11-06 17:28:47.799+00
1995,RECURRING_SUBSCRIPTION,TRIAL,2024-11-06 20:30:08.027+00
2399,LEAD,WARM_LEAD,2024-11-06 21:32:29.393+00
2399,WARM_LEAD,RECURRING_SUBSCRIPTION,2024-11-06 21:33:56.344+00
2399,RECURRING_SUBSCRIPTION,RECURRING_SUBSCRIPTION,2024-11-06 21:34:25.555+00
2106,LEAD,WARM_LEAD,2024-11-07 00:08:19.249+00
2106,WARM_LEAD,TRIAL,2024-11-07 00:08:43.519+00
2459,TRIAL,RECURRING_SUBSCRIPTION,2024-11-07 10:35:10.554+00
2480,LEAD,WARM_LEAD,2024-11-07 10:48:21.892+00
599,TRIAL,ON_DEMAND_SUBSCRIPTION,2024-11-07 10:51:09.112+00
546,COLD_LEAD,WARM_LEAD,2024-11-07 11:17:50.213+00
1410,TRIAL,RECURRING_SUBSCRIPTION,2024-11-07 11:43:02.904+00
1836,RECURRING_SUBSCRIPTION,ON_DEMAND_SUBSCRIPTION,2024-11-07 14:18:16.538+00
2523,LEAD,WARM_LEAD,2024-11-07 17:05:57.383+00
2523,WARM_LEAD,RECURRING_SUBSCRIPTION,2024-11-07 17:08:48.304+00
657,RECURRING_SUBSCRIPTION,CHURN,2024-11-07 19:26:01.929+00
2511,LEAD,WARM_LEAD,2024-11-07 19:53:44.861+00
2317,LEAD,WARM_LEAD,2024-11-08 14:02:20.895+00
2317,WARM_LEAD,RECURRING_SUBSCRIPTION,2024-11-08 14:02:46.218+00
2317,RECURRING_SUBSCRIPTION,RECURRING_SUBSCRIPTION,2024-11-08 14:02:53.143+00
2317,RECURRING_SUBSCRIPTION,RECURRING_SUBSCRIPTION,2024-11-08 14:03:01.15+00
2317,RECURRING_SUBSCRIPTION,RECURRING_SUBSCRIPTION,2024-11-08 14:05:45.993+00
2317,RECURRING_SUBSCRIPTION,RECURRING_SUBSCRIPTION,2024-11-08 14:12:18.771+00
1930,LEAD,WARM_LEAD,2024-11-08 15:05:16.892+00
1930,WARM_LEAD,RECURRING_SUBSCRIPTION,2024-11-08 15:05:49.544+00
2537,LEAD,WARM_LEAD,2024-11-08 16:08:40.975+00
2537,WARM_LEAD,RECURRING_SUBSCRIPTION,2024-11-08 16:10:47.838+00
2313,LEAD,WARM_LEAD,2024-11-08 17:01:42.489+00
2402,LEAD,WARM_LEAD,2024-11-09 00:23:48.825+00
2402,WARM_LEAD,RECURRING_SUBSCRIPTION,2024-11-09 00:24:06.128+00
2402,RECURRING_SUBSCRIPTION,ON_DEMAND_SUBSCRIPTION,2024-11-09 00:32:10.734+00
1747,LEAD,WARM_LEAD,2024-11-10 11:38:20.764+00
1410,LEAD,WARM_LEAD,2024-11-10 15:59:24.902+00
2516,LEAD,WARM_LEAD,2024-11-11 09:57:29.239+00
2516,WARM_LEAD,RECURRING_SUBSCRIPTION,2024-11-11 10:00:33.564+00
435,TRIAL,RECURRING_SUBSCRIPTION,2024-11-11 13:08:22.976+00
2444,WARM_LEAD,RECURRING_SUBSCRIPTION,2024-11-11 13:14:10.392+00
1302,COLD_LEAD,WARM_LEAD,2024-11-11 14:36:30.542+00
1302,WARM_LEAD,RECURRING_SUBSCRIPTION,2024-11-11 14:36:48.261+00
1302,RECURRING_SUBSCRIPTION,RECURRING_SUBSCRIPTION,2024-11-11 14:37:18.153+00
114,RECURRING_SUBSCRIPTION,CHURN,2024-11-11 15:12:44.304+00
1246,TRIAL,RECURRING_SUBSCRIPTION,2024-11-11 17:26:54.935+00
724,RECURRING_SUBSCRIPTION,CHURN,2024-11-11 18:16:24.862+00
1884,RECURRING_SUBSCRIPTION,RECURRING_SUBSCRIPTION,2024-11-11 19:09:46.55+00
1407,RECURRING_SUBSCRIPTION,TRIAL,2024-11-11 19:30:25.167+00
2373,LEAD,TRIAL,2024-11-11 21:06:17.176+00
435,RECURRING_SUBSCRIPTION,TRIAL,2024-11-12 08:37:40.512+00
2551,LEAD,WARM_LEAD,2024-11-12 14:04:37.83+00
2551,WARM_LEAD,RECURRING_SUBSCRIPTION,2024-11-12 14:04:45.896+00
2284,RECURRING_SUBSCRIPTION,ON_DEMAND_SUBSCRIPTION,2024-11-12 16:33:31.877+00
2397,LEAD,WARM_LEAD,2024-11-12 16:41:34.048+00
2397,WARM_LEAD,RECURRING_SUBSCRIPTION,2024-11-12 16:41:48.536+00
2124,LEAD,WARM_LEAD,2024-11-12 17:02:28.999+00
2124,WARM_LEAD,TRIAL,2024-11-12 17:04:12.208+00
2549,LEAD,WARM_LEAD,2024-11-13 00:42:22.747+00
2549,WARM_LEAD,TRIAL,2024-11-13 00:43:13.606+00
2595,LEAD,TRIAL,2024-11-13 03:48:38.338+00
2469,WARM_LEAD,RECURRING_SUBSCRIPTION,2024-11-13 16:55:05.66+00
2469,RECURRING_SUBSCRIPTION,WARM_LEAD,2024-11-13 16:57:12.14+00
1638,RECURRING_SUBSCRIPTION,TRIAL,2024-11-13 16:59:25.844+00
2378,LEAD,WARM_LEAD,2024-11-13 17:00:56.501+00
2378,WARM_LEAD,RECURRING_SUBSCRIPTION,2024-11-13 17:02:04.631+00
1808,RECURRING_SUBSCRIPTION,FROZEN,2024-11-13 17:29:31.142+00
1625,FROZEN,CHURN,2024-11-13 17:30:18.855+00
2485,LEAD,WARM_LEAD,2024-11-13 17:32:22.758+00
2485,WARM_LEAD,RECURRING_SUBSCRIPTION,2024-11-13 17:33:32.075+00
1059,FROZEN,ON_DEMAND_SUBSCRIPTION,2024-11-13 18:02:47.575+00
724,CHURN,ON_DEMAND_SUBSCRIPTION,2024-11-13 18:03:19.704+00
490,FROZEN,CHURN,2024-11-13 18:04:38.07+00
535,FROZEN,CHURN,2024-11-13 18:05:23.983+00
2161,RECURRING_SUBSCRIPTION,TRIAL,2024-11-13 18:15:50.152+00
756,RECURRING_SUBSCRIPTION,CHURN,2024-11-13 18:44:51.782+00
2316,RECURRING_SUBSCRIPTION,ON_DEMAND_SUBSCRIPTION,2024-11-13 18:55:51.555+00
2584,LEAD,WARM_LEAD,2024-11-13 19:41:55.032+00
2584,WARM_LEAD,RECURRING_SUBSCRIPTION,2024-11-13 19:42:02.823+00
2201,LEAD,WARM_LEAD,2024-11-13 20:29:22.309+00
2580,LEAD,WARM_LEAD,2024-11-13 21:30:58.346+00
2580,WARM_LEAD,RECURRING_SUBSCRIPTION,2024-11-13 21:32:52.811+00
2201,WARM_LEAD,TRIAL,2024-11-13 22:23:05.41+00
2596,LEAD,WARM_LEAD,2024-11-14 11:24:42.062+00
2600,LEAD,WARM_LEAD,2024-11-14 14:23:54.083+00
2517,LEAD,WARM_LEAD,2024-11-14 14:28:22.467+00
2396,LEAD,WARM_LEAD,2024-11-14 14:31:56.087+00
2396,WARM_LEAD,RECURRING_SUBSCRIPTION,2024-11-14 14:33:16.785+00
2604,LEAD,WARM_LEAD,2024-11-14 15:35:06.641+00
2604,WARM_LEAD,RECURRING_SUBSCRIPTION,2024-11-14 15:35:33.098+00
1821,RECURRING_SUBSCRIPTION,ON_DEMAND_SUBSCRIPTION,2024-11-14 15:52:55.812+00
2098,LEAD,WARM_LEAD,2024-11-14 15:57:40.245+00
2542,LEAD,WARM_LEAD,2024-11-14 16:03:10.982+00
2098,WARM_LEAD,RECURRING_SUBSCRIPTION,2024-11-14 16:21:08.555+00
1943,RECURRING_SUBSCRIPTION,RECURRING_SUBSCRIPTION,2024-11-14 16:54:36.174+00
2542,WARM_LEAD,RECURRING_SUBSCRIPTION,2024-11-14 18:49:51.865+00
2599,LEAD,WARM_LEAD,2024-11-14 21:03:14.938+00
2599,WARM_LEAD,RECURRING_SUBSCRIPTION,2024-11-14 21:03:37.973+00
2587,LEAD,WARM_LEAD,2024-11-14 21:35:27.379+00
2587,WARM_LEAD,RECURRING_SUBSCRIPTION,2024-11-14 21:35:34.62+00
2587,RECURRING_SUBSCRIPTION,WARM_LEAD,2024-11-14 21:38:01.108+00
2587,WARM_LEAD,LEAD,2024-11-14 21:38:09.249+00
993,RECURRING_SUBSCRIPTION,ON_DEMAND_SUBSCRIPTION,2024-11-15 00:52:13.209+00
1965,RECURRING_SUBSCRIPTION,RECURRING_SUBSCRIPTION,2024-11-15 00:59:24.803+00
2413,LEAD,WARM_LEAD,2024-11-15 17:02:18.167+00
2413,WARM_LEAD,RECURRING_SUBSCRIPTION,2024-11-15 17:02:39.661+00
2413,RECURRING_SUBSCRIPTION,WARM_LEAD,2024-11-15 17:03:58.154+00
2442,LEAD,WARM_LEAD,2024-11-15 17:31:22.352+00
2442,WARM_LEAD,RECURRING_SUBSCRIPTION,2024-11-15 17:34:00.531+00
2303,TRIAL,RECURRING_SUBSCRIPTION,2024-11-15 22:04:56.745+00
2303,RECURRING_SUBSCRIPTION,RECURRING_SUBSCRIPTION,2024-11-15 22:05:46.391+00
2600,WARM_LEAD,RECURRING_SUBSCRIPTION,2024-11-17 13:44:54.114+00
2476,LEAD,WARM_LEAD,2024-11-17 16:18:24.797+00
2476,WARM_LEAD,RECURRING_SUBSCRIPTION,2024-11-17 16:18:49.048+00
2269,TRIAL,RECURRING_SUBSCRIPTION,2024-11-18 10:09:23.859+00
2512,LEAD,WARM_LEAD,2024-11-18 14:05:12.626+00
2512,WARM_LEAD,RECURRING_SUBSCRIPTION,2024-11-18 14:17:39.025+00
1410,TRIAL,ON_DEMAND_SUBSCRIPTION,2024-11-19 09:10:00.253+00
2476,WARM_LEAD,RECURRING_SUBSCRIPTION,2024-11-19 12:47:52.642+00
2476,LEAD,WARM_LEAD,2024-11-19 12:57:51.685+00
1162,RECURRING_SUBSCRIPTION,CHURN,2024-11-19 17:45:45.106+00
2401,LEAD,WARM_LEAD,2024-11-19 21:59:21.532+00
2401,WARM_LEAD,TRIAL,2024-11-19 22:06:30.801+00
2401,TRIAL,RECURRING_SUBSCRIPTION,2024-11-19 22:15:50.411+00
2352,LEAD,WARM_LEAD,2024-11-19 22:45:04.401+00
2352,WARM_LEAD,RECURRING_SUBSCRIPTION,2024-11-19 22:48:31.266+00
2556,LEAD,WARM_LEAD,2024-11-20 00:05:31.353+00
2556,WARM_LEAD,RECURRING_SUBSCRIPTION,2024-11-20 00:06:00.134+00
2512,TRIAL,RECURRING_SUBSCRIPTION,2024-11-20 12:08:44.333+00
2642,LEAD,WARM_LEAD,2024-11-20 13:42:53.917+00
2642,WARM_LEAD,RECURRING_SUBSCRIPTION,2024-11-20 13:48:17.001+00
2313,WARM_LEAD,RECURRING_SUBSCRIPTION,2024-11-20 15:32:52.977+00
2475,LEAD,WARM_LEAD,2024-11-20 16:32:42.666+00
2475,WARM_LEAD,TRIAL,2024-11-20 16:33:12.313+00
2313,RECURRING_SUBSCRIPTION,RECURRING_SUBSCRIPTION,2024-11-20 16:59:32.815+00
496,RECURRING_SUBSCRIPTION,RECURRING_SUBSCRIPTION,2024-11-20 17:09:03.174+00
1807,RECURRING_SUBSCRIPTION,RECURRING_SUBSCRIPTION,2024-11-20 17:15:16.991+00
2542,RECURRING_SUBSCRIPTION,WARM_LEAD,2024-11-20 17:16:53.158+00
2238,RECURRING_SUBSCRIPTION,RECURRING_SUBSCRIPTION,2024-11-20 18:40:36.951+00
2585,LEAD,TRIAL,2024-11-20 18:50:53.262+00
2164,RECURRING_SUBSCRIPTION,TRIAL,2024-11-20 18:53:11.382+00
769,TRIAL,RECURRING_SUBSCRIPTION,2024-11-20 19:47:45.647+00
769,RECURRING_SUBSCRIPTION,RECURRING_SUBSCRIPTION,2024-11-20 19:49:33.91+00
769,RECURRING_SUBSCRIPTION,RECURRING_SUBSCRIPTION,2024-11-20 19:52:12.604+00
769,RECURRING_SUBSCRIPTION,RECURRING_SUBSCRIPTION,2024-11-20 19:55:23.337+00
769,RECURRING_SUBSCRIPTION,RECURRING_SUBSCRIPTION,2024-11-20 19:55:51.833+00
496,RECURRING_SUBSCRIPTION,RECURRING_SUBSCRIPTION,2024-11-20 20:37:10.678+00
2644,LEAD,WARM_LEAD,2024-11-20 20:39:35.963+00
2644,WARM_LEAD,RECURRING_SUBSCRIPTION,2024-11-20 20:41:25.564+00
769,RECURRING_SUBSCRIPTION,RECURRING_SUBSCRIPTION,2024-11-20 20:46:38.496+00
2644,RECURRING_SUBSCRIPTION,TRIAL,2024-11-20 20:54:46.645+00
2374,RECURRING_SUBSCRIPTION,TRIAL,2024-11-20 21:15:24.419+00
1433,LEAD,WARM_LEAD,2024-11-20 22:52:06.023+00
769,RECURRING_SUBSCRIPTION,RECURRING_SUBSCRIPTION,2024-11-21 09:01:50.936+00
2598,LEAD,WARM_LEAD,2024-11-21 09:08:46.511+00
2598,WARM_LEAD,RECURRING_SUBSCRIPTION,2024-11-21 09:09:43.165+00
2649,LEAD,WARM_LEAD,2024-11-21 14:18:58.457+00
2649,WARM_LEAD,RECURRING_SUBSCRIPTION,2024-11-21 14:55:30.747+00
2547,LEAD,WARM_LEAD,2024-11-21 15:28:18.817+00
2547,WARM_LEAD,TRIAL,2024-11-21 15:28:57.648+00
769,RECURRING_SUBSCRIPTION,RECURRING_SUBSCRIPTION,2024-11-21 18:27:01.844+00
1165,COLD_LEAD,WARM_LEAD,2024-11-21 19:38:05.024+00
1165,WARM_LEAD,TRIAL,2024-11-21 19:39:01.924+00
2632,LEAD,WARM_LEAD,2024-11-21 20:31:30.861+00
2578,LEAD,WARM_LEAD,2024-11-21 21:03:14.055+00
1165,TRIAL,RECURRING_SUBSCRIPTION,2024-11-21 21:33:40.318+00
2578,WARM_LEAD,RECURRING_SUBSCRIPTION,2024-11-21 21:43:47.226+00
2615,LEAD,WARM_LEAD,2024-11-21 21:59:51.651+00
2615,WARM_LEAD,RECURRING_SUBSCRIPTION,2024-11-21 22:05:29.675+00
2238,RECURRING_SUBSCRIPTION,TRIAL,2024-11-22 21:48:04.484+00
2514,LEAD,WARM_LEAD,2024-11-22 22:02:09.523+00
2514,WARM_LEAD,RECURRING_SUBSCRIPTION,2024-11-22 22:02:19.095+00
2660,LEAD,WARM_LEAD,2024-11-22 22:59:24.412+00
2660,WARM_LEAD,TRIAL,2024-11-22 23:04:56.318+00
2544,LEAD,WARM_LEAD,2024-11-24 09:35:52.148+00
2648,LEAD,WARM_LEAD,2024-11-25 11:59:54.776+00
2672,LEAD,WARM_LEAD,2024-11-25 12:06:39.031+00
2672,WARM_LEAD,RECURRING_SUBSCRIPTION,2024-11-25 12:12:37.667+00
2145,RECURRING_SUBSCRIPTION,CHURN,2024-11-25 14:00:54.269+00
2237,RECURRING_SUBSCRIPTION,CHURN,2024-11-25 14:13:52.029+00
2145,CHURN,WARM_LEAD,2024-11-25 14:14:21.038+00
2145,WARM_LEAD,LEAD,2024-11-25 14:14:31.025+00
1700,RECURRING_SUBSCRIPTION,ON_DEMAND_SUBSCRIPTION,2024-11-25 17:02:59.287+00
1732,RECURRING_SUBSCRIPTION,RECURRING_SUBSCRIPTION,2024-11-26 13:55:08.98+00
2296,RECURRING_SUBSCRIPTION,RECURRING_SUBSCRIPTION,2024-11-26 14:02:29.501+00
2065,RECURRING_SUBSCRIPTION,TRIAL,2024-11-26 14:18:47.045+00
2424,LEAD,WARM_LEAD,2024-11-26 16:12:15.908+00
2424,WARM_LEAD,ON_DEMAND_SUBSCRIPTION,2024-11-26 16:12:42.441+00
2183,RECURRING_SUBSCRIPTION,WARM_LEAD,2024-11-26 16:26:03.542+00
350,CHURN,ON_DEMAND_SUBSCRIPTION,2024-11-26 17:07:28.703+00
2284,ON_DEMAND_SUBSCRIPTION,RECURRING_SUBSCRIPTION,2024-11-27 15:00:59.997+00
2683,LEAD,TRIAL,2024-11-27 16:23:06.406+00
2669,LEAD,WARM_LEAD,2024-11-27 16:25:39.447+00
2284,RECURRING_SUBSCRIPTION,RECURRING_SUBSCRIPTION,2024-11-27 17:00:14.914+00
2284,RECURRING_SUBSCRIPTION,RECURRING_SUBSCRIPTION,2024-11-27 17:00:17.456+00
2284,RECURRING_SUBSCRIPTION,RECURRING_SUBSCRIPTION,2024-11-27 17:00:31.172+00
2681,LEAD,WARM_LEAD,2024-11-27 17:03:49.708+00
2693,LEAD,WARM_LEAD,2024-11-27 17:20:29.353+00
2060,LEAD,WARM_LEAD,2024-11-27 21:04:19.696+00
2060,WARM_LEAD,RECURRING_SUBSCRIPTION,2024-11-27 21:05:23.233+00
2664,LEAD,WARM_LEAD,2024-11-27 21:14:41.349+00
2664,WARM_LEAD,RECURRING_SUBSCRIPTION,2024-11-27 21:17:29.61+00
2661,LEAD,WARM_LEAD,2024-11-27 22:13:39.5+00
2544,TRIAL,RECURRING_SUBSCRIPTION,2024-11-28 08:36:02.565+00
2664,RECURRING_SUBSCRIPTION,WARM_LEAD,2024-11-28 08:53:27.436+00
1892,RECURRING_SUBSCRIPTION,CHURN,2024-11-28 09:21:16.804+00
428,RECURRING_SUBSCRIPTION,ON_DEMAND_SUBSCRIPTION,2024-11-28 09:44:19.715+00
2697,LEAD,WARM_LEAD,2024-11-28 09:58:39.989+00
2697,WARM_LEAD,RECURRING_SUBSCRIPTION,2024-11-28 10:15:25.161+00
1236,COLD_LEAD,WARM_LEAD,2024-11-29 23:40:58.585+00
1236,WARM_LEAD,RECURRING_SUBSCRIPTION,2024-11-29 23:58:39.05+00
1236,RECURRING_SUBSCRIPTION,RECURRING_SUBSCRIPTION,2024-11-29 23:59:03.363+00
1236,RECURRING_SUBSCRIPTION,RECURRING_SUBSCRIPTION,2024-11-29 23:59:45.99+00
477,CHURN,RECURRING_SUBSCRIPTION,2024-11-30 00:40:42.321+00
2520,LEAD,TRIAL,2024-11-30 20:45:31.2+00
1805,ON_DEMAND_SUBSCRIPTION,TRIAL,2024-12-01 14:01:25.171+00
830,RECURRING_SUBSCRIPTION,CHURN,2024-12-01 14:09:05.028+00
2719,LEAD,WARM_LEAD,2024-12-02 07:37:50.898+00
2098,RECURRING_SUBSCRIPTION,TRIAL,2024-12-02 14:23:32.752+00
1808,FROZEN,WARM_LEAD,2024-12-02 16:01:01.097+00
1808,WARM_LEAD,LEAD,2024-12-02 16:01:15.257+00
1808,LEAD,LEAD,2024-12-02 16:01:17.289+00
2172,RECURRING_SUBSCRIPTION,WARM_LEAD,2024-12-02 16:12:43.712+00
2172,WARM_LEAD,LEAD,2024-12-02 16:12:51.623+00
2651,LEAD,WARM_LEAD,2024-12-02 16:56:43.698+00
2489,RECURRING_SUBSCRIPTION,TRIAL,2024-12-02 16:58:25.948+00
2163,RECURRING_SUBSCRIPTION,ON_DEMAND_SUBSCRIPTION,2024-12-02 17:22:33.183+00
2661,WARM_LEAD,RECURRING_SUBSCRIPTION,2024-12-02 17:39:15.695+00
2661,RECURRING_SUBSCRIPTION,RECURRING_SUBSCRIPTION,2024-12-02 17:41:48.119+00
2661,RECURRING_SUBSCRIPTION,RECURRING_SUBSCRIPTION,2024-12-02 17:50:55.417+00
2661,RECURRING_SUBSCRIPTION,RECURRING_SUBSCRIPTION,2024-12-02 17:51:19.601+00
2661,RECURRING_SUBSCRIPTION,RECURRING_SUBSCRIPTION,2024-12-02 17:51:56.301+00
2661,RECURRING_SUBSCRIPTION,RECURRING_SUBSCRIPTION,2024-12-02 18:05:40.935+00
1765,ON_DEMAND_SUBSCRIPTION,TRIAL,2024-12-03 12:30:07.233+00
827,RECURRING_SUBSCRIPTION,RECURRING_SUBSCRIPTION,2024-12-03 14:19:47.574+00
827,RECURRING_SUBSCRIPTION,RECURRING_SUBSCRIPTION,2024-12-03 14:21:55.33+00
2726,LEAD,WARM_LEAD,2024-12-03 14:22:28.879+00
2726,WARM_LEAD,RECURRING_SUBSCRIPTION,2024-12-03 14:23:43.267+00
2726,RECURRING_SUBSCRIPTION,RECURRING_SUBSCRIPTION,2024-12-03 14:23:50.482+00
2624,LEAD,WARM_LEAD,2024-12-03 22:42:02.495+00
2624,WARM_LEAD,RECURRING_SUBSCRIPTION,2024-12-03 22:47:46.938+00
2624,RECURRING_SUBSCRIPTION,RECURRING_SUBSCRIPTION,2024-12-03 22:48:19.94+00
2624,RECURRING_SUBSCRIPTION,RECURRING_SUBSCRIPTION,2024-12-03 22:56:32.455+00
2624,RECURRING_SUBSCRIPTION,RECURRING_SUBSCRIPTION,2024-12-03 22:56:47.28+00
2624,RECURRING_SUBSCRIPTION,RECURRING_SUBSCRIPTION,2024-12-03 22:58:42.3+00
1413,LEAD,WARM_LEAD,2024-12-04 14:53:58.645+00
1413,WARM_LEAD,TRIAL,2024-12-04 14:59:39.222+00
1840,RECURRING_SUBSCRIPTION,TRIAL,2024-12-04 15:26:48.476+00
2105,LEAD,WARM_LEAD,2024-12-04 15:36:36.704+00
2105,WARM_LEAD,TRIAL,2024-12-04 15:37:21.302+00
2724,LEAD,WARM_LEAD,2024-12-04 16:36:05.087+00
855,ON_DEMAND_SUBSCRIPTION,RECURRING_SUBSCRIPTION,2024-12-04 16:47:05.995+00
855,RECURRING_SUBSCRIPTION,TRIAL,2024-12-04 16:47:15.737+00
2174,LEAD,WARM_LEAD,2024-12-04 21:53:39.702+00
2174,WARM_LEAD,TRIAL,2024-12-04 22:25:39.385+00
2700,LEAD,WARM_LEAD,2024-12-04 22:54:32.588+00
2700,WARM_LEAD,RECURRING_SUBSCRIPTION,2024-12-04 22:55:47.731+00
2700,RECURRING_SUBSCRIPTION,TRIAL,2024-12-04 23:18:23.488+00
2715,LEAD,WARM_LEAD,2024-12-05 10:42:13.856+00
2700,TRIAL,RECURRING_SUBSCRIPTION,2024-12-05 13:49:28.431+00
2155,RECURRING_SUBSCRIPTION,FROZEN,2024-12-05 14:44:47.749+00
477,RECURRING_SUBSCRIPTION,RECURRING_SUBSCRIPTION,2024-12-05 15:19:21.171+00
2736,LEAD,WARM_LEAD,2024-12-05 15:59:49.341+00
2214,LEAD,WARM_LEAD,2024-12-05 17:13:01.226+00
2214,WARM_LEAD,RECURRING_SUBSCRIPTION,2024-12-05 17:14:37.734+00
2740,LEAD,WARM_LEAD,2024-12-05 17:30:50.773+00
2699,LEAD,WARM_LEAD,2024-12-05 21:17:07.364+00
2699,WARM_LEAD,ON_DEMAND_SUBSCRIPTION,2024-12-05 21:21:04.435+00
2700,RECURRING_SUBSCRIPTION,RECURRING_SUBSCRIPTION,2024-12-06 13:41:49.057+00
2744,LEAD,WARM_LEAD,2024-12-06 15:30:28.754+00
2744,WARM_LEAD,TRIAL,2024-12-06 15:32:19.465+00
2431,RECURRING_SUBSCRIPTION,TRIAL,2024-12-06 23:45:46.635+00
2700,RECURRING_SUBSCRIPTION,WARM_LEAD,2024-12-08 14:03:37.464+00
496,RECURRING_SUBSCRIPTION,FROZEN,2024-12-08 16:15:03.788+00
2371,RECURRING_SUBSCRIPTION,FROZEN,2024-12-08 16:15:03.788+00
2609,LEAD,WARM_LEAD,2024-12-08 15:15:46.058+00
2752,LEAD,WARM_LEAD,2024-12-08 15:18:31.764+00
2724,WARM_LEAD,RECURRING_SUBSCRIPTION,2024-12-08 15:50:58.992+00
2751,LEAD,WARM_LEAD,2024-12-09 11:39:12.663+00
2757,LEAD,WARM_LEAD,2024-12-09 17:06:47.566+00
2760,LEAD,WARM_LEAD,2024-12-09 18:15:55.466+00
2760,WARM_LEAD,TRIAL,2024-12-09 20:04:53.004+00
2753,LEAD,WARM_LEAD,2024-12-09 20:25:32.156+00
2753,WARM_LEAD,TRIAL,2024-12-09 20:25:45.763+00
2745,LEAD,WARM_LEAD,2024-12-10 12:21:35.495+00
2764,LEAD,WARM_LEAD,2024-12-10 14:45:05.16+00
2740,WARM_LEAD,RECURRING_SUBSCRIPTION,2024-12-10 17:01:16.242+00
793,RECURRING_SUBSCRIPTION,CHURN,2024-12-10 17:43:40.242+00
592,RECURRING_SUBSCRIPTION,ON_DEMAND_SUBSCRIPTION,2024-12-10 19:30:31.785+00
2769,LEAD,COLD_LEAD,2024-12-10 21:47:33.529+00
2769,COLD_LEAD,COLD_LEAD,2024-12-10 21:47:34.75+00
2723,LEAD,WARM_LEAD,2024-12-10 22:09:20.495+00
2723,WARM_LEAD,RECURRING_SUBSCRIPTION,2024-12-10 22:17:24.963+00
2723,RECURRING_SUBSCRIPTION,TRIAL,2024-12-10 22:23:06.315+00
209,CHURN,RECURRING_SUBSCRIPTION,2024-12-11 10:01:23.923+00
453,RECURRING_SUBSCRIPTION,ON_DEMAND_SUBSCRIPTION,2024-12-11 11:27:12.136+00
209,RECURRING_SUBSCRIPTION,ON_DEMAND_SUBSCRIPTION,2024-12-11 11:28:45.934+00
940,RECURRING_SUBSCRIPTION,CHURN,2024-12-11 14:02:32.984+00
1754,RECURRING_SUBSCRIPTION,RECURRING_SUBSCRIPTION,2024-12-11 15:39:03.651+00
1754,RECURRING_SUBSCRIPTION,RECURRING_SUBSCRIPTION,2024-12-11 15:44:07.149+00
1754,RECURRING_SUBSCRIPTION,RECURRING_SUBSCRIPTION,2024-12-11 15:46:41.478+00
1754,RECURRING_SUBSCRIPTION,RECURRING_SUBSCRIPTION,2024-12-11 15:49:41.163+00
1754,RECURRING_SUBSCRIPTION,RECURRING_SUBSCRIPTION,2024-12-11 15:53:24.668+00
2770,LEAD,WARM_LEAD,2024-12-11 20:54:07.648+00
2770,WARM_LEAD,RECURRING_SUBSCRIPTION,2024-12-11 21:02:43.945+00
2770,RECURRING_SUBSCRIPTION,TRIAL,2024-12-11 21:06:52.154+00
1067,COLD_LEAD,WARM_LEAD,2024-12-11 22:39:06.241+00
1067,WARM_LEAD,RECURRING_SUBSCRIPTION,2024-12-11 22:39:15.187+00
2371,FROZEN,CHURN,2024-12-12 06:34:14.821+00
2476,TRIAL,RECURRING_SUBSCRIPTION,2024-12-12 10:19:22.021+00
2745,WARM_LEAD,RECURRING_SUBSCRIPTION,2024-12-12 15:18:36.703+00
1288,RECURRING_SUBSCRIPTION,CHURN,2024-12-12 17:35:49.474+00
2697,TRIAL,RECURRING_SUBSCRIPTION,2024-12-12 17:59:14.522+00
1763,RECURRING_SUBSCRIPTION,CHURN,2024-12-12 19:14:45.98+00
1763,CHURN,TRIAL,2024-12-12 19:15:10.089+00
1893,RECURRING_SUBSCRIPTION,CHURN,2024-12-12 19:49:54.717+00
2632,WARM_LEAD,RECURRING_SUBSCRIPTION,2024-12-13 14:01:19.994+00
2779,LEAD,WARM_LEAD,2024-12-13 21:01:52.709+00
2697,RECURRING_SUBSCRIPTION,RECURRING_SUBSCRIPTION,2024-12-15 10:29:45.241+00
1297,COLD_LEAD,WARM_LEAD,2024-12-15 11:50:59.924+00
1297,WARM_LEAD,RECURRING_SUBSCRIPTION,2024-12-15 12:05:56.561+00
2722,LEAD,TRIAL,2024-12-16 00:54:59.283+00
2787,LEAD,WARM_LEAD,2024-12-16 10:13:48.17+00
2787,WARM_LEAD,RECURRING_SUBSCRIPTION,2024-12-16 10:24:36.403+00
2787,RECURRING_SUBSCRIPTION,RECURRING_SUBSCRIPTION,2024-12-16 10:27:22.237+00
215,COLD_LEAD,WARM_LEAD,2024-12-16 12:07:07.295+00
2647,LEAD,WARM_LEAD,2024-12-16 15:01:07.478+00
2647,WARM_LEAD,RECURRING_SUBSCRIPTION,2024-12-16 15:04:46.127+00
2793,LEAD,WARM_LEAD,2024-12-16 16:24:17.268+00
2793,WARM_LEAD,RECURRING_SUBSCRIPTION,2024-12-16 16:29:59.289+00
2793,RECURRING_SUBSCRIPTION,RECURRING_SUBSCRIPTION,2024-12-16 16:30:08.504+00
2786,LEAD,WARM_LEAD,2024-12-16 17:01:19.132+00
2786,WARM_LEAD,RECURRING_SUBSCRIPTION,2024-12-16 17:02:00.332+00
551,TRIAL,ON_DEMAND_SUBSCRIPTION,2024-12-16 17:52:38.289+00
1564,RECURRING_SUBSCRIPTION,RECURRING_SUBSCRIPTION,2024-12-16 18:07:52.941+00
2661,RECURRING_SUBSCRIPTION,TRIAL,2024-12-16 18:16:32.882+00
1237,COLD_LEAD,WARM_LEAD,2024-12-16 19:07:38.545+00
1743,TRIAL,RECURRING_SUBSCRIPTION,2024-12-16 21:03:28.251+00
1743,RECURRING_SUBSCRIPTION,ON_DEMAND_SUBSCRIPTION,2024-12-16 21:04:17.287+00
475,RECURRING_SUBSCRIPTION,RECURRING_SUBSCRIPTION,2024-12-17 10:35:44.427+00
2797,LEAD,WARM_LEAD,2024-12-17 10:50:31.24+00
2797,WARM_LEAD,RECURRING_SUBSCRIPTION,2024-12-17 10:50:56.988+00
1516,WARM_LEAD,RECURRING_SUBSCRIPTION,2024-12-17 13:35:13.98+00
1814,RECURRING_SUBSCRIPTION,RECURRING_SUBSCRIPTION,2024-12-17 13:47:52.623+00
2780,LEAD,WARM_LEAD,2024-12-17 15:02:17.34+00
769,RECURRING_SUBSCRIPTION,FROZEN,2024-12-17 16:21:56.539+00
2801,LEAD,WARM_LEAD,2024-12-17 16:31:53.244+00
2801,WARM_LEAD,RECURRING_SUBSCRIPTION,2024-12-17 16:34:51.872+00
2779,WARM_LEAD,ON_DEMAND_SUBSCRIPTION,2024-12-17 21:37:05.283+00
15,CHURN,ON_DEMAND_SUBSCRIPTION,2024-12-18 09:07:08.215+00
2797,RECURRING_SUBSCRIPTION,WARM_LEAD,2024-12-18 09:10:51.974+00
2792,LEAD,WARM_LEAD,2024-12-18 12:17:01.851+00
2792,WARM_LEAD,RECURRING_SUBSCRIPTION,2024-12-18 12:19:17.726+00
2792,RECURRING_SUBSCRIPTION,RECURRING_SUBSCRIPTION,2024-12-18 12:19:33.251+00
2715,TRIAL,RECURRING_SUBSCRIPTION,2024-12-18 12:51:50.651+00
2805,LEAD,WARM_LEAD,2024-12-18 13:24:19.31+00
2713,LEAD,WARM_LEAD,2024-12-18 16:31:57.693+00
2810,LEAD,WARM_LEAD,2024-12-18 17:28:32.714+00
2713,WARM_LEAD,LEAD,2024-12-18 17:28:44.473+00
2810,TRIAL,RECURRING_SUBSCRIPTION,2024-12-18 18:03:21.119+00
2700,RECURRING_SUBSCRIPTION,RECURRING_SUBSCRIPTION,2024-12-18 21:01:38.391+00
175,COLD_LEAD,WARM_LEAD,2024-12-19 15:43:43.199+00
2814,WARM_LEAD,RECURRING_SUBSCRIPTION,2024-12-19 16:53:37.537+00
901,TRIAL,RECURRING_SUBSCRIPTION,2024-12-19 21:04:10.146+00
2392,WARM_LEAD,RECURRING_SUBSCRIPTION,2024-12-19 22:58:42.407+00
2819,WARM_LEAD,RECURRING_SUBSCRIPTION,2024-12-19 23:15:03.949+00
2578,RECURRING_SUBSCRIPTION,WARM_LEAD,2024-12-19 23:38:35.427+00
2654,WARM_LEAD,RECURRING_SUBSCRIPTION,2024-12-20 15:36:05.076+00
2685,LEAD,WARM_LEAD,2024-12-20 16:05:50.483+00
2637,LEAD,WARM_LEAD,2024-12-20 17:34:36.703+00
1493,RECURRING_SUBSCRIPTION,RECURRING_SUBSCRIPTION,2024-12-20 17:38:08.627+00
2743,WARM_LEAD,RECURRING_SUBSCRIPTION,2024-12-20 17:40:32.441+00
2743,RECURRING_SUBSCRIPTION,RECURRING_SUBSCRIPTION,2024-12-20 17:40:46.319+00
1493,RECURRING_SUBSCRIPTION,RECURRING_SUBSCRIPTION,2024-12-20 17:41:06.775+00
1493,RECURRING_SUBSCRIPTION,RECURRING_SUBSCRIPTION,2024-12-20 17:42:28.851+00
2654,RECURRING_SUBSCRIPTION,WARM_LEAD,2024-12-22 13:21:09.625+00
2821,LEAD,WARM_LEAD,2024-12-23 14:57:26.591+00
2682,WARM_LEAD,TRIAL,2024-12-23 19:06:16.658+00
2377,WARM_LEAD,RECURRING_SUBSCRIPTION,2024-12-23 20:33:50.731+00
2841,LEAD,WARM_LEAD,2024-12-25 13:15:07.027+00
2331,WARM_LEAD,RECURRING_SUBSCRIPTION,2024-12-26 11:45:37.884+00
2586,LEAD,WARM_LEAD,2024-12-26 20:35:37.042+00
1732,RECURRING_SUBSCRIPTION,RECURRING_SUBSCRIPTION,2024-12-27 21:49:00.688+00
2771,LEAD,WARM_LEAD,2024-12-30 16:50:50.914+00
1894,LEAD,WARM_LEAD,2024-12-30 18:55:48.328+00
565,RECURRING_SUBSCRIPTION,ON_DEMAND_SUBSCRIPTION,2024-12-31 12:09:19.568+00
724,ON_DEMAND_SUBSCRIPTION,RECURRING_SUBSCRIPTION,2024-12-31 16:42:06.708+00
2847,LEAD,WARM_LEAD,2025-01-01 11:17:44.822+00
2848,LEAD,WARM_LEAD,2025-01-01 19:26:18.028+00
2859,LEAD,WARM_LEAD,2025-01-02 15:21:07.921+00
2859,RECURRING_SUBSCRIPTION,RECURRING_SUBSCRIPTION,2025-01-02 15:23:07.392+00
2881,LEAD,WARM_LEAD,2025-01-02 15:41:32.112+00
2868,LEAD,WARM_LEAD,2025-01-02 17:05:19.516+00
1843,ON_DEMAND_SUBSCRIPTION,TRIAL,2025-01-02 18:49:26.1+00
684,COLD_LEAD,WARM_LEAD,2025-01-03 14:32:29.065+00
2871,LEAD,WARM_LEAD,2025-01-03 14:44:47.515+00
2871,RECURRING_SUBSCRIPTION,WARM_LEAD,2025-01-03 14:45:31.178+00
2876,LEAD,WARM_LEAD,2025-01-03 15:05:02.3+00
2876,RECURRING_SUBSCRIPTION,RECURRING_SUBSCRIPTION,2025-01-03 15:08:37.083+00
2275,WARM_LEAD,RECURRING_SUBSCRIPTION,2025-01-03 17:44:49.406+00
2401,RECURRING_SUBSCRIPTION,TRIAL,2025-01-03 18:43:10.098+00
2674,WARM_LEAD,TRIAL,2025-01-03 18:59:01.768+00
2337,ON_DEMAND_SUBSCRIPTION,WARM_LEAD,2025-01-03 19:10:13.27+00
2872,LEAD,WARM_LEAD,2025-01-06 17:02:31.897+00
2872,RECURRING_SUBSCRIPTION,RECURRING_SUBSCRIPTION,2025-01-06 17:04:30.477+00
2872,RECURRING_SUBSCRIPTION,RECURRING_SUBSCRIPTION,2025-01-06 17:06:00.454+00
2155,FROZEN,CHURN,2025-01-07 19:42:14.66+00
2047,RECURRING_SUBSCRIPTION,CHURN,2025-01-07 19:45:06.219+00
2740,RECURRING_SUBSCRIPTION,RECURRING_SUBSCRIPTION,2025-01-07 20:37:41.742+00
2798,LEAD,WARM_LEAD,2025-01-08 13:14:38.207+00
2798,WARM_LEAD,RECURRING_SUBSCRIPTION,2025-01-08 13:15:22.582+00
2922,LEAD,WARM_LEAD,2025-01-08 15:28:25.837+00
2922,WARM_LEAD,RECURRING_SUBSCRIPTION,2025-01-08 15:31:18.864+00
2923,LEAD,WARM_LEAD,2025-01-08 15:45:25.711+00
2923,WARM_LEAD,RECURRING_SUBSCRIPTION,2025-01-08 15:46:56.448+00
2923,RECURRING_SUBSCRIPTION,RECURRING_SUBSCRIPTION,2025-01-08 15:47:14.556+00
2859,RECURRING_SUBSCRIPTION,WARM_LEAD,2025-01-08 16:43:01.032+00
1812,ON_DEMAND_SUBSCRIPTION,TRIAL,2025-01-08 19:54:25.889+00
758,TRIAL,RECURRING_SUBSCRIPTION,2025-01-08 20:07:43.48+00
758,RECURRING_SUBSCRIPTION,RECURRING_SUBSCRIPTION,2025-01-08 20:10:10.353+00
758,RECURRING_SUBSCRIPTION,RECURRING_SUBSCRIPTION,2025-01-08 20:11:06.94+00
758,RECURRING_SUBSCRIPTION,RECURRING_SUBSCRIPTION,2025-01-08 20:14:25.862+00
2924,LEAD,WARM_LEAD,2025-01-08 21:02:08.142+00
2924,WARM_LEAD,RECURRING_SUBSCRIPTION,2025-01-08 21:03:28.139+00
2933,LEAD,WARM_LEAD,2025-01-08 21:13:35.062+00
2933,WARM_LEAD,RECURRING_SUBSCRIPTION,2025-01-08 21:14:10.711+00
2929,LEAD,WARM_LEAD,2025-01-08 21:26:42.989+00
2929,WARM_LEAD,RECURRING_SUBSCRIPTION,2025-01-08 21:27:32.706+00
2929,RECURRING_SUBSCRIPTION,ON_DEMAND_SUBSCRIPTION,2025-01-08 21:29:07.294+00
2762,LEAD,WARM_LEAD,2025-01-08 21:36:56.138+00
2762,WARM_LEAD,RECURRING_SUBSCRIPTION,2025-01-08 21:37:58.689+00
2762,RECURRING_SUBSCRIPTION,RECURRING_SUBSCRIPTION,2025-01-08 21:39:20.825+00
2762,RECURRING_SUBSCRIPTION,RECURRING_SUBSCRIPTION,2025-01-08 21:39:59.774+00
2024,LEAD,WARM_LEAD,2025-01-09 09:55:12.088+00
2877,LEAD,WARM_LEAD,2025-01-09 09:57:01.065+00
2874,COLD_LEAD,WARM_LEAD,2025-01-09 11:32:17.798+00
2874,WARM_LEAD,RECURRING_SUBSCRIPTION,2025-01-09 14:01:52.086+00
2874,RECURRING_SUBSCRIPTION,ON_DEMAND_SUBSCRIPTION,2025-01-09 14:02:02.011+00
2874,ON_DEMAND_SUBSCRIPTION,RECURRING_SUBSCRIPTION,2025-01-09 14:03:12.56+00
2874,RECURRING_SUBSCRIPTION,ON_DEMAND_SUBSCRIPTION,2025-01-09 14:05:58.16+00
2938,LEAD,WARM_LEAD,2025-01-09 14:06:58.492+00
2938,WARM_LEAD,RECURRING_SUBSCRIPTION,2025-01-09 14:07:26.306+00
2938,RECURRING_SUBSCRIPTION,RECURRING_SUBSCRIPTION,2025-01-09 14:07:52.329+00
758,RECURRING_SUBSCRIPTION,TRIAL,2025-01-09 14:49:27.855+00
2887,RECURRING_SUBSCRIPTION,RECURRING_SUBSCRIPTION,2025-01-09 14:59:05.26+00
2920,LEAD,WARM_LEAD,2025-01-09 15:34:21.546+00
2920,WARM_LEAD,RECURRING_SUBSCRIPTION,2025-01-09 15:35:20.013+00
2152,RECURRING_SUBSCRIPTION,CHURN,2025-01-09 15:55:44.735+00
2397,RECURRING_SUBSCRIPTION,ON_DEMAND_SUBSCRIPTION,2025-01-09 16:09:12.517+00
1016,RECURRING_SUBSCRIPTION,RECURRING_SUBSCRIPTION,2025-01-09 16:50:41.127+00
2876,RECURRING_SUBSCRIPTION,WARM_LEAD,2025-01-09 17:11:55.36+00
2896,LEAD,WARM_LEAD,2025-01-09 20:37:47.588+00
2896,WARM_LEAD,RECURRING_SUBSCRIPTION,2025-01-09 20:38:25.503+00
2378,RECURRING_SUBSCRIPTION,TRIAL,2025-01-09 21:59:30.473+00
1109,TRIAL,RECURRING_SUBSCRIPTION,2025-01-10 14:35:04.487+00
1327,LEAD,WARM_LEAD,2025-01-10 17:02:08.336+00
1327,WARM_LEAD,RECURRING_SUBSCRIPTION,2025-01-10 17:02:36.485+00
2042,LEAD,WARM_LEAD,2025-01-10 17:34:16.444+00
2042,WARM_LEAD,RECURRING_SUBSCRIPTION,2025-01-10 17:34:59.454+00
2042,RECURRING_SUBSCRIPTION,RECURRING_SUBSCRIPTION,2025-01-10 17:38:22.417+00
2436,TRIAL,RECURRING_SUBSCRIPTION,2025-01-10 19:40:05.377+00
2436,RECURRING_SUBSCRIPTION,RECURRING_SUBSCRIPTION,2025-01-10 19:40:27.227+00
2436,RECURRING_SUBSCRIPTION,RECURRING_SUBSCRIPTION,2025-01-10 19:44:15.527+00
2436,RECURRING_SUBSCRIPTION,RECURRING_SUBSCRIPTION,2025-01-10 19:45:10.823+00
2436,RECURRING_SUBSCRIPTION,RECURRING_SUBSCRIPTION,2025-01-10 19:46:27.203+00
2937,LEAD,COLD_LEAD,2025-01-10 20:32:35.05+00
2937,COLD_LEAD,COLD_LEAD,2025-01-10 20:32:36.091+00
2936,LEAD,COLD_LEAD,2025-01-10 20:32:47.02+00
2936,COLD_LEAD,COLD_LEAD,2025-01-10 20:32:47.568+00
2946,LEAD,WARM_LEAD,2025-01-10 21:01:44.204+00
2946,WARM_LEAD,TRIAL,2025-01-10 21:02:05.984+00
2911,RECURRING_SUBSCRIPTION,RECURRING_SUBSCRIPTION,2025-01-10 21:19:46.433+00
2865,LEAD,WARM_LEAD,2025-01-12 11:33:29.011+00
2196,LEAD,WARM_LEAD,2025-01-12 12:42:56.213+00
2887,RECURRING_SUBSCRIPTION,WARM_LEAD,2025-01-12 16:10:50.039+00
2792,RECURRING_SUBSCRIPTION,RECURRING_SUBSCRIPTION,2025-01-13 12:14:37.337+00
2792,RECURRING_SUBSCRIPTION,RECURRING_SUBSCRIPTION,2025-01-13 12:15:45.504+00
2966,LEAD,WARM_LEAD,2025-01-13 13:45:22.759+00
2966,WARM_LEAD,RECURRING_SUBSCRIPTION,2025-01-13 13:45:43.37+00
2966,RECURRING_SUBSCRIPTION,WARM_LEAD,2025-01-13 13:59:00.072+00
2966,WARM_LEAD,LEAD,2025-01-13 13:59:08.332+00
2382,RECURRING_SUBSCRIPTION,RECURRING_SUBSCRIPTION,2025-01-13 14:34:00.407+00
954,TRIAL,RECURRING_SUBSCRIPTION,2025-01-13 15:32:26.278+00
1051,COLD_LEAD,WARM_LEAD,2025-01-13 16:34:20.707+00
1051,WARM_LEAD,RECURRING_SUBSCRIPTION,2025-01-13 16:34:29.246+00
2792,RECURRING_SUBSCRIPTION,TRIAL,2025-01-13 17:49:49.053+00
2046,LEAD,WARM_LEAD,2025-01-13 18:12:19.137+00
2046,WARM_LEAD,LEAD,2025-01-13 18:13:43.125+00
2046,LEAD,LEAD,2025-01-13 18:13:43.487+00
2338,RECURRING_SUBSCRIPTION,TRIAL,2025-01-13 18:32:35.082+00
1799,RECURRING_SUBSCRIPTION,RECURRING_SUBSCRIPTION,2025-01-13 19:12:42.537+00
2944,LEAD,WARM_LEAD,2025-01-13 21:01:57.431+00
2944,WARM_LEAD,RECURRING_SUBSCRIPTION,2025-01-13 21:02:10.241+00
2886,LEAD,WARM_LEAD,2025-01-13 21:34:47.239+00
2886,WARM_LEAD,RECURRING_SUBSCRIPTION,2025-01-13 21:37:24.748+00
2886,RECURRING_SUBSCRIPTION,RECURRING_SUBSCRIPTION,2025-01-13 21:38:06.5+00
2886,RECURRING_SUBSCRIPTION,RECURRING_SUBSCRIPTION,2025-01-13 21:41:02.026+00
2886,RECURRING_SUBSCRIPTION,RECURRING_SUBSCRIPTION,2025-01-13 21:41:43.695+00
2886,RECURRING_SUBSCRIPTION,WARM_LEAD,2025-01-13 21:46:37.358+00
2375,RECURRING_SUBSCRIPTION,TRIAL,2025-01-13 22:46:38.494+00
2967,LEAD,WARM_LEAD,2025-01-13 22:56:14.203+00
2967,WARM_LEAD,TRIAL,2025-01-13 22:56:45.331+00
2957,LEAD,WARM_LEAD,2025-01-14 12:36:13.649+00
2957,WARM_LEAD,RECURRING_SUBSCRIPTION,2025-01-14 12:37:43.098+00
2957,RECURRING_SUBSCRIPTION,RECURRING_SUBSCRIPTION,2025-01-14 12:38:59.66+00
2957,RECURRING_SUBSCRIPTION,RECURRING_SUBSCRIPTION,2025-01-14 12:39:31.622+00
1956,WARM_LEAD,RECURRING_SUBSCRIPTION,2025-01-14 14:23:01.252+00
1946,RECURRING_SUBSCRIPTION,TRIAL,2025-01-14 16:34:49.562+00
2980,LEAD,WARM_LEAD,2025-01-14 18:47:40.63+00
2980,WARM_LEAD,RECURRING_SUBSCRIPTION,2025-01-14 18:50:08.802+00
2969,LEAD,WARM_LEAD,2025-01-15 11:15:57.343+00
2969,WARM_LEAD,RECURRING_SUBSCRIPTION,2025-01-15 11:16:45.333+00
1849,RECURRING_SUBSCRIPTION,CHURN,2025-01-15 14:23:50.926+00
2938,RECURRING_SUBSCRIPTION,RECURRING_SUBSCRIPTION,2025-01-15 15:16:48.215+00
2792,TRIAL,RECURRING_SUBSCRIPTION,2025-01-15 18:50:16.877+00
2985,LEAD,WARM_LEAD,2025-01-15 19:36:46.547+00
2985,WARM_LEAD,RECURRING_SUBSCRIPTION,2025-01-15 19:37:31.351+00
2985,RECURRING_SUBSCRIPTION,TRIAL,2025-01-15 19:42:15.373+00
2792,RECURRING_SUBSCRIPTION,RECURRING_SUBSCRIPTION,2025-01-16 10:21:00.163+00
2970,LEAD,WARM_LEAD,2025-01-16 10:40:07.217+00
2970,WARM_LEAD,RECURRING_SUBSCRIPTION,2025-01-16 14:03:21.834+00
2809,LEAD,WARM_LEAD,2025-01-16 14:04:45.815+00
2809,WARM_LEAD,RECURRING_SUBSCRIPTION,2025-01-16 14:05:14.067+00
2809,RECURRING_SUBSCRIPTION,RECURRING_SUBSCRIPTION,2025-01-16 14:06:21.079+00
2970,RECURRING_SUBSCRIPTION,RECURRING_SUBSCRIPTION,2025-01-16 14:08:23.661+00
2542,WARM_LEAD,RECURRING_SUBSCRIPTION,2025-01-16 16:32:21.925+00
2085,TRIAL,RECURRING_SUBSCRIPTION,2025-01-16 16:33:07.62+00
2085,RECURRING_SUBSCRIPTION,WARM_LEAD,2025-01-16 16:33:21.706+00
2085,WARM_LEAD,TRIAL,2025-01-16 16:33:31.956+00
2966,LEAD,WARM_LEAD,2025-01-16 16:52:39.296+00
2966,WARM_LEAD,RECURRING_SUBSCRIPTION,2025-01-16 16:53:12.619+00
2966,RECURRING_SUBSCRIPTION,RECURRING_SUBSCRIPTION,2025-01-16 16:54:27.802+00
2966,RECURRING_SUBSCRIPTION,RECURRING_SUBSCRIPTION,2025-01-16 16:55:05.488+00
2996,LEAD,WARM_LEAD,2025-01-16 21:47:03.403+00
2996,WARM_LEAD,RECURRING_SUBSCRIPTION,2025-01-16 21:48:50.071+00
2992,LEAD,WARM_LEAD,2025-01-17 16:47:07.335+00
2992,WARM_LEAD,RECURRING_SUBSCRIPTION,2025-01-17 16:48:32.692+00
2992,RECURRING_SUBSCRIPTION,RECURRING_SUBSCRIPTION,2025-01-17 16:49:32.472+00
2880,LEAD,WARM_LEAD,2025-01-17 17:31:19.431+00
2880,WARM_LEAD,ON_DEMAND_SUBSCRIPTION,2025-01-17 17:34:49.324+00
1160,RECURRING_SUBSCRIPTION,CHURN,2025-01-17 17:55:06.501+00
1067,RECURRING_SUBSCRIPTION,ON_DEMAND_SUBSCRIPTION,2025-01-17 18:00:27.097+00
2969,RECURRING_SUBSCRIPTION,WARM_LEAD,2025-01-18 10:20:30.562+00
2818,LEAD,WARM_LEAD,2025-01-19 15:26:39.719+00
2873,LEAD,WARM_LEAD,2025-01-20 09:01:03.505+00
2791,LEAD,WARM_LEAD,2025-01-20 10:48:31.705+00
2791,WARM_LEAD,RECURRING_SUBSCRIPTION,2025-01-20 10:48:49.023+00
2976,LEAD,WARM_LEAD,2025-01-20 12:58:45.486+00
2792,RECURRING_SUBSCRIPTION,RECURRING_SUBSCRIPTION,2025-01-20 13:59:16.016+00
1482,RECURRING_SUBSCRIPTION,TRIAL,2025-01-20 17:05:26.221+00
2406,LEAD,WARM_LEAD,2025-01-20 18:51:10.411+00
2406,WARM_LEAD,RECURRING_SUBSCRIPTION,2025-01-20 18:58:04.584+00
2366,RECURRING_SUBSCRIPTION,CHURN,2025-01-20 19:04:45.314+00
2881,RECURRING_SUBSCRIPTION,TRIAL,2025-01-20 19:40:53.099+00
2957,RECURRING_SUBSCRIPTION,WARM_LEAD,2025-01-20 20:57:13.416+00
2872,RECURRING_SUBSCRIPTION,TRIAL,2025-01-20 22:05:59.01+00
2922,RECURRING_SUBSCRIPTION,ON_DEMAND_SUBSCRIPTION,2025-01-21 12:33:11.265+00
769,FROZEN,RECURRING_SUBSCRIPTION,2025-01-21 14:33:00.812+00
769,RECURRING_SUBSCRIPTION,RECURRING_SUBSCRIPTION,2025-01-21 14:33:28.615+00
769,RECURRING_SUBSCRIPTION,RECURRING_SUBSCRIPTION,2025-01-21 14:36:34.89+00
2383,TRIAL,RECURRING_SUBSCRIPTION,2025-01-21 21:18:03.195+00
2383,RECURRING_SUBSCRIPTION,RECURRING_SUBSCRIPTION,2025-01-21 21:21:19.107+00
2763,LEAD,WARM_LEAD,2025-01-21 21:58:01.451+00
2763,WARM_LEAD,RECURRING_SUBSCRIPTION,2025-01-21 21:58:18.625+00
2763,RECURRING_SUBSCRIPTION,RECURRING_SUBSCRIPTION,2025-01-21 21:58:59.071+00
2763,RECURRING_SUBSCRIPTION,RECURRING_SUBSCRIPTION,2025-01-21 22:06:33.905+00
2763,RECURRING_SUBSCRIPTION,RECURRING_SUBSCRIPTION,2025-01-21 22:06:45.79+00
2383,RECURRING_SUBSCRIPTION,TRIAL,2025-01-21 22:45:25.263+00
954,RECURRING_SUBSCRIPTION,WARM_LEAD,2025-01-21 22:45:39.579+00
954,WARM_LEAD,TRIAL,2025-01-21 22:45:51.441+00
2763,RECURRING_SUBSCRIPTION,WARM_LEAD,2025-01-21 22:46:01.532+00
2927,LEAD,WARM_LEAD,2025-01-21 22:46:12.639+00
2927,WARM_LEAD,RECURRING_SUBSCRIPTION,2025-01-21 22:47:58.892+00
2927,RECURRING_SUBSCRIPTION,RECURRING_SUBSCRIPTION,2025-01-21 22:56:43.966+00
2990,LEAD,WARM_LEAD,2025-01-22 13:27:14.317+00
2990,WARM_LEAD,RECURRING_SUBSCRIPTION,2025-01-22 13:35:32.539+00
2047,CHURN,ON_DEMAND_SUBSCRIPTION,2025-01-22 14:41:41.203+00
2927,RECURRING_SUBSCRIPTION,RECURRING_SUBSCRIPTION,2025-01-22 16:29:18.726+00
2079,LEAD,WARM_LEAD,2025-01-22 20:32:20.253+00
2079,WARM_LEAD,RECURRING_SUBSCRIPTION,2025-01-22 20:32:55.22+00
2079,RECURRING_SUBSCRIPTION,RECURRING_SUBSCRIPTION,2025-01-22 20:33:26.959+00
2079,RECURRING_SUBSCRIPTION,TRIAL,2025-01-22 20:55:00.255+00
2908,LEAD,WARM_LEAD,2025-01-22 22:52:53.397+00
2908,WARM_LEAD,RECURRING_SUBSCRIPTION,2025-01-22 22:53:28.727+00
2908,RECURRING_SUBSCRIPTION,RECURRING_SUBSCRIPTION,2025-01-22 22:56:02.188+00
2908,RECURRING_SUBSCRIPTION,RECURRING_SUBSCRIPTION,2025-01-22 23:15:08.612+00
2908,RECURRING_SUBSCRIPTION,RECURRING_SUBSCRIPTION,2025-01-22 23:15:32.771+00
2948,LEAD,WARM_LEAD,2025-01-23 10:46:11.462+00
2948,WARM_LEAD,RECURRING_SUBSCRIPTION,2025-01-23 10:48:09.023+00
2927,RECURRING_SUBSCRIPTION,TRIAL,2025-01-23 12:21:14.049+00
2884,LEAD,WARM_LEAD,2025-01-23 15:37:02.536+00
3009,LEAD,WARM_LEAD,2025-01-23 16:01:22.339+00
2523,RECURRING_SUBSCRIPTION,ON_DEMAND_SUBSCRIPTION,2025-01-23 16:08:00.507+00
2542,RECURRING_SUBSCRIPTION,WARM_LEAD,2025-01-23 16:36:40.043+00
3009,WARM_LEAD,RECURRING_SUBSCRIPTION,2025-01-23 17:28:06.852+00
2204,TRIAL,RECURRING_SUBSCRIPTION,2025-01-23 20:43:36.927+00
2204,RECURRING_SUBSCRIPTION,RECURRING_SUBSCRIPTION,2025-01-23 20:51:13.623+00
2204,RECURRING_SUBSCRIPTION,RECURRING_SUBSCRIPTION,2025-01-23 21:12:22.194+00
1356,LEAD,WARM_LEAD,2025-01-23 22:18:44.123+00
1356,WARM_LEAD,RECURRING_SUBSCRIPTION,2025-01-23 22:20:07.811+00
1356,RECURRING_SUBSCRIPTION,RECURRING_SUBSCRIPTION,2025-01-23 22:21:40.696+00
1356,RECURRING_SUBSCRIPTION,RECURRING_SUBSCRIPTION,2025-01-23 22:22:34.413+00
1356,RECURRING_SUBSCRIPTION,RECURRING_SUBSCRIPTION,2025-01-23 22:24:25.585+00
1356,RECURRING_SUBSCRIPTION,RECURRING_SUBSCRIPTION,2025-01-23 22:24:45.391+00
1356,RECURRING_SUBSCRIPTION,RECURRING_SUBSCRIPTION,2025-01-23 22:28:13.555+00
1356,RECURRING_SUBSCRIPTION,RECURRING_SUBSCRIPTION,2025-01-23 22:28:27.561+00
1356,RECURRING_SUBSCRIPTION,RECURRING_SUBSCRIPTION,2025-01-23 22:29:19.851+00
1356,RECURRING_SUBSCRIPTION,RECURRING_SUBSCRIPTION,2025-01-23 22:30:40.605+00
1356,RECURRING_SUBSCRIPTION,RECURRING_SUBSCRIPTION,2025-01-23 22:31:07.568+00
2826,LEAD,WARM_LEAD,2025-01-23 22:39:17.808+00
2826,WARM_LEAD,RECURRING_SUBSCRIPTION,2025-01-23 22:39:30.253+00
2826,RECURRING_SUBSCRIPTION,ON_DEMAND_SUBSCRIPTION,2025-01-23 22:45:35.261+00
2826,ON_DEMAND_SUBSCRIPTION,WARM_LEAD,2025-01-23 22:50:05.137+00
1356,RECURRING_SUBSCRIPTION,WARM_LEAD,2025-01-23 22:51:11.63+00
2884,WARM_LEAD,RECURRING_SUBSCRIPTION,2025-01-24 09:13:33.795+00
2803,LEAD,WARM_LEAD,2025-01-24 14:29:38.165+00
2803,WARM_LEAD,RECURRING_SUBSCRIPTION,2025-01-24 14:29:56.902+00
3015,LEAD,WARM_LEAD,2025-01-24 15:56:24.606+00
3015,WARM_LEAD,RECURRING_SUBSCRIPTION,2025-01-24 15:56:41.874+00
2204,RECURRING_SUBSCRIPTION,RECURRING_SUBSCRIPTION,2025-01-24 17:26:53.435+00
2204,RECURRING_SUBSCRIPTION,RECURRING_SUBSCRIPTION,2025-01-24 17:29:36.845+00
2763,WARM_LEAD,RECURRING_SUBSCRIPTION,2025-01-24 19:06:08.743+00
2763,RECURRING_SUBSCRIPTION,RECURRING_SUBSCRIPTION,2025-01-24 19:06:20.107+00
2763,RECURRING_SUBSCRIPTION,RECURRING_SUBSCRIPTION,2025-01-24 19:06:33.716+00
3020,LEAD,TRIAL,2025-01-24 20:40:55.56+00
2605,LEAD,WARM_LEAD,2025-01-24 21:33:42.567+00
2605,WARM_LEAD,RECURRING_SUBSCRIPTION,2025-01-24 21:35:38.139+00
2605,RECURRING_SUBSCRIPTION,WARM_LEAD,2025-01-24 21:37:14.403+00
3020,TRIAL,RECURRING_SUBSCRIPTION,2025-01-24 23:07:40.134+00
3020,RECURRING_SUBSCRIPTION,RECURRING_SUBSCRIPTION,2025-01-24 23:08:12.046+00
3020,RECURRING_SUBSCRIPTION,ON_DEMAND_SUBSCRIPTION,2025-01-24 23:15:34.064+00
2439,LEAD,WARM_LEAD,2025-01-26 08:52:25.798+00
797,RECURRING_SUBSCRIPTION,ON_DEMAND_SUBSCRIPTION,2025-01-26 11:43:42.667+00
2196,TRIAL,RECURRING_SUBSCRIPTION,2025-01-26 11:56:44.2+00
2439,WARM_LEAD,RECURRING_SUBSCRIPTION,2025-01-26 12:16:21.482+00
2439,RECURRING_SUBSCRIPTION,RECURRING_SUBSCRIPTION,2025-01-26 12:26:25.763+00
2439,RECURRING_SUBSCRIPTION,RECURRING_SUBSCRIPTION,2025-01-26 13:34:22.185+00
2544,WARM_LEAD,RECURRING_SUBSCRIPTION,2025-01-26 13:35:06.106+00
2439,RECURRING_SUBSCRIPTION,RECURRING_SUBSCRIPTION,2025-01-26 13:36:42.607+00
122,ON_DEMAND_SUBSCRIPTION,RECURRING_SUBSCRIPTION,2025-01-26 14:09:58.927+00
2948,RECURRING_SUBSCRIPTION,WARM_LEAD,2025-01-26 15:59:47.379+00
1331,CHURN,ON_DEMAND_SUBSCRIPTION,2025-01-26 16:00:15.064+00
2931,LEAD,WARM_LEAD,2025-01-27 12:16:31.344+00
1668,LEAD,WARM_LEAD,2025-01-27 14:57:40.441+00
2826,WARM_LEAD,ON_DEMAND_SUBSCRIPTION,2025-01-27 15:38:08.446+00
2416,TRIAL,RECURRING_SUBSCRIPTION,2025-01-27 20:54:03.224+00
2624,RECURRING_SUBSCRIPTION,TRIAL,2025-01-27 21:25:42.975+00
3019,LEAD,WARM_LEAD,2025-01-27 21:25:54.137+00
3019,WARM_LEAD,RECURRING_SUBSCRIPTION,2025-01-27 21:26:22.541+00
2879,LEAD,WARM_LEAD,2025-01-28 10:20:11.069+00
2879,WARM_LEAD,RECURRING_SUBSCRIPTION,2025-01-28 10:20:25.311+00
15,ON_DEMAND_SUBSCRIPTION,RECURRING_SUBSCRIPTION,2025-01-28 13:10:13.162+00
15,RECURRING_SUBSCRIPTION,ON_DEMAND_SUBSCRIPTION,2025-01-28 13:12:47.425+00
2985,TRIAL,RECURRING_SUBSCRIPTION,2025-01-28 21:45:59.248+00
2985,RECURRING_SUBSCRIPTION,TRIAL,2025-01-28 22:07:53.967+00
2169,TRIAL,RECURRING_SUBSCRIPTION,2025-01-28 23:02:25.546+00
492,RECURRING_SUBSCRIPTION,RECURRING_SUBSCRIPTION,2025-01-28 23:54:42.407+00
3036,LEAD,WARM_LEAD,2025-01-29 15:16:47.841+00
3036,WARM_LEAD,RECURRING_SUBSCRIPTION,2025-01-29 15:17:17.959+00
3036,RECURRING_SUBSCRIPTION,RECURRING_SUBSCRIPTION,2025-01-29 15:19:04.569+00
3020,ON_DEMAND_SUBSCRIPTION,TRIAL,2025-01-29 16:03:16.253+00
1819,LEAD,WARM_LEAD,2025-01-29 17:37:52.063+00
1819,WARM_LEAD,ON_DEMAND_SUBSCRIPTION,2025-01-29 17:41:43.299+00
2894,LEAD,WARM_LEAD,2025-01-29 19:39:15.825+00
2894,WARM_LEAD,RECURRING_SUBSCRIPTION,2025-01-29 19:39:57.176+00
2894,RECURRING_SUBSCRIPTION,RECURRING_SUBSCRIPTION,2025-01-29 19:40:35.362+00
2984,LEAD,WARM_LEAD,2025-01-30 12:30:56.835+00
2416,RECURRING_SUBSCRIPTION,TRIAL,2025-01-30 15:10:11.677+00
2416,TRIAL,TRIAL,2025-01-30 15:10:35.569+00
468,RECURRING_SUBSCRIPTION,CHURN,2025-01-30 15:17:16.683+00
3040,LEAD,WARM_LEAD,2025-01-30 15:22:47.521+00
3040,WARM_LEAD,TRIAL,2025-01-30 15:28:02.264+00
2371,CHURN,WARM_LEAD,2025-01-30 17:00:46.372+00
2371,WARM_LEAD,LEAD,2025-01-30 17:01:10.21+00
2930,LEAD,WARM_LEAD,2025-01-30 17:01:58.115+00
2930,WARM_LEAD,RECURRING_SUBSCRIPTION,2025-01-30 17:24:40.353+00
3043,LEAD,WARM_LEAD,2025-01-30 18:38:43.609+00
3043,WARM_LEAD,RECURRING_SUBSCRIPTION,2025-01-30 18:39:59.853+00
3043,RECURRING_SUBSCRIPTION,RECURRING_SUBSCRIPTION,2025-01-30 18:51:12.142+00
3043,RECURRING_SUBSCRIPTION,RECURRING_SUBSCRIPTION,2025-01-30 18:54:40.948+00
3043,RECURRING_SUBSCRIPTION,RECURRING_SUBSCRIPTION,2025-01-30 19:59:49.529+00
2376,LEAD,WARM_LEAD,2025-01-30 22:29:44.086+00
2376,WARM_LEAD,RECURRING_SUBSCRIPTION,2025-01-30 22:30:06.268+00
2376,RECURRING_SUBSCRIPTION,RECURRING_SUBSCRIPTION,2025-01-30 22:31:50.357+00
2376,RECURRING_SUBSCRIPTION,RECURRING_SUBSCRIPTION,2025-01-30 22:32:39.091+00
2879,RECURRING_SUBSCRIPTION,RECURRING_SUBSCRIPTION,2025-01-31 11:24:17.688+00
2792,RECURRING_SUBSCRIPTION,RECURRING_SUBSCRIPTION,2025-01-31 13:00:44.686+00
3045,LEAD,WARM_LEAD,2025-01-31 15:23:42.472+00
3045,WARM_LEAD,RECURRING_SUBSCRIPTION,2025-01-31 15:23:56.871+00
769,RECURRING_SUBSCRIPTION,RECURRING_SUBSCRIPTION,2025-01-31 16:49:04.319+00
3045,RECURRING_SUBSCRIPTION,RECURRING_SUBSCRIPTION,2025-01-31 16:51:42.891+00
2930,RECURRING_SUBSCRIPTION,WARM_LEAD,2025-02-02 09:06:52.629+00
3045,RECURRING_SUBSCRIPTION,WARM_LEAD,2025-02-02 09:07:28.742+00
2147,TRIAL,RECURRING_SUBSCRIPTION,2025-02-02 11:13:52.572+00
2792,RECURRING_SUBSCRIPTION,RECURRING_SUBSCRIPTION,2025-02-03 07:37:32.652+00
1668,TRIAL,RECURRING_SUBSCRIPTION,2025-02-03 10:48:55.571+00
1100,TRIAL,RECURRING_SUBSCRIPTION,2025-02-03 15:53:38.902+00
3045,WARM_LEAD,TRIAL,2025-02-03 15:55:19.643+00
3045,TRIAL,RECURRING_SUBSCRIPTION,2025-02-03 15:56:20.861+00
3045,RECURRING_SUBSCRIPTION,RECURRING_SUBSCRIPTION,2025-02-03 15:56:51.234+00
3045,RECURRING_SUBSCRIPTION,RECURRING_SUBSCRIPTION,2025-02-03 15:57:07.989+00
769,RECURRING_SUBSCRIPTION,RECURRING_SUBSCRIPTION,2025-02-03 16:01:30.524+00
769,RECURRING_SUBSCRIPTION,RECURRING_SUBSCRIPTION,2025-02-03 16:08:45.907+00
2792,RECURRING_SUBSCRIPTION,RECURRING_SUBSCRIPTION,2025-02-03 17:17:18.731+00
2250,TRIAL,RECURRING_SUBSCRIPTION,2025-02-03 17:25:47.787+00
2250,RECURRING_SUBSCRIPTION,RECURRING_SUBSCRIPTION,2025-02-03 17:27:47.947+00
2250,RECURRING_SUBSCRIPTION,RECURRING_SUBSCRIPTION,2025-02-03 17:35:46.285+00
2250,RECURRING_SUBSCRIPTION,RECURRING_SUBSCRIPTION,2025-02-03 18:00:26.83+00
578,RECURRING_SUBSCRIPTION,CHURN,2025-02-03 18:38:25.15+00
2345,RECURRING_SUBSCRIPTION,TRIAL,2025-02-03 20:51:17.849+00
3064,LEAD,WARM_LEAD,2025-02-03 21:02:37.912+00
3064,WARM_LEAD,RECURRING_SUBSCRIPTION,2025-02-03 21:03:28.647+00
3064,RECURRING_SUBSCRIPTION,WARM_LEAD,2025-02-03 21:14:33.236+00
2710,LEAD,WARM_LEAD,2025-02-03 21:31:44.29+00
2710,WARM_LEAD,RECURRING_SUBSCRIPTION,2025-02-03 21:31:56.984+00
2710,RECURRING_SUBSCRIPTION,RECURRING_SUBSCRIPTION,2025-02-03 21:32:18.759+00
2710,RECURRING_SUBSCRIPTION,RECURRING_SUBSCRIPTION,2025-02-03 21:38:46.644+00
3047,LEAD,WARM_LEAD,2025-02-03 22:12:50.432+00
3047,WARM_LEAD,RECURRING_SUBSCRIPTION,2025-02-03 22:13:12.647+00
2986,LEAD,WARM_LEAD,2025-02-04 10:37:49.353+00
2986,WARM_LEAD,RECURRING_SUBSCRIPTION,2025-02-04 10:38:09.817+00
3045,RECURRING_SUBSCRIPTION,WARM_LEAD,2025-02-04 13:38:21.774+00
1668,WARM_LEAD,RECURRING_SUBSCRIPTION,2025-02-04 15:31:15.811+00
523,RECURRING_SUBSCRIPTION,RECURRING_SUBSCRIPTION,2025-02-04 15:40:48.099+00
1100,RECURRING_SUBSCRIPTION,TRIAL,2025-02-04 15:57:29.166+00
2674,TRIAL,RECURRING_SUBSCRIPTION,2025-02-04 17:06:53.813+00
2674,RECURRING_SUBSCRIPTION,RECURRING_SUBSCRIPTION,2025-02-04 17:09:12.154+00
2674,RECURRING_SUBSCRIPTION,RECURRING_SUBSCRIPTION,2025-02-04 17:12:45.487+00
2179,ON_DEMAND_SUBSCRIPTION,TRIAL,2025-02-04 17:16:29.189+00
3071,LEAD,WARM_LEAD,2025-02-04 17:32:43.792+00
3071,WARM_LEAD,RECURRING_SUBSCRIPTION,2025-02-04 17:49:23.395+00
3071,RECURRING_SUBSCRIPTION,RECURRING_SUBSCRIPTION,2025-02-04 17:54:30.902+00
3071,RECURRING_SUBSCRIPTION,RECURRING_SUBSCRIPTION,2025-02-04 17:58:18.314+00
2578,WARM_LEAD,RECURRING_SUBSCRIPTION,2025-02-04 18:04:00.265+00
2578,RECURRING_SUBSCRIPTION,RECURRING_SUBSCRIPTION,2025-02-04 18:04:13.931+00
2901,LEAD,WARM_LEAD,2025-02-04 18:34:34.627+00
2901,WARM_LEAD,RECURRING_SUBSCRIPTION,2025-02-04 18:34:57.127+00
2901,RECURRING_SUBSCRIPTION,RECURRING_SUBSCRIPTION,2025-02-04 18:45:08.033+00
2901,RECURRING_SUBSCRIPTION,RECURRING_SUBSCRIPTION,2025-02-04 18:48:33.746+00
2901,RECURRING_SUBSCRIPTION,RECURRING_SUBSCRIPTION,2025-02-04 18:49:41.622+00
2901,RECURRING_SUBSCRIPTION,RECURRING_SUBSCRIPTION,2025-02-04 18:58:08.867+00
2901,RECURRING_SUBSCRIPTION,RECURRING_SUBSCRIPTION,2025-02-04 19:10:56.574+00
2901,RECURRING_SUBSCRIPTION,RECURRING_SUBSCRIPTION,2025-02-04 19:11:34.744+00
2901,RECURRING_SUBSCRIPTION,RECURRING_SUBSCRIPTION,2025-02-04 19:18:17.797+00
2901,RECURRING_SUBSCRIPTION,RECURRING_SUBSCRIPTION,2025-02-04 19:18:33.733+00
2901,RECURRING_SUBSCRIPTION,RECURRING_SUBSCRIPTION,2025-02-04 19:30:03.26+00
457,RECURRING_SUBSCRIPTION,TRIAL,2025-02-04 19:30:29.337+00
3072,LEAD,WARM_LEAD,2025-02-04 19:39:18.549+00
3072,WARM_LEAD,RECURRING_SUBSCRIPTION,2025-02-04 19:39:25.431+00
2901,RECURRING_SUBSCRIPTION,RECURRING_SUBSCRIPTION,2025-02-04 20:10:48.654+00
2901,RECURRING_SUBSCRIPTION,RECURRING_SUBSCRIPTION,2025-02-04 20:15:13.057+00
2901,RECURRING_SUBSCRIPTION,RECURRING_SUBSCRIPTION,2025-02-04 20:19:47.095+00
3072,RECURRING_SUBSCRIPTION,RECURRING_SUBSCRIPTION,2025-02-04 20:22:15.21+00
3072,RECURRING_SUBSCRIPTION,RECURRING_SUBSCRIPTION,2025-02-04 20:24:53.633+00
3072,RECURRING_SUBSCRIPTION,RECURRING_SUBSCRIPTION,2025-02-04 20:26:31.01+00
3072,RECURRING_SUBSCRIPTION,RECURRING_SUBSCRIPTION,2025-02-04 20:27:04.72+00
3071,RECURRING_SUBSCRIPTION,RECURRING_SUBSCRIPTION,2025-02-04 20:42:32.157+00
3071,RECURRING_SUBSCRIPTION,RECURRING_SUBSCRIPTION,2025-02-04 20:42:40.56+00
3071,RECURRING_SUBSCRIPTION,WARM_LEAD,2025-02-04 20:45:44.79+00
1353,LEAD,WARM_LEAD,2025-02-04 21:32:03.729+00
1353,WARM_LEAD,TRIAL,2025-02-04 21:34:15.825+00
2701,LEAD,WARM_LEAD,2025-02-05 12:19:27.583+00
2140,RECURRING_SUBSCRIPTION,CHURN,2025-02-05 16:55:56.621+00
3045,WARM_LEAD,TRIAL,2025-02-05 17:11:50.767+00
971,COLD_LEAD,FREE_TRIAL,2025-02-19 13:33:50.247+00
2674,RECURRING_SUBSCRIPTION,TRIAL,2025-02-05 17:12:51.446+00
515,TRIAL,RECURRING_SUBSCRIPTION,2025-02-05 17:15:16.308+00
515,RECURRING_SUBSCRIPTION,RECURRING_SUBSCRIPTION,2025-02-05 17:15:26.764+00
515,RECURRING_SUBSCRIPTION,RECURRING_SUBSCRIPTION,2025-02-05 17:15:41.556+00
515,RECURRING_SUBSCRIPTION,RECURRING_SUBSCRIPTION,2025-02-05 17:16:50.385+00
515,RECURRING_SUBSCRIPTION,RECURRING_SUBSCRIPTION,2025-02-05 17:17:05.939+00
901,RECURRING_SUBSCRIPTION,ON_DEMAND_SUBSCRIPTION,2025-02-05 19:01:31.259+00
3067,LEAD,WARM_LEAD,2025-02-05 19:07:19.596+00
3067,WARM_LEAD,WARM_LEAD,2025-02-05 19:08:09.848+00
3067,WARM_LEAD,RECURRING_SUBSCRIPTION,2025-02-05 19:08:18.924+00
2819,RECURRING_SUBSCRIPTION,TRIAL,2025-02-05 19:10:12.634+00
3075,LEAD,WARM_LEAD,2025-02-05 23:23:07.776+00
3075,WARM_LEAD,RECURRING_SUBSCRIPTION,2025-02-05 23:23:16.406+00
3075,RECURRING_SUBSCRIPTION,RECURRING_SUBSCRIPTION,2025-02-05 23:24:51.86+00
3075,RECURRING_SUBSCRIPTION,RECURRING_SUBSCRIPTION,2025-02-05 23:27:19.885+00
515,RECURRING_SUBSCRIPTION,TRIAL,2025-02-06 09:26:26.419+00
2788,LEAD,WARM_LEAD,2025-02-06 13:28:25.163+00
3076,LEAD,WARM_LEAD,2025-02-06 22:10:46.091+00
3076,WARM_LEAD,RECURRING_SUBSCRIPTION,2025-02-06 22:11:06.414+00
3076,RECURRING_SUBSCRIPTION,RECURRING_SUBSCRIPTION,2025-02-06 22:43:46.679+00
3034,LEAD,WARM_LEAD,2025-02-07 20:32:33.982+00
3034,WARM_LEAD,RECURRING_SUBSCRIPTION,2025-02-07 20:32:48.992+00
2923,RECURRING_SUBSCRIPTION,WARM_LEAD,2025-02-09 09:12:19.112+00
3051,LEAD,WARM_LEAD,2025-02-09 13:26:47.452+00
3083,LEAD,WARM_LEAD,2025-02-09 15:24:53.985+00
2955,LEAD,WARM_LEAD,2025-02-09 16:13:18.784+00
3065,LEAD,WARM_LEAD,2025-02-10 16:35:13.923+00
3065,WARM_LEAD,RECURRING_SUBSCRIPTION,2025-02-10 16:39:08.781+00
1732,RECURRING_SUBSCRIPTION,ON_DEMAND_SUBSCRIPTION,2025-02-10 17:49:13.979+00
2887,RECURRING_SUBSCRIPTION,RECURRING_SUBSCRIPTION,2025-02-10 17:51:46.404+00
3089,LEAD,WARM_LEAD,2025-02-10 21:29:11.605+00
3089,WARM_LEAD,RECURRING_SUBSCRIPTION,2025-02-10 21:29:35.749+00
3089,RECURRING_SUBSCRIPTION,WARM_LEAD,2025-02-10 22:02:26.015+00
2632,RECURRING_SUBSCRIPTION,RECURRING_SUBSCRIPTION,2025-02-10 22:29:12.271+00
3065,RECURRING_SUBSCRIPTION,WARM_LEAD,2025-02-11 08:05:14.691+00
2964,LEAD,WARM_LEAD,2025-02-11 18:05:35.096+00
2964,WARM_LEAD,RECURRING_SUBSCRIPTION,2025-02-11 18:06:55.779+00
2964,RECURRING_SUBSCRIPTION,RECURRING_SUBSCRIPTION,2025-02-11 18:10:48.766+00
2106,TRIAL,RECURRING_SUBSCRIPTION,2025-02-11 20:34:29.555+00
2106,RECURRING_SUBSCRIPTION,RECURRING_SUBSCRIPTION,2025-02-11 20:35:05.635+00
2106,RECURRING_SUBSCRIPTION,RECURRING_SUBSCRIPTION,2025-02-11 20:39:21.407+00
2096,TRIAL,RECURRING_SUBSCRIPTION,2025-02-11 22:42:22.669+00
2964,RECURRING_SUBSCRIPTION,RECURRING_SUBSCRIPTION,2025-02-12 09:23:09.504+00
3028,LEAD,WARM_LEAD,2025-02-12 14:04:59.433+00
3078,COLD_LEAD,WARM_LEAD,2025-02-12 15:22:48.799+00
873,COLD_LEAD,FREE_TRIAL,2025-02-19 13:33:54.005+00
1051,RECURRING_SUBSCRIPTION,RECURRING_SUBSCRIPTION,2025-02-12 16:20:41.323+00
1051,RECURRING_SUBSCRIPTION,RECURRING_SUBSCRIPTION,2025-02-12 16:24:20.886+00
1051,RECURRING_SUBSCRIPTION,RECURRING_SUBSCRIPTION,2025-02-12 16:24:31.277+00
3101,LEAD,WARM_LEAD,2025-02-12 17:40:17.451+00
3101,WARM_LEAD,RECURRING_SUBSCRIPTION,2025-02-12 17:40:49.491+00
3101,RECURRING_SUBSCRIPTION,RECURRING_SUBSCRIPTION,2025-02-12 17:42:19.653+00
2392,RECURRING_SUBSCRIPTION,TRIAL,2025-02-12 18:26:34.524+00
3101,RECURRING_SUBSCRIPTION,RECURRING_SUBSCRIPTION,2025-02-12 18:41:03.894+00
2622,LEAD,WARM_LEAD,2025-02-12 19:20:44.228+00
2622,WARM_LEAD,RECURRING_SUBSCRIPTION,2025-02-12 19:21:01.091+00
3102,LEAD,WARM_LEAD,2025-02-12 21:22:06.678+00
3102,WARM_LEAD,RECURRING_SUBSCRIPTION,2025-02-12 21:23:41.695+00
769,RECURRING_SUBSCRIPTION,FROZEN,2025-02-12 21:38:24.978+00
3101,RECURRING_SUBSCRIPTION,WARM_LEAD,2025-02-12 22:29:09.646+00
2622,RECURRING_SUBSCRIPTION,WARM_LEAD,2025-02-12 22:30:41.797+00
175,WARM_LEAD,RECURRING_SUBSCRIPTION,2025-02-13 09:14:37.883+00
175,RECURRING_SUBSCRIPTION,RECURRING_SUBSCRIPTION,2025-02-13 09:15:06.176+00
175,RECURRING_SUBSCRIPTION,RECURRING_SUBSCRIPTION,2025-02-13 09:16:42.865+00
175,RECURRING_SUBSCRIPTION,RECURRING_SUBSCRIPTION,2025-02-13 09:16:59.402+00
175,RECURRING_SUBSCRIPTION,ON_DEMAND_SUBSCRIPTION,2025-02-13 09:17:59.537+00
175,ON_DEMAND_SUBSCRIPTION,WARM_LEAD,2025-02-13 09:20:01.953+00
546,WARM_LEAD,RECURRING_SUBSCRIPTION,2025-02-13 13:12:05.723+00
546,RECURRING_SUBSCRIPTION,RECURRING_SUBSCRIPTION,2025-02-13 13:12:19.791+00
546,RECURRING_SUBSCRIPTION,TRIAL,2025-02-13 13:15:25.346+00
546,TRIAL,RECURRING_SUBSCRIPTION,2025-02-13 13:17:41.414+00
546,RECURRING_SUBSCRIPTION,RECURRING_SUBSCRIPTION,2025-02-13 13:18:05.575+00
546,RECURRING_SUBSCRIPTION,RECURRING_SUBSCRIPTION,2025-02-13 13:18:21.255+00
546,RECURRING_SUBSCRIPTION,RECURRING_SUBSCRIPTION,2025-02-13 13:18:25.262+00
546,RECURRING_SUBSCRIPTION,TRIAL,2025-02-13 15:29:19.209+00
3104,LEAD,WARM_LEAD,2025-02-13 16:59:13.371+00
3104,WARM_LEAD,ON_DEMAND_SUBSCRIPTION,2025-02-13 16:59:26.859+00
3101,WARM_LEAD,RECURRING_SUBSCRIPTION,2025-02-13 18:12:57.062+00
2397,ON_DEMAND_SUBSCRIPTION,RECURRING_SUBSCRIPTION,2025-02-13 18:29:23.373+00
3101,RECURRING_SUBSCRIPTION,RECURRING_SUBSCRIPTION,2025-02-13 18:56:45.179+00
2397,RECURRING_SUBSCRIPTION,RECURRING_SUBSCRIPTION,2025-02-13 19:05:51.647+00
2397,RECURRING_SUBSCRIPTION,RECURRING_SUBSCRIPTION,2025-02-13 19:08:49.329+00
3101,RECURRING_SUBSCRIPTION,RECURRING_SUBSCRIPTION,2025-02-13 19:10:18.466+00
2397,RECURRING_SUBSCRIPTION,ON_DEMAND_SUBSCRIPTION,2025-02-13 20:53:05.944+00
3111,LEAD,WARM_LEAD,2025-02-13 21:12:47.324+00
3111,WARM_LEAD,RECURRING_SUBSCRIPTION,2025-02-13 21:13:04.417+00
3111,RECURRING_SUBSCRIPTION,RECURRING_SUBSCRIPTION,2025-02-13 21:14:41.144+00
3111,RECURRING_SUBSCRIPTION,WARM_LEAD,2025-02-13 21:17:25.75+00
3111,WARM_LEAD,TRIAL,2025-02-13 22:27:11.894+00
2710,RECURRING_SUBSCRIPTION,WARM_LEAD,2025-02-13 23:44:36.517+00
2710,RECURRING_SUBSCRIPTION,RECURRING_SUBSCRIPTION,2025-02-14 17:45:09.232+00
3110,LEAD,WARM_LEAD,2025-02-14 17:54:04.939+00
3110,WARM_LEAD,RECURRING_SUBSCRIPTION,2025-02-14 17:59:16.391+00
2850,LEAD,WARM_LEAD,2025-02-14 18:58:13.182+00
2850,WARM_LEAD,RECURRING_SUBSCRIPTION,2025-02-14 18:58:25.265+00
2850,RECURRING_SUBSCRIPTION,RECURRING_SUBSCRIPTION,2025-02-14 19:02:47.907+00
2850,RECURRING_SUBSCRIPTION,RECURRING_SUBSCRIPTION,2025-02-14 19:11:19.424+00
2850,RECURRING_SUBSCRIPTION,RECURRING_SUBSCRIPTION,2025-02-14 19:12:44.98+00
2850,RECURRING_SUBSCRIPTION,RECURRING_SUBSCRIPTION,2025-02-14 19:14:30.425+00
2146,LEAD,WARM_LEAD,2025-02-14 22:21:22.627+00
2146,WARM_LEAD,RECURRING_SUBSCRIPTION,2025-02-14 22:22:11.95+00
2146,RECURRING_SUBSCRIPTION,RECURRING_SUBSCRIPTION,2025-02-14 22:22:27.745+00
2146,RECURRING_SUBSCRIPTION,RECURRING_SUBSCRIPTION,2025-02-14 22:23:05.414+00
1246,RECURRING_SUBSCRIPTION,TRIAL,2025-02-15 01:41:29.926+00
89,TRIAL,RECURRING_SUBSCRIPTION,2025-02-16 09:22:39.989+00
89,RECURRING_SUBSCRIPTION,RECURRING_SUBSCRIPTION,2025-02-16 09:24:07.521+00
89,RECURRING_SUBSCRIPTION,RECURRING_SUBSCRIPTION,2025-02-16 09:25:45.705+00
89,RECURRING_SUBSCRIPTION,RECURRING_SUBSCRIPTION,2025-02-16 09:27:32.123+00
972,COLD_LEAD,FREE_TRIAL,2025-02-19 13:33:57.643+00
89,RECURRING_SUBSCRIPTION,RECURRING_SUBSCRIPTION,2025-02-16 09:29:15.935+00
89,RECURRING_SUBSCRIPTION,RECURRING_SUBSCRIPTION,2025-02-16 09:30:00.436+00
89,RECURRING_SUBSCRIPTION,TRIAL,2025-02-16 09:39:59.636+00
2791,RECURRING_SUBSCRIPTION,WARM_LEAD,2025-02-16 09:57:41.504+00
2964,RECURRING_SUBSCRIPTION,WARM_LEAD,2025-02-16 09:57:50.539+00
3118,LEAD,WARM_LEAD,2025-02-17 11:03:03.953+00
3131,LEAD,WARM_LEAD,2025-02-17 12:32:08.461+00
3086,LEAD,WARM_LEAD,2025-02-17 15:35:24.584+00
3086,WARM_LEAD,RECURRING_SUBSCRIPTION,2025-02-17 16:49:07.285+00
3128,LEAD,WARM_LEAD,2025-02-17 18:28:01.832+00
3128,WARM_LEAD,RECURRING_SUBSCRIPTION,2025-02-17 18:30:23.728+00
3128,RECURRING_SUBSCRIPTION,RECURRING_SUBSCRIPTION,2025-02-17 18:32:58.079+00
3128,RECURRING_SUBSCRIPTION,RECURRING_SUBSCRIPTION,2025-02-17 18:35:03.313+00
3128,RECURRING_SUBSCRIPTION,RECURRING_SUBSCRIPTION,2025-02-17 18:36:50.418+00
3128,RECURRING_SUBSCRIPTION,RECURRING_SUBSCRIPTION,2025-02-17 18:37:20.659+00
3128,RECURRING_SUBSCRIPTION,RECURRING_SUBSCRIPTION,2025-02-17 18:39:24.287+00
3086,RECURRING_SUBSCRIPTION,WARM_LEAD,2025-02-17 19:37:36.149+00
661,RECURRING_SUBSCRIPTION,RECURRING_SUBSCRIPTION,2025-02-17 20:45:22.673+00
661,RECURRING_SUBSCRIPTION,RECURRING_SUBSCRIPTION,2025-02-17 20:46:02.121+00
661,RECURRING_SUBSCRIPTION,RECURRING_SUBSCRIPTION,2025-02-17 20:46:22.855+00
3136,LEAD,WARM_LEAD,2025-02-17 20:54:58.224+00
3136,WARM_LEAD,RECURRING_SUBSCRIPTION,2025-02-17 20:55:07.628+00
3136,RECURRING_SUBSCRIPTION,TRIAL,2025-02-17 21:15:36.097+00
3137,LEAD,WARM_LEAD,2025-02-17 21:16:50.558+00
3137,WARM_LEAD,ON_DEMAND_SUBSCRIPTION,2025-02-17 21:18:31.282+00
2361,LEAD,WARM_LEAD,2025-02-17 22:05:23.852+00
2361,WARM_LEAD,RECURRING_SUBSCRIPTION,2025-02-17 22:05:32.62+00
2361,RECURRING_SUBSCRIPTION,RECURRING_SUBSCRIPTION,2025-02-17 22:23:18.774+00
3122,LEAD,WARM_LEAD,2025-02-17 22:51:23.387+00
3122,WARM_LEAD,RECURRING_SUBSCRIPTION,2025-02-17 22:51:31.15+00
3122,RECURRING_SUBSCRIPTION,RECURRING_SUBSCRIPTION,2025-02-17 22:58:05.181+00
3122,RECURRING_SUBSCRIPTION,WARM_LEAD,2025-02-17 23:10:05.408+00
2568,LEAD,WARM_LEAD,2025-02-18 15:31:54.843+00
2568,WARM_LEAD,RECURRING_SUBSCRIPTION,2025-02-18 15:32:55.883+00
2568,RECURRING_SUBSCRIPTION,TRIAL,2025-02-18 15:51:56.545+00
2948,WARM_LEAD,LEAD,2025-02-18 16:23:16.873+00
2213,RECURRING_SUBSCRIPTION,ON_DEMAND_SUBSCRIPTION,2025-02-18 23:25:38.915+00
507,COLD_LEAD,FREE_TRIAL,2025-02-19 13:00:47.716+00
528,COLD_LEAD,FREE_TRIAL,2025-02-19 13:11:44.765+00
799,COLD_LEAD,FREE_TRIAL,2025-02-19 13:13:51.247+00
570,COLD_LEAD,FREE_TRIAL,2025-02-19 13:23:39.852+00
530,COLD_LEAD,FREE_TRIAL,2025-02-19 13:24:48.899+00
1161,COLD_LEAD,FREE_TRIAL,2025-02-19 13:32:09.589+00
834,TRIAL,FREE_TRIAL,2025-02-19 13:32:13.334+00
810,COLD_LEAD,FREE_TRIAL,2025-02-19 13:32:18.578+00
868,COLD_LEAD,FREE_TRIAL,2025-02-19 13:32:24.459+00
846,COLD_LEAD,FREE_TRIAL,2025-02-19 13:32:28.481+00
835,TRIAL,FREE_TRIAL,2025-02-19 13:32:31.933+00
823,COLD_LEAD,FREE_TRIAL,2025-02-19 13:32:36.697+00
1716,COLD_LEAD,FREE_TRIAL,2025-02-19 13:32:41.302+00
824,COLD_LEAD,FREE_TRIAL,2025-02-19 13:32:45.918+00
974,COLD_LEAD,FREE_TRIAL,2025-02-19 13:32:50.479+00
1088,COLD_LEAD,FREE_TRIAL,2025-02-19 13:32:54.204+00
890,COLD_LEAD,FREE_TRIAL,2025-02-19 13:32:58.515+00
869,TRIAL,FREE_TRIAL,2025-02-19 13:33:01.458+00
870,WARM_LEAD,FREE_TRIAL,2025-02-19 13:33:04.292+00
996,COLD_LEAD,FREE_TRIAL,2025-02-19 13:33:08.603+00
1089,COLD_LEAD,FREE_TRIAL,2025-02-19 13:33:12.489+00
826,COLD_LEAD,FREE_TRIAL,2025-02-19 13:33:16.362+00
871,COLD_LEAD,FREE_TRIAL,2025-02-19 13:33:20.046+00
975,COLD_LEAD,FREE_TRIAL,2025-02-19 13:33:24.246+00
970,COLD_LEAD,FREE_TRIAL,2025-02-19 13:33:28.163+00
840,COLD_LEAD,FREE_TRIAL,2025-02-19 13:33:32.29+00
861,COLD_LEAD,FREE_TRIAL,2025-02-19 13:33:36.352+00
937,TRIAL,FREE_TRIAL,2025-02-19 13:33:39.203+00
911,TRIAL,FREE_TRIAL,2025-02-19 13:33:42.019+00
872,COLD_LEAD,FREE_TRIAL,2025-02-19 13:33:45.818+00
1091,COLD_LEAD,FREE_TRIAL,2025-02-19 13:34:01.396+00
884,COLD_LEAD,FREE_TRIAL,2025-02-19 13:34:05.643+00
816,COLD_LEAD,FREE_TRIAL,2025-02-19 13:34:09.541+00
874,TRIAL,FREE_TRIAL,2025-02-19 13:34:12.441+00
829,COLD_LEAD,FREE_TRIAL,2025-02-19 13:34:16.384+00
863,COLD_LEAD,FREE_TRIAL,2025-02-19 13:34:20.148+00
962,COLD_LEAD,FREE_TRIAL,2025-02-19 13:34:23.798+00
2606,LEAD,FREE_TRIAL,2025-02-19 13:34:27.575+00
864,COLD_LEAD,FREE_TRIAL,2025-02-19 13:34:31.25+00
875,COLD_LEAD,FREE_TRIAL,2025-02-19 13:34:35.132+00
1094,TRIAL,FREE_TRIAL,2025-02-19 13:34:38.029+00
817,COLD_LEAD,FREE_TRIAL,2025-02-19 13:34:41.535+00
831,COLD_LEAD,FREE_TRIAL,2025-02-19 13:34:45.456+00
865,COLD_LEAD,FREE_TRIAL,2025-02-19 13:34:49.27+00
1097,COLD_LEAD,FREE_TRIAL,2025-02-19 13:34:53.233+00
866,COLD_LEAD,FREE_TRIAL,2025-02-19 13:34:56.884+00
821,WARM_LEAD,FREE_TRIAL,2025-02-19 13:34:59.971+00
833,COLD_LEAD,FREE_TRIAL,2025-02-19 13:35:03.83+00
845,COLD_LEAD,FREE_TRIAL,2025-02-19 13:35:07.509+00
867,COLD_LEAD,FREE_TRIAL,2025-02-19 13:35:11.597+00
973,COLD_LEAD,FREE_TRIAL,2025-02-19 13:35:15.638+00
855,TRIAL,FREE_TRIAL,2025-02-19 13:35:18.492+00
820,COLD_LEAD,FREE_TRIAL,2025-02-19 13:35:22.056+00
1060,COLD_LEAD,FREE_TRIAL,2025-02-19 13:35:26.086+00
828,COLD_LEAD,FREE_TRIAL,2025-02-19 13:35:29.906+00
818,COLD_LEAD,FREE_TRIAL,2025-02-19 13:35:33.947+00
976,TRIAL,FREE_TRIAL,2025-02-19 13:35:36.764+00
1475,LEAD,FREE_TRIAL,2025-02-19 13:35:40.571+00
1314,LEAD,FREE_TRIAL,2025-02-19 13:35:44.381+00
1092,COLD_LEAD,FREE_TRIAL,2025-02-19 13:35:48.064+00
1476,COLD_LEAD,FREE_TRIAL,2025-02-19 13:35:51.76+00
1854,LEAD,FREE_TRIAL,2025-02-19 13:35:55.462+00
847,TRIAL,FREE_TRIAL,2025-02-19 13:35:59.529+00
1291,TRIAL,FREE_TRIAL,2025-02-19 13:36:02.222+00
1911,LEAD,FREE_TRIAL,2025-02-19 13:36:06.609+00
1953,LEAD,FREE_TRIAL,2025-02-19 13:36:10.71+00
2288,LEAD,FREE_TRIAL,2025-02-19 13:36:14.592+00
2341,LEAD,FREE_TRIAL,2025-02-19 13:36:18.499+00
2431,TRIAL,FREE_TRIAL,2025-02-19 13:36:21.271+00
2511,WARM_LEAD,FREE_TRIAL,2025-02-19 13:36:24.122+00
2708,LEAD,FREE_TRIAL,2025-02-19 13:36:28.34+00
2712,LEAD,FREE_TRIAL,2025-02-19 13:36:32.187+00
2906,LEAD,FREE_TRIAL,2025-02-19 13:36:36.33+00
2875,LEAD,FREE_TRIAL,2025-02-19 13:36:40.238+00
2903,LEAD,FREE_TRIAL,2025-02-19 13:36:44.216+00
2904,LEAD,FREE_TRIAL,2025-02-19 13:36:48.256+00
2905,LEAD,FREE_TRIAL,2025-02-19 13:36:51.991+00
2910,LEAD,FREE_TRIAL,2025-02-19 13:36:55.79+00
2917,LEAD,FREE_TRIAL,2025-02-19 13:36:59.683+00
2979,LEAD,FREE_TRIAL,2025-02-19 13:37:03.922+00
2982,LEAD,FREE_TRIAL,2025-02-19 13:37:07.931+00
2983,LEAD,FREE_TRIAL,2025-02-19 13:37:11.956+00
3086,WARM_LEAD,FREE_TRIAL,2025-02-19 13:37:14.738+00
3112,LEAD,FREE_TRIAL,2025-02-19 13:37:23.159+00
3117,LEAD,FREE_TRIAL,2025-02-19 13:37:27.358+00
3129,LEAD,FREE_TRIAL,2025-02-19 13:37:31.243+00
3118,WARM_LEAD,RECURRING_SUBSCRIPTION,2025-02-19 14:16:58.173+00
3095,LEAD,WARM_LEAD,2025-02-19 14:36:55.762+00
3095,WARM_LEAD,TRIAL,2025-02-19 14:41:20.252+00
3116,LEAD,WARM_LEAD,2025-02-19 15:00:49.395+00
3116,WARM_LEAD,RECURRING_SUBSCRIPTION,2025-02-19 15:01:54.173+00
3009,RECURRING_SUBSCRIPTION,TRIAL,2025-02-19 16:52:35.068+00
3009,TRIAL,TRIAL,2025-02-19 17:22:06.043+00
2106,RECURRING_SUBSCRIPTION,TRIAL,2025-02-19 17:23:49.052+00
1968,LEAD,WARM_LEAD,2025-02-19 17:33:30.695+00
1968,WARM_LEAD,RECURRING_SUBSCRIPTION,2025-02-19 17:36:49.363+00
2938,RECURRING_SUBSCRIPTION,RECURRING_SUBSCRIPTION,2025-02-19 19:41:25.148+00
2933,RECURRING_SUBSCRIPTION,TRIAL,2025-02-19 21:37:06.67+00
2825,LEAD,WARM_LEAD,2025-02-20 08:03:18.675+00
2825,WARM_LEAD,RECURRING_SUBSCRIPTION,2025-02-20 12:33:32.069+00
2825,RECURRING_SUBSCRIPTION,RECURRING_SUBSCRIPTION,2025-02-20 12:34:02.861+00
2825,RECURRING_SUBSCRIPTION,RECURRING_SUBSCRIPTION,2025-02-20 12:34:22.593+00
2825,RECURRING_SUBSCRIPTION,RECURRING_SUBSCRIPTION,2025-02-20 12:36:45.864+00
2825,RECURRING_SUBSCRIPTION,RECURRING_SUBSCRIPTION,2025-02-20 12:39:05.266+00
2825,RECURRING_SUBSCRIPTION,WARM_LEAD,2025-02-20 20:09:05.928+00
2969,RECURRING_SUBSCRIPTION,WARM_LEAD,2025-02-20 20:12:36.931+00
3118,RECURRING_SUBSCRIPTION,WARM_LEAD,2025-02-20 20:12:45.743+00
3096,LEAD,WARM_LEAD,2025-02-20 20:27:54.776+00
3153,LEAD,WARM_LEAD,2025-02-20 21:14:49.778+00
3096,WARM_LEAD,TRIAL,2025-02-20 23:04:07.044+00
3173,LEAD,WARM_LEAD,2025-02-21 17:31:10.796+00
3173,WARM_LEAD,RECURRING_SUBSCRIPTION,2025-02-21 17:31:20.711+00
3173,RECURRING_SUBSCRIPTION,RECURRING_SUBSCRIPTION,2025-02-21 17:31:59.147+00
2927,TRIAL,RECURRING_SUBSCRIPTION,2025-02-21 17:45:55.709+00
2927,RECURRING_SUBSCRIPTION,RECURRING_SUBSCRIPTION,2025-02-21 17:46:24.258+00
3171,LEAD,WARM_LEAD,2025-02-21 18:01:27.462+00
3171,WARM_LEAD,RECURRING_SUBSCRIPTION,2025-02-21 18:03:47.846+00
2238,TRIAL,RECURRING_SUBSCRIPTION,2025-02-21 18:57:57.799+00
3173,RECURRING_SUBSCRIPTION,RECURRING_SUBSCRIPTION,2025-02-21 21:21:26.291+00
3086,FREE_TRIAL,ON_DEMAND_SUBSCRIPTION,2025-02-21 22:50:33.907+00
3173,RECURRING_SUBSCRIPTION,RECURRING_SUBSCRIPTION,2025-02-22 00:23:55.49+00
3171,RECURRING_SUBSCRIPTION,ON_DEMAND_SUBSCRIPTION,2025-02-22 00:25:54.385+00
3171,ON_DEMAND_SUBSCRIPTION,RECURRING_SUBSCRIPTION,2025-02-22 00:26:07.878+00
3171,RECURRING_SUBSCRIPTION,RECURRING_SUBSCRIPTION,2025-02-22 00:26:26.076+00
3158,LEAD,WARM_LEAD,2025-02-23 12:51:04.261+00
3189,LEAD,TRIAL,2025-02-23 16:40:05.778+00
3183,LEAD,WARM_LEAD,2025-02-24 11:03:37.515+00
3183,WARM_LEAD,TRIAL,2025-02-24 11:05:39.296+00
2238,RECURRING_SUBSCRIPTION,TRIAL,2025-02-24 12:39:12.212+00
3190,LEAD,WARM_LEAD,2025-02-24 17:04:11.345+00
3190,WARM_LEAD,RECURRING_SUBSCRIPTION,2025-02-24 17:06:11.734+00
3158,RECURRING_SUBSCRIPTION,TRIAL,2025-02-24 17:54:43.816+00
1338,LEAD,TRIAL,2025-02-24 18:52:47.942+00
1003,RECURRING_SUBSCRIPTION,ON_DEMAND_SUBSCRIPTION,2025-02-24 19:55:30.778+00
769,FROZEN,CHURN,2025-02-24 19:58:02.429+00
720,RECURRING_SUBSCRIPTION,CHURN,2025-02-24 22:02:27.065+00
3192,LEAD,WARM_LEAD,2025-02-24 22:03:40.461+00
3192,WARM_LEAD,RECURRING_SUBSCRIPTION,2025-02-24 22:04:18.448+00
3192,RECURRING_SUBSCRIPTION,WARM_LEAD,2025-02-24 22:19:34.706+00
2690,LEAD,WARM_LEAD,2025-02-25 09:56:07.27+00
2690,WARM_LEAD,RECURRING_SUBSCRIPTION,2025-02-25 09:59:28.106+00
2690,RECURRING_SUBSCRIPTION,WARM_LEAD,2025-02-25 10:13:14.778+00
122,RECURRING_SUBSCRIPTION,RECURRING_SUBSCRIPTION,2025-02-25 13:20:08.565+00
3197,LEAD,WARM_LEAD,2025-02-25 13:25:15.3+00
3248,LEAD,FREE_TRIAL,2025-02-25 16:28:10.65+00
3242,LEAD,FREE_TRIAL,2025-02-25 16:28:16.274+00
3243,LEAD,FREE_TRIAL,2025-02-25 16:28:21.407+00
3249,LEAD,FREE_TRIAL,2025-02-25 16:28:26.427+00
3244,LEAD,FREE_TRIAL,2025-02-25 16:28:30.818+00
3245,LEAD,FREE_TRIAL,2025-02-25 16:28:35.529+00
3246,LEAD,FREE_TRIAL,2025-02-25 16:28:40.04+00
3247,LEAD,FREE_TRIAL,2025-02-25 16:28:44.434+00
3250,LEAD,FREE_TRIAL,2025-02-25 16:28:48.225+00
3251,LEAD,FREE_TRIAL,2025-02-25 16:28:52.824+00
3252,LEAD,FREE_TRIAL,2025-02-25 16:28:56.93+00
3253,LEAD,FREE_TRIAL,2025-02-25 16:29:00.941+00
3254,LEAD,FREE_TRIAL,2025-02-25 16:29:04.711+00
3255,LEAD,FREE_TRIAL,2025-02-25 16:29:09.114+00
3256,LEAD,FREE_TRIAL,2025-02-25 16:29:13.129+00
3257,LEAD,FREE_TRIAL,2025-02-25 16:29:16.897+00
3258,LEAD,FREE_TRIAL,2025-02-25 16:29:20.792+00
3259,LEAD,FREE_TRIAL,2025-02-25 16:29:25.107+00
3260,LEAD,FREE_TRIAL,2025-02-25 16:29:28.983+00
3261,LEAD,FREE_TRIAL,2025-02-25 16:29:32.715+00
3263,LEAD,FREE_TRIAL,2025-02-25 16:29:38.709+00
3265,LEAD,FREE_TRIAL,2025-02-25 16:29:43.801+00
3266,LEAD,FREE_TRIAL,2025-02-25 16:29:47.616+00
3207,LEAD,FREE_TRIAL,2025-02-25 16:29:52.021+00
3208,LEAD,FREE_TRIAL,2025-02-25 16:29:55.808+00
3209,LEAD,FREE_TRIAL,2025-02-25 16:29:59.514+00
3210,LEAD,FREE_TRIAL,2025-02-25 16:30:03.489+00
3211,LEAD,FREE_TRIAL,2025-02-25 16:30:07.441+00
3198,LEAD,FREE_TRIAL,2025-02-25 16:30:11.169+00
3199,LEAD,FREE_TRIAL,2025-02-25 16:30:15.059+00
3200,LEAD,FREE_TRIAL,2025-02-25 16:30:18.747+00
3201,LEAD,FREE_TRIAL,2025-02-25 16:30:22.557+00
3202,LEAD,FREE_TRIAL,2025-02-25 16:30:26.426+00
3203,LEAD,FREE_TRIAL,2025-02-25 16:30:30.112+00
3204,LEAD,FREE_TRIAL,2025-02-25 16:30:33.797+00
3205,LEAD,FREE_TRIAL,2025-02-25 16:30:37.485+00
3206,LEAD,FREE_TRIAL,2025-02-25 16:30:42.776+00
3212,LEAD,FREE_TRIAL,2025-02-25 16:30:46.7+00
3213,LEAD,FREE_TRIAL,2025-02-25 16:30:50.59+00
3214,LEAD,FREE_TRIAL,2025-02-25 16:30:54.484+00
3215,LEAD,FREE_TRIAL,2025-02-25 16:30:58.171+00
3216,LEAD,FREE_TRIAL,2025-02-25 16:31:02.069+00
3217,LEAD,FREE_TRIAL,2025-02-25 16:31:05.797+00
3218,LEAD,FREE_TRIAL,2025-02-25 16:31:09.39+00
3219,LEAD,FREE_TRIAL,2025-02-25 16:31:13.081+00
3220,LEAD,FREE_TRIAL,2025-02-25 16:31:17.011+00
3221,LEAD,FREE_TRIAL,2025-02-25 16:31:21.106+00
3222,LEAD,FREE_TRIAL,2025-02-25 16:31:25.102+00
3223,LEAD,FREE_TRIAL,2025-02-25 16:31:29.093+00
3224,LEAD,FREE_TRIAL,2025-02-25 16:31:33.103+00
3225,LEAD,FREE_TRIAL,2025-02-25 16:31:36.799+00
3226,LEAD,FREE_TRIAL,2025-02-25 16:31:40.767+00
3227,LEAD,FREE_TRIAL,2025-02-25 16:31:44.317+00
3228,LEAD,FREE_TRIAL,2025-02-25 16:31:48.484+00
3229,LEAD,FREE_TRIAL,2025-02-25 16:31:52.253+00
3230,LEAD,FREE_TRIAL,2025-02-25 16:31:56.232+00
3231,LEAD,FREE_TRIAL,2025-02-25 16:32:00.223+00
3232,LEAD,FREE_TRIAL,2025-02-25 16:32:03.909+00
3233,LEAD,FREE_TRIAL,2025-02-25 16:32:07.588+00
3234,LEAD,FREE_TRIAL,2025-02-25 16:32:11.59+00
3235,LEAD,FREE_TRIAL,2025-02-25 16:32:15.349+00
3236,LEAD,FREE_TRIAL,2025-02-25 16:32:18.945+00
3237,LEAD,FREE_TRIAL,2025-02-25 16:32:22.725+00
3238,LEAD,FREE_TRIAL,2025-02-25 16:32:26.432+00
3239,LEAD,FREE_TRIAL,2025-02-25 16:32:30.221+00
3240,LEAD,FREE_TRIAL,2025-02-25 16:32:34.116+00
3241,LEAD,FREE_TRIAL,2025-02-25 16:32:37.834+00
3267,LEAD,FREE_TRIAL,2025-02-25 16:32:41.49+00
3268,LEAD,FREE_TRIAL,2025-02-25 16:32:45.166+00
3269,LEAD,FREE_TRIAL,2025-02-25 16:32:48.861+00
3270,LEAD,FREE_TRIAL,2025-02-25 16:32:52.619+00
3271,LEAD,FREE_TRIAL,2025-02-25 16:32:56.439+00
3272,LEAD,FREE_TRIAL,2025-02-25 16:33:00.159+00
3273,LEAD,FREE_TRIAL,2025-02-25 16:33:03.896+00
3274,LEAD,FREE_TRIAL,2025-02-25 16:33:07.483+00
3275,LEAD,FREE_TRIAL,2025-02-25 16:33:11.186+00
3276,LEAD,FREE_TRIAL,2025-02-25 16:33:15.078+00
3277,LEAD,FREE_TRIAL,2025-02-25 16:33:18.943+00
3278,LEAD,FREE_TRIAL,2025-02-25 16:33:22.777+00
3279,LEAD,FREE_TRIAL,2025-02-25 16:33:26.537+00
3280,LEAD,FREE_TRIAL,2025-02-25 16:33:30.158+00
3281,LEAD,FREE_TRIAL,2025-02-25 16:33:33.917+00
3282,LEAD,FREE_TRIAL,2025-02-25 16:33:37.583+00
3283,LEAD,FREE_TRIAL,2025-02-25 16:33:41.313+00
3284,LEAD,FREE_TRIAL,2025-02-25 16:33:45.235+00
3285,LEAD,FREE_TRIAL,2025-02-25 16:33:48.974+00
3286,LEAD,FREE_TRIAL,2025-02-25 16:33:53.577+00
3287,LEAD,FREE_TRIAL,2025-02-25 16:33:57.368+00
3288,LEAD,FREE_TRIAL,2025-02-25 16:34:01.319+00
3289,LEAD,FREE_TRIAL,2025-02-25 16:34:05.047+00
3290,LEAD,FREE_TRIAL,2025-02-25 16:34:08.641+00
3291,LEAD,FREE_TRIAL,2025-02-25 16:34:12.406+00
3293,LEAD,FREE_TRIAL,2025-02-25 16:34:20.143+00
3294,LEAD,FREE_TRIAL,2025-02-25 16:34:23.724+00
3295,LEAD,FREE_TRIAL,2025-02-25 16:34:27.432+00
3297,LEAD,FREE_TRIAL,2025-02-25 16:34:33.206+00
3298,LEAD,FREE_TRIAL,2025-02-25 16:34:37.306+00
3300,LEAD,FREE_TRIAL,2025-02-25 16:34:42.692+00
3301,LEAD,FREE_TRIAL,2025-02-25 16:34:46.46+00
3302,LEAD,FREE_TRIAL,2025-02-25 16:34:50.103+00
3303,LEAD,FREE_TRIAL,2025-02-25 16:34:53.928+00
3304,LEAD,FREE_TRIAL,2025-02-25 16:34:57.68+00
3305,LEAD,FREE_TRIAL,2025-02-25 16:35:01.566+00
3306,LEAD,FREE_TRIAL,2025-02-25 16:35:05.257+00
3307,LEAD,FREE_TRIAL,2025-02-25 16:35:08.943+00
3308,LEAD,FREE_TRIAL,2025-02-25 16:35:12.695+00
3309,LEAD,FREE_TRIAL,2025-02-25 16:35:16.794+00
3310,LEAD,FREE_TRIAL,2025-02-25 16:35:20.309+00
3311,LEAD,FREE_TRIAL,2025-02-25 16:35:23.935+00
3312,LEAD,FREE_TRIAL,2025-02-25 16:35:27.657+00
3313,LEAD,FREE_TRIAL,2025-02-25 16:35:31.35+00
3314,LEAD,FREE_TRIAL,2025-02-25 16:35:34.821+00
3315,LEAD,FREE_TRIAL,2025-02-25 16:35:38.745+00
3316,LEAD,FREE_TRIAL,2025-02-25 16:35:42.449+00
3317,LEAD,FREE_TRIAL,2025-02-25 16:35:46.137+00
3318,LEAD,FREE_TRIAL,2025-02-25 16:35:49.845+00
3319,LEAD,FREE_TRIAL,2025-02-25 16:35:53.489+00
3320,LEAD,FREE_TRIAL,2025-02-25 16:35:57.534+00
3321,LEAD,FREE_TRIAL,2025-02-25 16:36:01.368+00
3322,LEAD,FREE_TRIAL,2025-02-25 16:36:04.954+00
3323,LEAD,FREE_TRIAL,2025-02-25 16:36:08.507+00
3324,LEAD,FREE_TRIAL,2025-02-25 16:36:12.326+00
3325,LEAD,FREE_TRIAL,2025-02-25 16:36:16.201+00
3326,LEAD,FREE_TRIAL,2025-02-25 16:36:20.009+00
3327,LEAD,FREE_TRIAL,2025-02-25 16:36:23.549+00
3328,LEAD,FREE_TRIAL,2025-02-25 16:36:27.381+00
3329,LEAD,FREE_TRIAL,2025-02-25 16:36:31.001+00
3330,LEAD,FREE_TRIAL,2025-02-25 16:36:34.859+00
3331,LEAD,FREE_TRIAL,2025-02-25 16:36:38.828+00
3292,LEAD,FREE_TRIAL,2025-02-25 16:34:16.409+00
3418,LEAD,FREE_TRIAL,2025-02-25 16:42:01.414+00
1186,LEAD,FREE_TRIAL,2025-03-27 14:24:59.506+00
3956,LEAD,WARM_LEAD,2025-03-27 21:15:59.001+00
5195,LEAD,WARM_LEAD,2025-03-28 10:41:53.163+00
3404,FREEMIUM,RECURRING_SUBSCRIPTION,2025-03-28 17:06:18.434+00
4233,FREE_TRIAL,RECURRING_SUBSCRIPTION,2025-03-28 21:58:32.028+00
3695,RECURRING_SUBSCRIPTION,RECURRING_SUBSCRIPTION,2025-03-28 22:39:44.084+00
3851,LEAD,COLD_LEAD,2025-03-30 06:56:54.615+00
3884,LEAD,COLD_LEAD,2025-03-30 06:58:41.932+00
2456,LEAD,WARM_LEAD,2025-03-30 13:16:54.418+00
1180,FREE_TRIAL,FREE_TRIAL,2025-03-30 14:08:57.521542+00
1186,FREE_TRIAL,FREE_TRIAL,2025-03-30 14:08:57.521542+00
1189,FREE_TRIAL,FREE_TRIAL,2025-03-30 14:08:57.521542+00
1194,FREE_TRIAL,FREE_TRIAL,2025-03-30 14:08:57.521542+00
1196,FREE_TRIAL,FREE_TRIAL,2025-03-30 14:08:57.521542+00
1199,FREE_TRIAL,FREE_TRIAL,2025-03-30 14:08:57.521542+00
1216,FREE_TRIAL,FREE_TRIAL,2025-03-30 14:08:57.521542+00
1217,FREE_TRIAL,FREE_TRIAL,2025-03-30 14:08:57.521542+00
1226,FREE_TRIAL,FREE_TRIAL,2025-03-30 14:08:57.521542+00
1228,FREE_TRIAL,FREE_TRIAL,2025-03-30 14:08:57.521542+00
1247,FREE_TRIAL,FREE_TRIAL,2025-03-30 14:08:57.521542+00
1252,FREE_TRIAL,FREE_TRIAL,2025-03-30 14:08:57.521542+00
1264,FREE_TRIAL,FREE_TRIAL,2025-03-30 14:08:57.521542+00
1269,FREE_TRIAL,FREE_TRIAL,2025-03-30 14:08:57.521542+00
1303,FREE_TRIAL,FREE_TRIAL,2025-03-30 14:08:57.521542+00
1306,FREE_TRIAL,FREE_TRIAL,2025-03-30 14:08:57.521542+00
1321,FREE_TRIAL,FREE_TRIAL,2025-03-30 14:08:57.521542+00
1333,FREE_TRIAL,FREE_TRIAL,2025-03-30 14:08:57.521542+00
1334,FREE_TRIAL,FREE_TRIAL,2025-03-30 14:08:57.521542+00
1335,FREE_TRIAL,FREE_TRIAL,2025-03-30 14:08:57.521542+00
1336,FREE_TRIAL,FREE_TRIAL,2025-03-30 14:08:57.521542+00
1337,FREE_TRIAL,FREE_TRIAL,2025-03-30 14:08:57.521542+00
1350,FREE_TRIAL,FREE_TRIAL,2025-03-30 14:08:57.521542+00
1352,FREE_TRIAL,FREE_TRIAL,2025-03-30 14:08:57.521542+00
1353,FREE_TRIAL,FREE_TRIAL,2025-03-30 14:08:57.521542+00
1354,FREE_TRIAL,FREE_TRIAL,2025-03-30 14:08:57.521542+00
1356,FREE_TRIAL,FREE_TRIAL,2025-03-30 14:08:57.521542+00
1357,FREE_TRIAL,FREE_TRIAL,2025-03-30 14:08:57.521542+00
1358,FREE_TRIAL,FREE_TRIAL,2025-03-30 14:08:57.521542+00
1365,FREE_TRIAL,FREE_TRIAL,2025-03-30 14:08:57.521542+00
1367,FREE_TRIAL,FREE_TRIAL,2025-03-30 14:08:57.521542+00
1368,FREE_TRIAL,FREE_TRIAL,2025-03-30 14:08:57.521542+00
1372,FREE_TRIAL,FREE_TRIAL,2025-03-30 14:08:57.521542+00
1373,FREE_TRIAL,FREE_TRIAL,2025-03-30 14:08:57.521542+00
1374,FREE_TRIAL,FREE_TRIAL,2025-03-30 14:08:57.521542+00
1379,FREE_TRIAL,FREE_TRIAL,2025-03-30 14:08:57.521542+00
1383,FREE_TRIAL,FREE_TRIAL,2025-03-30 14:08:57.521542+00
1433,FREE_TRIAL,FREE_TRIAL,2025-03-30 14:08:57.521542+00
1434,FREE_TRIAL,FREE_TRIAL,2025-03-30 14:08:57.521542+00
1473,FREE_TRIAL,FREE_TRIAL,2025-03-30 14:08:57.521542+00
1483,FREE_TRIAL,FREE_TRIAL,2025-03-30 14:08:57.521542+00
1489,FREE_TRIAL,FREE_TRIAL,2025-03-30 14:08:57.521542+00
1494,FREE_TRIAL,FREE_TRIAL,2025-03-30 14:08:57.521542+00
1528,FREE_TRIAL,FREE_TRIAL,2025-03-30 14:08:57.521542+00
1529,FREE_TRIAL,FREE_TRIAL,2025-03-30 14:08:57.521542+00
1535,FREE_TRIAL,FREE_TRIAL,2025-03-30 14:08:57.521542+00
1539,FREE_TRIAL,FREE_TRIAL,2025-03-30 14:08:57.521542+00
1543,FREE_TRIAL,FREE_TRIAL,2025-03-30 14:08:57.521542+00
1595,FREE_TRIAL,FREE_TRIAL,2025-03-30 14:08:57.521542+00
3332,LEAD,FREE_TRIAL,2025-02-25 16:36:42.639+00
3333,LEAD,FREE_TRIAL,2025-02-25 16:36:46.348+00
3334,LEAD,FREE_TRIAL,2025-02-25 16:36:49.91+00
3335,LEAD,FREE_TRIAL,2025-02-25 16:36:53.699+00
3336,LEAD,FREE_TRIAL,2025-02-25 16:36:57.383+00
3337,LEAD,FREE_TRIAL,2025-02-25 16:37:01.174+00
3338,LEAD,FREE_TRIAL,2025-02-25 16:37:04.835+00
3340,LEAD,FREE_TRIAL,2025-02-25 16:37:08.549+00
3339,LEAD,FREE_TRIAL,2025-02-25 16:37:12.334+00
3341,LEAD,FREE_TRIAL,2025-02-25 16:37:15.911+00
3342,LEAD,FREE_TRIAL,2025-02-25 16:37:19.611+00
3343,LEAD,FREE_TRIAL,2025-02-25 16:37:23.361+00
3344,LEAD,FREE_TRIAL,2025-02-25 16:37:27.493+00
3345,LEAD,FREE_TRIAL,2025-02-25 16:37:31.191+00
3346,LEAD,FREE_TRIAL,2025-02-25 16:37:34.689+00
3347,LEAD,FREE_TRIAL,2025-02-25 16:37:38.344+00
3348,LEAD,FREE_TRIAL,2025-02-25 16:37:42.34+00
3349,LEAD,FREE_TRIAL,2025-02-25 16:37:46.145+00
3350,LEAD,FREE_TRIAL,2025-02-25 16:37:50.04+00
3351,LEAD,FREE_TRIAL,2025-02-25 16:37:53.714+00
3352,LEAD,FREE_TRIAL,2025-02-25 16:37:57.595+00
3353,LEAD,FREE_TRIAL,2025-02-25 16:38:01.279+00
3354,LEAD,FREE_TRIAL,2025-02-25 16:38:05.017+00
3355,LEAD,FREE_TRIAL,2025-02-25 16:38:08.61+00
3356,LEAD,FREE_TRIAL,2025-02-25 16:38:12.484+00
3357,LEAD,FREE_TRIAL,2025-02-25 16:38:16.184+00
3358,LEAD,FREE_TRIAL,2025-02-25 16:38:19.925+00
3359,LEAD,FREE_TRIAL,2025-02-25 16:38:23.604+00
3360,LEAD,FREE_TRIAL,2025-02-25 16:38:27.187+00
3361,LEAD,FREE_TRIAL,2025-02-25 16:38:31.084+00
3362,LEAD,FREE_TRIAL,2025-02-25 16:38:34.79+00
3363,LEAD,FREE_TRIAL,2025-02-25 16:38:38.54+00
3364,LEAD,FREE_TRIAL,2025-02-25 16:38:42.65+00
3365,LEAD,FREE_TRIAL,2025-02-25 16:38:46.501+00
3366,LEAD,FREE_TRIAL,2025-02-25 16:38:50.253+00
3367,LEAD,FREE_TRIAL,2025-02-25 16:38:54.187+00
3368,LEAD,FREE_TRIAL,2025-02-25 16:38:58.01+00
3369,LEAD,FREE_TRIAL,2025-02-25 16:39:02.108+00
3370,LEAD,FREE_TRIAL,2025-02-25 16:39:05.653+00
3371,LEAD,FREE_TRIAL,2025-02-25 16:39:09.272+00
3372,LEAD,FREE_TRIAL,2025-02-25 16:39:12.76+00
3373,LEAD,FREE_TRIAL,2025-02-25 16:39:16.447+00
3374,LEAD,FREE_TRIAL,2025-02-25 16:39:20.259+00
3375,LEAD,FREE_TRIAL,2025-02-25 16:39:23.914+00
3376,LEAD,FREE_TRIAL,2025-02-25 16:39:27.605+00
3377,LEAD,FREE_TRIAL,2025-02-25 16:39:31.494+00
3378,LEAD,FREE_TRIAL,2025-02-25 16:39:35.285+00
3379,LEAD,FREE_TRIAL,2025-02-25 16:39:39.072+00
3380,LEAD,FREE_TRIAL,2025-02-25 16:39:42.862+00
3381,LEAD,FREE_TRIAL,2025-02-25 16:39:46.678+00
3382,LEAD,FREE_TRIAL,2025-02-25 16:39:50.363+00
3383,LEAD,FREE_TRIAL,2025-02-25 16:39:54.033+00
3384,LEAD,FREE_TRIAL,2025-02-25 16:39:57.814+00
3385,LEAD,FREE_TRIAL,2025-02-25 16:40:01.468+00
3386,LEAD,FREE_TRIAL,2025-02-25 16:40:05.184+00
3387,LEAD,FREE_TRIAL,2025-02-25 16:40:08.867+00
3388,LEAD,FREE_TRIAL,2025-02-25 16:40:12.559+00
3389,LEAD,FREE_TRIAL,2025-02-25 16:40:16.153+00
3390,LEAD,FREE_TRIAL,2025-02-25 16:40:19.824+00
3391,LEAD,FREE_TRIAL,2025-02-25 16:40:23.608+00
3392,LEAD,FREE_TRIAL,2025-02-25 16:40:27.273+00
3393,LEAD,FREE_TRIAL,2025-02-25 16:40:31.193+00
3394,LEAD,FREE_TRIAL,2025-02-25 16:40:34.8+00
3395,LEAD,FREE_TRIAL,2025-02-25 16:40:38.49+00
3396,LEAD,FREE_TRIAL,2025-02-25 16:40:42.254+00
3397,LEAD,FREE_TRIAL,2025-02-25 16:40:45.886+00
3398,LEAD,FREE_TRIAL,2025-02-25 16:40:50.239+00
3399,LEAD,FREE_TRIAL,2025-02-25 16:40:53.94+00
3400,LEAD,FREE_TRIAL,2025-02-25 16:40:57.816+00
3401,LEAD,FREE_TRIAL,2025-02-25 16:41:01.708+00
3402,LEAD,FREE_TRIAL,2025-02-25 16:41:05.494+00
3403,LEAD,FREE_TRIAL,2025-02-25 16:41:09+00
3404,LEAD,FREE_TRIAL,2025-02-25 16:41:12.869+00
3405,LEAD,FREE_TRIAL,2025-02-25 16:41:16.422+00
3406,LEAD,FREE_TRIAL,2025-02-25 16:41:20.141+00
3407,LEAD,FREE_TRIAL,2025-02-25 16:41:23.832+00
3408,LEAD,FREE_TRIAL,2025-02-25 16:41:27.5+00
3409,LEAD,FREE_TRIAL,2025-02-25 16:41:31.204+00
3410,LEAD,FREE_TRIAL,2025-02-25 16:41:34.987+00
3411,LEAD,FREE_TRIAL,2025-02-25 16:41:38.883+00
3412,LEAD,FREE_TRIAL,2025-02-25 16:41:42.552+00
3413,LEAD,FREE_TRIAL,2025-02-25 16:41:46.261+00
3414,LEAD,FREE_TRIAL,2025-02-25 16:41:50.254+00
3415,LEAD,FREE_TRIAL,2025-02-25 16:41:54.027+00
3417,LEAD,FREE_TRIAL,2025-02-25 16:41:57.626+00
3419,LEAD,FREE_TRIAL,2025-02-25 16:42:05.207+00
3420,LEAD,FREE_TRIAL,2025-02-25 16:42:08.831+00
3421,LEAD,FREE_TRIAL,2025-02-25 16:42:12.55+00
3422,LEAD,FREE_TRIAL,2025-02-25 16:42:16.528+00
3423,LEAD,FREE_TRIAL,2025-02-25 16:42:20.361+00
3424,LEAD,FREE_TRIAL,2025-02-25 16:42:23.877+00
3425,LEAD,FREE_TRIAL,2025-02-25 16:42:27.603+00
3426,LEAD,FREE_TRIAL,2025-02-25 16:42:31.759+00
3427,LEAD,FREE_TRIAL,2025-02-25 16:42:35.514+00
3428,LEAD,FREE_TRIAL,2025-02-25 16:42:40.537+00
3430,LEAD,FREE_TRIAL,2025-02-25 16:42:49.664+00
3431,LEAD,FREE_TRIAL,2025-02-25 16:42:54.319+00
3432,LEAD,FREE_TRIAL,2025-02-25 16:42:58.708+00
3433,LEAD,FREE_TRIAL,2025-02-25 16:43:03.881+00
3434,LEAD,FREE_TRIAL,2025-02-25 16:43:08.093+00
3435,LEAD,FREE_TRIAL,2025-02-25 16:43:12.38+00
3436,LEAD,FREE_TRIAL,2025-02-25 16:43:15.968+00
3437,LEAD,FREE_TRIAL,2025-02-25 16:43:19.733+00
3438,LEAD,FREE_TRIAL,2025-02-25 16:43:23.644+00
3439,LEAD,FREE_TRIAL,2025-02-25 16:43:28.235+00
3440,LEAD,FREE_TRIAL,2025-02-25 16:43:32.043+00
3441,LEAD,FREE_TRIAL,2025-02-25 16:43:36.648+00
3442,LEAD,FREE_TRIAL,2025-02-25 16:43:40.641+00
3443,LEAD,FREE_TRIAL,2025-02-25 16:43:44.739+00
3444,LEAD,FREE_TRIAL,2025-02-25 16:43:48.811+00
3445,LEAD,FREE_TRIAL,2025-02-25 16:43:52.62+00
3446,LEAD,FREE_TRIAL,2025-02-25 16:43:56.207+00
3447,LEAD,FREE_TRIAL,2025-02-25 16:44:00.399+00
3448,LEAD,FREE_TRIAL,2025-02-25 16:44:04.339+00
3449,LEAD,FREE_TRIAL,2025-02-25 16:44:08.03+00
3450,LEAD,FREE_TRIAL,2025-02-25 16:44:11.873+00
3451,LEAD,FREE_TRIAL,2025-02-25 16:44:15.764+00
3452,LEAD,FREE_TRIAL,2025-02-25 16:44:19.553+00
3453,LEAD,FREE_TRIAL,2025-02-25 16:44:23.648+00
3454,LEAD,FREE_TRIAL,2025-02-25 16:44:27.639+00
3455,LEAD,FREE_TRIAL,2025-02-25 16:44:31.43+00
3456,LEAD,FREE_TRIAL,2025-02-25 16:44:35.218+00
3457,LEAD,FREE_TRIAL,2025-02-25 16:44:39.006+00
3458,LEAD,FREE_TRIAL,2025-02-25 16:44:42.899+00
3459,LEAD,FREE_TRIAL,2025-02-25 16:44:46.688+00
3460,LEAD,FREE_TRIAL,2025-02-25 16:44:50.271+00
3461,LEAD,FREE_TRIAL,2025-02-25 16:44:54.163+00
3462,LEAD,FREE_TRIAL,2025-02-25 16:44:58.055+00
3463,LEAD,FREE_TRIAL,2025-02-25 16:45:02.149+00
3464,LEAD,FREE_TRIAL,2025-02-25 16:45:06.013+00
3465,LEAD,FREE_TRIAL,2025-02-25 16:45:09.649+00
3466,LEAD,FREE_TRIAL,2025-02-25 16:45:13.518+00
3467,LEAD,FREE_TRIAL,2025-02-25 16:45:17.204+00
3468,LEAD,FREE_TRIAL,2025-02-25 16:45:20.797+00
3469,LEAD,FREE_TRIAL,2025-02-25 16:45:24.579+00
3470,LEAD,FREE_TRIAL,2025-02-25 16:45:28.347+00
3471,LEAD,FREE_TRIAL,2025-02-25 16:45:32.218+00
3472,LEAD,FREE_TRIAL,2025-02-25 16:45:36.045+00
3473,LEAD,FREE_TRIAL,2025-02-25 16:45:40.043+00
3474,LEAD,FREE_TRIAL,2025-02-25 16:45:43.727+00
3475,LEAD,FREE_TRIAL,2025-02-25 16:45:47.413+00
3476,LEAD,FREE_TRIAL,2025-02-25 16:45:51.201+00
3477,LEAD,FREE_TRIAL,2025-02-25 16:45:54.99+00
3478,LEAD,FREE_TRIAL,2025-02-25 16:45:58.88+00
3480,LEAD,FREE_TRIAL,2025-02-25 16:46:04.206+00
3481,LEAD,FREE_TRIAL,2025-02-25 16:46:08.497+00
3482,LEAD,FREE_TRIAL,2025-02-25 16:46:12.298+00
3483,LEAD,FREE_TRIAL,2025-02-25 16:46:16.162+00
3484,LEAD,FREE_TRIAL,2025-02-25 16:46:19.977+00
3485,LEAD,FREE_TRIAL,2025-02-25 16:46:23.661+00
3486,LEAD,FREE_TRIAL,2025-02-25 16:46:27.553+00
3487,LEAD,FREE_TRIAL,2025-02-25 16:46:31.341+00
3488,LEAD,FREE_TRIAL,2025-02-25 16:46:35.098+00
3489,LEAD,FREE_TRIAL,2025-02-25 16:46:38.817+00
3490,LEAD,FREE_TRIAL,2025-02-25 16:46:42.725+00
3491,LEAD,FREE_TRIAL,2025-02-25 16:46:46.394+00
3492,LEAD,FREE_TRIAL,2025-02-25 16:46:49.964+00
3493,LEAD,FREE_TRIAL,2025-02-25 16:46:53.665+00
3494,LEAD,FREE_TRIAL,2025-02-25 16:46:57.456+00
3495,LEAD,FREE_TRIAL,2025-02-25 16:47:01.181+00
3496,LEAD,FREE_TRIAL,2025-02-25 16:47:04.929+00
3497,LEAD,FREE_TRIAL,2025-02-25 16:47:09.263+00
3498,LEAD,FREE_TRIAL,2025-02-25 16:47:13.12+00
3499,LEAD,FREE_TRIAL,2025-02-25 16:47:17.115+00
3500,LEAD,FREE_TRIAL,2025-02-25 16:47:21.107+00
3501,LEAD,FREE_TRIAL,2025-02-25 16:47:24.69+00
3502,LEAD,FREE_TRIAL,2025-02-25 16:47:28.459+00
3503,LEAD,FREE_TRIAL,2025-02-25 16:47:32.268+00
3504,LEAD,FREE_TRIAL,2025-02-25 16:47:36.057+00
3505,LEAD,FREE_TRIAL,2025-02-25 16:47:39.74+00
3506,LEAD,FREE_TRIAL,2025-02-25 16:47:43.381+00
3507,LEAD,FREE_TRIAL,2025-02-25 16:47:47.158+00
3508,LEAD,FREE_TRIAL,2025-02-25 16:47:50.906+00
3509,LEAD,FREE_TRIAL,2025-02-25 16:47:54.729+00
3510,LEAD,FREE_TRIAL,2025-02-25 16:47:58.668+00
3511,LEAD,FREE_TRIAL,2025-02-25 16:48:02.476+00
3512,LEAD,FREE_TRIAL,2025-02-25 16:48:06.848+00
3513,LEAD,FREE_TRIAL,2025-02-25 16:48:11.078+00
3514,LEAD,FREE_TRIAL,2025-02-25 16:48:14.928+00
3515,LEAD,FREE_TRIAL,2025-02-25 16:48:18.56+00
3516,LEAD,FREE_TRIAL,2025-02-25 16:48:22.3+00
3517,LEAD,FREE_TRIAL,2025-02-25 16:48:26.028+00
3518,LEAD,FREE_TRIAL,2025-02-25 16:48:29.918+00
3519,LEAD,FREE_TRIAL,2025-02-25 16:48:33.707+00
3520,LEAD,FREE_TRIAL,2025-02-25 16:48:37.597+00
3521,LEAD,FREE_TRIAL,2025-02-25 16:48:41.387+00
3522,LEAD,FREE_TRIAL,2025-02-25 16:48:45.177+00
3523,LEAD,FREE_TRIAL,2025-02-25 16:48:48.805+00
3524,LEAD,FREE_TRIAL,2025-02-25 16:48:52.547+00
3525,LEAD,FREE_TRIAL,2025-02-25 16:48:56.334+00
3526,LEAD,FREE_TRIAL,2025-02-25 16:49:00.127+00
3262,LEAD,FREE_TRIAL,2025-02-25 16:50:58.535+00
3264,LEAD,FREE_TRIAL,2025-02-25 16:51:00.961+00
3296,LEAD,FREE_TRIAL,2025-02-25 16:51:03.48+00
3299,LEAD,FREE_TRIAL,2025-02-25 16:51:05.626+00
3429,LEAD,FREE_TRIAL,2025-02-25 16:51:07.767+00
3479,LEAD,FREE_TRIAL,2025-02-25 16:51:10.153+00
2763,RECURRING_SUBSCRIPTION,ON_DEMAND_SUBSCRIPTION,2025-02-25 19:09:17.921+00
3208,FREE_TRIAL,RECURRING_SUBSCRIPTION,2025-02-25 21:38:54.915+00
3208,RECURRING_SUBSCRIPTION,RECURRING_SUBSCRIPTION,2025-02-25 21:40:36.79+00
3208,RECURRING_SUBSCRIPTION,WARM_LEAD,2025-02-25 23:14:55.959+00
3191,LEAD,WARM_LEAD,2025-02-25 23:34:36.465+00
3191,WARM_LEAD,RECURRING_SUBSCRIPTION,2025-02-25 23:34:52.073+00
3191,RECURRING_SUBSCRIPTION,RECURRING_SUBSCRIPTION,2025-02-25 23:55:54.45+00
3191,RECURRING_SUBSCRIPTION,TRIAL,2025-02-26 00:24:52.183+00
3118,WARM_LEAD,TRIAL,2025-02-26 14:26:27.849+00
3183,TRIAL,RECURRING_SUBSCRIPTION,2025-02-26 14:45:09.971+00
3183,RECURRING_SUBSCRIPTION,RECURRING_SUBSCRIPTION,2025-02-26 14:45:53.584+00
3183,RECURRING_SUBSCRIPTION,RECURRING_SUBSCRIPTION,2025-02-26 14:46:13.871+00
3183,RECURRING_SUBSCRIPTION,RECURRING_SUBSCRIPTION,2025-02-26 14:46:23.532+00
3183,RECURRING_SUBSCRIPTION,RECURRING_SUBSCRIPTION,2025-02-26 14:46:35.852+00
3183,RECURRING_SUBSCRIPTION,WARM_LEAD,2025-02-26 14:47:09.053+00
748,RECURRING_SUBSCRIPTION,RECURRING_SUBSCRIPTION,2025-02-26 17:48:10.802+00
3541,LEAD,WARM_LEAD,2025-02-26 19:53:51.825+00
3541,WARM_LEAD,RECURRING_SUBSCRIPTION,2025-02-26 19:54:47.655+00
3539,LEAD,WARM_LEAD,2025-02-26 22:13:38.751+00
3539,WARM_LEAD,RECURRING_SUBSCRIPTION,2025-02-26 22:14:28.422+00
3539,RECURRING_SUBSCRIPTION,RECURRING_SUBSCRIPTION,2025-02-26 22:14:43.895+00
1033,RECURRING_SUBSCRIPTION,CHURN,2025-02-26 22:30:17.078+00
3541,RECURRING_SUBSCRIPTION,RECURRING_SUBSCRIPTION,2025-02-26 23:04:40.679+00
3541,RECURRING_SUBSCRIPTION,WARM_LEAD,2025-02-26 23:07:41.795+00
3543,LEAD,WARM_LEAD,2025-02-26 23:11:33.696+00
3543,WARM_LEAD,RECURRING_SUBSCRIPTION,2025-02-26 23:11:44.538+00
3543,RECURRING_SUBSCRIPTION,RECURRING_SUBSCRIPTION,2025-02-26 23:18:49.897+00
3543,RECURRING_SUBSCRIPTION,RECURRING_SUBSCRIPTION,2025-02-26 23:20:33.247+00
3543,RECURRING_SUBSCRIPTION,RECURRING_SUBSCRIPTION,2025-02-26 23:23:02.753+00
3541,WARM_LEAD,RECURRING_SUBSCRIPTION,2025-02-26 23:29:58.47+00
3541,RECURRING_SUBSCRIPTION,WARM_LEAD,2025-02-27 09:19:47.208+00
3543,RECURRING_SUBSCRIPTION,WARM_LEAD,2025-02-27 09:19:56.42+00
136,RECURRING_SUBSCRIPTION,ON_DEMAND_SUBSCRIPTION,2025-02-27 09:26:20.077+00
3541,WARM_LEAD,RECURRING_SUBSCRIPTION,2025-02-27 12:06:44.765+00
3541,RECURRING_SUBSCRIPTION,RECURRING_SUBSCRIPTION,2025-02-27 12:13:21.577+00
3543,WARM_LEAD,RECURRING_SUBSCRIPTION,2025-02-27 12:18:23.191+00
3543,RECURRING_SUBSCRIPTION,RECURRING_SUBSCRIPTION,2025-02-27 12:31:19.644+00
3541,RECURRING_SUBSCRIPTION,RECURRING_SUBSCRIPTION,2025-02-27 12:33:08.236+00
3547,LEAD,WARM_LEAD,2025-02-27 14:36:05.784+00
3183,WARM_LEAD,TRIAL,2025-02-27 16:05:37.208+00
2791,WARM_LEAD,LEAD,2025-02-27 16:17:35.93+00
1184,RECURRING_SUBSCRIPTION,RECURRING_SUBSCRIPTION,2025-02-27 18:43:29.353+00
558,RECURRING_SUBSCRIPTION,ON_DEMAND_SUBSCRIPTION,2025-02-27 23:15:21.047+00
2814,WARM_LEAD,ON_DEMAND_SUBSCRIPTION,2025-02-28 11:18:29.793+00
2859,WARM_LEAD,LEAD,2025-02-28 13:43:38.41+00
2964,WARM_LEAD,LEAD,2025-02-28 14:09:20.776+00
2969,WARM_LEAD,LEAD,2025-02-28 14:16:57.912+00
3557,LEAD,WARM_LEAD,2025-02-28 19:13:47.095+00
3557,WARM_LEAD,RECURRING_SUBSCRIPTION,2025-02-28 19:14:10.128+00
3558,LEAD,WARM_LEAD,2025-02-28 22:23:26.799+00
3558,WARM_LEAD,LEAD,2025-02-28 22:35:04.526+00
3533,LEAD,WARM_LEAD,2025-02-28 22:59:54.819+00
3533,WARM_LEAD,RECURRING_SUBSCRIPTION,2025-02-28 23:00:08.741+00
3533,RECURRING_SUBSCRIPTION,WARM_LEAD,2025-02-28 23:17:07.624+00
2791,LEAD,COLD_LEAD,2025-03-03 11:41:47.129+00
2791,COLD_LEAD,WARM_LEAD,2025-03-03 11:41:55.835+00
2791,WARM_LEAD,LEAD,2025-03-03 11:44:33.795+00
2791,LEAD,COLD_LEAD,2025-03-03 11:51:14.501+00
2969,LEAD,COLD_LEAD,2025-03-03 11:54:02.675+00
2964,LEAD,COLD_LEAD,2025-03-03 11:54:52.982+00
2859,LEAD,COLD_LEAD,2025-03-03 11:55:33.771+00
3124,LEAD,WARM_LEAD,2025-03-03 13:54:55.959+00
2814,ON_DEMAND_SUBSCRIPTION,TRIAL,2025-03-03 17:29:35.053+00
2133,RECURRING_SUBSCRIPTION,FROZEN,2025-03-03 19:40:33.555+00
3065,WARM_LEAD,TRIAL,2025-03-04 11:32:24.666+00
537,TRIAL,RECURRING_SUBSCRIPTION,2025-03-05 00:30:40.865+00
537,RECURRING_SUBSCRIPTION,RECURRING_SUBSCRIPTION,2025-03-05 00:52:27.744+00
537,RECURRING_SUBSCRIPTION,RECURRING_SUBSCRIPTION,2025-03-05 00:59:28.641+00
2911,RECURRING_SUBSCRIPTION,RECURRING_SUBSCRIPTION,2025-03-05 16:52:13.188+00
537,RECURRING_SUBSCRIPTION,RECURRING_SUBSCRIPTION,2025-03-05 20:59:18.249+00
2515,LEAD,WARM_LEAD,2025-03-05 22:02:56.175+00
2515,WARM_LEAD,RECURRING_SUBSCRIPTION,2025-03-05 22:04:26.989+00
2436,RECURRING_SUBSCRIPTION,RECURRING_SUBSCRIPTION,2025-03-06 15:57:12.936+00
1533,LEAD,WARM_LEAD,2025-03-06 16:03:01.304+00
1533,WARM_LEAD,RECURRING_SUBSCRIPTION,2025-03-06 16:03:50.941+00
1533,RECURRING_SUBSCRIPTION,RECURRING_SUBSCRIPTION,2025-03-06 16:06:40.459+00
1533,RECURRING_SUBSCRIPTION,RECURRING_SUBSCRIPTION,2025-03-06 16:07:31.036+00
1533,RECURRING_SUBSCRIPTION,RECURRING_SUBSCRIPTION,2025-03-06 16:08:37.623+00
1533,RECURRING_SUBSCRIPTION,RECURRING_SUBSCRIPTION,2025-03-06 16:09:53.936+00
1533,RECURRING_SUBSCRIPTION,RECURRING_SUBSCRIPTION,2025-03-06 16:13:37.099+00
1533,RECURRING_SUBSCRIPTION,RECURRING_SUBSCRIPTION,2025-03-06 16:14:36.715+00
537,RECURRING_SUBSCRIPTION,TRIAL,2025-03-06 17:26:14.931+00
2985,TRIAL,RECURRING_SUBSCRIPTION,2025-03-06 17:26:32.564+00
1533,RECURRING_SUBSCRIPTION,RECURRING_SUBSCRIPTION,2025-03-06 17:40:23.195+00
1533,RECURRING_SUBSCRIPTION,RECURRING_SUBSCRIPTION,2025-03-06 17:42:56.493+00
533,RECURRING_SUBSCRIPTION,CHURN,2025-03-06 17:45:20.355+00
3593,LEAD,WARM_LEAD,2025-03-06 18:56:06.401+00
3593,WARM_LEAD,RECURRING_SUBSCRIPTION,2025-03-06 18:56:21.638+00
3587,LEAD,WARM_LEAD,2025-03-07 20:10:39.342+00
3587,WARM_LEAD,RECURRING_SUBSCRIPTION,2025-03-07 20:10:52.03+00
424,COLD_LEAD,FREE_TRIAL,2025-03-09 14:55:07.717+00
146,COLD_LEAD,FREE_TRIAL,2025-03-09 15:21:10.252+00
1138,COLD_LEAD,FREE_TRIAL,2025-03-09 15:21:16.02+00
1156,TRIAL,FREE_TRIAL,2025-03-09 15:21:21.896+00
150,COLD_LEAD,FREE_TRIAL,2025-03-09 15:21:27.411+00
1139,COLD_LEAD,FREE_TRIAL,2025-03-09 15:21:31.534+00
151,COLD_LEAD,FREE_TRIAL,2025-03-09 15:21:35.731+00
149,COLD_LEAD,FREE_TRIAL,2025-03-09 15:21:40.144+00
259,COLD_LEAD,FREE_TRIAL,2025-03-09 15:21:44.262+00
273,COLD_LEAD,FREE_TRIAL,2025-03-09 15:21:48.452+00
1140,COLD_LEAD,FREE_TRIAL,2025-03-09 15:21:52.584+00
658,COLD_LEAD,FREE_TRIAL,2025-03-09 15:21:56.753+00
811,COLD_LEAD,FREE_TRIAL,2025-03-09 15:22:00.901+00
104,COLD_LEAD,FREE_TRIAL,2025-03-09 15:22:04.795+00
106,COLD_LEAD,FREE_TRIAL,2025-03-09 15:22:08.599+00
108,COLD_LEAD,FREE_TRIAL,2025-03-09 15:22:12.61+00
184,COLD_LEAD,FREE_TRIAL,2025-03-09 15:22:16.414+00
195,COLD_LEAD,FREE_TRIAL,2025-03-09 15:22:20.461+00
182,COLD_LEAD,FREE_TRIAL,2025-03-09 15:22:26.74+00
744,COLD_LEAD,FREE_TRIAL,2025-03-09 15:22:30.438+00
98,COLD_LEAD,FREE_TRIAL,2025-03-09 15:22:34.33+00
97,COLD_LEAD,FREE_TRIAL,2025-03-09 15:22:38.314+00
105,COLD_LEAD,FREE_TRIAL,2025-03-09 15:22:42.475+00
107,COLD_LEAD,FREE_TRIAL,2025-03-09 15:22:46.289+00
131,COLD_LEAD,FREE_TRIAL,2025-03-09 15:22:50.154+00
109,COLD_LEAD,FREE_TRIAL,2025-03-09 15:22:53.948+00
158,COLD_LEAD,FREE_TRIAL,2025-03-09 15:22:57.746+00
219,COLD_LEAD,FREE_TRIAL,2025-03-09 15:23:01.591+00
157,COLD_LEAD,FREE_TRIAL,2025-03-09 15:23:05.489+00
135,COLD_LEAD,FREE_TRIAL,2025-03-09 15:23:09.504+00
152,COLD_LEAD,FREE_TRIAL,2025-03-09 15:23:13.643+00
141,COLD_LEAD,FREE_TRIAL,2025-03-09 15:23:17.397+00
1406,LEAD,FREE_TRIAL,2025-03-09 15:23:21.16+00
140,WARM_LEAD,FREE_TRIAL,2025-03-09 15:23:25.125+00
1110,COLD_LEAD,FREE_TRIAL,2025-03-09 15:23:28.886+00
148,COLD_LEAD,FREE_TRIAL,2025-03-09 15:23:32.759+00
160,COLD_LEAD,FREE_TRIAL,2025-03-09 15:23:36.639+00
145,COLD_LEAD,FREE_TRIAL,2025-03-09 15:23:40.509+00
147,COLD_LEAD,FREE_TRIAL,2025-03-09 15:23:44.413+00
159,COLD_LEAD,FREE_TRIAL,2025-03-09 15:23:48.348+00
154,TRIAL,FREE_TRIAL,2025-03-09 15:23:56.152+00
961,COLD_LEAD,FREE_TRIAL,2025-03-09 15:24:04.135+00
3147,LEAD,WARM_LEAD,2025-03-27 19:33:00.397+00
3956,WARM_LEAD,RECURRING_SUBSCRIPTION,2025-03-27 21:16:20.809+00
3065,TRIAL,RECURRING_SUBSCRIPTION,2025-03-28 11:34:09.769+00
3915,RECURRING_SUBSCRIPTION,WARM_LEAD,2025-03-28 18:03:24.421+00
4233,RECURRING_SUBSCRIPTION,RECURRING_SUBSCRIPTION,2025-03-28 21:59:00.322+00
3729,LEAD,COLD_LEAD,2025-03-30 06:54:49.6+00
3882,LEAD,COLD_LEAD,2025-03-30 06:57:19.583+00
3885,LEAD,COLD_LEAD,2025-03-30 06:59:15.255+00
432,FREE_TRIAL,FREE_TRIAL,2025-03-30 14:08:57.521542+00
436,FREE_TRIAL,FREE_TRIAL,2025-03-30 14:08:57.521542+00
437,FREE_TRIAL,FREE_TRIAL,2025-03-30 14:08:57.521542+00
444,FREE_TRIAL,FREE_TRIAL,2025-03-30 14:08:57.521542+00
446,FREE_TRIAL,FREE_TRIAL,2025-03-30 14:08:57.521542+00
448,FREE_TRIAL,FREE_TRIAL,2025-03-30 14:08:57.521542+00
454,FREE_TRIAL,FREE_TRIAL,2025-03-30 14:08:57.521542+00
458,FREE_TRIAL,FREE_TRIAL,2025-03-30 14:08:57.521542+00
461,FREE_TRIAL,FREE_TRIAL,2025-03-30 14:08:57.521542+00
464,FREE_TRIAL,FREE_TRIAL,2025-03-30 14:08:57.521542+00
467,FREE_TRIAL,FREE_TRIAL,2025-03-30 14:08:57.521542+00
468,FREE_TRIAL,FREE_TRIAL,2025-03-30 14:08:57.521542+00
469,FREE_TRIAL,FREE_TRIAL,2025-03-30 14:08:57.521542+00
476,FREE_TRIAL,FREE_TRIAL,2025-03-30 14:08:57.521542+00
480,FREE_TRIAL,FREE_TRIAL,2025-03-30 14:08:57.521542+00
482,FREE_TRIAL,FREE_TRIAL,2025-03-30 14:08:57.521542+00
483,FREE_TRIAL,FREE_TRIAL,2025-03-30 14:08:57.521542+00
487,FREE_TRIAL,FREE_TRIAL,2025-03-30 14:08:57.521542+00
513,FREE_TRIAL,FREE_TRIAL,2025-03-30 14:08:57.521542+00
515,FREE_TRIAL,FREE_TRIAL,2025-03-30 14:08:57.521542+00
519,FREE_TRIAL,FREE_TRIAL,2025-03-30 14:08:57.521542+00
527,FREE_TRIAL,FREE_TRIAL,2025-03-30 14:08:57.521542+00
534,FREE_TRIAL,FREE_TRIAL,2025-03-30 14:08:57.521542+00
538,FREE_TRIAL,FREE_TRIAL,2025-03-30 14:08:57.521542+00
543,FREE_TRIAL,FREE_TRIAL,2025-03-30 14:08:57.521542+00
579,FREE_TRIAL,FREE_TRIAL,2025-03-30 14:08:57.521542+00
582,FREE_TRIAL,FREE_TRIAL,2025-03-30 14:08:57.521542+00
583,FREE_TRIAL,FREE_TRIAL,2025-03-30 14:08:57.521542+00
585,FREE_TRIAL,FREE_TRIAL,2025-03-30 14:08:57.521542+00
587,FREE_TRIAL,FREE_TRIAL,2025-03-30 14:08:57.521542+00
588,FREE_TRIAL,FREE_TRIAL,2025-03-30 14:08:57.521542+00
590,FREE_TRIAL,FREE_TRIAL,2025-03-30 14:08:57.521542+00
591,FREE_TRIAL,FREE_TRIAL,2025-03-30 14:08:57.521542+00
593,FREE_TRIAL,FREE_TRIAL,2025-03-30 14:08:57.521542+00
596,FREE_TRIAL,FREE_TRIAL,2025-03-30 14:08:57.521542+00
603,FREE_TRIAL,FREE_TRIAL,2025-03-30 14:08:57.521542+00
604,FREE_TRIAL,FREE_TRIAL,2025-03-30 14:08:57.521542+00
608,FREE_TRIAL,FREE_TRIAL,2025-03-30 14:08:57.521542+00
617,FREE_TRIAL,FREE_TRIAL,2025-03-30 14:08:57.521542+00
618,FREE_TRIAL,FREE_TRIAL,2025-03-30 14:08:57.521542+00
619,FREE_TRIAL,FREE_TRIAL,2025-03-30 14:08:57.521542+00
620,FREE_TRIAL,FREE_TRIAL,2025-03-30 14:08:57.521542+00
629,FREE_TRIAL,FREE_TRIAL,2025-03-30 14:08:57.521542+00
632,FREE_TRIAL,FREE_TRIAL,2025-03-30 14:08:57.521542+00
635,FREE_TRIAL,FREE_TRIAL,2025-03-30 14:08:57.521542+00
648,FREE_TRIAL,FREE_TRIAL,2025-03-30 14:08:57.521542+00
651,FREE_TRIAL,FREE_TRIAL,2025-03-30 14:08:57.521542+00
670,FREE_TRIAL,FREE_TRIAL,2025-03-30 14:08:57.521542+00
100,TRIAL,FREE_TRIAL,2025-03-09 15:23:52.25+00
162,COLD_LEAD,FREE_TRIAL,2025-03-09 15:24:00.125+00
313,TRIAL,FREE_TRIAL,2025-03-09 15:24:08.075+00
198,COLD_LEAD,FREE_TRIAL,2025-03-09 15:24:11.817+00
1145,TRIAL,FREE_TRIAL,2025-03-09 15:24:15.662+00
163,TRIAL,FREE_TRIAL,2025-03-09 15:24:19.529+00
142,COLD_LEAD,FREE_TRIAL,2025-03-09 15:24:23.6+00
161,TRIAL,FREE_TRIAL,2025-03-09 15:24:27.631+00
268,WARM_LEAD,FREE_TRIAL,2025-03-09 15:24:31.762+00
270,COLD_LEAD,FREE_TRIAL,2025-03-09 15:24:35.82+00
312,COLD_LEAD,FREE_TRIAL,2025-03-09 15:24:39.979+00
302,COLD_LEAD,FREE_TRIAL,2025-03-09 15:24:44.156+00
290,COLD_LEAD,FREE_TRIAL,2025-03-09 15:24:48.211+00
269,COLD_LEAD,FREE_TRIAL,2025-03-09 15:24:52.138+00
287,COLD_LEAD,FREE_TRIAL,2025-03-09 15:24:56.262+00
307,COLD_LEAD,FREE_TRIAL,2025-03-09 15:25:00.24+00
3617,LEAD,FREE_TRIAL,2025-03-09 15:25:04.36+00
304,COLD_LEAD,FREE_TRIAL,2025-03-09 15:25:08.815+00
337,COLD_LEAD,FREE_TRIAL,2025-03-09 15:25:12.927+00
370,COLD_LEAD,FREE_TRIAL,2025-03-09 15:25:16.859+00
323,COLD_LEAD,FREE_TRIAL,2025-03-09 15:25:20.611+00
373,COLD_LEAD,FREE_TRIAL,2025-03-09 15:25:24.91+00
2550,LEAD,FREE_TRIAL,2025-03-09 15:25:28.827+00
3618,LEAD,FREE_TRIAL,2025-03-09 15:25:33.063+00
354,COLD_LEAD,FREE_TRIAL,2025-03-09 15:25:37.068+00
3619,LEAD,FREE_TRIAL,2025-03-09 15:25:41.693+00
3620,LEAD,FREE_TRIAL,2025-03-09 15:25:48.999+00
311,COLD_LEAD,FREE_TRIAL,2025-03-09 15:25:52.865+00
360,COLD_LEAD,FREE_TRIAL,2025-03-09 15:25:56.578+00
385,COLD_LEAD,FREE_TRIAL,2025-03-09 15:26:00.757+00
359,TRIAL,FREE_TRIAL,2025-03-09 15:26:04.845+00
363,COLD_LEAD,FREE_TRIAL,2025-03-09 15:26:08.888+00
380,TRIAL,FREE_TRIAL,2025-03-09 15:26:13.063+00
176,TRIAL,FREE_TRIAL,2025-03-09 15:26:17.314+00
3621,LEAD,FREE_TRIAL,2025-03-09 15:26:21.408+00
537,TRIAL,FREE_TRIAL,2025-03-09 15:26:25.288+00
352,TRIAL,FREE_TRIAL,2025-03-09 15:26:29.136+00
372,COLD_LEAD,FREE_TRIAL,2025-03-09 15:26:33.154+00
377,COLD_LEAD,FREE_TRIAL,2025-03-09 15:26:37.325+00
3622,LEAD,FREE_TRIAL,2025-03-09 15:26:41.289+00
3623,LEAD,FREE_TRIAL,2025-03-09 15:26:45.562+00
1146,COLD_LEAD,FREE_TRIAL,2025-03-09 15:26:49.326+00
398,COLD_LEAD,FREE_TRIAL,2025-03-09 15:26:53.332+00
3624,LEAD,FREE_TRIAL,2025-03-09 15:26:57.448+00
426,COLD_LEAD,FREE_TRIAL,2025-03-09 15:27:01.4+00
413,COLD_LEAD,FREE_TRIAL,2025-03-09 15:27:05.48+00
3625,LEAD,FREE_TRIAL,2025-03-09 15:27:09.685+00
3626,LEAD,FREE_TRIAL,2025-03-09 15:27:13.73+00
3627,LEAD,FREE_TRIAL,2025-03-09 15:27:17.817+00
1147,COLD_LEAD,FREE_TRIAL,2025-03-09 15:27:21.676+00
3628,LEAD,FREE_TRIAL,2025-03-09 15:27:25.684+00
3629,LEAD,FREE_TRIAL,2025-03-09 15:27:30.304+00
3630,LEAD,FREE_TRIAL,2025-03-09 15:27:34.278+00
493,COLD_LEAD,FREE_TRIAL,2025-03-09 15:27:37.976+00
3631,LEAD,FREE_TRIAL,2025-03-09 15:27:42.041+00
3632,LEAD,FREE_TRIAL,2025-03-09 15:27:46.201+00
499,WARM_LEAD,FREE_TRIAL,2025-03-09 15:27:50.123+00
3633,LEAD,FREE_TRIAL,2025-03-09 15:27:54.036+00
3634,LEAD,FREE_TRIAL,2025-03-09 15:27:57.9+00
1013,COLD_LEAD,FREE_TRIAL,2025-03-09 15:28:01.958+00
3635,LEAD,FREE_TRIAL,2025-03-09 15:28:06.164+00
1148,TRIAL,FREE_TRIAL,2025-03-09 15:28:10.027+00
1230,TRIAL,FREE_TRIAL,2025-03-09 15:28:13.786+00
3636,LEAD,FREE_TRIAL,2025-03-09 15:28:17.961+00
2626,LEAD,FREE_TRIAL,2025-03-09 15:28:22.005+00
3637,LEAD,FREE_TRIAL,2025-03-09 15:28:26.249+00
3638,LEAD,FREE_TRIAL,2025-03-09 15:28:30.294+00
156,COLD_LEAD,FREE_TRIAL,2025-03-09 15:28:34.257+00
309,COLD_LEAD,FREE_TRIAL,2025-03-09 15:28:38.274+00
1049,COLD_LEAD,FREE_TRIAL,2025-03-09 15:28:41.953+00
1149,COLD_LEAD,FREE_TRIAL,2025-03-09 15:28:45.716+00
3639,LEAD,FREE_TRIAL,2025-03-09 15:28:49.696+00
3640,LEAD,FREE_TRIAL,2025-03-09 15:28:53.516+00
3641,LEAD,FREE_TRIAL,2025-03-09 15:28:57.504+00
1487,TRIAL,FREE_TRIAL,2025-03-09 15:29:01.524+00
3642,LEAD,FREE_TRIAL,2025-03-09 15:29:06.022+00
3643,LEAD,FREE_TRIAL,2025-03-09 15:29:10.242+00
3644,LEAD,FREE_TRIAL,2025-03-09 15:29:17.199+00
3645,LEAD,FREE_TRIAL,2025-03-09 15:29:21.266+00
1344,COLD_LEAD,FREE_TRIAL,2025-03-09 15:29:25.073+00
1341,LEAD,FREE_TRIAL,2025-03-09 15:29:28.796+00
3646,LEAD,FREE_TRIAL,2025-03-09 15:29:32.715+00
1319,LEAD,FREE_TRIAL,2025-03-09 15:29:36.911+00
1320,LEAD,FREE_TRIAL,2025-03-09 15:29:40.585+00
1343,LEAD,FREE_TRIAL,2025-03-09 15:29:44.314+00
1339,LEAD,FREE_TRIAL,2025-03-09 15:29:48.232+00
1346,LEAD,FREE_TRIAL,2025-03-09 15:29:52.027+00
1349,WARM_LEAD,FREE_TRIAL,2025-03-09 15:30:00.206+00
1364,LEAD,FREE_TRIAL,2025-03-09 15:30:04.041+00
1366,LEAD,FREE_TRIAL,2025-03-09 15:30:07.859+00
1370,LEAD,FREE_TRIAL,2025-03-09 15:30:11.686+00
1377,LEAD,FREE_TRIAL,2025-03-09 15:30:15.545+00
1338,TRIAL,FREE_TRIAL,2025-03-09 15:30:23.506+00
1348,LEAD,FREE_TRIAL,2025-03-09 15:30:27.487+00
3648,LEAD,FREE_TRIAL,2025-03-09 15:30:31.527+00
1488,LEAD,FREE_TRIAL,2025-03-09 15:30:35.61+00
3649,LEAD,FREE_TRIAL,2025-03-09 15:30:39.565+00
3650,LEAD,FREE_TRIAL,2025-03-09 15:30:47.67+00
1578,LEAD,FREE_TRIAL,2025-03-09 15:30:51.647+00
3651,LEAD,FREE_TRIAL,2025-03-09 15:30:55.653+00
1575,LEAD,FREE_TRIAL,2025-03-09 15:31:03.949+00
1590,LEAD,FREE_TRIAL,2025-03-09 15:31:07.903+00
1577,TRIAL,FREE_TRIAL,2025-03-09 15:31:11.912+00
1762,LEAD,FREE_TRIAL,2025-03-09 15:31:15.936+00
1652,LEAD,FREE_TRIAL,2025-03-09 15:31:24.165+00
1677,COLD_LEAD,FREE_TRIAL,2025-03-09 15:31:28.336+00
1653,LEAD,FREE_TRIAL,2025-03-09 15:31:32.441+00
1736,TRIAL,FREE_TRIAL,2025-03-09 15:31:36.682+00
1635,TRIAL,FREE_TRIAL,2025-03-09 15:31:40.71+00
1663,LEAD,FREE_TRIAL,2025-03-09 15:31:45.063+00
1658,LEAD,FREE_TRIAL,2025-03-09 15:31:53.055+00
1659,LEAD,FREE_TRIAL,2025-03-09 15:31:57.118+00
1711,TRIAL,FREE_TRIAL,2025-03-09 15:32:05.272+00
1738,COLD_LEAD,FREE_TRIAL,2025-03-09 15:32:09.434+00
3655,LEAD,FREE_TRIAL,2025-03-09 15:32:20.668+00
3657,LEAD,FREE_TRIAL,2025-03-09 15:32:33.036+00
3658,LEAD,FREE_TRIAL,2025-03-09 15:32:37.14+00
1913,WARM_LEAD,FREE_TRIAL,2025-03-09 15:32:41.03+00
3661,LEAD,FREE_TRIAL,2025-03-09 15:32:53.128+00
101,COLD_LEAD,FREE_TRIAL,2025-03-09 15:32:58.091+00
3663,LEAD,FREE_TRIAL,2025-03-09 15:33:01.889+00
1940,LEAD,FREE_TRIAL,2025-03-09 15:33:05.953+00
3664,LEAD,FREE_TRIAL,2025-03-09 15:33:13.823+00
3665,LEAD,FREE_TRIAL,2025-03-09 15:33:21.93+00
3666,LEAD,FREE_TRIAL,2025-03-09 15:33:28.636+00
3668,LEAD,FREE_TRIAL,2025-03-09 15:33:36.855+00
3669,LEAD,FREE_TRIAL,2025-03-09 15:33:40.82+00
2046,LEAD,FREE_TRIAL,2025-03-09 15:33:45.225+00
3670,LEAD,FREE_TRIAL,2025-03-09 15:33:49.371+00
3672,LEAD,FREE_TRIAL,2025-03-09 15:34:00.184+00
3674,LEAD,FREE_TRIAL,2025-03-09 15:34:11.286+00
3675,LEAD,FREE_TRIAL,2025-03-09 15:34:19.745+00
3676,LEAD,FREE_TRIAL,2025-03-09 15:34:23.817+00
3677,LEAD,FREE_TRIAL,2025-03-09 15:34:27.824+00
2209,LEAD,FREE_TRIAL,2025-03-09 15:34:32.101+00
3678,LEAD,FREE_TRIAL,2025-03-09 15:34:38.993+00
3679,LEAD,FREE_TRIAL,2025-03-09 15:34:45.726+00
3680,LEAD,FREE_TRIAL,2025-03-09 15:34:56.594+00
2211,TRIAL,FREE_TRIAL,2025-03-09 15:35:07.504+00
3683,LEAD,FREE_TRIAL,2025-03-09 15:35:15.89+00
3684,LEAD,FREE_TRIAL,2025-03-09 15:35:22.776+00
3685,LEAD,FREE_TRIAL,2025-03-09 15:35:27.026+00
3686,LEAD,FREE_TRIAL,2025-03-09 15:35:31.368+00
3687,LEAD,FREE_TRIAL,2025-03-09 15:35:35.551+00
3688,LEAD,FREE_TRIAL,2025-03-09 15:35:39.844+00
2423,LEAD,FREE_TRIAL,2025-03-09 15:35:43.963+00
3689,LEAD,FREE_TRIAL,2025-03-09 15:35:48.181+00
2435,LEAD,FREE_TRIAL,2025-03-09 15:35:52.066+00
2426,LEAD,FREE_TRIAL,2025-03-09 15:35:56.008+00
2454,LEAD,FREE_TRIAL,2025-03-09 15:36:04.124+00
2458,LEAD,FREE_TRIAL,2025-03-09 15:36:08.275+00
3690,LEAD,FREE_TRIAL,2025-03-09 15:36:12.372+00
2500,LEAD,FREE_TRIAL,2025-03-09 15:36:20.922+00
3693,LEAD,FREE_TRIAL,2025-03-09 15:36:31.762+00
3694,LEAD,FREE_TRIAL,2025-03-09 15:36:35.983+00
3695,LEAD,FREE_TRIAL,2025-03-09 15:36:40.139+00
3696,LEAD,FREE_TRIAL,2025-03-09 15:36:44.795+00
3697,LEAD,FREE_TRIAL,2025-03-09 15:36:49.267+00
3698,LEAD,FREE_TRIAL,2025-03-09 15:36:53.491+00
3699,LEAD,FREE_TRIAL,2025-03-09 15:36:57.534+00
3700,LEAD,FREE_TRIAL,2025-03-09 15:37:01.716+00
3701,LEAD,FREE_TRIAL,2025-03-09 15:37:06.653+00
3702,LEAD,FREE_TRIAL,2025-03-09 15:37:10.583+00
3703,LEAD,FREE_TRIAL,2025-03-09 15:37:18.667+00
3705,LEAD,FREE_TRIAL,2025-03-09 15:37:26.797+00
3706,LEAD,FREE_TRIAL,2025-03-09 15:37:34.767+00
2843,LEAD,FREE_TRIAL,2025-03-09 15:37:42.85+00
3707,LEAD,FREE_TRIAL,2025-03-09 15:37:47.101+00
3709,LEAD,FREE_TRIAL,2025-03-09 15:37:55.356+00
3710,LEAD,FREE_TRIAL,2025-03-09 15:37:59.363+00
2882,LEAD,FREE_TRIAL,2025-03-09 15:38:03.766+00
2886,WARM_LEAD,FREE_TRIAL,2025-03-09 15:38:07.897+00
2890,LEAD,FREE_TRIAL,2025-03-09 15:38:11.921+00
1347,LEAD,FREE_TRIAL,2025-03-09 15:29:55.738+00
3647,LEAD,FREE_TRIAL,2025-03-09 15:30:19.59+00
1867,LEAD,FREE_TRIAL,2025-03-09 15:30:43.571+00
3652,LEAD,FREE_TRIAL,2025-03-09 15:30:59.817+00
3653,LEAD,FREE_TRIAL,2025-03-09 15:31:20.098+00
1690,LEAD,FREE_TRIAL,2025-03-09 15:32:01.144+00
1660,TRIAL,FREE_TRIAL,2025-03-09 15:32:13.751+00
3656,LEAD,FREE_TRIAL,2025-03-09 15:32:25.067+00
1887,COLD_LEAD,FREE_TRIAL,2025-03-09 15:32:29.114+00
3659,LEAD,FREE_TRIAL,2025-03-09 15:32:44.954+00
3660,LEAD,FREE_TRIAL,2025-03-09 15:32:49.166+00
3662,LEAD,FREE_TRIAL,2025-03-09 15:32:57.091+00
1949,LEAD,FREE_TRIAL,2025-03-09 15:33:09.895+00
1638,TRIAL,FREE_TRIAL,2025-03-09 15:33:17.83+00
3667,LEAD,FREE_TRIAL,2025-03-09 15:33:32.696+00
3671,LEAD,FREE_TRIAL,2025-03-09 15:33:56.101+00
3673,LEAD,FREE_TRIAL,2025-03-09 15:34:04.218+00
183,TRIAL,FREE_TRIAL,2025-03-09 15:34:15.274+00
2272,TRIAL,FREE_TRIAL,2025-03-09 15:34:49.707+00
3681,LEAD,FREE_TRIAL,2025-03-09 15:35:03.308+00
3682,LEAD,FREE_TRIAL,2025-03-09 15:35:11.901+00
2432,LEAD,FREE_TRIAL,2025-03-09 15:35:59.917+00
3691,LEAD,FREE_TRIAL,2025-03-09 15:36:17.06+00
3692,LEAD,FREE_TRIAL,2025-03-09 15:36:25.098+00
2717,LEAD,FREE_TRIAL,2025-03-09 15:37:14.613+00
3704,LEAD,FREE_TRIAL,2025-03-09 15:37:22.768+00
2806,LEAD,FREE_TRIAL,2025-03-09 15:37:30.842+00
2831,LEAD,FREE_TRIAL,2025-03-09 15:37:39.011+00
3708,LEAD,FREE_TRIAL,2025-03-09 15:37:51.303+00
2943,LEAD,FREE_TRIAL,2025-03-09 15:38:32.485+00
3177,LEAD,FREE_TRIAL,2025-03-09 15:38:52.892+00
3174,LEAD,FREE_TRIAL,2025-03-09 15:39:04.488+00
3023,LEAD,FREE_TRIAL,2025-03-09 15:39:16.572+00
3172,LEAD,FREE_TRIAL,2025-03-09 15:39:27.236+00
3090,LEAD,FREE_TRIAL,2025-03-09 15:39:35.3+00
3168,LEAD,FREE_TRIAL,2025-03-09 15:39:44.854+00
3108,LEAD,FREE_TRIAL,2025-03-09 15:39:52.745+00
3127,LEAD,FREE_TRIAL,2025-03-09 15:40:08.936+00
3167,LEAD,FREE_TRIAL,2025-03-09 15:40:28.566+00
3180,LEAD,FREE_TRIAL,2025-03-09 15:40:41.947+00
3531,LEAD,FREE_TRIAL,2025-03-09 15:41:11.839+00
3534,LEAD,FREE_TRIAL,2025-03-09 15:41:20.161+00
3553,LEAD,FREE_TRIAL,2025-03-09 15:41:35.659+00
3555,LEAD,FREE_TRIAL,2025-03-09 15:41:43.903+00
3147,WARM_LEAD,RECURRING_SUBSCRIPTION,2025-03-27 19:33:47.566+00
3956,RECURRING_SUBSCRIPTION,RECURRING_SUBSCRIPTION,2025-03-27 22:09:55.64+00
468,RECURRING_SUBSCRIPTION,CHURN,2025-03-28 13:42:04.51+00
468,CHURN,WARM_LEAD,2025-03-28 18:04:47.887+00
3695,FREE_TRIAL,RECURRING_SUBSCRIPTION,2025-03-28 22:25:31.67+00
3733,LEAD,COLD_LEAD,2025-03-30 06:55:23.85+00
3868,LEAD,COLD_LEAD,2025-03-30 06:57:47.898+00
5196,LEAD,WARM_LEAD,2025-03-30 10:53:19.173+00
694,FREE_TRIAL,FREE_TRIAL,2025-03-30 14:08:57.521542+00
698,FREE_TRIAL,FREE_TRIAL,2025-03-30 14:08:57.521542+00
705,FREE_TRIAL,FREE_TRIAL,2025-03-30 14:08:57.521542+00
709,FREE_TRIAL,FREE_TRIAL,2025-03-30 14:08:57.521542+00
728,FREE_TRIAL,FREE_TRIAL,2025-03-30 14:08:57.521542+00
739,FREE_TRIAL,FREE_TRIAL,2025-03-30 14:08:57.521542+00
745,FREE_TRIAL,FREE_TRIAL,2025-03-30 14:08:57.521542+00
755,FREE_TRIAL,FREE_TRIAL,2025-03-30 14:08:57.521542+00
770,FREE_TRIAL,FREE_TRIAL,2025-03-30 14:08:57.521542+00
776,FREE_TRIAL,FREE_TRIAL,2025-03-30 14:08:57.521542+00
786,FREE_TRIAL,FREE_TRIAL,2025-03-30 14:08:57.521542+00
790,FREE_TRIAL,FREE_TRIAL,2025-03-30 14:08:57.521542+00
791,FREE_TRIAL,FREE_TRIAL,2025-03-30 14:08:57.521542+00
798,FREE_TRIAL,FREE_TRIAL,2025-03-30 14:08:57.521542+00
841,FREE_TRIAL,FREE_TRIAL,2025-03-30 14:08:57.521542+00
856,FREE_TRIAL,FREE_TRIAL,2025-03-30 14:08:57.521542+00
892,FREE_TRIAL,FREE_TRIAL,2025-03-30 14:08:57.521542+00
898,FREE_TRIAL,FREE_TRIAL,2025-03-30 14:08:57.521542+00
908,FREE_TRIAL,FREE_TRIAL,2025-03-30 14:08:57.521542+00
912,FREE_TRIAL,FREE_TRIAL,2025-03-30 14:08:57.521542+00
916,FREE_TRIAL,FREE_TRIAL,2025-03-30 14:08:57.521542+00
921,FREE_TRIAL,FREE_TRIAL,2025-03-30 14:08:57.521542+00
166,CHURN,TRIAL,2025-03-31 08:18:32.629+00
2889,LEAD,FREE_TRIAL,2025-03-09 15:38:16.068+00
2899,LEAD,FREE_TRIAL,2025-03-09 15:38:20.113+00
2941,LEAD,FREE_TRIAL,2025-03-09 15:38:24.18+00
2942,LEAD,FREE_TRIAL,2025-03-09 15:38:28.521+00
2947,LEAD,FREE_TRIAL,2025-03-09 15:38:36.436+00
2946,TRIAL,FREE_TRIAL,2025-03-09 15:38:40.473+00
2954,LEAD,FREE_TRIAL,2025-03-09 15:38:44.632+00
2962,LEAD,FREE_TRIAL,2025-03-09 15:38:48.961+00
3169,LEAD,FREE_TRIAL,2025-03-09 15:38:59.953+00
3175,LEAD,FREE_TRIAL,2025-03-09 15:39:08.542+00
3176,LEAD,FREE_TRIAL,2025-03-09 15:39:12.455+00
3170,LEAD,FREE_TRIAL,2025-03-09 15:39:23.14+00
3089,WARM_LEAD,FREE_TRIAL,2025-03-09 15:39:31.357+00
3097,LEAD,FREE_TRIAL,2025-03-09 15:39:48.718+00
3109,LEAD,FREE_TRIAL,2025-03-09 15:39:56.982+00
3120,LEAD,FREE_TRIAL,2025-03-09 15:40:00.872+00
3111,TRIAL,FREE_TRIAL,2025-03-09 15:40:04.992+00
3130,LEAD,FREE_TRIAL,2025-03-09 15:40:13.227+00
3155,LEAD,FREE_TRIAL,2025-03-09 15:40:17.36+00
3162,LEAD,FREE_TRIAL,2025-03-09 15:40:21.622+00
3179,LEAD,FREE_TRIAL,2025-03-09 15:40:37.937+00
3185,LEAD,FREE_TRIAL,2025-03-09 15:40:46.645+00
3186,LEAD,FREE_TRIAL,2025-03-09 15:40:50.62+00
3187,LEAD,FREE_TRIAL,2025-03-09 15:40:55.139+00
3188,LEAD,FREE_TRIAL,2025-03-09 15:40:59.173+00
3527,LEAD,FREE_TRIAL,2025-03-09 15:41:03.559+00
3532,LEAD,FREE_TRIAL,2025-03-09 15:41:16.226+00
3535,LEAD,FREE_TRIAL,2025-03-09 15:41:27.262+00
3536,LEAD,FREE_TRIAL,2025-03-09 15:41:31.578+00
3537,LEAD,FREE_TRIAL,2025-03-09 15:41:39.609+00
3538,LEAD,FREE_TRIAL,2025-03-09 15:41:47.888+00
3554,LEAD,FREE_TRIAL,2025-03-09 15:41:52.078+00
3551,LEAD,FREE_TRIAL,2025-03-09 15:42:08.628+00
3552,LEAD,FREE_TRIAL,2025-03-09 15:42:12.724+00
3565,LEAD,FREE_TRIAL,2025-03-09 15:42:17.008+00
3533,WARM_LEAD,FREE_TRIAL,2025-03-09 15:42:26.084+00
3530,LEAD,FREE_TRIAL,2025-03-09 15:42:30.091+00
3571,LEAD,FREE_TRIAL,2025-03-09 15:42:34.134+00
3575,LEAD,FREE_TRIAL,2025-03-09 15:42:40.955+00
3589,LEAD,FREE_TRIAL,2025-03-09 15:42:44.964+00
2928,TRIAL,ON_DEMAND_SUBSCRIPTION,2025-03-10 07:36:52.438+00
1611,RECURRING_SUBSCRIPTION,WARM_LEAD,2025-03-10 09:30:45.912+00
1611,WARM_LEAD,LEAD,2025-03-10 10:12:54.524+00
2372,RECURRING_SUBSCRIPTION,ON_DEMAND_SUBSCRIPTION,2025-03-10 15:48:04.597+00
3607,LEAD,WARM_LEAD,2025-03-10 17:37:38.646+00
3607,WARM_LEAD,RECURRING_SUBSCRIPTION,2025-03-10 17:38:28.36+00
3607,RECURRING_SUBSCRIPTION,RECURRING_SUBSCRIPTION,2025-03-10 17:38:44.57+00
3607,RECURRING_SUBSCRIPTION,RECURRING_SUBSCRIPTION,2025-03-10 17:58:36.335+00
3607,RECURRING_SUBSCRIPTION,WARM_LEAD,2025-03-10 18:04:06.092+00
623,COLD_LEAD,WARM_LEAD,2025-03-10 18:53:50.278+00
623,WARM_LEAD,RECURRING_SUBSCRIPTION,2025-03-10 18:54:17.428+00
3607,RECURRING_SUBSCRIPTION,WARM_LEAD,2025-03-10 19:00:50.081+00
2204,RECURRING_SUBSCRIPTION,CHURN,2025-03-10 21:03:12.768+00
3715,LEAD,WARM_LEAD,2025-03-10 21:12:52.321+00
3715,WARM_LEAD,RECURRING_SUBSCRIPTION,2025-03-10 21:17:22.153+00
3719,LEAD,WARM_LEAD,2025-03-10 22:35:28.437+00
3719,WARM_LEAD,RECURRING_SUBSCRIPTION,2025-03-10 22:35:50.696+00
3715,RECURRING_SUBSCRIPTION,WARM_LEAD,2025-03-11 10:45:07.753+00
3197,WARM_LEAD,RECURRING_SUBSCRIPTION,2025-03-11 12:49:09.855+00
3560,LEAD,COLD_LEAD,2025-03-11 15:37:14.155+00
175,WARM_LEAD,LEAD,2025-03-11 15:39:51.574+00
806,RECURRING_SUBSCRIPTION,CHURN,2025-03-11 16:29:58.632+00
199,TRIAL,RECURRING_SUBSCRIPTION,2025-03-11 17:22:05.116+00
3721,LEAD,WARM_LEAD,2025-03-11 19:38:04.001+00
3721,WARM_LEAD,RECURRING_SUBSCRIPTION,2025-03-11 19:38:41.374+00
3074,LEAD,WARM_LEAD,2025-03-11 20:19:29.916+00
3074,WARM_LEAD,RECURRING_SUBSCRIPTION,2025-03-11 20:19:54.566+00
2891,LEAD,WARM_LEAD,2025-03-11 20:33:02.292+00
3022,LEAD,WARM_LEAD,2025-03-11 20:34:17.138+00
3022,WARM_LEAD,RECURRING_SUBSCRIPTION,2025-03-11 20:39:11.103+00
3022,RECURRING_SUBSCRIPTION,RECURRING_SUBSCRIPTION,2025-03-11 20:42:23.669+00
2891,WARM_LEAD,RECURRING_SUBSCRIPTION,2025-03-11 21:44:36.656+00
3090,FREE_TRIAL,RECURRING_SUBSCRIPTION,2025-03-11 22:07:19.775+00
3090,RECURRING_SUBSCRIPTION,RECURRING_SUBSCRIPTION,2025-03-11 22:07:55.699+00
3090,RECURRING_SUBSCRIPTION,RECURRING_SUBSCRIPTION,2025-03-11 22:10:04.769+00
3090,RECURRING_SUBSCRIPTION,RECURRING_SUBSCRIPTION,2025-03-11 22:12:13.832+00
3090,RECURRING_SUBSCRIPTION,RECURRING_SUBSCRIPTION,2025-03-11 22:17:28.416+00
3090,RECURRING_SUBSCRIPTION,RECURRING_SUBSCRIPTION,2025-03-11 22:28:30.455+00
3090,RECURRING_SUBSCRIPTION,RECURRING_SUBSCRIPTION,2025-03-11 22:32:12.056+00
3041,LEAD,WARM_LEAD,2025-03-11 22:45:05.164+00
3041,WARM_LEAD,ON_DEMAND_SUBSCRIPTION,2025-03-11 22:45:14.381+00
2787,RECURRING_SUBSCRIPTION,CHURN,2025-03-12 10:57:22.96+00
199,RECURRING_SUBSCRIPTION,TRIAL,2025-03-12 12:23:23.382+00
3197,RECURRING_SUBSCRIPTION,TRIAL,2025-03-12 12:23:43.271+00
3721,RECURRING_SUBSCRIPTION,WARM_LEAD,2025-03-12 12:24:17.6+00
3022,RECURRING_SUBSCRIPTION,WARM_LEAD,2025-03-12 12:24:42.178+00
3576,LEAD,WARM_LEAD,2025-03-12 13:03:12.137+00
3576,WARM_LEAD,RECURRING_SUBSCRIPTION,2025-03-12 13:04:18.243+00
3576,RECURRING_SUBSCRIPTION,RECURRING_SUBSCRIPTION,2025-03-12 13:08:59.244+00
3576,RECURRING_SUBSCRIPTION,RECURRING_SUBSCRIPTION,2025-03-12 13:10:42.34+00
3576,RECURRING_SUBSCRIPTION,WARM_LEAD,2025-03-12 13:33:47.694+00
2515,RECURRING_SUBSCRIPTION,RECURRING_SUBSCRIPTION,2025-03-12 13:43:21.295+00
2814,TRIAL,ON_DEMAND_SUBSCRIPTION,2025-03-12 14:52:15.027+00
3090,RECURRING_SUBSCRIPTION,RECURRING_SUBSCRIPTION,2025-03-12 15:51:54.143+00
3090,RECURRING_SUBSCRIPTION,RECURRING_SUBSCRIPTION,2025-03-12 15:59:15.469+00
3090,RECURRING_SUBSCRIPTION,RECURRING_SUBSCRIPTION,2025-03-12 16:06:33.1+00
2814,ON_DEMAND_SUBSCRIPTION,WARM_LEAD,2025-03-12 16:19:21.963+00
2436,RECURRING_SUBSCRIPTION,ON_DEMAND_SUBSCRIPTION,2025-03-12 17:16:00.159+00
3780,LEAD,WARM_LEAD,2025-03-12 17:17:09.003+00
3090,RECURRING_SUBSCRIPTION,RECURRING_SUBSCRIPTION,2025-03-12 17:22:20.884+00
3780,WARM_LEAD,TRIAL,2025-03-12 17:53:15.115+00
874,FREEMIUM,WARM_LEAD,2025-03-12 22:53:12.797+00
874,WARM_LEAD,RECURRING_SUBSCRIPTION,2025-03-12 22:53:30.868+00
874,RECURRING_SUBSCRIPTION,WARM_LEAD,2025-03-12 22:56:32.371+00
2444,RECURRING_SUBSCRIPTION,CHURN,2025-03-13 09:49:33.48+00
2598,RECURRING_SUBSCRIPTION,CHURN,2025-03-13 09:51:21.059+00
3196,LEAD,COLD_LEAD,2025-03-13 11:15:10.861+00
3559,LEAD,COLD_LEAD,2025-03-13 11:16:09.229+00
3561,LEAD,COLD_LEAD,2025-03-13 11:16:37.78+00
3562,LEAD,COLD_LEAD,2025-03-13 11:17:07.897+00
3567,LEAD,COLD_LEAD,2025-03-13 11:17:38.827+00
3569,LEAD,COLD_LEAD,2025-03-13 11:18:05.842+00
3573,LEAD,COLD_LEAD,2025-03-13 11:49:31.864+00
2672,RECURRING_SUBSCRIPTION,ON_DEMAND_SUBSCRIPTION,2025-03-13 13:29:58.951+00
2790,WARM_LEAD,RECURRING_SUBSCRIPTION,2025-03-13 15:47:59.866+00
3823,LEAD,WARM_LEAD,2025-03-13 20:00:07.413+00
3823,WARM_LEAD,RECURRING_SUBSCRIPTION,2025-03-13 20:00:31.318+00
3716,LEAD,WARM_LEAD,2025-03-13 21:27:09.221+00
3716,WARM_LEAD,RECURRING_SUBSCRIPTION,2025-03-13 21:27:48.416+00
3090,RECURRING_SUBSCRIPTION,RECURRING_SUBSCRIPTION,2025-03-13 21:40:10.649+00
3861,LEAD,WARM_LEAD,2025-03-13 22:34:40.394+00
3861,WARM_LEAD,RECURRING_SUBSCRIPTION,2025-03-13 22:34:47.117+00
3861,RECURRING_SUBSCRIPTION,RECURRING_SUBSCRIPTION,2025-03-13 22:35:22.662+00
3861,RECURRING_SUBSCRIPTION,RECURRING_SUBSCRIPTION,2025-03-13 22:36:04.189+00
3823,RECURRING_SUBSCRIPTION,RECURRING_SUBSCRIPTION,2025-03-13 22:50:20.224+00
3823,RECURRING_SUBSCRIPTION,WARM_LEAD,2025-03-13 22:53:20.386+00
3862,LEAD,TRIAL,2025-03-14 01:20:33.332+00
2232,ON_DEMAND_SUBSCRIPTION,TRIAL,2025-03-14 17:58:42.82+00
3865,LEAD,WARM_LEAD,2025-03-14 20:29:58.389+00
3572,LEAD,COLD_LEAD,2025-03-16 07:25:56.204+00
3590,LEAD,COLD_LEAD,2025-03-16 07:26:33.149+00
3773,LEAD,WARM_LEAD,2025-03-16 08:22:58.408+00
3773,WARM_LEAD,TRIAL,2025-03-16 08:23:31.469+00
2747,LEAD,WARM_LEAD,2025-03-16 11:45:46.811+00
2747,WARM_LEAD,RECURRING_SUBSCRIPTION,2025-03-16 11:46:50.869+00
2747,RECURRING_SUBSCRIPTION,TRIAL,2025-03-16 12:07:08.712+00
3777,LEAD,WARM_LEAD,2025-03-16 13:07:12.594+00
3777,WARM_LEAD,RECURRING_SUBSCRIPTION,2025-03-16 13:10:17.015+00
3777,RECURRING_SUBSCRIPTION,WARM_LEAD,2025-03-16 16:25:25.59+00
2805,RECURRING_SUBSCRIPTION,CHURN,2025-03-17 11:30:51.457+00
138,CHURN,TRIAL,2025-03-17 15:29:18.951+00
138,TRIAL,ON_DEMAND_SUBSCRIPTION,2025-03-17 15:42:38.4+00
138,ON_DEMAND_SUBSCRIPTION,CHURN,2025-03-17 15:43:15.227+00
3040,TRIAL,RECURRING_SUBSCRIPTION,2025-03-17 23:03:44.731+00
586,RECURRING_SUBSCRIPTION,CHURN,2025-03-18 16:20:01.583+00
2133,FROZEN,CHURN,2025-03-18 16:32:01.049+00
2700,RECURRING_SUBSCRIPTION,FROZEN,2025-03-18 16:32:48.99+00
1176,RECURRING_SUBSCRIPTION,CHURN,2025-03-18 17:14:09.549+00
648,TRIAL,RECURRING_SUBSCRIPTION,2025-03-18 21:10:38.821+00
3588,LEAD,WARM_LEAD,2025-03-18 22:24:59.796+00
3588,WARM_LEAD,RECURRING_SUBSCRIPTION,2025-03-18 22:25:08.966+00
3588,RECURRING_SUBSCRIPTION,WARM_LEAD,2025-03-18 22:29:36.921+00
3040,RECURRING_SUBSCRIPTION,WARM_LEAD,2025-03-18 22:40:37.109+00
648,RECURRING_SUBSCRIPTION,RECURRING_SUBSCRIPTION,2025-03-18 23:34:51.857+00
648,RECURRING_SUBSCRIPTION,RECURRING_SUBSCRIPTION,2025-03-18 23:38:05.728+00
3717,LEAD,COLD_LEAD,2025-03-19 06:58:24.43+00
2196,RECURRING_SUBSCRIPTION,TRIAL,2025-03-19 11:20:34.858+00
2444,CHURN,TRIAL,2025-03-19 11:36:56.8+00
915,RECURRING_SUBSCRIPTION,CHURN,2025-03-19 13:15:44.504+00
2747,TRIAL,RECURRING_SUBSCRIPTION,2025-03-19 13:55:37.941+00
3905,LEAD,WARM_LEAD,2025-03-19 14:11:05.644+00
2790,RECURRING_SUBSCRIPTION,TRIAL,2025-03-19 15:31:17.315+00
2798,RECURRING_SUBSCRIPTION,RECURRING_SUBSCRIPTION,2025-03-19 17:33:43.637+00
3904,LEAD,WARM_LEAD,2025-03-19 21:50:46.818+00
3904,WARM_LEAD,RECURRING_SUBSCRIPTION,2025-03-19 21:51:45.361+00
3530,FREE_TRIAL,RECURRING_SUBSCRIPTION,2025-03-19 22:01:58.392+00
3861,RECURRING_SUBSCRIPTION,WARM_LEAD,2025-03-19 22:30:47.34+00
3861,WARM_LEAD,RECURRING_SUBSCRIPTION,2025-03-19 22:32:31.21+00
3861,RECURRING_SUBSCRIPTION,WARM_LEAD,2025-03-19 23:09:52.208+00
3888,LEAD,WARM_LEAD,2025-03-20 08:58:20.145+00
3888,WARM_LEAD,TRIAL,2025-03-20 08:58:45.053+00
138,CHURN,RECURRING_SUBSCRIPTION,2025-03-20 10:11:28.157+00
138,RECURRING_SUBSCRIPTION,RECURRING_SUBSCRIPTION,2025-03-20 10:39:12.02+00
138,RECURRING_SUBSCRIPTION,RECURRING_SUBSCRIPTION,2025-03-20 10:39:34.219+00
555,RECURRING_SUBSCRIPTION,CHURN,2025-03-20 13:36:04.546+00
138,RECURRING_SUBSCRIPTION,ON_DEMAND_SUBSCRIPTION,2025-03-20 14:06:35.006+00
1273,RECURRING_SUBSCRIPTION,CHURN,2025-03-20 16:58:35.297+00
2210,RECURRING_SUBSCRIPTION,TRIAL,2025-03-20 17:44:01.052+00
2210,TRIAL,ON_DEMAND_SUBSCRIPTION,2025-03-20 18:04:55.439+00
2464,LEAD,WARM_LEAD,2025-03-20 20:32:19.967+00
2464,WARM_LEAD,RECURRING_SUBSCRIPTION,2025-03-20 20:32:51.87+00
2464,RECURRING_SUBSCRIPTION,RECURRING_SUBSCRIPTION,2025-03-20 20:33:33.093+00
2464,RECURRING_SUBSCRIPTION,RECURRING_SUBSCRIPTION,2025-03-20 20:37:14.756+00
2464,RECURRING_SUBSCRIPTION,RECURRING_SUBSCRIPTION,2025-03-20 21:55:41.374+00
2464,RECURRING_SUBSCRIPTION,RECURRING_SUBSCRIPTION,2025-03-20 21:56:02.468+00
2464,RECURRING_SUBSCRIPTION,TRIAL,2025-03-20 21:58:03.95+00
2556,RECURRING_SUBSCRIPTION,TRIAL,2025-03-20 22:51:50.74+00
3886,LEAD,TRIAL,2025-03-21 06:01:47.643+00
3917,LEAD,WARM_LEAD,2025-03-21 15:01:52.035+00
3917,WARM_LEAD,RECURRING_SUBSCRIPTION,2025-03-21 15:02:03.362+00
3915,LEAD,WARM_LEAD,2025-03-21 15:35:16.898+00
3915,WARM_LEAD,RECURRING_SUBSCRIPTION,2025-03-21 15:36:08.382+00
3915,RECURRING_SUBSCRIPTION,RECURRING_SUBSCRIPTION,2025-03-21 15:52:41.742+00
231,CHURN,RECURRING_SUBSCRIPTION,2025-03-21 16:52:14.392+00
1051,RECURRING_SUBSCRIPTION,ON_DEMAND_SUBSCRIPTION,2025-03-21 18:08:05.343+00
3538,FREE_TRIAL,WARM_LEAD,2025-03-21 20:37:19.29+00
3928,LEAD,WARM_LEAD,2025-03-21 21:10:48.151+00
3928,WARM_LEAD,RECURRING_SUBSCRIPTION,2025-03-21 21:10:59.062+00
3928,RECURRING_SUBSCRIPTION,RECURRING_SUBSCRIPTION,2025-03-21 21:12:13.285+00
3923,LEAD,WARM_LEAD,2025-03-21 21:56:07.277+00
3923,WARM_LEAD,RECURRING_SUBSCRIPTION,2025-03-21 21:57:30.169+00
3923,RECURRING_SUBSCRIPTION,RECURRING_SUBSCRIPTION,2025-03-21 22:24:33.998+00
3918,LEAD,WARM_LEAD,2025-03-21 22:37:58.079+00
3918,WARM_LEAD,RECURRING_SUBSCRIPTION,2025-03-21 22:38:04.39+00
648,RECURRING_SUBSCRIPTION,WARM_LEAD,2025-03-22 00:45:12.217+00
3574,LEAD,COLD_LEAD,2025-03-23 07:05:54.567+00
3777,WARM_LEAD,TRIAL,2025-03-23 09:20:44.639+00
1184,RECURRING_SUBSCRIPTION,FROZEN,2025-03-24 12:57:50.232+00
2803,RECURRING_SUBSCRIPTION,ON_DEMAND_SUBSCRIPTION,2025-03-24 13:04:12.681+00
1904,CHURN,RECURRING_SUBSCRIPTION,2025-03-24 14:17:11.174+00
2884,RECURRING_SUBSCRIPTION,TRIAL,2025-03-24 14:34:43.565+00
2895,LEAD,WARM_LEAD,2025-03-24 14:57:52.449+00
2895,WARM_LEAD,TRIAL,2025-03-24 15:03:21.571+00
1543,LEAD,WARM_LEAD,2025-03-24 18:27:03.574+00
2891,RECURRING_SUBSCRIPTION,RECURRING_SUBSCRIPTION,2025-03-24 18:30:28.604+00
1543,WARM_LEAD,RECURRING_SUBSCRIPTION,2025-03-24 18:41:22.806+00
1543,RECURRING_SUBSCRIPTION,TRIAL,2025-03-24 18:56:05.85+00
3936,LEAD,WARM_LEAD,2025-03-24 21:13:59.728+00
3936,WARM_LEAD,RECURRING_SUBSCRIPTION,2025-03-24 21:15:06.06+00
3928,RECURRING_SUBSCRIPTION,WARM_LEAD,2025-03-24 21:32:32.629+00
1603,LEAD,WARM_LEAD,2025-03-24 21:40:31.086+00
1603,WARM_LEAD,RECURRING_SUBSCRIPTION,2025-03-24 21:40:41.962+00
1603,RECURRING_SUBSCRIPTION,RECURRING_SUBSCRIPTION,2025-03-24 21:40:54.702+00
1603,RECURRING_SUBSCRIPTION,RECURRING_SUBSCRIPTION,2025-03-24 21:43:21.416+00
3543,RECURRING_SUBSCRIPTION,WARM_LEAD,2025-03-24 23:29:12.858+00
3929,LEAD,COLD_LEAD,2025-03-25 12:39:02.923+00
3948,LEAD,FREE_TRIAL,2025-03-25 14:03:30.51+00
3081,LEAD,WARM_LEAD,2025-03-25 15:42:45.924+00
3081,WARM_LEAD,RECURRING_SUBSCRIPTION,2025-03-25 15:42:57.255+00
3081,RECURRING_SUBSCRIPTION,RECURRING_SUBSCRIPTION,2025-03-25 15:43:48.831+00
3081,RECURRING_SUBSCRIPTION,RECURRING_SUBSCRIPTION,2025-03-25 15:45:52.401+00
3081,RECURRING_SUBSCRIPTION,RECURRING_SUBSCRIPTION,2025-03-25 15:47:44.922+00
3081,RECURRING_SUBSCRIPTION,RECURRING_SUBSCRIPTION,2025-03-25 15:48:12.279+00
3131,TRIAL,RECURRING_SUBSCRIPTION,2025-03-25 16:52:39.756+00
2829,LEAD,WARM_LEAD,2025-03-25 17:41:04.249+00
3899,LEAD,WARM_LEAD,2025-03-25 17:49:28.864+00
1965,RECURRING_SUBSCRIPTION,RECURRING_SUBSCRIPTION,2025-03-25 17:50:21.31+00
3942,LEAD,WARM_LEAD,2025-03-25 18:05:03.38+00
3581,LEAD,WARM_LEAD,2025-03-25 18:17:14.251+00
2649,RECURRING_SUBSCRIPTION,ON_DEMAND_SUBSCRIPTION,2025-03-25 19:12:45.719+00
1304,RECURRING_SUBSCRIPTION,ON_DEMAND_SUBSCRIPTION,2025-03-25 19:13:35.378+00
3944,LEAD,WARM_LEAD,2025-03-25 21:48:51.837+00
3944,WARM_LEAD,RECURRING_SUBSCRIPTION,2025-03-25 21:51:10.648+00
3944,RECURRING_SUBSCRIPTION,RECURRING_SUBSCRIPTION,2025-03-25 21:51:28.607+00
3944,RECURRING_SUBSCRIPTION,RECURRING_SUBSCRIPTION,2025-03-25 21:51:50.372+00
3944,RECURRING_SUBSCRIPTION,RECURRING_SUBSCRIPTION,2025-03-25 21:52:35.354+00
3944,RECURRING_SUBSCRIPTION,RECURRING_SUBSCRIPTION,2025-03-25 21:59:15.154+00
2226,LEAD,COLD_LEAD,2025-03-26 07:51:16.494+00
3942,WARM_LEAD,TRIAL,2025-03-26 10:26:23.402+00
3530,RECURRING_SUBSCRIPTION,WARM_LEAD,2025-03-26 15:18:42.194+00
3015,RECURRING_SUBSCRIPTION,TRIAL,2025-03-26 16:38:55.721+00
3555,FREE_TRIAL,RECURRING_SUBSCRIPTION,2025-03-26 19:50:44.721+00
3918,RECURRING_SUBSCRIPTION,WARM_LEAD,2025-03-26 21:29:13.095+00
3955,LEAD,WARM_LEAD,2025-03-26 21:45:40.786+00
3955,WARM_LEAD,RECURRING_SUBSCRIPTION,2025-03-26 21:50:31.103+00
3955,RECURRING_SUBSCRIPTION,RECURRING_SUBSCRIPTION,2025-03-26 21:52:19.219+00
3955,RECURRING_SUBSCRIPTION,RECURRING_SUBSCRIPTION,2025-03-26 21:52:49.186+00
3955,RECURRING_SUBSCRIPTION,RECURRING_SUBSCRIPTION,2025-03-26 21:57:10.56+00
3946,LEAD,WARM_LEAD,2025-03-26 23:08:33.2+00
3946,WARM_LEAD,RECURRING_SUBSCRIPTION,2025-03-26 23:08:50.049+00
1186,LEAD,FREE_TRIAL,2025-03-27 10:08:36.571+00
3147,RECURRING_SUBSCRIPTION,RECURRING_SUBSCRIPTION,2025-03-27 20:11:50.392+00
1138,FREE_TRIAL,WARM_LEAD,2025-03-27 22:36:46.377+00
1138,RECURRING_SUBSCRIPTION,WARM_LEAD,2025-03-28 15:38:53.376+00
2510,LEAD,FREE_TRIAL,2025-03-28 18:19:49.998+00
3695,RECURRING_SUBSCRIPTION,RECURRING_SUBSCRIPTION,2025-03-28 22:34:47.957+00
5190,FREE_TRIAL,FREE_TRIAL,2025-03-27 14:15:36.608413+00
5191,FREE_TRIAL,FREE_TRIAL,2025-03-27 14:15:36.608413+00
5192,FREE_TRIAL,FREE_TRIAL,2025-03-27 14:15:36.608413+00
4090,FREE_TRIAL,FREE_TRIAL,2025-03-27 14:16:21.998463+00
4394,FREE_TRIAL,FREE_TRIAL,2025-03-27 14:16:21.998463+00
5107,FREE_TRIAL,FREE_TRIAL,2025-03-27 14:16:21.998463+00
770,FREE_TRIAL,FREE_TRIAL,2025-03-27 14:16:21.998463+00
4228,FREE_TRIAL,FREE_TRIAL,2025-03-27 14:16:21.998463+00
4584,FREE_TRIAL,FREE_TRIAL,2025-03-27 14:16:21.998463+00
4465,FREE_TRIAL,FREE_TRIAL,2025-03-27 14:16:21.998463+00
4126,FREE_TRIAL,FREE_TRIAL,2025-03-27 14:16:21.998463+00
4619,FREE_TRIAL,FREE_TRIAL,2025-03-27 14:16:21.998463+00
4727,FREE_TRIAL,FREE_TRIAL,2025-03-27 14:16:21.998463+00
4703,FREE_TRIAL,FREE_TRIAL,2025-03-27 14:16:21.998463+00
4276,FREE_TRIAL,FREE_TRIAL,2025-03-27 14:16:21.998463+00
5074,FREE_TRIAL,FREE_TRIAL,2025-03-27 14:16:21.998463+00
4768,FREE_TRIAL,FREE_TRIAL,2025-03-27 14:16:21.998463+00
5040,FREE_TRIAL,FREE_TRIAL,2025-03-27 14:16:21.998463+00
5124,FREE_TRIAL,FREE_TRIAL,2025-03-27 14:16:21.998463+00
4007,FREE_TRIAL,FREE_TRIAL,2025-03-27 14:16:21.998463+00
1337,FREE_TRIAL,FREE_TRIAL,2025-03-27 14:16:21.998463+00
4370,FREE_TRIAL,FREE_TRIAL,2025-03-27 14:16:21.998463+00
4176,FREE_TRIAL,FREE_TRIAL,2025-03-27 14:16:21.998463+00
2744,FREE_TRIAL,FREE_TRIAL,2025-03-27 14:16:21.998463+00
4339,FREE_TRIAL,FREE_TRIAL,2025-03-27 14:16:21.998463+00
5065,FREE_TRIAL,FREE_TRIAL,2025-03-27 14:16:21.998463+00
4849,FREE_TRIAL,FREE_TRIAL,2025-03-27 14:16:21.998463+00
728,FREE_TRIAL,FREE_TRIAL,2025-03-27 14:16:21.998463+00
4839,FREE_TRIAL,FREE_TRIAL,2025-03-27 14:16:21.998463+00
4809,FREE_TRIAL,FREE_TRIAL,2025-03-27 14:16:21.998463+00
4049,FREE_TRIAL,FREE_TRIAL,2025-03-27 14:16:21.998463+00
4844,FREE_TRIAL,FREE_TRIAL,2025-03-27 14:16:21.998463+00
4890,FREE_TRIAL,FREE_TRIAL,2025-03-27 14:16:21.998463+00
4484,FREE_TRIAL,FREE_TRIAL,2025-03-27 14:16:21.998463+00
5169,FREE_TRIAL,FREE_TRIAL,2025-03-27 14:16:21.998463+00
4822,FREE_TRIAL,FREE_TRIAL,2025-03-27 14:16:21.998463+00
4580,FREE_TRIAL,FREE_TRIAL,2025-03-27 14:16:21.998463+00
4982,FREE_TRIAL,FREE_TRIAL,2025-03-27 14:16:21.998463+00
4882,FREE_TRIAL,FREE_TRIAL,2025-03-27 14:16:21.998463+00
4559,FREE_TRIAL,FREE_TRIAL,2025-03-27 14:16:21.998463+00
4083,FREE_TRIAL,FREE_TRIAL,2025-03-27 14:16:21.998463+00
4216,FREE_TRIAL,FREE_TRIAL,2025-03-27 14:16:21.998463+00
3071,FREE_TRIAL,FREE_TRIAL,2025-03-27 14:16:21.998463+00
4871,FREE_TRIAL,FREE_TRIAL,2025-03-27 14:16:21.998463+00
4683,FREE_TRIAL,FREE_TRIAL,2025-03-27 14:16:21.998463+00
4043,FREE_TRIAL,FREE_TRIAL,2025-03-27 14:16:21.998463+00
4916,FREE_TRIAL,FREE_TRIAL,2025-03-27 14:16:21.998463+00
4705,FREE_TRIAL,FREE_TRIAL,2025-03-27 14:16:21.998463+00
5019,FREE_TRIAL,FREE_TRIAL,2025-03-27 14:16:21.998463+00
1783,LEAD,COLD_LEAD,2025-03-30 06:55:50.644+00
4569,FREE_TRIAL,FREE_TRIAL,2025-03-27 14:16:21.998463+00
4154,FREE_TRIAL,FREE_TRIAL,2025-03-27 14:16:21.998463+00
4648,FREE_TRIAL,FREE_TRIAL,2025-03-27 14:16:21.998463+00
4358,FREE_TRIAL,FREE_TRIAL,2025-03-27 14:16:21.998463+00
5117,FREE_TRIAL,FREE_TRIAL,2025-03-27 14:16:21.998463+00
4373,FREE_TRIAL,FREE_TRIAL,2025-03-27 14:16:21.998463+00
4295,FREE_TRIAL,FREE_TRIAL,2025-03-27 14:16:21.998463+00
4771,FREE_TRIAL,FREE_TRIAL,2025-03-27 14:16:21.998463+00
4645,FREE_TRIAL,FREE_TRIAL,2025-03-27 14:16:21.998463+00
4405,FREE_TRIAL,FREE_TRIAL,2025-03-27 14:16:21.998463+00
4121,FREE_TRIAL,FREE_TRIAL,2025-03-27 14:16:21.998463+00
4853,FREE_TRIAL,FREE_TRIAL,2025-03-27 14:16:21.998463+00
513,FREE_TRIAL,FREE_TRIAL,2025-03-27 14:16:21.998463+00
4285,FREE_TRIAL,FREE_TRIAL,2025-03-27 14:16:21.998463+00
5064,FREE_TRIAL,FREE_TRIAL,2025-03-27 14:16:21.998463+00
2281,FREE_TRIAL,FREE_TRIAL,2025-03-27 14:16:21.998463+00
4990,FREE_TRIAL,FREE_TRIAL,2025-03-27 14:16:21.998463+00
4472,FREE_TRIAL,FREE_TRIAL,2025-03-27 14:16:21.998463+00
4044,FREE_TRIAL,FREE_TRIAL,2025-03-27 14:16:21.998463+00
4127,FREE_TRIAL,FREE_TRIAL,2025-03-27 14:16:21.998463+00
4881,FREE_TRIAL,FREE_TRIAL,2025-03-27 14:16:21.998463+00
4018,FREE_TRIAL,FREE_TRIAL,2025-03-27 14:16:21.998463+00
4607,FREE_TRIAL,FREE_TRIAL,2025-03-27 14:16:21.998463+00
3967,FREE_TRIAL,FREE_TRIAL,2025-03-27 14:16:21.998463+00
4287,FREE_TRIAL,FREE_TRIAL,2025-03-27 14:16:21.998463+00
1042,FREE_TRIAL,FREE_TRIAL,2025-03-27 14:16:21.998463+00
4623,FREE_TRIAL,FREE_TRIAL,2025-03-27 14:16:21.998463+00
4252,FREE_TRIAL,FREE_TRIAL,2025-03-27 14:16:21.998463+00
5075,FREE_TRIAL,FREE_TRIAL,2025-03-27 14:16:21.998463+00
4958,FREE_TRIAL,FREE_TRIAL,2025-03-27 14:16:21.998463+00
4445,FREE_TRIAL,FREE_TRIAL,2025-03-27 14:16:21.998463+00
5108,FREE_TRIAL,FREE_TRIAL,2025-03-27 14:16:21.998463+00
482,FREE_TRIAL,FREE_TRIAL,2025-03-27 14:16:21.998463+00
5139,FREE_TRIAL,FREE_TRIAL,2025-03-27 14:16:21.998463+00
4999,FREE_TRIAL,FREE_TRIAL,2025-03-27 14:16:21.998463+00
4767,FREE_TRIAL,FREE_TRIAL,2025-03-27 14:16:21.998463+00
3982,FREE_TRIAL,FREE_TRIAL,2025-03-27 14:16:21.998463+00
4739,FREE_TRIAL,FREE_TRIAL,2025-03-27 14:16:21.998463+00
4713,FREE_TRIAL,FREE_TRIAL,2025-03-27 14:16:21.998463+00
4366,FREE_TRIAL,FREE_TRIAL,2025-03-27 14:16:21.998463+00
5142,FREE_TRIAL,FREE_TRIAL,2025-03-27 14:16:21.998463+00
4437,FREE_TRIAL,FREE_TRIAL,2025-03-27 14:16:21.998463+00
4161,FREE_TRIAL,FREE_TRIAL,2025-03-27 14:16:21.998463+00
4777,FREE_TRIAL,FREE_TRIAL,2025-03-27 14:16:21.998463+00
4639,FREE_TRIAL,FREE_TRIAL,2025-03-27 14:16:21.998463+00
3976,FREE_TRIAL,FREE_TRIAL,2025-03-27 14:16:21.998463+00
5120,FREE_TRIAL,FREE_TRIAL,2025-03-27 14:16:21.998463+00
4391,FREE_TRIAL,FREE_TRIAL,2025-03-27 14:16:21.998463+00
4643,FREE_TRIAL,FREE_TRIAL,2025-03-27 14:16:21.998463+00
1054,FREE_TRIAL,FREE_TRIAL,2025-03-27 14:16:21.998463+00
4526,FREE_TRIAL,FREE_TRIAL,2025-03-27 14:16:21.998463+00
4231,FREE_TRIAL,FREE_TRIAL,2025-03-27 14:16:21.998463+00
5090,FREE_TRIAL,FREE_TRIAL,2025-03-27 14:16:21.998463+00
4817,FREE_TRIAL,FREE_TRIAL,2025-03-27 14:16:21.998463+00
4091,FREE_TRIAL,FREE_TRIAL,2025-03-27 14:16:21.998463+00
4799,FREE_TRIAL,FREE_TRIAL,2025-03-27 14:16:21.998463+00
4992,FREE_TRIAL,FREE_TRIAL,2025-03-27 14:16:21.998463+00
4124,FREE_TRIAL,FREE_TRIAL,2025-03-27 14:16:21.998463+00
4772,FREE_TRIAL,FREE_TRIAL,2025-03-27 14:16:21.998463+00
4734,FREE_TRIAL,FREE_TRIAL,2025-03-27 14:16:21.998463+00
4071,FREE_TRIAL,FREE_TRIAL,2025-03-27 14:16:21.998463+00
4724,FREE_TRIAL,FREE_TRIAL,2025-03-27 14:16:21.998463+00
5021,FREE_TRIAL,FREE_TRIAL,2025-03-27 14:16:21.998463+00
2595,FREE_TRIAL,FREE_TRIAL,2025-03-27 14:16:21.998463+00
4679,FREE_TRIAL,FREE_TRIAL,2025-03-27 14:16:21.998463+00
4250,FREE_TRIAL,FREE_TRIAL,2025-03-27 14:16:21.998463+00
4105,FREE_TRIAL,FREE_TRIAL,2025-03-27 14:16:21.998463+00
2467,FREE_TRIAL,FREE_TRIAL,2025-03-27 14:16:21.998463+00
4564,FREE_TRIAL,FREE_TRIAL,2025-03-27 14:16:21.998463+00
4403,FREE_TRIAL,FREE_TRIAL,2025-03-27 14:16:21.998463+00
4454,FREE_TRIAL,FREE_TRIAL,2025-03-27 14:16:21.998463+00
4590,FREE_TRIAL,FREE_TRIAL,2025-03-27 14:16:21.998463+00
4758,FREE_TRIAL,FREE_TRIAL,2025-03-27 14:16:21.998463+00
4226,FREE_TRIAL,FREE_TRIAL,2025-03-27 14:16:21.998463+00
4082,FREE_TRIAL,FREE_TRIAL,2025-03-27 14:16:21.998463+00
4711,FREE_TRIAL,FREE_TRIAL,2025-03-27 14:16:21.998463+00
921,FREE_TRIAL,FREE_TRIAL,2025-03-27 14:16:21.998463+00
3096,FREE_TRIAL,FREE_TRIAL,2025-03-27 14:16:21.998463+00
5032,FREE_TRIAL,FREE_TRIAL,2025-03-27 14:16:21.998463+00
4941,FREE_TRIAL,FREE_TRIAL,2025-03-27 14:16:21.998463+00
4513,FREE_TRIAL,FREE_TRIAL,2025-03-27 14:16:21.998463+00
4605,FREE_TRIAL,FREE_TRIAL,2025-03-27 14:16:21.998463+00
4698,FREE_TRIAL,FREE_TRIAL,2025-03-27 14:16:21.998463+00
4548,FREE_TRIAL,FREE_TRIAL,2025-03-27 14:16:21.998463+00
1155,FREE_TRIAL,FREE_TRIAL,2025-03-27 14:16:21.998463+00
4833,FREE_TRIAL,FREE_TRIAL,2025-03-27 14:16:21.998463+00
4722,FREE_TRIAL,FREE_TRIAL,2025-03-27 14:16:21.998463+00
5150,FREE_TRIAL,FREE_TRIAL,2025-03-27 14:16:21.998463+00
5164,FREE_TRIAL,FREE_TRIAL,2025-03-27 14:16:21.998463+00
4603,FREE_TRIAL,FREE_TRIAL,2025-03-27 14:16:21.998463+00
5183,FREE_TRIAL,FREE_TRIAL,2025-03-27 14:16:21.998463+00
4557,FREE_TRIAL,FREE_TRIAL,2025-03-27 14:16:21.998463+00
4425,FREE_TRIAL,FREE_TRIAL,2025-03-27 14:16:21.998463+00
5105,FREE_TRIAL,FREE_TRIAL,2025-03-27 14:16:21.998463+00
4245,FREE_TRIAL,FREE_TRIAL,2025-03-27 14:16:21.998463+00
2422,FREE_TRIAL,FREE_TRIAL,2025-03-27 14:16:21.998463+00
4262,FREE_TRIAL,FREE_TRIAL,2025-03-27 14:16:21.998463+00
4957,FREE_TRIAL,FREE_TRIAL,2025-03-27 14:16:21.998463+00
4776,FREE_TRIAL,FREE_TRIAL,2025-03-27 14:16:21.998463+00
4433,FREE_TRIAL,FREE_TRIAL,2025-03-27 14:16:21.998463+00
4622,FREE_TRIAL,FREE_TRIAL,2025-03-27 14:16:21.998463+00
4887,FREE_TRIAL,FREE_TRIAL,2025-03-27 14:16:21.998463+00
5079,FREE_TRIAL,FREE_TRIAL,2025-03-27 14:16:21.998463+00
4452,FREE_TRIAL,FREE_TRIAL,2025-03-27 14:16:21.998463+00
4439,FREE_TRIAL,FREE_TRIAL,2025-03-27 14:16:21.998463+00
4015,FREE_TRIAL,FREE_TRIAL,2025-03-27 14:16:21.998463+00
5037,FREE_TRIAL,FREE_TRIAL,2025-03-27 14:16:21.998463+00
2115,FREE_TRIAL,FREE_TRIAL,2025-03-27 14:16:21.998463+00
4715,FREE_TRIAL,FREE_TRIAL,2025-03-27 14:16:21.998463+00
4210,FREE_TRIAL,FREE_TRIAL,2025-03-27 14:16:21.998463+00
4624,FREE_TRIAL,FREE_TRIAL,2025-03-27 14:16:21.998463+00
2700,FREE_TRIAL,FREE_TRIAL,2025-03-27 14:16:21.998463+00
4998,FREE_TRIAL,FREE_TRIAL,2025-03-27 14:16:21.998463+00
4220,FREE_TRIAL,FREE_TRIAL,2025-03-27 14:16:21.998463+00
4379,FREE_TRIAL,FREE_TRIAL,2025-03-27 14:16:21.998463+00
4413,FREE_TRIAL,FREE_TRIAL,2025-03-27 14:16:21.998463+00
4004,FREE_TRIAL,FREE_TRIAL,2025-03-27 14:16:21.998463+00
4536,FREE_TRIAL,FREE_TRIAL,2025-03-27 14:16:21.998463+00
4432,FREE_TRIAL,FREE_TRIAL,2025-03-27 14:16:21.998463+00
4182,FREE_TRIAL,FREE_TRIAL,2025-03-27 14:16:21.998463+00
4441,FREE_TRIAL,FREE_TRIAL,2025-03-27 14:16:21.998463+00
4318,FREE_TRIAL,FREE_TRIAL,2025-03-27 14:16:21.998463+00
4546,FREE_TRIAL,FREE_TRIAL,2025-03-27 14:16:21.998463+00
4458,FREE_TRIAL,FREE_TRIAL,2025-03-27 14:16:21.998463+00
4915,FREE_TRIAL,FREE_TRIAL,2025-03-27 14:16:21.998463+00
4565,FREE_TRIAL,FREE_TRIAL,2025-03-27 14:16:21.998463+00
5119,FREE_TRIAL,FREE_TRIAL,2025-03-27 14:16:21.998463+00
5175,FREE_TRIAL,FREE_TRIAL,2025-03-27 14:16:21.998463+00
4894,FREE_TRIAL,FREE_TRIAL,2025-03-27 14:16:21.998463+00
5010,FREE_TRIAL,FREE_TRIAL,2025-03-27 14:16:21.998463+00
4401,FREE_TRIAL,FREE_TRIAL,2025-03-27 14:16:21.998463+00
4704,FREE_TRIAL,FREE_TRIAL,2025-03-27 14:16:21.998463+00
4351,FREE_TRIAL,FREE_TRIAL,2025-03-27 14:16:21.998463+00
4261,FREE_TRIAL,FREE_TRIAL,2025-03-27 14:16:21.998463+00
4019,FREE_TRIAL,FREE_TRIAL,2025-03-27 14:16:21.998463+00
4938,FREE_TRIAL,FREE_TRIAL,2025-03-27 14:16:21.998463+00
4866,FREE_TRIAL,FREE_TRIAL,2025-03-27 14:16:21.998463+00
4456,FREE_TRIAL,FREE_TRIAL,2025-03-27 14:16:21.998463+00
4667,FREE_TRIAL,FREE_TRIAL,2025-03-27 14:16:21.998463+00
4453,FREE_TRIAL,FREE_TRIAL,2025-03-27 14:16:21.998463+00
4230,FREE_TRIAL,FREE_TRIAL,2025-03-27 14:16:21.998463+00
4738,FREE_TRIAL,FREE_TRIAL,2025-03-27 14:16:21.998463+00
4448,FREE_TRIAL,FREE_TRIAL,2025-03-27 14:16:21.998463+00
4011,FREE_TRIAL,FREE_TRIAL,2025-03-27 14:16:21.998463+00
2876,FREE_TRIAL,FREE_TRIAL,2025-03-27 14:16:21.998463+00
3977,FREE_TRIAL,FREE_TRIAL,2025-03-27 14:16:21.998463+00
4462,FREE_TRIAL,FREE_TRIAL,2025-03-27 14:16:21.998463+00
4928,FREE_TRIAL,FREE_TRIAL,2025-03-27 14:16:21.998463+00
4360,FREE_TRIAL,FREE_TRIAL,2025-03-27 14:16:21.998463+00
4385,FREE_TRIAL,FREE_TRIAL,2025-03-27 14:16:21.998463+00
4625,FREE_TRIAL,FREE_TRIAL,2025-03-27 14:16:21.998463+00
4815,FREE_TRIAL,FREE_TRIAL,2025-03-27 14:16:21.998463+00
4186,FREE_TRIAL,FREE_TRIAL,2025-03-27 14:16:21.998463+00
4903,FREE_TRIAL,FREE_TRIAL,2025-03-27 14:16:21.998463+00
4775,FREE_TRIAL,FREE_TRIAL,2025-03-27 14:16:21.998463+00
5050,FREE_TRIAL,FREE_TRIAL,2025-03-27 14:16:21.998463+00
4859,FREE_TRIAL,FREE_TRIAL,2025-03-27 14:16:21.998463+00
4766,FREE_TRIAL,FREE_TRIAL,2025-03-27 14:16:21.998463+00
3989,FREE_TRIAL,FREE_TRIAL,2025-03-27 14:16:21.998463+00
5178,FREE_TRIAL,FREE_TRIAL,2025-03-27 14:16:21.998463+00
4399,FREE_TRIAL,FREE_TRIAL,2025-03-27 14:16:21.998463+00
4756,FREE_TRIAL,FREE_TRIAL,2025-03-27 14:16:21.998463+00
4457,FREE_TRIAL,FREE_TRIAL,2025-03-27 14:16:21.998463+00
4160,FREE_TRIAL,FREE_TRIAL,2025-03-27 14:16:21.998463+00
4823,FREE_TRIAL,FREE_TRIAL,2025-03-27 14:16:21.998463+00
4527,FREE_TRIAL,FREE_TRIAL,2025-03-27 14:16:21.998463+00
4349,FREE_TRIAL,FREE_TRIAL,2025-03-27 14:16:21.998463+00
4253,FREE_TRIAL,FREE_TRIAL,2025-03-27 14:16:21.998463+00
4989,FREE_TRIAL,FREE_TRIAL,2025-03-27 14:16:21.998463+00
5174,FREE_TRIAL,FREE_TRIAL,2025-03-27 14:16:21.998463+00
4843,FREE_TRIAL,FREE_TRIAL,2025-03-27 14:16:21.998463+00
3997,FREE_TRIAL,FREE_TRIAL,2025-03-27 14:16:21.998463+00
5116,FREE_TRIAL,FREE_TRIAL,2025-03-27 14:16:21.998463+00
5106,FREE_TRIAL,FREE_TRIAL,2025-03-27 14:16:21.998463+00
5147,FREE_TRIAL,FREE_TRIAL,2025-03-27 14:16:21.998463+00
5131,FREE_TRIAL,FREE_TRIAL,2025-03-27 14:16:21.998463+00
4455,FREE_TRIAL,FREE_TRIAL,2025-03-27 14:16:21.998463+00
5017,FREE_TRIAL,FREE_TRIAL,2025-03-27 14:16:21.998463+00
4137,FREE_TRIAL,FREE_TRIAL,2025-03-27 14:16:21.998463+00
4802,FREE_TRIAL,FREE_TRIAL,2025-03-27 14:16:21.998463+00
4895,FREE_TRIAL,FREE_TRIAL,2025-03-27 14:16:21.998463+00
5094,FREE_TRIAL,FREE_TRIAL,2025-03-27 14:16:21.998463+00
4640,FREE_TRIAL,FREE_TRIAL,2025-03-27 14:16:21.998463+00
4479,FREE_TRIAL,FREE_TRIAL,2025-03-27 14:16:21.998463+00
4785,FREE_TRIAL,FREE_TRIAL,2025-03-27 14:16:21.998463+00
4986,FREE_TRIAL,FREE_TRIAL,2025-03-27 14:16:21.998463+00
4184,FREE_TRIAL,FREE_TRIAL,2025-03-27 14:16:21.998463+00
4464,FREE_TRIAL,FREE_TRIAL,2025-03-27 14:16:21.998463+00
4913,FREE_TRIAL,FREE_TRIAL,2025-03-27 14:16:21.998463+00
4591,FREE_TRIAL,FREE_TRIAL,2025-03-27 14:16:21.998463+00
4500,FREE_TRIAL,FREE_TRIAL,2025-03-27 14:16:21.998463+00
4973,FREE_TRIAL,FREE_TRIAL,2025-03-27 14:16:21.998463+00
4746,FREE_TRIAL,FREE_TRIAL,2025-03-27 14:16:21.998463+00
4429,FREE_TRIAL,FREE_TRIAL,2025-03-27 14:16:21.998463+00
4316,FREE_TRIAL,FREE_TRIAL,2025-03-27 14:16:21.998463+00
4797,FREE_TRIAL,FREE_TRIAL,2025-03-27 14:16:21.998463+00
4027,FREE_TRIAL,FREE_TRIAL,2025-03-27 14:16:21.998463+00
1303,FREE_TRIAL,FREE_TRIAL,2025-03-27 14:16:21.998463+00
4365,FREE_TRIAL,FREE_TRIAL,2025-03-27 14:16:21.998463+00
4949,FREE_TRIAL,FREE_TRIAL,2025-03-27 14:16:21.998463+00
3999,FREE_TRIAL,FREE_TRIAL,2025-03-27 14:16:21.998463+00
4248,FREE_TRIAL,FREE_TRIAL,2025-03-27 14:16:21.998463+00
4616,FREE_TRIAL,FREE_TRIAL,2025-03-27 14:16:21.998463+00
4116,FREE_TRIAL,FREE_TRIAL,2025-03-27 14:16:21.998463+00
4963,FREE_TRIAL,FREE_TRIAL,2025-03-27 14:16:21.998463+00
4475,FREE_TRIAL,FREE_TRIAL,2025-03-27 14:16:21.998463+00
4046,FREE_TRIAL,FREE_TRIAL,2025-03-27 14:16:21.998463+00
5152,FREE_TRIAL,FREE_TRIAL,2025-03-27 14:16:21.998463+00
4617,FREE_TRIAL,FREE_TRIAL,2025-03-27 14:16:21.998463+00
4084,FREE_TRIAL,FREE_TRIAL,2025-03-27 14:16:21.998463+00
4407,FREE_TRIAL,FREE_TRIAL,2025-03-27 14:16:21.998463+00
4677,FREE_TRIAL,FREE_TRIAL,2025-03-27 14:16:21.998463+00
4697,FREE_TRIAL,FREE_TRIAL,2025-03-27 14:16:21.998463+00
4147,FREE_TRIAL,FREE_TRIAL,2025-03-27 14:16:21.998463+00
4312,FREE_TRIAL,FREE_TRIAL,2025-03-27 14:16:21.998463+00
4812,FREE_TRIAL,FREE_TRIAL,2025-03-27 14:16:21.998463+00
4539,FREE_TRIAL,FREE_TRIAL,2025-03-27 14:16:21.998463+00
4199,FREE_TRIAL,FREE_TRIAL,2025-03-27 14:16:21.998463+00
4834,FREE_TRIAL,FREE_TRIAL,2025-03-27 14:16:21.998463+00
898,FREE_TRIAL,FREE_TRIAL,2025-03-27 14:16:21.998463+00
4994,FREE_TRIAL,FREE_TRIAL,2025-03-27 14:16:21.998463+00
4224,FREE_TRIAL,FREE_TRIAL,2025-03-27 14:16:21.998463+00
4088,FREE_TRIAL,FREE_TRIAL,2025-03-27 14:16:21.998463+00
4699,FREE_TRIAL,FREE_TRIAL,2025-03-27 14:16:21.998463+00
4234,FREE_TRIAL,FREE_TRIAL,2025-03-27 14:16:21.998463+00
5093,FREE_TRIAL,FREE_TRIAL,2025-03-27 14:16:21.998463+00
4905,FREE_TRIAL,FREE_TRIAL,2025-03-27 14:16:21.998463+00
4874,FREE_TRIAL,FREE_TRIAL,2025-03-27 14:16:21.998463+00
4873,FREE_TRIAL,FREE_TRIAL,2025-03-27 14:16:21.998463+00
4627,FREE_TRIAL,FREE_TRIAL,2025-03-27 14:16:21.998463+00
454,FREE_TRIAL,FREE_TRIAL,2025-03-27 14:16:21.998463+00
2520,FREE_TRIAL,FREE_TRIAL,2025-03-27 14:16:21.998463+00
4769,FREE_TRIAL,FREE_TRIAL,2025-03-27 14:16:21.998463+00
5044,FREE_TRIAL,FREE_TRIAL,2025-03-27 14:16:21.998463+00
4065,FREE_TRIAL,FREE_TRIAL,2025-03-27 14:16:21.998463+00
4593,FREE_TRIAL,FREE_TRIAL,2025-03-27 14:16:21.998463+00
4377,FREE_TRIAL,FREE_TRIAL,2025-03-27 14:16:21.998463+00
4363,FREE_TRIAL,FREE_TRIAL,2025-03-27 14:16:21.998463+00
5083,FREE_TRIAL,FREE_TRIAL,2025-03-27 14:16:21.998463+00
4791,FREE_TRIAL,FREE_TRIAL,2025-03-27 14:16:21.998463+00
5145,FREE_TRIAL,FREE_TRIAL,2025-03-27 14:16:21.998463+00
4022,FREE_TRIAL,FREE_TRIAL,2025-03-27 14:16:21.998463+00
4113,FREE_TRIAL,FREE_TRIAL,2025-03-27 14:16:21.998463+00
4969,FREE_TRIAL,FREE_TRIAL,2025-03-27 14:16:21.998463+00
916,FREE_TRIAL,FREE_TRIAL,2025-03-27 14:16:21.998463+00
4061,FREE_TRIAL,FREE_TRIAL,2025-03-27 14:16:21.998463+00
4759,FREE_TRIAL,FREE_TRIAL,2025-03-27 14:16:21.998463+00
4434,FREE_TRIAL,FREE_TRIAL,2025-03-27 14:16:21.998463+00
4752,FREE_TRIAL,FREE_TRIAL,2025-03-27 14:16:21.998463+00
4189,FREE_TRIAL,FREE_TRIAL,2025-03-27 14:16:21.998463+00
4499,FREE_TRIAL,FREE_TRIAL,2025-03-27 14:16:21.998463+00
4638,FREE_TRIAL,FREE_TRIAL,2025-03-27 14:16:21.998463+00
5180,FREE_TRIAL,FREE_TRIAL,2025-03-27 14:16:21.998463+00
4795,FREE_TRIAL,FREE_TRIAL,2025-03-27 14:16:21.998463+00
4435,FREE_TRIAL,FREE_TRIAL,2025-03-27 14:16:21.998463+00
4744,FREE_TRIAL,FREE_TRIAL,2025-03-27 14:16:21.998463+00
4931,FREE_TRIAL,FREE_TRIAL,2025-03-27 14:16:21.998463+00
4266,FREE_TRIAL,FREE_TRIAL,2025-03-27 14:16:21.998463+00
4302,FREE_TRIAL,FREE_TRIAL,2025-03-27 14:16:21.998463+00
3164,FREE_TRIAL,FREE_TRIAL,2025-03-27 14:16:21.998463+00
4431,FREE_TRIAL,FREE_TRIAL,2025-03-27 14:16:21.998463+00
4103,FREE_TRIAL,FREE_TRIAL,2025-03-27 14:16:21.998463+00
4842,FREE_TRIAL,FREE_TRIAL,2025-03-27 14:16:21.998463+00
4159,FREE_TRIAL,FREE_TRIAL,2025-03-27 14:16:21.998463+00
4054,FREE_TRIAL,FREE_TRIAL,2025-03-27 14:16:21.998463+00
3995,FREE_TRIAL,FREE_TRIAL,2025-03-27 14:16:21.998463+00
4983,FREE_TRIAL,FREE_TRIAL,2025-03-27 14:16:21.998463+00
4098,FREE_TRIAL,FREE_TRIAL,2025-03-27 14:16:21.998463+00
4789,FREE_TRIAL,FREE_TRIAL,2025-03-27 14:16:21.998463+00
2811,FREE_TRIAL,FREE_TRIAL,2025-03-27 14:16:21.998463+00
4201,FREE_TRIAL,FREE_TRIAL,2025-03-27 14:16:21.998463+00
4897,FREE_TRIAL,FREE_TRIAL,2025-03-27 14:16:21.998463+00
4309,FREE_TRIAL,FREE_TRIAL,2025-03-27 14:16:21.998463+00
1433,FREE_TRIAL,FREE_TRIAL,2025-03-27 14:16:21.998463+00
4258,FREE_TRIAL,FREE_TRIAL,2025-03-27 14:16:21.998463+00
4354,FREE_TRIAL,FREE_TRIAL,2025-03-27 14:16:21.998463+00
4528,FREE_TRIAL,FREE_TRIAL,2025-03-27 14:16:21.998463+00
436,FREE_TRIAL,FREE_TRIAL,2025-03-27 14:16:21.998463+00
4978,FREE_TRIAL,FREE_TRIAL,2025-03-27 14:16:21.998463+00
4412,FREE_TRIAL,FREE_TRIAL,2025-03-27 14:16:21.998463+00
4800,FREE_TRIAL,FREE_TRIAL,2025-03-27 14:16:21.998463+00
4426,FREE_TRIAL,FREE_TRIAL,2025-03-27 14:16:21.998463+00
856,FREE_TRIAL,FREE_TRIAL,2025-03-27 14:16:21.998463+00
4192,FREE_TRIAL,FREE_TRIAL,2025-03-27 14:16:21.998463+00
1058,FREE_TRIAL,FREE_TRIAL,2025-03-27 14:16:21.998463+00
4095,FREE_TRIAL,FREE_TRIAL,2025-03-27 14:16:21.998463+00
5016,FREE_TRIAL,FREE_TRIAL,2025-03-27 14:16:21.998463+00
4796,FREE_TRIAL,FREE_TRIAL,2025-03-27 14:16:21.998463+00
4675,FREE_TRIAL,FREE_TRIAL,2025-03-27 14:16:21.998463+00
4069,FREE_TRIAL,FREE_TRIAL,2025-03-27 14:16:21.998463+00
4013,FREE_TRIAL,FREE_TRIAL,2025-03-27 14:16:21.998463+00
2057,FREE_TRIAL,FREE_TRIAL,2025-03-27 14:16:21.998463+00
3975,FREE_TRIAL,FREE_TRIAL,2025-03-27 14:16:21.998463+00
5123,FREE_TRIAL,FREE_TRIAL,2025-03-27 14:16:21.998463+00
5182,FREE_TRIAL,FREE_TRIAL,2025-03-27 14:16:21.998463+00
5100,FREE_TRIAL,FREE_TRIAL,2025-03-27 14:16:21.998463+00
4680,FREE_TRIAL,FREE_TRIAL,2025-03-27 14:16:21.998463+00
4450,FREE_TRIAL,FREE_TRIAL,2025-03-27 14:16:21.998463+00
2608,FREE_TRIAL,FREE_TRIAL,2025-03-27 14:16:21.998463+00
4827,FREE_TRIAL,FREE_TRIAL,2025-03-27 14:16:21.998463+00
4280,FREE_TRIAL,FREE_TRIAL,2025-03-27 14:16:21.998463+00
4612,FREE_TRIAL,FREE_TRIAL,2025-03-27 14:16:21.998463+00
4002,FREE_TRIAL,FREE_TRIAL,2025-03-27 14:16:21.998463+00
4702,FREE_TRIAL,FREE_TRIAL,2025-03-27 14:16:21.998463+00
4087,FREE_TRIAL,FREE_TRIAL,2025-03-27 14:16:21.998463+00
4459,FREE_TRIAL,FREE_TRIAL,2025-03-27 14:16:21.998463+00
4523,FREE_TRIAL,FREE_TRIAL,2025-03-27 14:16:21.998463+00
4034,FREE_TRIAL,FREE_TRIAL,2025-03-27 14:16:21.998463+00
4666,FREE_TRIAL,FREE_TRIAL,2025-03-27 14:16:21.998463+00
4637,FREE_TRIAL,FREE_TRIAL,2025-03-27 14:16:21.998463+00
4032,FREE_TRIAL,FREE_TRIAL,2025-03-27 14:16:21.998463+00
5102,FREE_TRIAL,FREE_TRIAL,2025-03-27 14:16:21.998463+00
4478,FREE_TRIAL,FREE_TRIAL,2025-03-27 14:16:21.998463+00
591,FREE_TRIAL,FREE_TRIAL,2025-03-27 14:16:21.998463+00
4681,FREE_TRIAL,FREE_TRIAL,2025-03-27 14:16:21.998463+00
4613,FREE_TRIAL,FREE_TRIAL,2025-03-27 14:16:21.998463+00
4946,FREE_TRIAL,FREE_TRIAL,2025-03-27 14:16:21.998463+00
4996,FREE_TRIAL,FREE_TRIAL,2025-03-27 14:16:21.998463+00
4760,FREE_TRIAL,FREE_TRIAL,2025-03-27 14:16:21.998463+00
4782,FREE_TRIAL,FREE_TRIAL,2025-03-27 14:16:21.998463+00
4444,FREE_TRIAL,FREE_TRIAL,2025-03-27 14:16:21.998463+00
4418,FREE_TRIAL,FREE_TRIAL,2025-03-27 14:16:21.998463+00
4056,FREE_TRIAL,FREE_TRIAL,2025-03-27 14:16:21.998463+00
1379,FREE_TRIAL,FREE_TRIAL,2025-03-27 14:16:21.998463+00
4869,FREE_TRIAL,FREE_TRIAL,2025-03-27 14:16:21.998463+00
2695,FREE_TRIAL,FREE_TRIAL,2025-03-27 14:16:21.998463+00
4467,FREE_TRIAL,FREE_TRIAL,2025-03-27 14:16:21.998463+00
5048,FREE_TRIAL,FREE_TRIAL,2025-03-27 14:16:21.998463+00
4740,FREE_TRIAL,FREE_TRIAL,2025-03-27 14:16:21.998463+00
4878,FREE_TRIAL,FREE_TRIAL,2025-03-27 14:16:21.998463+00
4272,FREE_TRIAL,FREE_TRIAL,2025-03-27 14:16:21.998463+00
4268,FREE_TRIAL,FREE_TRIAL,2025-03-27 14:16:21.998463+00
4533,FREE_TRIAL,FREE_TRIAL,2025-03-27 14:16:21.998463+00
3998,FREE_TRIAL,FREE_TRIAL,2025-03-27 14:16:21.998463+00
4388,FREE_TRIAL,FREE_TRIAL,2025-03-27 14:16:21.998463+00
4179,FREE_TRIAL,FREE_TRIAL,2025-03-27 14:16:21.998463+00
4086,FREE_TRIAL,FREE_TRIAL,2025-03-27 14:16:21.998463+00
4885,FREE_TRIAL,FREE_TRIAL,2025-03-27 14:16:21.998463+00
5143,FREE_TRIAL,FREE_TRIAL,2025-03-27 14:16:21.998463+00
4971,FREE_TRIAL,FREE_TRIAL,2025-03-27 14:16:21.998463+00
3968,FREE_TRIAL,FREE_TRIAL,2025-03-27 14:16:21.998463+00
515,FREE_TRIAL,FREE_TRIAL,2025-03-27 14:16:21.998463+00
4501,FREE_TRIAL,FREE_TRIAL,2025-03-27 14:16:21.998463+00
4959,FREE_TRIAL,FREE_TRIAL,2025-03-27 14:16:21.998463+00
4610,FREE_TRIAL,FREE_TRIAL,2025-03-27 14:16:21.998463+00
4078,FREE_TRIAL,FREE_TRIAL,2025-03-27 14:16:21.998463+00
5092,FREE_TRIAL,FREE_TRIAL,2025-03-27 14:16:21.998463+00
4596,FREE_TRIAL,FREE_TRIAL,2025-03-27 14:16:21.998463+00
4491,FREE_TRIAL,FREE_TRIAL,2025-03-27 14:16:21.998463+00
4396,FREE_TRIAL,FREE_TRIAL,2025-03-27 14:16:21.998463+00
4493,FREE_TRIAL,FREE_TRIAL,2025-03-27 14:16:21.998463+00
4494,FREE_TRIAL,FREE_TRIAL,2025-03-27 14:16:21.998463+00
5173,FREE_TRIAL,FREE_TRIAL,2025-03-27 14:16:21.998463+00
4934,FREE_TRIAL,FREE_TRIAL,2025-03-27 14:16:21.998463+00
4732,FREE_TRIAL,FREE_TRIAL,2025-03-27 14:16:21.998463+00
4089,FREE_TRIAL,FREE_TRIAL,2025-03-27 14:16:21.998463+00
4577,FREE_TRIAL,FREE_TRIAL,2025-03-27 14:16:21.998463+00
3053,FREE_TRIAL,FREE_TRIAL,2025-03-27 14:16:21.998463+00
4211,FREE_TRIAL,FREE_TRIAL,2025-03-27 14:16:21.998463+00
4950,FREE_TRIAL,FREE_TRIAL,2025-03-27 14:16:21.998463+00
4846,FREE_TRIAL,FREE_TRIAL,2025-03-27 14:16:21.998463+00
4357,FREE_TRIAL,FREE_TRIAL,2025-03-27 14:16:21.998463+00
4208,FREE_TRIAL,FREE_TRIAL,2025-03-27 14:16:21.998463+00
4374,FREE_TRIAL,FREE_TRIAL,2025-03-27 14:16:21.998463+00
4505,FREE_TRIAL,FREE_TRIAL,2025-03-27 14:16:21.998463+00
4474,FREE_TRIAL,FREE_TRIAL,2025-03-27 14:16:21.998463+00
3114,FREE_TRIAL,FREE_TRIAL,2025-03-27 14:16:21.998463+00
4948,FREE_TRIAL,FREE_TRIAL,2025-03-27 14:16:21.998463+00
4169,FREE_TRIAL,FREE_TRIAL,2025-03-27 14:16:21.998463+00
4367,FREE_TRIAL,FREE_TRIAL,2025-03-27 14:16:21.998463+00
4741,FREE_TRIAL,FREE_TRIAL,2025-03-27 14:16:21.998463+00
4540,FREE_TRIAL,FREE_TRIAL,2025-03-27 14:16:21.998463+00
4227,FREE_TRIAL,FREE_TRIAL,2025-03-27 14:16:21.998463+00
4892,FREE_TRIAL,FREE_TRIAL,2025-03-27 14:16:21.998463+00
4826,FREE_TRIAL,FREE_TRIAL,2025-03-27 14:16:21.998463+00
4073,FREE_TRIAL,FREE_TRIAL,2025-03-27 14:16:21.998463+00
5026,FREE_TRIAL,FREE_TRIAL,2025-03-27 14:16:21.998463+00
4995,FREE_TRIAL,FREE_TRIAL,2025-03-27 14:16:21.998463+00
4131,FREE_TRIAL,FREE_TRIAL,2025-03-27 14:16:21.998463+00
4048,FREE_TRIAL,FREE_TRIAL,2025-03-27 14:16:21.998463+00
4010,FREE_TRIAL,FREE_TRIAL,2025-03-27 14:16:21.998463+00
4122,FREE_TRIAL,FREE_TRIAL,2025-03-27 14:16:21.998463+00
620,FREE_TRIAL,FREE_TRIAL,2025-03-27 14:16:21.998463+00
1961,FREE_TRIAL,FREE_TRIAL,2025-03-27 14:16:21.998463+00
4005,FREE_TRIAL,FREE_TRIAL,2025-03-27 14:16:21.998463+00
4893,FREE_TRIAL,FREE_TRIAL,2025-03-27 14:16:21.998463+00
4271,FREE_TRIAL,FREE_TRIAL,2025-03-27 14:16:21.998463+00
4380,FREE_TRIAL,FREE_TRIAL,2025-03-27 14:16:21.998463+00
4825,FREE_TRIAL,FREE_TRIAL,2025-03-27 14:16:21.998463+00
4404,FREE_TRIAL,FREE_TRIAL,2025-03-27 14:16:21.998463+00
4014,FREE_TRIAL,FREE_TRIAL,2025-03-27 14:16:21.998463+00
5088,FREE_TRIAL,FREE_TRIAL,2025-03-27 14:16:21.998463+00
4180,FREE_TRIAL,FREE_TRIAL,2025-03-27 14:16:21.998463+00
4988,FREE_TRIAL,FREE_TRIAL,2025-03-27 14:16:21.998463+00
4094,FREE_TRIAL,FREE_TRIAL,2025-03-27 14:16:21.998463+00
5028,FREE_TRIAL,FREE_TRIAL,2025-03-27 14:16:21.998463+00
4606,FREE_TRIAL,FREE_TRIAL,2025-03-27 14:16:21.998463+00
5052,FREE_TRIAL,FREE_TRIAL,2025-03-27 14:16:21.998463+00
4535,FREE_TRIAL,FREE_TRIAL,2025-03-27 14:16:21.998463+00
4914,FREE_TRIAL,FREE_TRIAL,2025-03-27 14:16:21.998463+00
4753,FREE_TRIAL,FREE_TRIAL,2025-03-27 14:16:21.998463+00
4507,FREE_TRIAL,FREE_TRIAL,2025-03-27 14:16:21.998463+00
4537,FREE_TRIAL,FREE_TRIAL,2025-03-27 14:16:21.998463+00
1199,FREE_TRIAL,FREE_TRIAL,2025-03-27 14:16:21.998463+00
4483,FREE_TRIAL,FREE_TRIAL,2025-03-27 14:16:21.998463+00
4415,FREE_TRIAL,FREE_TRIAL,2025-03-27 14:16:21.998463+00
4138,FREE_TRIAL,FREE_TRIAL,2025-03-27 14:16:21.998463+00
4532,FREE_TRIAL,FREE_TRIAL,2025-03-27 14:16:21.998463+00
5036,FREE_TRIAL,FREE_TRIAL,2025-03-27 14:16:21.998463+00
4243,FREE_TRIAL,FREE_TRIAL,2025-03-27 14:16:21.998463+00
4372,FREE_TRIAL,FREE_TRIAL,2025-03-27 14:16:21.998463+00
3988,FREE_TRIAL,FREE_TRIAL,2025-03-27 14:16:21.998463+00
4293,FREE_TRIAL,FREE_TRIAL,2025-03-27 14:16:21.998463+00
5024,FREE_TRIAL,FREE_TRIAL,2025-03-27 14:16:21.998463+00
4344,FREE_TRIAL,FREE_TRIAL,2025-03-27 14:16:21.998463+00
5101,FREE_TRIAL,FREE_TRIAL,2025-03-27 14:16:21.998463+00
4029,FREE_TRIAL,FREE_TRIAL,2025-03-27 14:16:21.998463+00
4883,FREE_TRIAL,FREE_TRIAL,2025-03-27 14:16:21.998463+00
3963,FREE_TRIAL,FREE_TRIAL,2025-03-27 14:16:21.998463+00
4997,FREE_TRIAL,FREE_TRIAL,2025-03-27 14:16:21.998463+00
4188,FREE_TRIAL,FREE_TRIAL,2025-03-27 14:16:21.998463+00
4000,FREE_TRIAL,FREE_TRIAL,2025-03-27 14:16:21.998463+00
4508,FREE_TRIAL,FREE_TRIAL,2025-03-27 14:16:21.998463+00
4621,FREE_TRIAL,FREE_TRIAL,2025-03-27 14:16:21.998463+00
4560,FREE_TRIAL,FREE_TRIAL,2025-03-27 14:16:21.998463+00
4383,FREE_TRIAL,FREE_TRIAL,2025-03-27 14:16:21.998463+00
4296,FREE_TRIAL,FREE_TRIAL,2025-03-27 14:16:21.998463+00
4520,FREE_TRIAL,FREE_TRIAL,2025-03-27 14:16:21.998463+00
4423,FREE_TRIAL,FREE_TRIAL,2025-03-27 14:16:21.998463+00
3994,FREE_TRIAL,FREE_TRIAL,2025-03-27 14:16:21.998463+00
4614,FREE_TRIAL,FREE_TRIAL,2025-03-27 14:16:21.998463+00
4193,FREE_TRIAL,FREE_TRIAL,2025-03-27 14:16:21.998463+00
4656,FREE_TRIAL,FREE_TRIAL,2025-03-27 14:16:21.998463+00
4743,FREE_TRIAL,FREE_TRIAL,2025-03-27 14:16:21.998463+00
4205,FREE_TRIAL,FREE_TRIAL,2025-03-27 14:16:21.998463+00
4070,FREE_TRIAL,FREE_TRIAL,2025-03-27 14:16:21.998463+00
4492,FREE_TRIAL,FREE_TRIAL,2025-03-27 14:16:21.998463+00
2124,FREE_TRIAL,FREE_TRIAL,2025-03-27 14:16:21.998463+00
4072,FREE_TRIAL,FREE_TRIAL,2025-03-27 14:16:21.998463+00
4053,FREE_TRIAL,FREE_TRIAL,2025-03-27 14:16:21.998463+00
1782,FREE_TRIAL,FREE_TRIAL,2025-03-27 14:16:21.998463+00
4112,FREE_TRIAL,FREE_TRIAL,2025-03-27 14:16:21.998463+00
5188,FREE_TRIAL,FREE_TRIAL,2025-03-27 14:16:21.998463+00
4221,FREE_TRIAL,FREE_TRIAL,2025-03-27 14:16:21.998463+00
5129,FREE_TRIAL,FREE_TRIAL,2025-03-27 14:16:21.998463+00
5111,FREE_TRIAL,FREE_TRIAL,2025-03-27 14:16:21.998463+00
5067,FREE_TRIAL,FREE_TRIAL,2025-03-27 14:16:21.998463+00
4592,FREE_TRIAL,FREE_TRIAL,2025-03-27 14:16:21.998463+00
5087,FREE_TRIAL,FREE_TRIAL,2025-03-27 14:16:21.998463+00
4899,FREE_TRIAL,FREE_TRIAL,2025-03-27 14:16:21.998463+00
4482,FREE_TRIAL,FREE_TRIAL,2025-03-27 14:16:21.998463+00
4414,FREE_TRIAL,FREE_TRIAL,2025-03-27 14:16:21.998463+00
4249,FREE_TRIAL,FREE_TRIAL,2025-03-27 14:16:21.998463+00
4342,FREE_TRIAL,FREE_TRIAL,2025-03-27 14:16:21.998463+00
4541,FREE_TRIAL,FREE_TRIAL,2025-03-27 14:16:21.998463+00
4510,FREE_TRIAL,FREE_TRIAL,2025-03-27 14:16:21.998463+00
5113,FREE_TRIAL,FREE_TRIAL,2025-03-27 14:16:21.998463+00
3054,FREE_TRIAL,FREE_TRIAL,2025-03-27 14:16:21.998463+00
5049,FREE_TRIAL,FREE_TRIAL,2025-03-27 14:16:21.998463+00
4691,FREE_TRIAL,FREE_TRIAL,2025-03-27 14:16:21.998463+00
5159,FREE_TRIAL,FREE_TRIAL,2025-03-27 14:16:21.998463+00
4381,FREE_TRIAL,FREE_TRIAL,2025-03-27 14:16:21.998463+00
4975,FREE_TRIAL,FREE_TRIAL,2025-03-27 14:16:21.998463+00
4974,FREE_TRIAL,FREE_TRIAL,2025-03-27 14:16:21.998463+00
4911,FREE_TRIAL,FREE_TRIAL,2025-03-27 14:16:21.998463+00
5112,FREE_TRIAL,FREE_TRIAL,2025-03-27 14:16:21.998463+00
4840,FREE_TRIAL,FREE_TRIAL,2025-03-27 14:16:21.998463+00
2481,FREE_TRIAL,FREE_TRIAL,2025-03-27 14:16:21.998463+00
4400,FREE_TRIAL,FREE_TRIAL,2025-03-27 14:16:21.998463+00
5023,FREE_TRIAL,FREE_TRIAL,2025-03-27 14:16:21.998463+00
4609,FREE_TRIAL,FREE_TRIAL,2025-03-27 14:16:21.998463+00
4778,FREE_TRIAL,FREE_TRIAL,2025-03-27 14:16:21.998463+00
590,FREE_TRIAL,FREE_TRIAL,2025-03-27 14:16:21.998463+00
3980,FREE_TRIAL,FREE_TRIAL,2025-03-27 14:16:21.998463+00
4979,FREE_TRIAL,FREE_TRIAL,2025-03-27 14:16:21.998463+00
4068,FREE_TRIAL,FREE_TRIAL,2025-03-27 14:16:21.998463+00
4058,FREE_TRIAL,FREE_TRIAL,2025-03-27 14:16:21.998463+00
4863,FREE_TRIAL,FREE_TRIAL,2025-03-27 14:16:21.998463+00
2892,FREE_TRIAL,FREE_TRIAL,2025-03-27 14:16:21.998463+00
4222,FREE_TRIAL,FREE_TRIAL,2025-03-27 14:16:21.998463+00
4900,FREE_TRIAL,FREE_TRIAL,2025-03-27 14:16:21.998463+00
545,FREE_TRIAL,FREE_TRIAL,2025-03-27 14:16:21.998463+00
4939,FREE_TRIAL,FREE_TRIAL,2025-03-27 14:16:21.998463+00
4297,FREE_TRIAL,FREE_TRIAL,2025-03-27 14:16:21.998463+00
3985,FREE_TRIAL,FREE_TRIAL,2025-03-27 14:16:21.998463+00
4991,FREE_TRIAL,FREE_TRIAL,2025-03-27 14:16:21.998463+00
4850,FREE_TRIAL,FREE_TRIAL,2025-03-27 14:16:21.998463+00
4716,FREE_TRIAL,FREE_TRIAL,2025-03-27 14:16:21.998463+00
4954,FREE_TRIAL,FREE_TRIAL,2025-03-27 14:16:21.998463+00
4167,FREE_TRIAL,FREE_TRIAL,2025-03-27 14:16:21.998463+00
4929,FREE_TRIAL,FREE_TRIAL,2025-03-27 14:16:21.998463+00
4736,FREE_TRIAL,FREE_TRIAL,2025-03-27 14:16:21.998463+00
4792,FREE_TRIAL,FREE_TRIAL,2025-03-27 14:16:21.998463+00
444,FREE_TRIAL,FREE_TRIAL,2025-03-27 14:16:21.998463+00
4486,FREE_TRIAL,FREE_TRIAL,2025-03-27 14:16:21.998463+00
4289,FREE_TRIAL,FREE_TRIAL,2025-03-27 14:16:21.998463+00
4050,FREE_TRIAL,FREE_TRIAL,2025-03-27 14:16:21.998463+00
4651,FREE_TRIAL,FREE_TRIAL,2025-03-27 14:16:21.998463+00
4615,FREE_TRIAL,FREE_TRIAL,2025-03-27 14:16:21.998463+00
1357,FREE_TRIAL,FREE_TRIAL,2025-03-27 14:16:21.998463+00
4060,FREE_TRIAL,FREE_TRIAL,2025-03-27 14:16:21.998463+00
4003,FREE_TRIAL,FREE_TRIAL,2025-03-27 14:16:21.998463+00
3970,FREE_TRIAL,FREE_TRIAL,2025-03-27 14:16:21.998463+00
5013,FREE_TRIAL,FREE_TRIAL,2025-03-27 14:16:21.998463+00
4700,FREE_TRIAL,FREE_TRIAL,2025-03-27 14:16:21.998463+00
4292,FREE_TRIAL,FREE_TRIAL,2025-03-27 14:16:21.998463+00
4726,FREE_TRIAL,FREE_TRIAL,2025-03-27 14:16:21.998463+00
4547,FREE_TRIAL,FREE_TRIAL,2025-03-27 14:16:21.998463+00
4514,FREE_TRIAL,FREE_TRIAL,2025-03-27 14:16:21.998463+00
4487,FREE_TRIAL,FREE_TRIAL,2025-03-27 14:16:21.998463+00
5091,FREE_TRIAL,FREE_TRIAL,2025-03-27 14:16:21.998463+00
4066,FREE_TRIAL,FREE_TRIAL,2025-03-27 14:16:21.998463+00
5115,FREE_TRIAL,FREE_TRIAL,2025-03-27 14:16:21.998463+00
4101,FREE_TRIAL,FREE_TRIAL,2025-03-27 14:16:21.998463+00
5001,FREE_TRIAL,FREE_TRIAL,2025-03-27 14:16:21.998463+00
4660,FREE_TRIAL,FREE_TRIAL,2025-03-27 14:16:21.998463+00
798,FREE_TRIAL,FREE_TRIAL,2025-03-27 14:16:21.998463+00
4875,FREE_TRIAL,FREE_TRIAL,2025-03-27 14:16:21.998463+00
5177,FREE_TRIAL,FREE_TRIAL,2025-03-27 14:16:21.998463+00
5118,FREE_TRIAL,FREE_TRIAL,2025-03-27 14:16:21.998463+00
1064,FREE_TRIAL,FREE_TRIAL,2025-03-27 14:16:21.998463+00
5127,FREE_TRIAL,FREE_TRIAL,2025-03-27 14:16:21.998463+00
5080,FREE_TRIAL,FREE_TRIAL,2025-03-27 14:16:21.998463+00
4976,FREE_TRIAL,FREE_TRIAL,2025-03-27 14:16:21.998463+00
4837,FREE_TRIAL,FREE_TRIAL,2025-03-27 14:16:21.998463+00
4134,FREE_TRIAL,FREE_TRIAL,2025-03-27 14:16:21.998463+00
5018,FREE_TRIAL,FREE_TRIAL,2025-03-27 14:16:21.998463+00
4237,FREE_TRIAL,FREE_TRIAL,2025-03-27 14:16:21.998463+00
5130,FREE_TRIAL,FREE_TRIAL,2025-03-27 14:16:21.998463+00
4880,FREE_TRIAL,FREE_TRIAL,2025-03-27 14:16:21.998463+00
4567,FREE_TRIAL,FREE_TRIAL,2025-03-27 14:16:21.998463+00
4737,FREE_TRIAL,FREE_TRIAL,2025-03-27 14:16:21.998463+00
4466,FREE_TRIAL,FREE_TRIAL,2025-03-27 14:16:21.998463+00
4063,FREE_TRIAL,FREE_TRIAL,2025-03-27 14:16:21.998463+00
4694,FREE_TRIAL,FREE_TRIAL,2025-03-27 14:16:21.998463+00
4099,FREE_TRIAL,FREE_TRIAL,2025-03-27 14:16:21.998463+00
4303,FREE_TRIAL,FREE_TRIAL,2025-03-27 14:16:21.998463+00
4930,FREE_TRIAL,FREE_TRIAL,2025-03-27 14:16:21.998463+00
3007,FREE_TRIAL,FREE_TRIAL,2025-03-27 14:16:21.998463+00
1987,FREE_TRIAL,FREE_TRIAL,2025-03-27 14:16:21.998463+00
4701,FREE_TRIAL,FREE_TRIAL,2025-03-27 14:16:21.998463+00
5096,FREE_TRIAL,FREE_TRIAL,2025-03-27 14:16:21.998463+00
487,FREE_TRIAL,FREE_TRIAL,2025-03-27 14:16:21.998463+00
4047,FREE_TRIAL,FREE_TRIAL,2025-03-27 14:16:21.998463+00
4020,FREE_TRIAL,FREE_TRIAL,2025-03-27 14:16:21.998463+00
4097,FREE_TRIAL,FREE_TRIAL,2025-03-27 14:16:21.998463+00
4517,FREE_TRIAL,FREE_TRIAL,2025-03-27 14:16:21.998463+00
4294,FREE_TRIAL,FREE_TRIAL,2025-03-27 14:16:21.998463+00
4469,FREE_TRIAL,FREE_TRIAL,2025-03-27 14:16:21.998463+00
4867,FREE_TRIAL,FREE_TRIAL,2025-03-27 14:16:21.998463+00
4910,FREE_TRIAL,FREE_TRIAL,2025-03-27 14:16:21.998463+00
4427,FREE_TRIAL,FREE_TRIAL,2025-03-27 14:16:21.998463+00
4133,FREE_TRIAL,FREE_TRIAL,2025-03-27 14:16:21.998463+00
4299,FREE_TRIAL,FREE_TRIAL,2025-03-27 14:16:21.998463+00
4233,FREE_TRIAL,FREE_TRIAL,2025-03-27 14:16:21.998463+00
5062,FREE_TRIAL,FREE_TRIAL,2025-03-27 14:16:21.998463+00
4332,FREE_TRIAL,FREE_TRIAL,2025-03-27 14:16:21.998463+00
4384,FREE_TRIAL,FREE_TRIAL,2025-03-27 14:16:21.998463+00
4305,FREE_TRIAL,FREE_TRIAL,2025-03-27 14:16:21.998463+00
4338,FREE_TRIAL,FREE_TRIAL,2025-03-27 14:16:21.998463+00
4051,FREE_TRIAL,FREE_TRIAL,2025-03-27 14:16:21.998463+00
4509,FREE_TRIAL,FREE_TRIAL,2025-03-27 14:16:21.998463+00
4223,FREE_TRIAL,FREE_TRIAL,2025-03-27 14:16:21.998463+00
4595,FREE_TRIAL,FREE_TRIAL,2025-03-27 14:16:21.998463+00
4165,FREE_TRIAL,FREE_TRIAL,2025-03-27 14:16:21.998463+00
4269,FREE_TRIAL,FREE_TRIAL,2025-03-27 14:16:21.998463+00
4599,FREE_TRIAL,FREE_TRIAL,2025-03-27 14:16:21.998463+00
4001,FREE_TRIAL,FREE_TRIAL,2025-03-27 14:16:21.998463+00
585,FREE_TRIAL,FREE_TRIAL,2025-03-27 14:16:21.998463+00
4115,FREE_TRIAL,FREE_TRIAL,2025-03-27 14:16:21.998463+00
4920,FREE_TRIAL,FREE_TRIAL,2025-03-27 14:16:21.998463+00
2532,FREE_TRIAL,FREE_TRIAL,2025-03-27 14:16:21.998463+00
4562,FREE_TRIAL,FREE_TRIAL,2025-03-27 14:16:21.998463+00
4369,FREE_TRIAL,FREE_TRIAL,2025-03-27 14:16:21.998463+00
4346,FREE_TRIAL,FREE_TRIAL,2025-03-27 14:16:21.998463+00
4647,FREE_TRIAL,FREE_TRIAL,2025-03-27 14:16:21.998463+00
4774,FREE_TRIAL,FREE_TRIAL,2025-03-27 14:16:21.998463+00
4589,FREE_TRIAL,FREE_TRIAL,2025-03-27 14:16:21.998463+00
4668,FREE_TRIAL,FREE_TRIAL,2025-03-27 14:16:21.998463+00
1712,FREE_TRIAL,FREE_TRIAL,2025-03-27 14:16:21.998463+00
4821,FREE_TRIAL,FREE_TRIAL,2025-03-27 14:16:21.998463+00
5003,FREE_TRIAL,FREE_TRIAL,2025-03-27 14:16:21.998463+00
4156,FREE_TRIAL,FREE_TRIAL,2025-03-27 14:16:21.998463+00
1269,FREE_TRIAL,FREE_TRIAL,2025-03-27 14:16:21.998463+00
4678,FREE_TRIAL,FREE_TRIAL,2025-03-27 14:16:21.998463+00
4552,FREE_TRIAL,FREE_TRIAL,2025-03-27 14:16:21.998463+00
4153,FREE_TRIAL,FREE_TRIAL,2025-03-27 14:16:21.998463+00
5141,FREE_TRIAL,FREE_TRIAL,2025-03-27 14:16:21.998463+00
4729,FREE_TRIAL,FREE_TRIAL,2025-03-27 14:16:21.998463+00
5181,FREE_TRIAL,FREE_TRIAL,2025-03-27 14:16:21.998463+00
5066,FREE_TRIAL,FREE_TRIAL,2025-03-27 14:16:21.998463+00
4563,FREE_TRIAL,FREE_TRIAL,2025-03-27 14:16:21.998463+00
4857,FREE_TRIAL,FREE_TRIAL,2025-03-27 14:16:21.998463+00
4566,FREE_TRIAL,FREE_TRIAL,2025-03-27 14:16:21.998463+00
4709,FREE_TRIAL,FREE_TRIAL,2025-03-27 14:16:21.998463+00
4518,FREE_TRIAL,FREE_TRIAL,2025-03-27 14:16:21.998463+00
4644,FREE_TRIAL,FREE_TRIAL,2025-03-27 14:16:21.998463+00
4860,FREE_TRIAL,FREE_TRIAL,2025-03-27 14:16:21.998463+00
3991,FREE_TRIAL,FREE_TRIAL,2025-03-27 14:16:21.998463+00
4571,FREE_TRIAL,FREE_TRIAL,2025-03-27 14:16:21.998463+00
4310,FREE_TRIAL,FREE_TRIAL,2025-03-27 14:16:21.998463+00
4442,FREE_TRIAL,FREE_TRIAL,2025-03-27 14:16:21.998463+00
2756,FREE_TRIAL,FREE_TRIAL,2025-03-27 14:16:21.998463+00
4397,FREE_TRIAL,FREE_TRIAL,2025-03-27 14:16:21.998463+00
4828,FREE_TRIAL,FREE_TRIAL,2025-03-27 14:16:21.998463+00
5160,FREE_TRIAL,FREE_TRIAL,2025-03-27 14:16:21.998463+00
4471,FREE_TRIAL,FREE_TRIAL,2025-03-27 14:16:21.998463+00
3986,FREE_TRIAL,FREE_TRIAL,2025-03-27 14:16:21.998463+00
4059,FREE_TRIAL,FREE_TRIAL,2025-03-27 14:16:21.998463+00
4814,FREE_TRIAL,FREE_TRIAL,2025-03-27 14:16:21.998463+00
4534,FREE_TRIAL,FREE_TRIAL,2025-03-27 14:16:21.998463+00
1061,FREE_TRIAL,FREE_TRIAL,2025-03-27 14:16:21.998463+00
4574,FREE_TRIAL,FREE_TRIAL,2025-03-27 14:16:21.998463+00
4935,FREE_TRIAL,FREE_TRIAL,2025-03-27 14:16:21.998463+00
3113,FREE_TRIAL,FREE_TRIAL,2025-03-27 14:16:21.998463+00
4582,FREE_TRIAL,FREE_TRIAL,2025-03-27 14:16:21.998463+00
5154,FREE_TRIAL,FREE_TRIAL,2025-03-27 14:16:21.998463+00
4229,FREE_TRIAL,FREE_TRIAL,2025-03-27 14:16:21.998463+00
4181,FREE_TRIAL,FREE_TRIAL,2025-03-27 14:16:21.998463+00
4780,FREE_TRIAL,FREE_TRIAL,2025-03-27 14:16:21.998463+00
4634,FREE_TRIAL,FREE_TRIAL,2025-03-27 14:16:21.998463+00
4943,FREE_TRIAL,FREE_TRIAL,2025-03-27 14:16:21.998463+00
4443,FREE_TRIAL,FREE_TRIAL,2025-03-27 14:16:21.998463+00
4879,FREE_TRIAL,FREE_TRIAL,2025-03-27 14:16:21.998463+00
4902,FREE_TRIAL,FREE_TRIAL,2025-03-27 14:16:21.998463+00
596,FREE_TRIAL,FREE_TRIAL,2025-03-27 14:16:21.998463+00
4093,FREE_TRIAL,FREE_TRIAL,2025-03-27 14:16:21.998463+00
5072,FREE_TRIAL,FREE_TRIAL,2025-03-27 14:16:21.998463+00
3972,FREE_TRIAL,FREE_TRIAL,2025-03-27 14:16:21.998463+00
4676,FREE_TRIAL,FREE_TRIAL,2025-03-27 14:16:21.998463+00
4057,FREE_TRIAL,FREE_TRIAL,2025-03-27 14:16:21.998463+00
4933,FREE_TRIAL,FREE_TRIAL,2025-03-27 14:16:21.998463+00
4793,FREE_TRIAL,FREE_TRIAL,2025-03-27 14:16:21.998463+00
5140,FREE_TRIAL,FREE_TRIAL,2025-03-27 14:16:21.998463+00
4836,FREE_TRIAL,FREE_TRIAL,2025-03-27 14:16:21.998463+00
4824,FREE_TRIAL,FREE_TRIAL,2025-03-27 14:16:21.998463+00
4636,FREE_TRIAL,FREE_TRIAL,2025-03-27 14:16:21.998463+00
5149,FREE_TRIAL,FREE_TRIAL,2025-03-27 14:16:21.998463+00
4579,FREE_TRIAL,FREE_TRIAL,2025-03-27 14:16:21.998463+00
4067,FREE_TRIAL,FREE_TRIAL,2025-03-27 14:16:21.998463+00
4870,FREE_TRIAL,FREE_TRIAL,2025-03-27 14:16:21.998463+00
4301,FREE_TRIAL,FREE_TRIAL,2025-03-27 14:16:21.998463+00
5068,FREE_TRIAL,FREE_TRIAL,2025-03-27 14:16:21.998463+00
4041,FREE_TRIAL,FREE_TRIAL,2025-03-27 14:16:21.998463+00
4143,FREE_TRIAL,FREE_TRIAL,2025-03-27 14:16:21.998463+00
4120,FREE_TRIAL,FREE_TRIAL,2025-03-27 14:16:21.998463+00
4655,FREE_TRIAL,FREE_TRIAL,2025-03-27 14:16:21.998463+00
4163,FREE_TRIAL,FREE_TRIAL,2025-03-27 14:16:21.998463+00
4333,FREE_TRIAL,FREE_TRIAL,2025-03-27 14:16:21.998463+00
5059,FREE_TRIAL,FREE_TRIAL,2025-03-27 14:16:21.998463+00
4658,FREE_TRIAL,FREE_TRIAL,2025-03-27 14:16:21.998463+00
4171,FREE_TRIAL,FREE_TRIAL,2025-03-27 14:16:21.998463+00
4932,FREE_TRIAL,FREE_TRIAL,2025-03-27 14:16:21.998463+00
5086,FREE_TRIAL,FREE_TRIAL,2025-03-27 14:16:21.998463+00
4371,FREE_TRIAL,FREE_TRIAL,2025-03-27 14:16:21.998463+00
4495,FREE_TRIAL,FREE_TRIAL,2025-03-27 14:16:21.998463+00
4708,FREE_TRIAL,FREE_TRIAL,2025-03-27 14:16:21.998463+00
5069,FREE_TRIAL,FREE_TRIAL,2025-03-27 14:16:21.998463+00
5148,FREE_TRIAL,FREE_TRIAL,2025-03-27 14:16:21.998463+00
4279,FREE_TRIAL,FREE_TRIAL,2025-03-27 14:16:21.998463+00
3993,FREE_TRIAL,FREE_TRIAL,2025-03-27 14:16:21.998463+00
5157,FREE_TRIAL,FREE_TRIAL,2025-03-27 14:16:21.998463+00
4811,FREE_TRIAL,FREE_TRIAL,2025-03-27 14:16:21.998463+00
4545,FREE_TRIAL,FREE_TRIAL,2025-03-27 14:16:21.998463+00
1483,FREE_TRIAL,FREE_TRIAL,2025-03-27 14:16:21.998463+00
4148,FREE_TRIAL,FREE_TRIAL,2025-03-27 14:16:21.998463+00
4845,FREE_TRIAL,FREE_TRIAL,2025-03-27 14:16:21.998463+00
4052,FREE_TRIAL,FREE_TRIAL,2025-03-27 14:16:21.998463+00
5056,FREE_TRIAL,FREE_TRIAL,2025-03-27 14:16:21.998463+00
5057,FREE_TRIAL,FREE_TRIAL,2025-03-27 14:16:21.998463+00
4663,FREE_TRIAL,FREE_TRIAL,2025-03-27 14:16:21.998463+00
4525,FREE_TRIAL,FREE_TRIAL,2025-03-27 14:16:21.998463+00
5168,FREE_TRIAL,FREE_TRIAL,2025-03-27 14:16:21.998463+00
4428,FREE_TRIAL,FREE_TRIAL,2025-03-27 14:16:21.998463+00
4987,FREE_TRIAL,FREE_TRIAL,2025-03-27 14:16:21.998463+00
4389,FREE_TRIAL,FREE_TRIAL,2025-03-27 14:16:21.998463+00
4909,FREE_TRIAL,FREE_TRIAL,2025-03-27 14:16:21.998463+00
4876,FREE_TRIAL,FREE_TRIAL,2025-03-27 14:16:21.998463+00
4259,FREE_TRIAL,FREE_TRIAL,2025-03-27 14:16:21.998463+00
2460,FREE_TRIAL,FREE_TRIAL,2025-03-27 14:16:21.998463+00
4278,FREE_TRIAL,FREE_TRIAL,2025-03-27 14:16:21.998463+00
5136,FREE_TRIAL,FREE_TRIAL,2025-03-27 14:16:21.998463+00
5000,FREE_TRIAL,FREE_TRIAL,2025-03-27 14:16:21.998463+00
790,FREE_TRIAL,FREE_TRIAL,2025-03-27 14:16:21.998463+00
4039,FREE_TRIAL,FREE_TRIAL,2025-03-27 14:16:21.998463+00
4598,FREE_TRIAL,FREE_TRIAL,2025-03-27 14:16:21.998463+00
3984,FREE_TRIAL,FREE_TRIAL,2025-03-27 14:16:21.998463+00
4661,FREE_TRIAL,FREE_TRIAL,2025-03-27 14:16:21.998463+00
4030,FREE_TRIAL,FREE_TRIAL,2025-03-27 14:16:21.998463+00
4340,FREE_TRIAL,FREE_TRIAL,2025-03-27 14:16:21.998463+00
4006,FREE_TRIAL,FREE_TRIAL,2025-03-27 14:16:21.998463+00
4855,FREE_TRIAL,FREE_TRIAL,2025-03-27 14:16:21.998463+00
4257,FREE_TRIAL,FREE_TRIAL,2025-03-27 14:16:21.998463+00
4337,FREE_TRIAL,FREE_TRIAL,2025-03-27 14:16:21.998463+00
4498,FREE_TRIAL,FREE_TRIAL,2025-03-27 14:16:21.998463+00
4217,FREE_TRIAL,FREE_TRIAL,2025-03-27 14:16:21.998463+00
461,FREE_TRIAL,FREE_TRIAL,2025-03-27 14:16:21.998463+00
5060,FREE_TRIAL,FREE_TRIAL,2025-03-27 14:16:21.998463+00
4378,FREE_TRIAL,FREE_TRIAL,2025-03-27 14:16:21.998463+00
4801,FREE_TRIAL,FREE_TRIAL,2025-03-27 14:16:21.998463+00
4187,FREE_TRIAL,FREE_TRIAL,2025-03-27 14:16:21.998463+00
4368,FREE_TRIAL,FREE_TRIAL,2025-03-27 14:16:21.998463+00
4531,FREE_TRIAL,FREE_TRIAL,2025-03-27 14:16:21.998463+00
2407,FREE_TRIAL,FREE_TRIAL,2025-03-27 14:16:21.998463+00
4751,FREE_TRIAL,FREE_TRIAL,2025-03-27 14:16:21.998463+00
4421,FREE_TRIAL,FREE_TRIAL,2025-03-27 14:16:21.998463+00
4345,FREE_TRIAL,FREE_TRIAL,2025-03-27 14:16:21.998463+00
4561,FREE_TRIAL,FREE_TRIAL,2025-03-27 14:16:21.998463+00
4864,FREE_TRIAL,FREE_TRIAL,2025-03-27 14:16:21.998463+00
4925,FREE_TRIAL,FREE_TRIAL,2025-03-27 14:16:21.998463+00
4352,FREE_TRIAL,FREE_TRIAL,2025-03-27 14:16:21.998463+00
4888,FREE_TRIAL,FREE_TRIAL,2025-03-27 14:16:21.998463+00
4320,FREE_TRIAL,FREE_TRIAL,2025-03-27 14:16:21.998463+00
5167,FREE_TRIAL,FREE_TRIAL,2025-03-27 14:16:21.998463+00
4707,FREE_TRIAL,FREE_TRIAL,2025-03-27 14:16:21.998463+00
4710,FREE_TRIAL,FREE_TRIAL,2025-03-27 14:16:21.998463+00
5004,FREE_TRIAL,FREE_TRIAL,2025-03-27 14:16:21.998463+00
3973,FREE_TRIAL,FREE_TRIAL,2025-03-27 14:16:21.998463+00
4570,FREE_TRIAL,FREE_TRIAL,2025-03-27 14:16:21.998463+00
4204,FREE_TRIAL,FREE_TRIAL,2025-03-27 14:16:21.998463+00
4218,FREE_TRIAL,FREE_TRIAL,2025-03-27 14:16:21.998463+00
4504,FREE_TRIAL,FREE_TRIAL,2025-03-27 14:16:21.998463+00
4125,FREE_TRIAL,FREE_TRIAL,2025-03-27 14:16:21.998463+00
4542,FREE_TRIAL,FREE_TRIAL,2025-03-27 14:16:21.998463+00
4515,FREE_TRIAL,FREE_TRIAL,2025-03-27 14:16:21.998463+00
4985,FREE_TRIAL,FREE_TRIAL,2025-03-27 14:16:21.998463+00
4981,FREE_TRIAL,FREE_TRIAL,2025-03-27 14:16:21.998463+00
4178,FREE_TRIAL,FREE_TRIAL,2025-03-27 14:16:21.998463+00
4481,FREE_TRIAL,FREE_TRIAL,2025-03-27 14:16:21.998463+00
5029,FREE_TRIAL,FREE_TRIAL,2025-03-27 14:16:21.998463+00
4416,FREE_TRIAL,FREE_TRIAL,2025-03-27 14:16:21.998463+00
4618,FREE_TRIAL,FREE_TRIAL,2025-03-27 14:16:21.998463+00
4502,FREE_TRIAL,FREE_TRIAL,2025-03-27 14:16:21.998463+00
5070,FREE_TRIAL,FREE_TRIAL,2025-03-27 14:16:21.998463+00
4028,FREE_TRIAL,FREE_TRIAL,2025-03-27 14:16:21.998463+00
5034,FREE_TRIAL,FREE_TRIAL,2025-03-27 14:16:21.998463+00
4488,FREE_TRIAL,FREE_TRIAL,2025-03-27 14:16:21.998463+00
4733,FREE_TRIAL,FREE_TRIAL,2025-03-27 14:16:21.998463+00
5132,FREE_TRIAL,FREE_TRIAL,2025-03-27 14:16:21.998463+00
2023,FREE_TRIAL,FREE_TRIAL,2025-03-27 14:16:21.998463+00
4965,FREE_TRIAL,FREE_TRIAL,2025-03-27 14:16:21.998463+00
4298,FREE_TRIAL,FREE_TRIAL,2025-03-27 14:16:21.998463+00
4841,FREE_TRIAL,FREE_TRIAL,2025-03-27 14:16:21.998463+00
5027,FREE_TRIAL,FREE_TRIAL,2025-03-27 14:16:21.998463+00
458,FREE_TRIAL,FREE_TRIAL,2025-03-27 14:16:21.998463+00
4327,FREE_TRIAL,FREE_TRIAL,2025-03-27 14:16:21.998463+00
4749,FREE_TRIAL,FREE_TRIAL,2025-03-27 14:16:21.998463+00
4578,FREE_TRIAL,FREE_TRIAL,2025-03-27 14:16:21.998463+00
4419,FREE_TRIAL,FREE_TRIAL,2025-03-27 14:16:21.998463+00
2025,FREE_TRIAL,FREE_TRIAL,2025-03-27 14:16:21.998463+00
4335,FREE_TRIAL,FREE_TRIAL,2025-03-27 14:16:21.998463+00
4832,FREE_TRIAL,FREE_TRIAL,2025-03-27 14:16:21.998463+00
4239,FREE_TRIAL,FREE_TRIAL,2025-03-27 14:16:21.998463+00
4583,FREE_TRIAL,FREE_TRIAL,2025-03-27 14:16:21.998463+00
4904,FREE_TRIAL,FREE_TRIAL,2025-03-27 14:16:21.998463+00
4323,FREE_TRIAL,FREE_TRIAL,2025-03-27 14:16:21.998463+00
4375,FREE_TRIAL,FREE_TRIAL,2025-03-27 14:16:21.998463+00
2505,FREE_TRIAL,FREE_TRIAL,2025-03-27 14:16:21.998463+00
4689,FREE_TRIAL,FREE_TRIAL,2025-03-27 14:16:21.998463+00
4784,FREE_TRIAL,FREE_TRIAL,2025-03-27 14:16:21.998463+00
4696,FREE_TRIAL,FREE_TRIAL,2025-03-27 14:16:21.998463+00
5114,FREE_TRIAL,FREE_TRIAL,2025-03-27 14:16:21.998463+00
4288,FREE_TRIAL,FREE_TRIAL,2025-03-27 14:16:21.998463+00
4273,FREE_TRIAL,FREE_TRIAL,2025-03-27 14:16:21.998463+00
5089,FREE_TRIAL,FREE_TRIAL,2025-03-27 14:16:21.998463+00
4102,FREE_TRIAL,FREE_TRIAL,2025-03-27 14:16:21.998463+00
5007,FREE_TRIAL,FREE_TRIAL,2025-03-27 14:16:21.998463+00
2646,FREE_TRIAL,FREE_TRIAL,2025-03-27 14:16:21.998463+00
4026,FREE_TRIAL,FREE_TRIAL,2025-03-27 14:16:21.998463+00
1334,FREE_TRIAL,FREE_TRIAL,2025-03-27 14:16:21.998463+00
5005,FREE_TRIAL,FREE_TRIAL,2025-03-27 14:16:21.998463+00
4951,FREE_TRIAL,FREE_TRIAL,2025-03-27 14:16:21.998463+00
4291,FREE_TRIAL,FREE_TRIAL,2025-03-27 14:16:21.998463+00
5158,FREE_TRIAL,FREE_TRIAL,2025-03-27 14:16:21.998463+00
4650,FREE_TRIAL,FREE_TRIAL,2025-03-27 14:16:21.998463+00
4440,FREE_TRIAL,FREE_TRIAL,2025-03-27 14:16:21.998463+00
4410,FREE_TRIAL,FREE_TRIAL,2025-03-27 14:16:21.998463+00
4745,FREE_TRIAL,FREE_TRIAL,2025-03-27 14:16:21.998463+00
4408,FREE_TRIAL,FREE_TRIAL,2025-03-27 14:16:21.998463+00
1528,FREE_TRIAL,FREE_TRIAL,2025-03-27 14:16:21.998463+00
4236,FREE_TRIAL,FREE_TRIAL,2025-03-27 14:16:21.998463+00
4953,FREE_TRIAL,FREE_TRIAL,2025-03-27 14:16:21.998463+00
4021,FREE_TRIAL,FREE_TRIAL,2025-03-27 14:16:21.998463+00
4786,FREE_TRIAL,FREE_TRIAL,2025-03-27 14:16:21.998463+00
4451,FREE_TRIAL,FREE_TRIAL,2025-03-27 14:16:21.998463+00
4730,FREE_TRIAL,FREE_TRIAL,2025-03-27 14:16:21.998463+00
4255,FREE_TRIAL,FREE_TRIAL,2025-03-27 14:16:21.998463+00
4202,FREE_TRIAL,FREE_TRIAL,2025-03-27 14:16:21.998463+00
2663,FREE_TRIAL,FREE_TRIAL,2025-03-27 14:16:21.998463+00
4830,FREE_TRIAL,FREE_TRIAL,2025-03-27 14:16:21.998463+00
4246,FREE_TRIAL,FREE_TRIAL,2025-03-27 14:16:21.998463+00
4891,FREE_TRIAL,FREE_TRIAL,2025-03-27 14:16:21.998463+00
4308,FREE_TRIAL,FREE_TRIAL,2025-03-27 14:16:21.998463+00
4960,FREE_TRIAL,FREE_TRIAL,2025-03-27 14:16:21.998463+00
4524,FREE_TRIAL,FREE_TRIAL,2025-03-27 14:16:21.998463+00
4926,FREE_TRIAL,FREE_TRIAL,2025-03-27 14:16:21.998463+00
4693,FREE_TRIAL,FREE_TRIAL,2025-03-27 14:16:21.998463+00
4629,FREE_TRIAL,FREE_TRIAL,2025-03-27 14:16:21.998463+00
5110,FREE_TRIAL,FREE_TRIAL,2025-03-27 14:16:21.998463+00
4604,FREE_TRIAL,FREE_TRIAL,2025-03-27 14:16:21.998463+00
4477,FREE_TRIAL,FREE_TRIAL,2025-03-27 14:16:21.998463+00
4728,FREE_TRIAL,FREE_TRIAL,2025-03-27 14:16:21.998463+00
5097,FREE_TRIAL,FREE_TRIAL,2025-03-27 14:16:21.998463+00
4662,FREE_TRIAL,FREE_TRIAL,2025-03-27 14:16:21.998463+00
5185,FREE_TRIAL,FREE_TRIAL,2025-03-27 14:16:21.998463+00
4671,FREE_TRIAL,FREE_TRIAL,2025-03-27 14:16:21.998463+00
5103,FREE_TRIAL,FREE_TRIAL,2025-03-27 14:16:21.998463+00
4594,FREE_TRIAL,FREE_TRIAL,2025-03-27 14:16:21.998463+00
4720,FREE_TRIAL,FREE_TRIAL,2025-03-27 14:16:21.998463+00
4690,FREE_TRIAL,FREE_TRIAL,2025-03-27 14:16:21.998463+00
4158,FREE_TRIAL,FREE_TRIAL,2025-03-27 14:16:21.998463+00
5156,FREE_TRIAL,FREE_TRIAL,2025-03-27 14:16:21.998463+00
4240,FREE_TRIAL,FREE_TRIAL,2025-03-27 14:16:21.998463+00
4918,FREE_TRIAL,FREE_TRIAL,2025-03-27 14:16:21.998463+00
4212,FREE_TRIAL,FREE_TRIAL,2025-03-27 14:16:21.998463+00
5073,FREE_TRIAL,FREE_TRIAL,2025-03-27 14:16:21.998463+00
4174,FREE_TRIAL,FREE_TRIAL,2025-03-27 14:16:21.998463+00
4424,FREE_TRIAL,FREE_TRIAL,2025-03-27 14:16:21.998463+00
4964,FREE_TRIAL,FREE_TRIAL,2025-03-27 14:16:21.998463+00
4490,FREE_TRIAL,FREE_TRIAL,2025-03-27 14:16:21.998463+00
4496,FREE_TRIAL,FREE_TRIAL,2025-03-27 14:16:21.998463+00
4551,FREE_TRIAL,FREE_TRIAL,2025-03-27 14:16:21.998463+00
4214,FREE_TRIAL,FREE_TRIAL,2025-03-27 14:16:21.998463+00
5077,FREE_TRIAL,FREE_TRIAL,2025-03-27 14:16:21.998463+00
5099,FREE_TRIAL,FREE_TRIAL,2025-03-27 14:16:21.998463+00
4896,FREE_TRIAL,FREE_TRIAL,2025-03-27 14:16:21.998463+00
4480,FREE_TRIAL,FREE_TRIAL,2025-03-27 14:16:21.998463+00
4251,FREE_TRIAL,FREE_TRIAL,2025-03-27 14:16:21.998463+00
4682,FREE_TRIAL,FREE_TRIAL,2025-03-27 14:16:21.998463+00
4856,FREE_TRIAL,FREE_TRIAL,2025-03-27 14:16:21.998463+00
4341,FREE_TRIAL,FREE_TRIAL,2025-03-27 14:16:21.998463+00
4848,FREE_TRIAL,FREE_TRIAL,2025-03-27 14:16:21.998463+00
4665,FREE_TRIAL,FREE_TRIAL,2025-03-27 14:16:21.998463+00
5179,FREE_TRIAL,FREE_TRIAL,2025-03-27 14:16:21.998463+00
4062,FREE_TRIAL,FREE_TRIAL,2025-03-27 14:16:21.998463+00
4923,FREE_TRIAL,FREE_TRIAL,2025-03-27 14:16:21.998463+00
2534,FREE_TRIAL,FREE_TRIAL,2025-03-27 14:16:21.998463+00
5033,FREE_TRIAL,FREE_TRIAL,2025-03-27 14:16:21.998463+00
4549,FREE_TRIAL,FREE_TRIAL,2025-03-27 14:16:21.998463+00
4376,FREE_TRIAL,FREE_TRIAL,2025-03-27 14:16:21.998463+00
4209,FREE_TRIAL,FREE_TRIAL,2025-03-27 14:16:21.998463+00
4109,FREE_TRIAL,FREE_TRIAL,2025-03-27 14:16:21.998463+00
5146,FREE_TRIAL,FREE_TRIAL,2025-03-27 14:16:21.998463+00
4012,FREE_TRIAL,FREE_TRIAL,2025-03-27 14:16:21.998463+00
5053,FREE_TRIAL,FREE_TRIAL,2025-03-27 14:16:21.998463+00
5046,FREE_TRIAL,FREE_TRIAL,2025-03-27 14:16:21.998463+00
4924,FREE_TRIAL,FREE_TRIAL,2025-03-27 14:16:21.998463+00
4804,FREE_TRIAL,FREE_TRIAL,2025-03-27 14:16:21.998463+00
2761,FREE_TRIAL,FREE_TRIAL,2025-03-27 14:16:21.998463+00
4750,FREE_TRIAL,FREE_TRIAL,2025-03-27 14:16:21.998463+00
4642,FREE_TRIAL,FREE_TRIAL,2025-03-27 14:16:21.998463+00
4449,FREE_TRIAL,FREE_TRIAL,2025-03-27 14:16:21.998463+00
5151,FREE_TRIAL,FREE_TRIAL,2025-03-27 14:16:21.998463+00
4684,FREE_TRIAL,FREE_TRIAL,2025-03-27 14:16:21.998463+00
4628,FREE_TRIAL,FREE_TRIAL,2025-03-27 14:16:21.998463+00
5098,FREE_TRIAL,FREE_TRIAL,2025-03-27 14:16:21.998463+00
4315,FREE_TRIAL,FREE_TRIAL,2025-03-27 14:16:21.998463+00
4972,FREE_TRIAL,FREE_TRIAL,2025-03-27 14:16:21.998463+00
4402,FREE_TRIAL,FREE_TRIAL,2025-03-27 14:16:21.998463+00
5063,FREE_TRIAL,FREE_TRIAL,2025-03-27 14:16:21.998463+00
4818,FREE_TRIAL,FREE_TRIAL,2025-03-27 14:16:21.998463+00
4108,FREE_TRIAL,FREE_TRIAL,2025-03-27 14:16:21.998463+00
4851,FREE_TRIAL,FREE_TRIAL,2025-03-27 14:16:21.998463+00
4695,FREE_TRIAL,FREE_TRIAL,2025-03-27 14:16:21.998463+00
5058,FREE_TRIAL,FREE_TRIAL,2025-03-27 14:16:21.998463+00
4572,FREE_TRIAL,FREE_TRIAL,2025-03-27 14:16:21.998463+00
4516,FREE_TRIAL,FREE_TRIAL,2025-03-27 14:16:21.998463+00
5061,FREE_TRIAL,FREE_TRIAL,2025-03-27 14:16:21.998463+00
4968,FREE_TRIAL,FREE_TRIAL,2025-03-27 14:16:21.998463+00
5161,FREE_TRIAL,FREE_TRIAL,2025-03-27 14:16:21.998463+00
4470,FREE_TRIAL,FREE_TRIAL,2025-03-27 14:16:21.998463+00
4168,FREE_TRIAL,FREE_TRIAL,2025-03-27 14:16:21.998463+00
3971,FREE_TRIAL,FREE_TRIAL,2025-03-27 14:16:21.998463+00
4173,FREE_TRIAL,FREE_TRIAL,2025-03-27 14:16:21.998463+00
4872,FREE_TRIAL,FREE_TRIAL,2025-03-27 14:16:21.998463+00
4761,FREE_TRIAL,FREE_TRIAL,2025-03-27 14:16:21.998463+00
4468,FREE_TRIAL,FREE_TRIAL,2025-03-27 14:16:21.998463+00
5166,FREE_TRIAL,FREE_TRIAL,2025-03-27 14:16:21.998463+00
4307,FREE_TRIAL,FREE_TRIAL,2025-03-27 14:16:21.998463+00
4558,FREE_TRIAL,FREE_TRIAL,2025-03-27 14:16:21.998463+00
5192,FREE_TRIAL,FREE_TRIAL,2025-03-27 14:16:21.998463+00
4906,FREE_TRIAL,FREE_TRIAL,2025-03-27 14:16:21.998463+00
4207,FREE_TRIAL,FREE_TRIAL,2025-03-27 14:16:21.998463+00
4917,FREE_TRIAL,FREE_TRIAL,2025-03-27 14:16:21.998463+00
4104,FREE_TRIAL,FREE_TRIAL,2025-03-27 14:16:21.998463+00
3107,FREE_TRIAL,FREE_TRIAL,2025-03-27 14:16:21.998463+00
4324,FREE_TRIAL,FREE_TRIAL,2025-03-27 14:16:21.998463+00
2686,FREE_TRIAL,FREE_TRIAL,2025-03-27 14:16:21.998463+00
4347,FREE_TRIAL,FREE_TRIAL,2025-03-27 14:16:21.998463+00
694,FREE_TRIAL,FREE_TRIAL,2025-03-27 14:16:21.998463+00
786,FREE_TRIAL,FREE_TRIAL,2025-03-27 14:16:21.998463+00
5171,FREE_TRIAL,FREE_TRIAL,2025-03-27 14:16:21.998463+00
4630,FREE_TRIAL,FREE_TRIAL,2025-03-27 14:16:21.998463+00
4092,FREE_TRIAL,FREE_TRIAL,2025-03-27 14:16:21.998463+00
5014,FREE_TRIAL,FREE_TRIAL,2025-03-27 14:16:21.998463+00
4956,FREE_TRIAL,FREE_TRIAL,2025-03-27 14:16:21.998463+00
4838,FREE_TRIAL,FREE_TRIAL,2025-03-27 14:16:21.998463+00
4200,FREE_TRIAL,FREE_TRIAL,2025-03-27 14:16:21.998463+00
4144,FREE_TRIAL,FREE_TRIAL,2025-03-27 14:16:21.998463+00
5133,FREE_TRIAL,FREE_TRIAL,2025-03-27 14:16:21.998463+00
4197,FREE_TRIAL,FREE_TRIAL,2025-03-27 14:16:21.998463+00
4314,FREE_TRIAL,FREE_TRIAL,2025-03-27 14:16:21.998463+00
4747,FREE_TRIAL,FREE_TRIAL,2025-03-27 14:16:21.998463+00
4420,FREE_TRIAL,FREE_TRIAL,2025-03-27 14:16:21.998463+00
5186,FREE_TRIAL,FREE_TRIAL,2025-03-27 14:16:21.998463+00
4731,FREE_TRIAL,FREE_TRIAL,2025-03-27 14:16:21.998463+00
5042,FREE_TRIAL,FREE_TRIAL,2025-03-27 14:16:21.998463+00
4364,FREE_TRIAL,FREE_TRIAL,2025-03-27 14:16:21.998463+00
1356,FREE_TRIAL,FREE_TRIAL,2025-03-27 14:16:21.998463+00
4306,FREE_TRIAL,FREE_TRIAL,2025-03-27 14:16:21.998463+00
4085,FREE_TRIAL,FREE_TRIAL,2025-03-27 14:16:21.998463+00
3079,FREE_TRIAL,FREE_TRIAL,2025-03-27 14:16:21.998463+00
4406,FREE_TRIAL,FREE_TRIAL,2025-03-27 14:16:21.998463+00
4267,FREE_TRIAL,FREE_TRIAL,2025-03-27 14:16:21.998463+00
4172,FREE_TRIAL,FREE_TRIAL,2025-03-27 14:16:21.998463+00
4921,FREE_TRIAL,FREE_TRIAL,2025-03-27 14:16:21.998463+00
4170,FREE_TRIAL,FREE_TRIAL,2025-03-27 14:16:21.998463+00
4238,FREE_TRIAL,FREE_TRIAL,2025-03-27 14:16:21.998463+00
4390,FREE_TRIAL,FREE_TRIAL,2025-03-27 14:16:21.998463+00
4961,FREE_TRIAL,FREE_TRIAL,2025-03-27 14:16:21.998463+00
4081,FREE_TRIAL,FREE_TRIAL,2025-03-27 14:16:21.998463+00
4901,FREE_TRIAL,FREE_TRIAL,2025-03-27 14:16:21.998463+00
1374,FREE_TRIAL,FREE_TRIAL,2025-03-27 14:16:21.998463+00
3992,FREE_TRIAL,FREE_TRIAL,2025-03-27 14:16:21.998463+00
5076,FREE_TRIAL,FREE_TRIAL,2025-03-27 14:16:21.998463+00
4919,FREE_TRIAL,FREE_TRIAL,2025-03-27 14:16:21.998463+00
4556,FREE_TRIAL,FREE_TRIAL,2025-03-27 14:16:21.998463+00
4055,FREE_TRIAL,FREE_TRIAL,2025-03-27 14:16:21.998463+00
4150,FREE_TRIAL,FREE_TRIAL,2025-03-27 14:16:21.998463+00
4820,FREE_TRIAL,FREE_TRIAL,2025-03-27 14:16:21.998463+00
4608,FREE_TRIAL,FREE_TRIAL,2025-03-27 14:16:21.998463+00
4447,FREE_TRIAL,FREE_TRIAL,2025-03-27 14:16:21.998463+00
4436,FREE_TRIAL,FREE_TRIAL,2025-03-27 14:16:21.998463+00
3974,FREE_TRIAL,FREE_TRIAL,2025-03-27 14:16:21.998463+00
4162,FREE_TRIAL,FREE_TRIAL,2025-03-27 14:16:21.998463+00
4136,FREE_TRIAL,FREE_TRIAL,2025-03-27 14:16:21.998463+00
4962,FREE_TRIAL,FREE_TRIAL,2025-03-27 14:16:21.998463+00
4275,FREE_TRIAL,FREE_TRIAL,2025-03-27 14:16:21.998463+00
4114,FREE_TRIAL,FREE_TRIAL,2025-03-27 14:16:21.998463+00
4446,FREE_TRIAL,FREE_TRIAL,2025-03-27 14:16:21.998463+00
4033,FREE_TRIAL,FREE_TRIAL,2025-03-27 14:16:21.998463+00
4334,FREE_TRIAL,FREE_TRIAL,2025-03-27 14:16:21.998463+00
4538,FREE_TRIAL,FREE_TRIAL,2025-03-27 14:16:21.998463+00
5045,FREE_TRIAL,FREE_TRIAL,2025-03-27 14:16:21.998463+00
4719,FREE_TRIAL,FREE_TRIAL,2025-03-27 14:16:21.998463+00
4460,FREE_TRIAL,FREE_TRIAL,2025-03-27 14:16:21.998463+00
4196,FREE_TRIAL,FREE_TRIAL,2025-03-27 14:16:21.998463+00
5125,FREE_TRIAL,FREE_TRIAL,2025-03-27 14:16:21.998463+00
4283,FREE_TRIAL,FREE_TRIAL,2025-03-27 14:16:21.998463+00
4139,FREE_TRIAL,FREE_TRIAL,2025-03-27 14:16:21.998463+00
4321,FREE_TRIAL,FREE_TRIAL,2025-03-27 14:16:21.998463+00
4819,FREE_TRIAL,FREE_TRIAL,2025-03-27 14:16:21.998463+00
4652,FREE_TRIAL,FREE_TRIAL,2025-03-27 14:16:21.998463+00
4191,FREE_TRIAL,FREE_TRIAL,2025-03-27 14:16:21.998463+00
4977,FREE_TRIAL,FREE_TRIAL,2025-03-27 14:16:21.998463+00
4787,FREE_TRIAL,FREE_TRIAL,2025-03-27 14:16:21.998463+00
617,FREE_TRIAL,FREE_TRIAL,2025-03-27 14:16:21.998463+00
5025,FREE_TRIAL,FREE_TRIAL,2025-03-27 14:16:21.998463+00
4438,FREE_TRIAL,FREE_TRIAL,2025-03-27 14:16:21.998463+00
4284,FREE_TRIAL,FREE_TRIAL,2025-03-27 14:16:21.998463+00
4074,FREE_TRIAL,FREE_TRIAL,2025-03-27 14:16:21.998463+00
5135,FREE_TRIAL,FREE_TRIAL,2025-03-27 14:16:21.998463+00
2286,FREE_TRIAL,FREE_TRIAL,2025-03-27 14:16:21.998463+00
4151,FREE_TRIAL,FREE_TRIAL,2025-03-27 14:16:21.998463+00
4330,FREE_TRIAL,FREE_TRIAL,2025-03-27 14:16:21.998463+00
3981,FREE_TRIAL,FREE_TRIAL,2025-03-27 14:16:21.998463+00
1365,FREE_TRIAL,FREE_TRIAL,2025-03-27 14:16:21.998463+00
4575,FREE_TRIAL,FREE_TRIAL,2025-03-27 14:16:21.998463+00
3990,FREE_TRIAL,FREE_TRIAL,2025-03-27 14:16:21.998463+00
4331,FREE_TRIAL,FREE_TRIAL,2025-03-27 14:16:21.998463+00
618,FREE_TRIAL,FREE_TRIAL,2025-03-27 14:16:21.998463+00
4936,FREE_TRIAL,FREE_TRIAL,2025-03-27 14:16:21.998463+00
3606,FREE_TRIAL,FREE_TRIAL,2025-03-27 14:16:21.998463+00
4712,FREE_TRIAL,FREE_TRIAL,2025-03-27 14:16:21.998463+00
4544,FREE_TRIAL,FREE_TRIAL,2025-03-27 14:16:21.998463+00
4748,FREE_TRIAL,FREE_TRIAL,2025-03-27 14:16:21.998463+00
4550,FREE_TRIAL,FREE_TRIAL,2025-03-27 14:16:21.998463+00
4106,FREE_TRIAL,FREE_TRIAL,2025-03-27 14:16:21.998463+00
5085,FREE_TRIAL,FREE_TRIAL,2025-03-27 14:16:21.998463+00
4714,FREE_TRIAL,FREE_TRIAL,2025-03-27 14:16:21.998463+00
4576,FREE_TRIAL,FREE_TRIAL,2025-03-27 14:16:21.998463+00
4075,FREE_TRIAL,FREE_TRIAL,2025-03-27 14:16:21.998463+00
5038,FREE_TRIAL,FREE_TRIAL,2025-03-27 14:16:21.998463+00
4922,FREE_TRIAL,FREE_TRIAL,2025-03-27 14:16:21.998463+00
4947,FREE_TRIAL,FREE_TRIAL,2025-03-27 14:16:21.998463+00
4076,FREE_TRIAL,FREE_TRIAL,2025-03-27 14:16:21.998463+00
5002,FREE_TRIAL,FREE_TRIAL,2025-03-27 14:16:21.998463+00
739,FREE_TRIAL,FREE_TRIAL,2025-03-27 14:16:21.998463+00
4597,FREE_TRIAL,FREE_TRIAL,2025-03-27 14:16:21.998463+00
4877,FREE_TRIAL,FREE_TRIAL,2025-03-27 14:16:21.998463+00
4146,FREE_TRIAL,FREE_TRIAL,2025-03-27 14:16:21.998463+00
4781,FREE_TRIAL,FREE_TRIAL,2025-03-27 14:16:21.998463+00
4865,FREE_TRIAL,FREE_TRIAL,2025-03-27 14:16:21.998463+00
4718,FREE_TRIAL,FREE_TRIAL,2025-03-27 14:16:21.998463+00
3048,FREE_TRIAL,FREE_TRIAL,2025-03-27 14:16:21.998463+00
2620,FREE_TRIAL,FREE_TRIAL,2025-03-27 14:16:21.998463+00
4190,FREE_TRIAL,FREE_TRIAL,2025-03-27 14:16:21.998463+00
4847,FREE_TRIAL,FREE_TRIAL,2025-03-27 14:16:21.998463+00
4686,FREE_TRIAL,FREE_TRIAL,2025-03-27 14:16:21.998463+00
4393,FREE_TRIAL,FREE_TRIAL,2025-03-27 14:16:21.998463+00
4489,FREE_TRIAL,FREE_TRIAL,2025-03-27 14:16:21.998463+00
4790,FREE_TRIAL,FREE_TRIAL,2025-03-27 14:16:21.998463+00
4430,FREE_TRIAL,FREE_TRIAL,2025-03-27 14:16:21.998463+00
4674,FREE_TRIAL,FREE_TRIAL,2025-03-27 14:16:21.998463+00
4256,FREE_TRIAL,FREE_TRIAL,2025-03-27 14:16:21.998463+00
4392,FREE_TRIAL,FREE_TRIAL,2025-03-27 14:16:21.998463+00
4813,FREE_TRIAL,FREE_TRIAL,2025-03-27 14:16:21.998463+00
4417,FREE_TRIAL,FREE_TRIAL,2025-03-27 14:16:21.998463+00
2455,FREE_TRIAL,FREE_TRIAL,2025-03-27 14:16:21.998463+00
1994,FREE_TRIAL,FREE_TRIAL,2025-03-27 14:16:21.998463+00
3132,FREE_TRIAL,FREE_TRIAL,2025-03-27 14:16:21.998463+00
4626,FREE_TRIAL,FREE_TRIAL,2025-03-27 14:16:21.998463+00
5190,FREE_TRIAL,FREE_TRIAL,2025-03-27 14:16:21.998463+00
4077,FREE_TRIAL,FREE_TRIAL,2025-03-27 14:16:21.998463+00
4993,FREE_TRIAL,FREE_TRIAL,2025-03-27 14:16:21.998463+00
4657,FREE_TRIAL,FREE_TRIAL,2025-03-27 14:16:21.998463+00
4868,FREE_TRIAL,FREE_TRIAL,2025-03-27 14:16:21.998463+00
4422,FREE_TRIAL,FREE_TRIAL,2025-03-27 14:16:21.998463+00
1335,FREE_TRIAL,FREE_TRIAL,2025-03-27 14:16:21.998463+00
1350,FREE_TRIAL,FREE_TRIAL,2025-03-27 14:16:21.998463+00
3966,FREE_TRIAL,FREE_TRIAL,2025-03-27 14:16:21.998463+00
4361,FREE_TRIAL,FREE_TRIAL,2025-03-27 14:16:21.998463+00
4398,FREE_TRIAL,FREE_TRIAL,2025-03-27 14:16:21.998463+00
5071,FREE_TRIAL,FREE_TRIAL,2025-03-27 14:16:21.998463+00
841,FREE_TRIAL,FREE_TRIAL,2025-03-27 14:16:21.998463+00
4980,FREE_TRIAL,FREE_TRIAL,2025-03-27 14:16:21.998463+00
4631,FREE_TRIAL,FREE_TRIAL,2025-03-27 14:16:21.998463+00
4573,FREE_TRIAL,FREE_TRIAL,2025-03-27 14:16:21.998463+00
4506,FREE_TRIAL,FREE_TRIAL,2025-03-27 14:16:21.998463+00
584,FREE_TRIAL,FREE_TRIAL,2025-03-27 14:16:21.998463+00
5122,FREE_TRIAL,FREE_TRIAL,2025-03-27 14:16:21.998463+00
4687,FREE_TRIAL,FREE_TRIAL,2025-03-27 14:16:21.998463+00
4798,FREE_TRIAL,FREE_TRIAL,2025-03-27 14:16:21.998463+00
4717,FREE_TRIAL,FREE_TRIAL,2025-03-27 14:16:21.998463+00
5191,FREE_TRIAL,FREE_TRIAL,2025-03-27 14:16:21.998463+00
5041,FREE_TRIAL,FREE_TRIAL,2025-03-27 14:16:21.998463+00
4036,FREE_TRIAL,FREE_TRIAL,2025-03-27 14:16:21.998463+00
698,FREE_TRIAL,FREE_TRIAL,2025-03-27 14:16:21.998463+00
4670,FREE_TRIAL,FREE_TRIAL,2025-03-27 14:16:21.998463+00
4042,FREE_TRIAL,FREE_TRIAL,2025-03-27 14:16:21.998463+00
4157,FREE_TRIAL,FREE_TRIAL,2025-03-27 14:16:21.998463+00
5144,FREE_TRIAL,FREE_TRIAL,2025-03-27 14:16:21.998463+00
4783,FREE_TRIAL,FREE_TRIAL,2025-03-27 14:16:21.998463+00
4035,FREE_TRIAL,FREE_TRIAL,2025-03-27 14:16:21.998463+00
4096,FREE_TRIAL,FREE_TRIAL,2025-03-27 14:16:21.998463+00
4944,FREE_TRIAL,FREE_TRIAL,2025-03-27 14:16:21.998463+00
4519,FREE_TRIAL,FREE_TRIAL,2025-03-27 14:16:21.998463+00
4135,FREE_TRIAL,FREE_TRIAL,2025-03-27 14:16:21.998463+00
4009,FREE_TRIAL,FREE_TRIAL,2025-03-27 14:16:21.998463+00
4649,FREE_TRIAL,FREE_TRIAL,2025-03-27 14:16:21.998463+00
2547,FREE_TRIAL,FREE_TRIAL,2025-03-27 14:16:21.998463+00
4611,FREE_TRIAL,FREE_TRIAL,2025-03-27 14:16:21.998463+00
4177,FREE_TRIAL,FREE_TRIAL,2025-03-27 14:16:21.998463+00
4277,FREE_TRIAL,FREE_TRIAL,2025-03-27 14:16:21.998463+00
4654,FREE_TRIAL,FREE_TRIAL,2025-03-27 14:16:21.998463+00
4215,FREE_TRIAL,FREE_TRIAL,2025-03-27 14:16:21.998463+00
4886,FREE_TRIAL,FREE_TRIAL,2025-03-27 14:16:21.998463+00
4553,FREE_TRIAL,FREE_TRIAL,2025-03-27 14:16:21.998463+00
4382,FREE_TRIAL,FREE_TRIAL,2025-03-27 14:16:21.998463+00
2490,FREE_TRIAL,FREE_TRIAL,2025-03-27 14:16:21.998463+00
5176,FREE_TRIAL,FREE_TRIAL,2025-03-27 14:16:21.998463+00
5051,FREE_TRIAL,FREE_TRIAL,2025-03-27 14:16:21.998463+00
4588,FREE_TRIAL,FREE_TRIAL,2025-03-27 14:16:21.998463+00
4387,FREE_TRIAL,FREE_TRIAL,2025-03-27 14:16:21.998463+00
5078,FREE_TRIAL,FREE_TRIAL,2025-03-27 14:16:21.998463+00
4300,FREE_TRIAL,FREE_TRIAL,2025-03-27 14:16:21.998463+00
4854,FREE_TRIAL,FREE_TRIAL,2025-03-27 14:16:21.998463+00
4343,FREE_TRIAL,FREE_TRIAL,2025-03-27 14:16:21.998463+00
4602,FREE_TRIAL,FREE_TRIAL,2025-03-27 14:16:21.998463+00
4967,FREE_TRIAL,FREE_TRIAL,2025-03-27 14:16:21.998463+00
4852,FREE_TRIAL,FREE_TRIAL,2025-03-27 14:16:21.998463+00
4808,FREE_TRIAL,FREE_TRIAL,2025-03-27 14:16:21.998463+00
4601,FREE_TRIAL,FREE_TRIAL,2025-03-27 14:16:21.998463+00
4155,FREE_TRIAL,FREE_TRIAL,2025-03-27 14:16:21.998463+00
5170,FREE_TRIAL,FREE_TRIAL,2025-03-27 14:16:21.998463+00
4311,FREE_TRIAL,FREE_TRIAL,2025-03-27 14:16:21.998463+00
4140,FREE_TRIAL,FREE_TRIAL,2025-03-27 14:16:21.998463+00
5030,FREE_TRIAL,FREE_TRIAL,2025-03-27 14:16:21.998463+00
4723,FREE_TRIAL,FREE_TRIAL,2025-03-27 14:16:21.998463+00
4669,FREE_TRIAL,FREE_TRIAL,2025-03-27 14:16:21.998463+00
2354,FREE_TRIAL,FREE_TRIAL,2025-03-27 14:16:21.998463+00
4355,FREE_TRIAL,FREE_TRIAL,2025-03-27 14:16:21.998463+00
4461,FREE_TRIAL,FREE_TRIAL,2025-03-27 14:16:21.998463+00
4970,FREE_TRIAL,FREE_TRIAL,2025-03-27 14:16:21.998463+00
2524,FREE_TRIAL,FREE_TRIAL,2025-03-27 14:16:21.998463+00
3996,FREE_TRIAL,FREE_TRIAL,2025-03-27 14:16:21.998463+00
5155,FREE_TRIAL,FREE_TRIAL,2025-03-27 14:16:21.998463+00
4861,FREE_TRIAL,FREE_TRIAL,2025-03-27 14:16:21.998463+00
4326,FREE_TRIAL,FREE_TRIAL,2025-03-27 14:16:21.998463+00
5189,FREE_TRIAL,FREE_TRIAL,2025-03-27 14:16:21.998463+00
4600,FREE_TRIAL,FREE_TRIAL,2025-03-27 14:16:21.998463+00
1543,FREE_TRIAL,FREE_TRIAL,2025-03-27 14:16:21.998463+00
5153,FREE_TRIAL,FREE_TRIAL,2025-03-27 14:16:21.998463+00
4984,FREE_TRIAL,FREE_TRIAL,2025-03-27 14:16:21.998463+00
4773,FREE_TRIAL,FREE_TRIAL,2025-03-27 14:16:21.998463+00
4889,FREE_TRIAL,FREE_TRIAL,2025-03-27 14:16:21.998463+00
4322,FREE_TRIAL,FREE_TRIAL,2025-03-27 14:16:21.998463+00
4241,FREE_TRIAL,FREE_TRIAL,2025-03-27 14:16:21.998463+00
4107,FREE_TRIAL,FREE_TRIAL,2025-03-27 14:16:21.998463+00
4688,FREE_TRIAL,FREE_TRIAL,2025-03-27 14:16:21.998463+00
4166,FREE_TRIAL,FREE_TRIAL,2025-03-27 14:16:21.998463+00
4194,FREE_TRIAL,FREE_TRIAL,2025-03-27 14:16:21.998463+00
4966,FREE_TRIAL,FREE_TRIAL,2025-03-27 14:16:21.998463+00
4755,FREE_TRIAL,FREE_TRIAL,2025-03-27 14:16:21.998463+00
4646,FREE_TRIAL,FREE_TRIAL,2025-03-27 14:16:21.998463+00
4955,FREE_TRIAL,FREE_TRIAL,2025-03-27 14:16:21.998463+00
4884,FREE_TRIAL,FREE_TRIAL,2025-03-27 14:16:21.998463+00
4635,FREE_TRIAL,FREE_TRIAL,2025-03-27 14:16:21.998463+00
4304,FREE_TRIAL,FREE_TRIAL,2025-03-27 14:16:21.998463+00
4632,FREE_TRIAL,FREE_TRIAL,2025-03-27 14:16:21.998463+00
3978,FREE_TRIAL,FREE_TRIAL,2025-03-27 14:16:21.998463+00
4620,FREE_TRIAL,FREE_TRIAL,2025-03-27 14:16:21.998463+00
4264,FREE_TRIAL,FREE_TRIAL,2025-03-27 14:16:21.998463+00
4735,FREE_TRIAL,FREE_TRIAL,2025-03-27 14:16:21.998463+00
4831,FREE_TRIAL,FREE_TRIAL,2025-03-27 14:16:21.998463+00
4641,FREE_TRIAL,FREE_TRIAL,2025-03-27 14:16:21.998463+00
4757,FREE_TRIAL,FREE_TRIAL,2025-03-27 14:16:21.998463+00
5172,FREE_TRIAL,FREE_TRIAL,2025-03-27 14:16:21.998463+00
4353,FREE_TRIAL,FREE_TRIAL,2025-03-27 14:16:21.998463+00
4463,FREE_TRIAL,FREE_TRIAL,2025-03-27 14:16:21.998463+00
4117,FREE_TRIAL,FREE_TRIAL,2025-03-27 14:16:21.998463+00
4940,FREE_TRIAL,FREE_TRIAL,2025-03-27 14:16:21.998463+00
4754,FREE_TRIAL,FREE_TRIAL,2025-03-27 14:16:21.998463+00
5047,FREE_TRIAL,FREE_TRIAL,2025-03-27 14:16:21.998463+00
4664,FREE_TRIAL,FREE_TRIAL,2025-03-27 14:16:21.998463+00
4555,FREE_TRIAL,FREE_TRIAL,2025-03-27 14:16:21.998463+00
4362,FREE_TRIAL,FREE_TRIAL,2025-03-27 14:16:21.998463+00
4329,FREE_TRIAL,FREE_TRIAL,2025-03-27 14:16:21.998463+00
4064,FREE_TRIAL,FREE_TRIAL,2025-03-27 14:16:21.998463+00
4319,FREE_TRIAL,FREE_TRIAL,2025-03-27 14:16:21.998463+00
4764,FREE_TRIAL,FREE_TRIAL,2025-03-27 14:16:21.998463+00
4286,FREE_TRIAL,FREE_TRIAL,2025-03-27 14:16:21.998463+00
5165,FREE_TRIAL,FREE_TRIAL,2025-03-27 14:16:21.998463+00
4653,FREE_TRIAL,FREE_TRIAL,2025-03-27 14:16:21.998463+00
4247,FREE_TRIAL,FREE_TRIAL,2025-03-27 14:16:21.998463+00
5035,FREE_TRIAL,FREE_TRIAL,2025-03-27 14:16:21.998463+00
1217,FREE_TRIAL,FREE_TRIAL,2025-03-27 14:16:21.998463+00
4835,FREE_TRIAL,FREE_TRIAL,2025-03-27 14:16:21.998463+00
4816,FREE_TRIAL,FREE_TRIAL,2025-03-27 14:16:21.998463+00
538,FREE_TRIAL,FREE_TRIAL,2025-03-27 14:16:21.998463+00
4807,FREE_TRIAL,FREE_TRIAL,2025-03-27 14:16:21.998463+00
4244,FREE_TRIAL,FREE_TRIAL,2025-03-27 14:16:21.998463+00
4803,FREE_TRIAL,FREE_TRIAL,2025-03-27 14:16:21.998463+00
4409,FREE_TRIAL,FREE_TRIAL,2025-03-27 14:16:21.998463+00
4213,FREE_TRIAL,FREE_TRIAL,2025-03-27 14:16:21.998463+00
5104,FREE_TRIAL,FREE_TRIAL,2025-03-27 14:16:21.998463+00
5162,FREE_TRIAL,FREE_TRIAL,2025-03-27 14:16:21.998463+00
4543,FREE_TRIAL,FREE_TRIAL,2025-03-27 14:16:21.998463+00
4198,FREE_TRIAL,FREE_TRIAL,2025-03-27 14:16:21.998463+00
4586,FREE_TRIAL,FREE_TRIAL,2025-03-27 14:16:21.998463+00
4317,FREE_TRIAL,FREE_TRIAL,2025-03-27 14:16:21.998463+00
4263,FREE_TRIAL,FREE_TRIAL,2025-03-27 14:16:21.998463+00
4141,FREE_TRIAL,FREE_TRIAL,2025-03-27 14:16:21.998463+00
4040,FREE_TRIAL,FREE_TRIAL,2025-03-27 14:16:21.998463+00
4945,FREE_TRIAL,FREE_TRIAL,2025-03-27 14:16:21.998463+00
4862,FREE_TRIAL,FREE_TRIAL,2025-03-27 14:16:21.998463+00
4270,FREE_TRIAL,FREE_TRIAL,2025-03-27 14:16:21.998463+00
4473,FREE_TRIAL,FREE_TRIAL,2025-03-27 14:16:21.998463+00
4806,FREE_TRIAL,FREE_TRIAL,2025-03-27 14:16:21.998463+00
4692,FREE_TRIAL,FREE_TRIAL,2025-03-27 14:16:21.998463+00
4770,FREE_TRIAL,FREE_TRIAL,2025-03-27 14:16:21.998463+00
4497,FREE_TRIAL,FREE_TRIAL,2025-03-27 14:16:21.998463+00
5006,FREE_TRIAL,FREE_TRIAL,2025-03-27 14:16:21.998463+00
4232,FREE_TRIAL,FREE_TRIAL,2025-03-27 14:16:21.998463+00
5039,FREE_TRIAL,FREE_TRIAL,2025-03-27 14:16:21.998463+00
5031,FREE_TRIAL,FREE_TRIAL,2025-03-27 14:16:21.998463+00
4672,FREE_TRIAL,FREE_TRIAL,2025-03-27 14:16:21.998463+00
4356,FREE_TRIAL,FREE_TRIAL,2025-03-27 14:16:21.998463+00
4281,FREE_TRIAL,FREE_TRIAL,2025-03-27 14:16:21.998463+00
4119,FREE_TRIAL,FREE_TRIAL,2025-03-27 14:16:21.998463+00
4336,FREE_TRIAL,FREE_TRIAL,2025-03-27 14:16:21.998463+00
1367,FREE_TRIAL,FREE_TRIAL,2025-03-27 14:16:21.998463+00
4912,FREE_TRIAL,FREE_TRIAL,2025-03-27 14:16:21.998463+00
4254,FREE_TRIAL,FREE_TRIAL,2025-03-27 14:16:21.998463+00
4706,FREE_TRIAL,FREE_TRIAL,2025-03-27 14:16:21.998463+00
4659,FREE_TRIAL,FREE_TRIAL,2025-03-27 14:16:21.998463+00
4152,FREE_TRIAL,FREE_TRIAL,2025-03-27 14:16:21.998463+00
4908,FREE_TRIAL,FREE_TRIAL,2025-03-27 14:16:21.998463+00
4080,FREE_TRIAL,FREE_TRIAL,2025-03-27 14:16:21.998463+00
4079,FREE_TRIAL,FREE_TRIAL,2025-03-27 14:16:21.998463+00
5020,FREE_TRIAL,FREE_TRIAL,2025-03-27 14:16:21.998463+00
4175,FREE_TRIAL,FREE_TRIAL,2025-03-27 14:16:21.998463+00
2694,FREE_TRIAL,FREE_TRIAL,2025-03-27 14:16:21.998463+00
4386,FREE_TRIAL,FREE_TRIAL,2025-03-27 14:16:21.998463+00
3983,FREE_TRIAL,FREE_TRIAL,2025-03-27 14:16:21.998463+00
4685,FREE_TRIAL,FREE_TRIAL,2025-03-27 14:16:21.998463+00
4206,FREE_TRIAL,FREE_TRIAL,2025-03-27 14:16:21.998463+00
4290,FREE_TRIAL,FREE_TRIAL,2025-03-27 14:16:21.998463+00
5012,FREE_TRIAL,FREE_TRIAL,2025-03-27 14:16:21.998463+00
4145,FREE_TRIAL,FREE_TRIAL,2025-03-27 14:16:21.998463+00
5081,FREE_TRIAL,FREE_TRIAL,2025-03-27 14:16:21.998463+00
4149,FREE_TRIAL,FREE_TRIAL,2025-03-27 14:16:21.998463+00
4633,FREE_TRIAL,FREE_TRIAL,2025-03-27 14:16:21.998463+00
1353,FREE_TRIAL,FREE_TRIAL,2025-03-27 14:16:21.998463+00
4725,FREE_TRIAL,FREE_TRIAL,2025-03-27 14:16:21.998463+00
5022,FREE_TRIAL,FREE_TRIAL,2025-03-27 14:16:21.998463+00
4185,FREE_TRIAL,FREE_TRIAL,2025-03-27 14:16:21.998463+00
4762,FREE_TRIAL,FREE_TRIAL,2025-03-27 14:16:21.998463+00
5184,FREE_TRIAL,FREE_TRIAL,2025-03-27 14:16:21.998463+00
4521,FREE_TRIAL,FREE_TRIAL,2025-03-27 14:16:21.998463+00
4008,FREE_TRIAL,FREE_TRIAL,2025-03-27 14:16:21.998463+00
4763,FREE_TRIAL,FREE_TRIAL,2025-03-27 14:16:21.998463+00
4522,FREE_TRIAL,FREE_TRIAL,2025-03-27 14:16:21.998463+00
1354,FREE_TRIAL,FREE_TRIAL,2025-03-27 14:16:21.998463+00
608,FREE_TRIAL,FREE_TRIAL,2025-03-27 14:16:21.998463+00
4203,FREE_TRIAL,FREE_TRIAL,2025-03-27 14:16:21.998463+00
5128,FREE_TRIAL,FREE_TRIAL,2025-03-27 14:16:21.998463+00
4123,FREE_TRIAL,FREE_TRIAL,2025-03-27 14:16:21.998463+00
4568,FREE_TRIAL,FREE_TRIAL,2025-03-27 14:16:21.998463+00
4476,FREE_TRIAL,FREE_TRIAL,2025-03-27 14:16:21.998463+00
4529,FREE_TRIAL,FREE_TRIAL,2025-03-27 14:16:21.998463+00
5126,FREE_TRIAL,FREE_TRIAL,2025-03-27 14:16:21.998463+00
4265,FREE_TRIAL,FREE_TRIAL,2025-03-27 14:16:21.998463+00
2585,FREE_TRIAL,FREE_TRIAL,2025-03-27 14:16:21.998463+00
4587,FREE_TRIAL,FREE_TRIAL,2025-03-27 14:16:21.998463+00
4025,FREE_TRIAL,FREE_TRIAL,2025-03-27 14:16:21.998463+00
4100,FREE_TRIAL,FREE_TRIAL,2025-03-27 14:16:21.998463+00
5095,FREE_TRIAL,FREE_TRIAL,2025-03-27 14:16:21.998463+00
4805,FREE_TRIAL,FREE_TRIAL,2025-03-27 14:16:21.998463+00
4788,FREE_TRIAL,FREE_TRIAL,2025-03-27 14:16:21.998463+00
4024,FREE_TRIAL,FREE_TRIAL,2025-03-27 14:16:21.998463+00
2427,FREE_TRIAL,FREE_TRIAL,2025-03-27 14:16:21.998463+00
4328,FREE_TRIAL,FREE_TRIAL,2025-03-27 14:16:21.998463+00
4829,FREE_TRIAL,FREE_TRIAL,2025-03-27 14:16:21.998463+00
3979,FREE_TRIAL,FREE_TRIAL,2025-03-27 14:16:21.998463+00
5084,FREE_TRIAL,FREE_TRIAL,2025-03-27 14:16:21.998463+00
4779,FREE_TRIAL,FREE_TRIAL,2025-03-27 14:16:21.998463+00
5187,FREE_TRIAL,FREE_TRIAL,2025-03-27 14:16:21.998463+00
4503,FREE_TRIAL,FREE_TRIAL,2025-03-27 14:16:21.998463+00
4554,FREE_TRIAL,FREE_TRIAL,2025-03-27 14:16:21.998463+00
4037,FREE_TRIAL,FREE_TRIAL,2025-03-27 14:16:21.998463+00
4017,FREE_TRIAL,FREE_TRIAL,2025-03-27 14:16:21.998463+00
4742,FREE_TRIAL,FREE_TRIAL,2025-03-27 14:16:21.998463+00
5043,FREE_TRIAL,FREE_TRIAL,2025-03-27 14:16:21.998463+00
5163,FREE_TRIAL,FREE_TRIAL,2025-03-27 14:16:21.998463+00
5138,FREE_TRIAL,FREE_TRIAL,2025-03-27 14:16:21.998463+00
4129,FREE_TRIAL,FREE_TRIAL,2025-03-27 14:16:21.998463+00
4721,FREE_TRIAL,FREE_TRIAL,2025-03-27 14:16:21.998463+00
5121,FREE_TRIAL,FREE_TRIAL,2025-03-27 14:16:21.998463+00
4164,FREE_TRIAL,FREE_TRIAL,2025-03-27 14:16:21.998463+00
4585,FREE_TRIAL,FREE_TRIAL,2025-03-27 14:16:21.998463+00
4511,FREE_TRIAL,FREE_TRIAL,2025-03-27 14:16:21.998463+00
5009,FREE_TRIAL,FREE_TRIAL,2025-03-27 14:16:21.998463+00
4581,FREE_TRIAL,FREE_TRIAL,2025-03-27 14:16:21.998463+00
4038,FREE_TRIAL,FREE_TRIAL,2025-03-27 14:16:21.998463+00
2641,FREE_TRIAL,FREE_TRIAL,2025-03-27 14:16:21.998463+00
4512,FREE_TRIAL,FREE_TRIAL,2025-03-27 14:16:21.998463+00
4898,FREE_TRIAL,FREE_TRIAL,2025-03-27 14:16:21.998463+00
3965,FREE_TRIAL,FREE_TRIAL,2025-03-27 14:16:21.998463+00
5011,FREE_TRIAL,FREE_TRIAL,2025-03-27 14:16:21.998463+00
4485,FREE_TRIAL,FREE_TRIAL,2025-03-27 14:16:21.998463+00
4395,FREE_TRIAL,FREE_TRIAL,2025-03-27 14:16:21.998463+00
4411,FREE_TRIAL,FREE_TRIAL,2025-03-27 14:16:21.998463+00
4274,FREE_TRIAL,FREE_TRIAL,2025-03-27 14:16:21.998463+00
4031,FREE_TRIAL,FREE_TRIAL,2025-03-27 14:16:21.998463+00
4260,FREE_TRIAL,FREE_TRIAL,2025-03-27 14:16:21.998463+00
4673,FREE_TRIAL,FREE_TRIAL,2025-03-27 14:16:21.998463+00
4023,FREE_TRIAL,FREE_TRIAL,2025-03-27 14:16:21.998463+00
5055,FREE_TRIAL,FREE_TRIAL,2025-03-27 14:16:21.998463+00
4132,FREE_TRIAL,FREE_TRIAL,2025-03-27 14:16:21.998463+00
4794,FREE_TRIAL,FREE_TRIAL,2025-03-27 14:16:21.998463+00
4118,FREE_TRIAL,FREE_TRIAL,2025-03-27 14:16:21.998463+00
4530,FREE_TRIAL,FREE_TRIAL,2025-03-27 14:16:21.998463+00
1686,FREE_TRIAL,FREE_TRIAL,2025-03-27 14:16:21.998463+00
5134,FREE_TRIAL,FREE_TRIAL,2025-03-27 14:16:21.998463+00
4219,FREE_TRIAL,FREE_TRIAL,2025-03-27 14:16:21.998463+00
4313,FREE_TRIAL,FREE_TRIAL,2025-03-27 14:16:21.998463+00
4242,FREE_TRIAL,FREE_TRIAL,2025-03-27 14:16:21.998463+00
579,FREE_TRIAL,FREE_TRIAL,2025-03-27 14:16:21.998463+00
4045,FREE_TRIAL,FREE_TRIAL,2025-03-27 14:16:21.998463+00
4927,FREE_TRIAL,FREE_TRIAL,2025-03-27 14:16:21.998463+00
3969,FREE_TRIAL,FREE_TRIAL,2025-03-27 14:16:21.998463+00
4348,FREE_TRIAL,FREE_TRIAL,2025-03-27 14:16:21.998463+00
5015,FREE_TRIAL,FREE_TRIAL,2025-03-27 14:16:21.998463+00
3987,FREE_TRIAL,FREE_TRIAL,2025-03-27 14:16:21.998463+00
4359,FREE_TRIAL,FREE_TRIAL,2025-03-27 14:16:21.998463+00
4225,FREE_TRIAL,FREE_TRIAL,2025-03-27 14:16:21.998463+00
5137,FREE_TRIAL,FREE_TRIAL,2025-03-27 14:16:21.998463+00
3189,FREE_TRIAL,FREE_TRIAL,2025-03-27 14:16:21.998463+00
4810,FREE_TRIAL,FREE_TRIAL,2025-03-27 14:16:21.998463+00
4765,FREE_TRIAL,FREE_TRIAL,2025-03-27 14:16:21.998463+00
2548,FREE_TRIAL,FREE_TRIAL,2025-03-27 14:16:21.998463+00
4942,FREE_TRIAL,FREE_TRIAL,2025-03-27 14:16:21.998463+00
776,FREE_TRIAL,FREE_TRIAL,2025-03-27 14:16:21.998463+00
4325,FREE_TRIAL,FREE_TRIAL,2025-03-27 14:16:21.998463+00
4235,FREE_TRIAL,FREE_TRIAL,2025-03-27 14:16:21.998463+00
4952,FREE_TRIAL,FREE_TRIAL,2025-03-27 14:16:21.998463+00
2748,FREE_TRIAL,FREE_TRIAL,2025-03-27 14:16:21.998463+00
4111,FREE_TRIAL,FREE_TRIAL,2025-03-27 14:16:21.998463+00
4350,FREE_TRIAL,FREE_TRIAL,2025-03-27 14:16:21.998463+00
4128,FREE_TRIAL,FREE_TRIAL,2025-03-27 14:16:21.998463+00
4110,FREE_TRIAL,FREE_TRIAL,2025-03-27 14:16:21.998463+00
5054,FREE_TRIAL,FREE_TRIAL,2025-03-27 14:16:21.998463+00
5109,FREE_TRIAL,FREE_TRIAL,2025-03-27 14:16:21.998463+00
4937,FREE_TRIAL,FREE_TRIAL,2025-03-27 14:16:21.998463+00
4195,FREE_TRIAL,FREE_TRIAL,2025-03-27 14:16:21.998463+00
4142,FREE_TRIAL,FREE_TRIAL,2025-03-27 14:16:21.998463+00
4183,FREE_TRIAL,FREE_TRIAL,2025-03-27 14:16:21.998463+00
5008,FREE_TRIAL,FREE_TRIAL,2025-03-27 14:16:21.998463+00
4858,FREE_TRIAL,FREE_TRIAL,2025-03-27 14:16:21.998463+00
4907,FREE_TRIAL,FREE_TRIAL,2025-03-27 14:16:21.998463+00
4016,FREE_TRIAL,FREE_TRIAL,2025-03-27 14:16:21.998463+00
4282,FREE_TRIAL,FREE_TRIAL,2025-03-27 14:16:21.998463+00
3147,RECURRING_SUBSCRIPTION,RECURRING_SUBSCRIPTION,2025-03-27 20:14:47.91+00
1138,WARM_LEAD,RECURRING_SUBSCRIPTION,2025-03-27 22:38:49.296+00
3946,RECURRING_SUBSCRIPTION,WARM_LEAD,2025-03-28 15:45:21.129+00
5199,LEAD,WARM_LEAD,2025-03-28 21:38:33.706+00
3695,RECURRING_SUBSCRIPTION,RECURRING_SUBSCRIPTION,2025-03-28 22:39:28.976+00
3807,LEAD,COLD_LEAD,2025-03-30 06:56:28.396+00
3883,LEAD,COLD_LEAD,2025-03-30 06:58:17.271+00
5196,WARM_LEAD,TRIAL,2025-03-30 11:01:03.032+00
923,FREE_TRIAL,FREE_TRIAL,2025-03-30 14:08:57.521542+00
927,FREE_TRIAL,FREE_TRIAL,2025-03-30 14:08:57.521542+00
931,FREE_TRIAL,FREE_TRIAL,2025-03-30 14:08:57.521542+00
932,FREE_TRIAL,FREE_TRIAL,2025-03-30 14:08:57.521542+00
1004,FREE_TRIAL,FREE_TRIAL,2025-03-30 14:08:57.521542+00
1029,FREE_TRIAL,FREE_TRIAL,2025-03-30 14:08:57.521542+00
1034,FREE_TRIAL,FREE_TRIAL,2025-03-30 14:08:57.521542+00
1039,FREE_TRIAL,FREE_TRIAL,2025-03-30 14:08:57.521542+00
1042,FREE_TRIAL,FREE_TRIAL,2025-03-30 14:08:57.521542+00
1047,FREE_TRIAL,FREE_TRIAL,2025-03-30 14:08:57.521542+00
1054,FREE_TRIAL,FREE_TRIAL,2025-03-30 14:08:57.521542+00
1058,FREE_TRIAL,FREE_TRIAL,2025-03-30 14:08:57.521542+00
1061,FREE_TRIAL,FREE_TRIAL,2025-03-30 14:08:57.521542+00
1063,FREE_TRIAL,FREE_TRIAL,2025-03-30 14:08:57.521542+00
1064,FREE_TRIAL,FREE_TRIAL,2025-03-30 14:08:57.521542+00
1066,FREE_TRIAL,FREE_TRIAL,2025-03-30 14:08:57.521542+00
1069,FREE_TRIAL,FREE_TRIAL,2025-03-30 14:08:57.521542+00
1076,FREE_TRIAL,FREE_TRIAL,2025-03-30 14:08:57.521542+00
1081,FREE_TRIAL,FREE_TRIAL,2025-03-30 14:08:57.521542+00
1093,FREE_TRIAL,FREE_TRIAL,2025-03-30 14:08:57.521542+00
1095,FREE_TRIAL,FREE_TRIAL,2025-03-30 14:08:57.521542+00
1099,FREE_TRIAL,FREE_TRIAL,2025-03-30 14:08:57.521542+00
1101,FREE_TRIAL,FREE_TRIAL,2025-03-30 14:08:57.521542+00
1155,FREE_TRIAL,FREE_TRIAL,2025-03-30 14:08:57.521542+00
1674,FREE_TRIAL,FREE_TRIAL,2025-03-30 14:08:57.521542+00
1686,FREE_TRIAL,FREE_TRIAL,2025-03-30 14:08:57.521542+00
1692,FREE_TRIAL,FREE_TRIAL,2025-03-30 14:08:57.521542+00
1712,FREE_TRIAL,FREE_TRIAL,2025-03-30 14:08:57.521542+00
1718,FREE_TRIAL,FREE_TRIAL,2025-03-30 14:08:57.521542+00
1720,FREE_TRIAL,FREE_TRIAL,2025-03-30 14:08:57.521542+00
1723,FREE_TRIAL,FREE_TRIAL,2025-03-30 14:08:57.521542+00
1728,FREE_TRIAL,FREE_TRIAL,2025-03-30 14:08:57.521542+00
1742,FREE_TRIAL,FREE_TRIAL,2025-03-30 14:08:57.521542+00
1749,FREE_TRIAL,FREE_TRIAL,2025-03-30 14:08:57.521542+00
1782,FREE_TRIAL,FREE_TRIAL,2025-03-30 14:08:57.521542+00
1851,FREE_TRIAL,FREE_TRIAL,2025-03-30 14:08:57.521542+00
1888,FREE_TRIAL,FREE_TRIAL,2025-03-30 14:08:57.521542+00
1907,FREE_TRIAL,FREE_TRIAL,2025-03-30 14:08:57.521542+00
1910,FREE_TRIAL,FREE_TRIAL,2025-03-30 14:08:57.521542+00
1938,FREE_TRIAL,FREE_TRIAL,2025-03-30 14:08:57.521542+00
1951,FREE_TRIAL,FREE_TRIAL,2025-03-30 14:08:57.521542+00
1959,FREE_TRIAL,FREE_TRIAL,2025-03-30 14:08:57.521542+00
1961,FREE_TRIAL,FREE_TRIAL,2025-03-30 14:08:57.521542+00
1987,FREE_TRIAL,FREE_TRIAL,2025-03-30 14:08:57.521542+00
1989,FREE_TRIAL,FREE_TRIAL,2025-03-30 14:08:57.521542+00
1994,FREE_TRIAL,FREE_TRIAL,2025-03-30 14:08:57.521542+00
2023,FREE_TRIAL,FREE_TRIAL,2025-03-30 14:08:57.521542+00
2025,FREE_TRIAL,FREE_TRIAL,2025-03-30 14:08:57.521542+00
2027,FREE_TRIAL,FREE_TRIAL,2025-03-30 14:08:57.521542+00
2033,FREE_TRIAL,FREE_TRIAL,2025-03-30 14:08:57.521542+00
2039,FREE_TRIAL,FREE_TRIAL,2025-03-30 14:08:57.521542+00
2040,FREE_TRIAL,FREE_TRIAL,2025-03-30 14:08:57.521542+00
2050,FREE_TRIAL,FREE_TRIAL,2025-03-30 14:08:57.521542+00
2057,FREE_TRIAL,FREE_TRIAL,2025-03-30 14:08:57.521542+00
2061,FREE_TRIAL,FREE_TRIAL,2025-03-30 14:08:57.521542+00
2086,FREE_TRIAL,FREE_TRIAL,2025-03-30 14:08:57.521542+00
2090,FREE_TRIAL,FREE_TRIAL,2025-03-30 14:08:57.521542+00
2095,FREE_TRIAL,FREE_TRIAL,2025-03-30 14:08:57.521542+00
2099,FREE_TRIAL,FREE_TRIAL,2025-03-30 14:08:57.521542+00
2101,FREE_TRIAL,FREE_TRIAL,2025-03-30 14:08:57.521542+00
2104,FREE_TRIAL,FREE_TRIAL,2025-03-30 14:08:57.521542+00
2109,FREE_TRIAL,FREE_TRIAL,2025-03-30 14:08:57.521542+00
2115,FREE_TRIAL,FREE_TRIAL,2025-03-30 14:08:57.521542+00
2124,FREE_TRIAL,FREE_TRIAL,2025-03-30 14:08:57.521542+00
2194,FREE_TRIAL,FREE_TRIAL,2025-03-30 14:08:57.521542+00
2221,FREE_TRIAL,FREE_TRIAL,2025-03-30 14:08:57.521542+00
2233,FREE_TRIAL,FREE_TRIAL,2025-03-30 14:08:57.521542+00
2264,FREE_TRIAL,FREE_TRIAL,2025-03-30 14:08:57.521542+00
2281,FREE_TRIAL,FREE_TRIAL,2025-03-30 14:08:57.521542+00
2286,FREE_TRIAL,FREE_TRIAL,2025-03-30 14:08:57.521542+00
2289,FREE_TRIAL,FREE_TRIAL,2025-03-30 14:08:57.521542+00
2292,FREE_TRIAL,FREE_TRIAL,2025-03-30 14:08:57.521542+00
2295,FREE_TRIAL,FREE_TRIAL,2025-03-30 14:08:57.521542+00
2311,FREE_TRIAL,FREE_TRIAL,2025-03-30 14:08:57.521542+00
2324,FREE_TRIAL,FREE_TRIAL,2025-03-30 14:08:57.521542+00
2326,FREE_TRIAL,FREE_TRIAL,2025-03-30 14:08:57.521542+00
2329,FREE_TRIAL,FREE_TRIAL,2025-03-30 14:08:57.521542+00
2330,FREE_TRIAL,FREE_TRIAL,2025-03-30 14:08:57.521542+00
2342,FREE_TRIAL,FREE_TRIAL,2025-03-30 14:08:57.521542+00
2344,FREE_TRIAL,FREE_TRIAL,2025-03-30 14:08:57.521542+00
2347,FREE_TRIAL,FREE_TRIAL,2025-03-30 14:08:57.521542+00
2354,FREE_TRIAL,FREE_TRIAL,2025-03-30 14:08:57.521542+00
2355,FREE_TRIAL,FREE_TRIAL,2025-03-30 14:08:57.521542+00
2358,FREE_TRIAL,FREE_TRIAL,2025-03-30 14:08:57.521542+00
2403,FREE_TRIAL,FREE_TRIAL,2025-03-30 14:08:57.521542+00
2407,FREE_TRIAL,FREE_TRIAL,2025-03-30 14:08:57.521542+00
2410,FREE_TRIAL,FREE_TRIAL,2025-03-30 14:08:57.521542+00
2422,FREE_TRIAL,FREE_TRIAL,2025-03-30 14:08:57.521542+00
2427,FREE_TRIAL,FREE_TRIAL,2025-03-30 14:08:57.521542+00
2437,FREE_TRIAL,FREE_TRIAL,2025-03-30 14:08:57.521542+00
2447,FREE_TRIAL,FREE_TRIAL,2025-03-30 14:08:57.521542+00
2449,FREE_TRIAL,FREE_TRIAL,2025-03-30 14:08:57.521542+00
2455,FREE_TRIAL,FREE_TRIAL,2025-03-30 14:08:57.521542+00
2460,FREE_TRIAL,FREE_TRIAL,2025-03-30 14:08:57.521542+00
2467,FREE_TRIAL,FREE_TRIAL,2025-03-30 14:08:57.521542+00
2477,FREE_TRIAL,FREE_TRIAL,2025-03-30 14:08:57.521542+00
2481,FREE_TRIAL,FREE_TRIAL,2025-03-30 14:08:57.521542+00
2486,FREE_TRIAL,FREE_TRIAL,2025-03-30 14:08:57.521542+00
2490,FREE_TRIAL,FREE_TRIAL,2025-03-30 14:08:57.521542+00
2493,FREE_TRIAL,FREE_TRIAL,2025-03-30 14:08:57.521542+00
2503,FREE_TRIAL,FREE_TRIAL,2025-03-30 14:08:57.521542+00
2505,FREE_TRIAL,FREE_TRIAL,2025-03-30 14:08:57.521542+00
2510,FREE_TRIAL,FREE_TRIAL,2025-03-30 14:08:57.521542+00
2519,FREE_TRIAL,FREE_TRIAL,2025-03-30 14:08:57.521542+00
2520,FREE_TRIAL,FREE_TRIAL,2025-03-30 14:08:57.521542+00
2524,FREE_TRIAL,FREE_TRIAL,2025-03-30 14:08:57.521542+00
2532,FREE_TRIAL,FREE_TRIAL,2025-03-30 14:08:57.521542+00
2534,FREE_TRIAL,FREE_TRIAL,2025-03-30 14:08:57.521542+00
2535,FREE_TRIAL,FREE_TRIAL,2025-03-30 14:08:57.521542+00
2536,FREE_TRIAL,FREE_TRIAL,2025-03-30 14:08:57.521542+00
2539,FREE_TRIAL,FREE_TRIAL,2025-03-30 14:08:57.521542+00
2543,FREE_TRIAL,FREE_TRIAL,2025-03-30 14:08:57.521542+00
2547,FREE_TRIAL,FREE_TRIAL,2025-03-30 14:08:57.521542+00
2548,FREE_TRIAL,FREE_TRIAL,2025-03-30 14:08:57.521542+00
2552,FREE_TRIAL,FREE_TRIAL,2025-03-30 14:08:57.521542+00
2585,FREE_TRIAL,FREE_TRIAL,2025-03-30 14:08:57.521542+00
2594,FREE_TRIAL,FREE_TRIAL,2025-03-30 14:08:57.521542+00
2595,FREE_TRIAL,FREE_TRIAL,2025-03-30 14:08:57.521542+00
2602,FREE_TRIAL,FREE_TRIAL,2025-03-30 14:08:57.521542+00
2608,FREE_TRIAL,FREE_TRIAL,2025-03-30 14:08:57.521542+00
2619,FREE_TRIAL,FREE_TRIAL,2025-03-30 14:08:57.521542+00
2620,FREE_TRIAL,FREE_TRIAL,2025-03-30 14:08:57.521542+00
2621,FREE_TRIAL,FREE_TRIAL,2025-03-30 14:08:57.521542+00
2622,FREE_TRIAL,FREE_TRIAL,2025-03-30 14:08:57.521542+00
2629,FREE_TRIAL,FREE_TRIAL,2025-03-30 14:08:57.521542+00
2633,FREE_TRIAL,FREE_TRIAL,2025-03-30 14:08:57.521542+00
2641,FREE_TRIAL,FREE_TRIAL,2025-03-30 14:08:57.521542+00
2643,FREE_TRIAL,FREE_TRIAL,2025-03-30 14:08:57.521542+00
2646,FREE_TRIAL,FREE_TRIAL,2025-03-30 14:08:57.521542+00
2650,FREE_TRIAL,FREE_TRIAL,2025-03-30 14:08:57.521542+00
2651,FREE_TRIAL,FREE_TRIAL,2025-03-30 14:08:57.521542+00
2663,FREE_TRIAL,FREE_TRIAL,2025-03-30 14:08:57.521542+00
2669,FREE_TRIAL,FREE_TRIAL,2025-03-30 14:08:57.521542+00
2680,FREE_TRIAL,FREE_TRIAL,2025-03-30 14:08:57.521542+00
2681,FREE_TRIAL,FREE_TRIAL,2025-03-30 14:08:57.521542+00
2684,FREE_TRIAL,FREE_TRIAL,2025-03-30 14:08:57.521542+00
2686,FREE_TRIAL,FREE_TRIAL,2025-03-30 14:08:57.521542+00
2694,FREE_TRIAL,FREE_TRIAL,2025-03-30 14:08:57.521542+00
2695,FREE_TRIAL,FREE_TRIAL,2025-03-30 14:08:57.521542+00
2700,FREE_TRIAL,FREE_TRIAL,2025-03-30 14:08:57.521542+00
2705,FREE_TRIAL,FREE_TRIAL,2025-03-30 14:08:57.521542+00
2706,FREE_TRIAL,FREE_TRIAL,2025-03-30 14:08:57.521542+00
2709,FREE_TRIAL,FREE_TRIAL,2025-03-30 14:08:57.521542+00
2713,FREE_TRIAL,FREE_TRIAL,2025-03-30 14:08:57.521542+00
2744,FREE_TRIAL,FREE_TRIAL,2025-03-30 14:08:57.521542+00
2748,FREE_TRIAL,FREE_TRIAL,2025-03-30 14:08:57.521542+00
2756,FREE_TRIAL,FREE_TRIAL,2025-03-30 14:08:57.521542+00
2761,FREE_TRIAL,FREE_TRIAL,2025-03-30 14:08:57.521542+00
2773,FREE_TRIAL,FREE_TRIAL,2025-03-30 14:08:57.521542+00
2774,FREE_TRIAL,FREE_TRIAL,2025-03-30 14:08:57.521542+00
2811,FREE_TRIAL,FREE_TRIAL,2025-03-30 14:08:57.521542+00
2846,FREE_TRIAL,FREE_TRIAL,2025-03-30 14:08:57.521542+00
2876,FREE_TRIAL,FREE_TRIAL,2025-03-30 14:08:57.521542+00
2892,FREE_TRIAL,FREE_TRIAL,2025-03-30 14:08:57.521542+00
2912,FREE_TRIAL,FREE_TRIAL,2025-03-30 14:08:57.521542+00
2914,FREE_TRIAL,FREE_TRIAL,2025-03-30 14:08:57.521542+00
2945,FREE_TRIAL,FREE_TRIAL,2025-03-30 14:08:57.521542+00
2949,FREE_TRIAL,FREE_TRIAL,2025-03-30 14:08:57.521542+00
2959,FREE_TRIAL,FREE_TRIAL,2025-03-30 14:08:57.521542+00
2965,FREE_TRIAL,FREE_TRIAL,2025-03-30 14:08:57.521542+00
2999,FREE_TRIAL,FREE_TRIAL,2025-03-30 14:08:57.521542+00
3001,FREE_TRIAL,FREE_TRIAL,2025-03-30 14:08:57.521542+00
3007,FREE_TRIAL,FREE_TRIAL,2025-03-30 14:08:57.521542+00
3018,FREE_TRIAL,FREE_TRIAL,2025-03-30 14:08:57.521542+00
3027,FREE_TRIAL,FREE_TRIAL,2025-03-30 14:08:57.521542+00
3040,FREE_TRIAL,FREE_TRIAL,2025-03-30 14:08:57.521542+00
3048,FREE_TRIAL,FREE_TRIAL,2025-03-30 14:08:57.521542+00
3053,FREE_TRIAL,FREE_TRIAL,2025-03-30 14:08:57.521542+00
3054,FREE_TRIAL,FREE_TRIAL,2025-03-30 14:08:57.521542+00
3064,FREE_TRIAL,FREE_TRIAL,2025-03-30 14:08:57.521542+00
3070,FREE_TRIAL,FREE_TRIAL,2025-03-30 14:08:57.521542+00
3071,FREE_TRIAL,FREE_TRIAL,2025-03-30 14:08:57.521542+00
3073,FREE_TRIAL,FREE_TRIAL,2025-03-30 14:08:57.521542+00
3077,FREE_TRIAL,FREE_TRIAL,2025-03-30 14:08:57.521542+00
3079,FREE_TRIAL,FREE_TRIAL,2025-03-30 14:08:57.521542+00
3096,FREE_TRIAL,FREE_TRIAL,2025-03-30 14:08:57.521542+00
3103,FREE_TRIAL,FREE_TRIAL,2025-03-30 14:08:57.521542+00
3107,FREE_TRIAL,FREE_TRIAL,2025-03-30 14:08:57.521542+00
3113,FREE_TRIAL,FREE_TRIAL,2025-03-30 14:08:57.521542+00
3114,FREE_TRIAL,FREE_TRIAL,2025-03-30 14:08:57.521542+00
3115,FREE_TRIAL,FREE_TRIAL,2025-03-30 14:08:57.521542+00
3121,FREE_TRIAL,FREE_TRIAL,2025-03-30 14:08:57.521542+00
3132,FREE_TRIAL,FREE_TRIAL,2025-03-30 14:08:57.521542+00
3152,FREE_TRIAL,FREE_TRIAL,2025-03-30 14:08:57.521542+00
3153,FREE_TRIAL,FREE_TRIAL,2025-03-30 14:08:57.521542+00
3164,FREE_TRIAL,FREE_TRIAL,2025-03-30 14:08:57.521542+00
3181,FREE_TRIAL,FREE_TRIAL,2025-03-30 14:08:57.521542+00
3182,FREE_TRIAL,FREE_TRIAL,2025-03-30 14:08:57.521542+00
3189,FREE_TRIAL,FREE_TRIAL,2025-03-30 14:08:57.521542+00
3540,FREE_TRIAL,FREE_TRIAL,2025-03-30 14:08:57.521542+00
3543,FREE_TRIAL,FREE_TRIAL,2025-03-30 14:08:57.521542+00
3558,FREE_TRIAL,FREE_TRIAL,2025-03-30 14:08:57.521542+00
3606,FREE_TRIAL,FREE_TRIAL,2025-03-30 14:08:57.521542+00
3616,FREE_TRIAL,FREE_TRIAL,2025-03-30 14:08:57.521542+00
3713,FREE_TRIAL,FREE_TRIAL,2025-03-30 14:08:57.521542+00
3715,FREE_TRIAL,FREE_TRIAL,2025-03-30 14:08:57.521542+00
3718,FREE_TRIAL,FREE_TRIAL,2025-03-30 14:08:57.521542+00
3869,FREE_TRIAL,FREE_TRIAL,2025-03-30 14:08:57.521542+00
3896,FREE_TRIAL,FREE_TRIAL,2025-03-30 14:08:57.521542+00
3914,FREE_TRIAL,FREE_TRIAL,2025-03-30 14:08:57.521542+00
3918,FREE_TRIAL,FREE_TRIAL,2025-03-30 14:08:57.521542+00
3943,FREE_TRIAL,FREE_TRIAL,2025-03-30 14:08:57.521542+00
3946,FREE_TRIAL,FREE_TRIAL,2025-03-30 14:08:57.521542+00
5211,LEAD,WARM_LEAD,2025-03-31 09:01:13.011+00
5211,WARM_LEAD,TRIAL,2025-03-31 09:18:30.179+00
1138,WARM_LEAD,RECURRING_SUBSCRIPTION,2025-03-31 11:48:41.225+00
1138,RECURRING_SUBSCRIPTION,WARM_LEAD,2025-03-31 11:52:55.199+00
2456,WARM_LEAD,TRIAL,2025-03-31 12:54:55.905+00
5213,LEAD,FREE_TRIAL,2025-03-31 14:07:55.237+00
5214,LEAD,FREE_TRIAL,2025-03-31 14:26:30.211+00
5215,LEAD,FREE_TRIAL,2025-03-31 14:26:56.497+00
5216,LEAD,FREE_TRIAL,2025-03-31 14:29:39.327+00
5203,LEAD,WARM_LEAD,2025-03-31 14:40:34.877+00
5218,LEAD,FREE_TRIAL,2025-03-31 14:41:53.215+00
5203,WARM_LEAD,RECURRING_SUBSCRIPTION,2025-03-31 14:42:28.435+00
5219,LEAD,FREE_TRIAL,2025-03-31 14:51:23.25+00
5210,LEAD,FREE_TRIAL,2025-03-31 15:05:27.521+00
2155,CHURN,RECURRING_SUBSCRIPTION,2025-03-31 15:07:28.242+00
3960,CHURN,WARM_LEAD,2025-07-08 11:46:54.871+00
6526,LEAD,WARM_LEAD,2025-07-08 20:25:57.615+00
6527,RECURRING_SUBSCRIPTION,CHURN,2025-07-08 22:46:06.362+00
5734,RECURRING_SUBSCRIPTION,RECURRING_SUBSCRIPTION,2025-07-09 13:21:28.512+00
6360,RECURRING_SUBSCRIPTION,RECURRING_SUBSCRIPTION,2025-07-09 14:35:34.806+00
3959,TRIAL,RECURRING_SUBSCRIPTION,2025-07-09 14:35:43.54+00
5678,RECURRING_SUBSCRIPTION,RECURRING_SUBSCRIPTION,2025-07-09 15:15:00.687+00
1892,CHURN,WARM_LEAD,2025-07-09 22:00:41.685+00
1520,WARM_LEAD,LEAD,2025-07-10 06:54:05.953+00
1892,RECURRING_SUBSCRIPTION,CHURN,2025-07-10 10:11:47.151+00
1089,WARM_LEAD,RECURRING_SUBSCRIPTION,2025-07-10 13:30:58.824+00
3619,RECURRING_SUBSCRIPTION,CHURN,2025-07-10 18:32:17.732+00
1892,WARM_LEAD,RECURRING_SUBSCRIPTION,2025-07-10 19:46:06.572+00
6549,RECURRING_SUBSCRIPTION,TRIAL,2025-07-10 22:30:01.281+00
6100,WARM_LEAD,TRIAL,2025-07-11 14:36:38.804+00
2644,RECURRING_SUBSCRIPTION,RECURRING_SUBSCRIPTION,2025-07-11 15:09:49.193+00
847,FREEMIUM,RECURRING_SUBSCRIPTION,2025-07-14 14:41:08.23+00
2308,RECURRING_SUBSCRIPTION,CHURN,2025-07-14 20:40:31.912+00
1697,WARM_LEAD,TRIAL,2025-07-15 17:17:18.793+00
6603,LEAD,WARM_LEAD,2025-07-15 21:10:39.023+00
6580,RECURRING_SUBSCRIPTION,WARM_LEAD,2025-07-15 22:16:37.048+00
2439,WARM_LEAD,RECURRING_SUBSCRIPTION,2025-07-16 08:20:43.083+00
2439,RECURRING_SUBSCRIPTION,RECURRING_SUBSCRIPTION,2025-07-16 09:29:19.731+00
948,TRIAL,RECURRING_SUBSCRIPTION,2025-07-16 15:41:31.243+00
2173,RECURRING_SUBSCRIPTION,CHURN,2025-07-16 17:38:28.697+00
6653,WARM_LEAD,RECURRING_SUBSCRIPTION,2025-07-17 14:14:44.343+00
6397,LEAD,WARM_LEAD,2025-07-17 16:01:05.614+00
6609,LEAD,WARM_LEAD,2025-07-17 19:55:02.074+00
6452,LEAD,WARM_LEAD,2025-07-17 20:14:38.174+00
6317,LEAD,WARM_LEAD,2025-07-17 20:26:39.831+00
6258,LEAD,WARM_LEAD,2025-07-17 20:35:51.967+00
6269,LEAD,WARM_LEAD,2025-07-17 20:39:47.252+00
6249,LEAD,WARM_LEAD,2025-07-17 20:43:58.559+00
5649,LEAD,WARM_LEAD,2025-07-17 20:48:00.241+00
5434,LEAD,WARM_LEAD,2025-07-17 20:52:33.401+00
5605,LEAD,WARM_LEAD,2025-07-17 20:56:41.098+00
6578,LEAD,WARM_LEAD,2025-07-17 22:29:53.777+00
2800,LEAD,WARM_LEAD,2025-07-18 10:56:28.874+00
2294,FREEMIUM,RECURRING_SUBSCRIPTION,2025-07-18 17:53:49.263+00
6397,RECURRING_SUBSCRIPTION,WARM_LEAD,2025-07-18 18:18:06.523+00
6377,LEAD,WARM_LEAD,2025-07-18 20:06:07.591+00
6681,WARM_LEAD,RECURRING_SUBSCRIPTION,2025-07-18 20:40:12.416+00
5997,RECURRING_SUBSCRIPTION,RECURRING_SUBSCRIPTION,2025-07-18 21:06:40.269+00
751,TRIAL,FREE_TRIAL,2025-03-31 18:09:33.239+00
2146,RECURRING_SUBSCRIPTION,ON_DEMAND_SUBSCRIPTION,2025-03-31 15:21:49.841+00
5223,LEAD,FREE_TRIAL,2025-03-31 16:00:55.411+00
1582,LEAD,FREE_TRIAL,2025-03-31 19:05:23.318+00
3136,LEAD,FREE_TRIAL,2025-03-31 19:26:16.309+00
1958,TRIAL,FREE_TRIAL,2025-03-31 19:31:35.139+00
450,TRIAL,FREE_TRIAL,2025-03-31 19:31:35.139+00
2238,TRIAL,FREE_TRIAL,2025-03-31 19:31:35.139+00
5225,LEAD,FREE_TRIAL,2025-03-31 17:11:26.153+00
1930,RECURRING_SUBSCRIPTION,CHURN,2025-03-31 17:39:52.915+00
717,RECURRING_SUBSCRIPTION,RECURRING_SUBSCRIPTION,2025-03-31 19:16:59.909+00
1681,TRIAL,FREE_TRIAL,2025-03-31 19:31:35.139+00
1086,TRIAL,FREE_TRIAL,2025-03-31 19:31:35.139+00
1865,RECURRING_SUBSCRIPTION,CHURN,2025-03-31 21:39:33.616+00
2611,LEAD,WARM_LEAD,2025-03-31 22:13:04.853+00
2611,WARM_LEAD,RECURRING_SUBSCRIPTION,2025-03-31 22:13:22.386+00
661,RECURRING_SUBSCRIPTION,RECURRING_SUBSCRIPTION,2025-03-31 22:52:00.261+00
5228,LEAD,FREE_TRIAL,2025-04-01 00:54:18.877+00
5229,LEAD,FREE_TRIAL,2025-04-01 02:03:58.512+00
1202,TRIAL,FREE_TRIAL,2025-03-31 19:31:35.139+00
5230,LEAD,WARM_LEAD,2025-04-01 10:27:29.193+00
853,COLD_LEAD,WARM_LEAD,2025-04-01 12:39:46.321+00
3075,RECURRING_SUBSCRIPTION,TRIAL,2025-04-01 14:37:49.587+00
2275,RECURRING_SUBSCRIPTION,RECURRING_SUBSCRIPTION,2025-04-01 17:52:29.016+00
3081,RECURRING_SUBSCRIPTION,RECURRING_SUBSCRIPTION,2025-04-01 18:59:46.709+00
2515,RECURRING_SUBSCRIPTION,RECURRING_SUBSCRIPTION,2025-04-01 20:02:08.523+00
2233,FREE_TRIAL,WARM_LEAD,2025-04-01 22:22:00.431+00
2233,WARM_LEAD,RECURRING_SUBSCRIPTION,2025-04-01 22:22:57.609+00
2233,RECURRING_SUBSCRIPTION,RECURRING_SUBSCRIPTION,2025-04-01 22:24:11.919+00
770,FREE_TRIAL,WARM_LEAD,2025-04-01 22:55:30.956+00
770,WARM_LEAD,RECURRING_SUBSCRIPTION,2025-04-01 22:55:40.804+00
2964,COLD_LEAD,WARM_LEAD,2025-04-02 08:47:00.253+00
2859,COLD_LEAD,WARM_LEAD,2025-04-02 10:06:16.685+00
2859,WARM_LEAD,TRIAL,2025-04-02 10:07:03.375+00
853,WARM_LEAD,RECURRING_SUBSCRIPTION,2025-04-02 11:14:01.443+00
134,COLD_LEAD,WARM_LEAD,2025-04-02 12:33:08.778+00
134,WARM_LEAD,RECURRING_SUBSCRIPTION,2025-04-02 12:36:56.094+00
2964,WARM_LEAD,TRIAL,2025-04-02 13:08:43.024+00
189,ON_DEMAND_SUBSCRIPTION,RECURRING_SUBSCRIPTION,2025-04-02 13:46:18.026+00
5206,LEAD,COLD_LEAD,2025-04-02 13:59:18.967+00
1665,TRIAL,ON_DEMAND_SUBSCRIPTION,2025-04-02 18:36:07.41+00
5252,LEAD,FREE_TRIAL,2025-04-02 19:57:24.478+00
5236,LEAD,FREE_TRIAL,2025-04-02 21:18:56.411+00
3692,FREEMIUM,RECURRING_SUBSCRIPTION,2025-04-02 22:37:25.529+00
2106,TRIAL,RECURRING_SUBSCRIPTION,2025-04-02 22:57:37.384+00
3692,RECURRING_SUBSCRIPTION,WARM_LEAD,2025-04-02 23:12:29.948+00
4233,RECURRING_SUBSCRIPTION,WARM_LEAD,2025-04-02 23:17:09.726+00
5203,RECURRING_SUBSCRIPTION,WARM_LEAD,2025-04-02 23:19:53.529+00
3404,RECURRING_SUBSCRIPTION,WARM_LEAD,2025-04-02 23:21:07.222+00
2971,LEAD,COLD_LEAD,2025-04-03 06:26:44.304+00
3897,LEAD,COLD_LEAD,2025-04-03 06:40:37.545+00
3897,COLD_LEAD,COLD_LEAD,2025-04-03 06:40:38.954+00
3899,WARM_LEAD,RECURRING_SUBSCRIPTION,2025-04-03 11:05:15.57+00
134,RECURRING_SUBSCRIPTION,WARM_LEAD,2025-04-03 14:46:35.176+00
853,RECURRING_SUBSCRIPTION,WARM_LEAD,2025-04-03 14:46:50.993+00
5251,LEAD,FREE_TRIAL,2025-04-03 15:54:33.245+00
2740,RECURRING_SUBSCRIPTION,CHURN,2025-04-03 17:22:41.536+00
431,RECURRING_SUBSCRIPTION,CHURN,2025-04-03 19:44:35.292+00
2143,RECURRING_SUBSCRIPTION,CHURN,2025-04-03 19:52:36.266+00
3539,RECURRING_SUBSCRIPTION,WARM_LEAD,2025-04-03 22:27:00.108+00
5281,LEAD,FREE_TRIAL,2025-04-03 23:08:05.553+00
5280,LEAD,FREE_TRIAL,2025-04-03 23:18:17.868+00
2924,RECURRING_SUBSCRIPTION,TRIAL,2025-04-04 03:08:16.221+00
2861,LEAD,WARM_LEAD,2025-04-04 14:20:02.26+00
2861,WARM_LEAD,RECURRING_SUBSCRIPTION,2025-04-04 14:26:40.794+00
5253,LEAD,WARM_LEAD,2025-04-04 15:49:22.711+00
5253,WARM_LEAD,RECURRING_SUBSCRIPTION,2025-04-04 15:49:38.557+00
3116,RECURRING_SUBSCRIPTION,TRIAL,2025-04-04 18:21:29.95+00
3592,LEAD,WARM_LEAD,2025-04-04 18:35:15.108+00
3592,WARM_LEAD,RECURRING_SUBSCRIPTION,2025-04-04 18:35:26.506+00
1345,RECURRING_SUBSCRIPTION,CHURN,2025-04-04 19:36:07.037+00
2106,RECURRING_SUBSCRIPTION,WARM_LEAD,2025-04-04 20:30:27.817+00
3592,RECURRING_SUBSCRIPTION,TRIAL,2025-04-04 21:28:41.488+00
3592,TRIAL,RECURRING_SUBSCRIPTION,2025-04-04 21:29:42.992+00
3592,RECURRING_SUBSCRIPTION,TRIAL,2025-04-04 21:32:23.352+00
5236,FREE_TRIAL,WARM_LEAD,2025-04-04 21:42:45.043+00
5236,WARM_LEAD,RECURRING_SUBSCRIPTION,2025-04-04 21:42:52.72+00
3089,FREEMIUM,WARM_LEAD,2025-04-04 23:00:37.453+00
3089,WARM_LEAD,RECURRING_SUBSCRIPTION,2025-04-04 23:02:21.603+00
5284,LEAD,FREE_TRIAL,2025-04-05 03:58:53.436+00
5287,LEAD,FREE_TRIAL,2025-04-06 01:47:15.803+00
3849,LEAD,WARM_LEAD,2025-04-06 08:08:41.591+00
3849,WARM_LEAD,WARM_LEAD,2025-04-06 10:06:21.961+00
3916,LEAD,COLD_LEAD,2025-04-07 05:55:21.798+00
3849,WARM_LEAD,TRIAL,2025-04-07 06:27:52.674+00
3619,FREEMIUM,RECURRING_SUBSCRIPTION,2025-04-07 14:42:22.039+00
3619,RECURRING_SUBSCRIPTION,RECURRING_SUBSCRIPTION,2025-04-07 14:47:31.12+00
1405,TRIAL,RECURRING_SUBSCRIPTION,2025-04-07 16:20:27.253+00
1405,RECURRING_SUBSCRIPTION,ON_DEMAND_SUBSCRIPTION,2025-04-07 16:20:37.424+00
1865,CHURN,ON_DEMAND_SUBSCRIPTION,2025-04-07 16:35:32.818+00
2891,RECURRING_SUBSCRIPTION,RECURRING_SUBSCRIPTION,2025-04-07 20:00:53.102+00
5302,LEAD,WARM_LEAD,2025-04-07 20:13:57.92+00
5302,WARM_LEAD,RECURRING_SUBSCRIPTION,2025-04-07 20:14:24.58+00
4787,FREE_TRIAL,RECURRING_SUBSCRIPTION,2025-04-07 21:19:25.174+00
1405,ON_DEMAND_SUBSCRIPTION,WARM_LEAD,2025-04-07 21:41:17.46+00
5243,LEAD,WARM_LEAD,2025-04-07 22:25:23.077+00
5243,WARM_LEAD,RECURRING_SUBSCRIPTION,2025-04-07 22:26:26.943+00
3619,RECURRING_SUBSCRIPTION,RECURRING_SUBSCRIPTION,2025-04-07 22:41:07.507+00
3619,RECURRING_SUBSCRIPTION,RECURRING_SUBSCRIPTION,2025-04-07 22:44:37.115+00
3619,RECURRING_SUBSCRIPTION,RECURRING_SUBSCRIPTION,2025-04-07 22:45:50.323+00
3619,RECURRING_SUBSCRIPTION,RECURRING_SUBSCRIPTION,2025-04-07 22:47:24.032+00
2891,RECURRING_SUBSCRIPTION,RECURRING_SUBSCRIPTION,2025-04-07 23:02:51.803+00
2891,RECURRING_SUBSCRIPTION,RECURRING_SUBSCRIPTION,2025-04-07 23:04:00.139+00
2891,RECURRING_SUBSCRIPTION,WARM_LEAD,2025-04-07 23:11:14.534+00
1943,RECURRING_SUBSCRIPTION,CHURN,2025-04-08 00:51:36.748+00
1676,RECURRING_SUBSCRIPTION,CHURN,2025-04-08 00:55:36.072+00
2053,RECURRING_SUBSCRIPTION,CHURN,2025-04-08 08:18:55.4+00
5279,LEAD,WARM_LEAD,2025-04-08 11:53:00.366+00
5307,LEAD,FREE_TRIAL,2025-04-08 11:54:48.025+00
2923,WARM_LEAD,TRIAL,2025-04-08 13:45:09.82+00
4083,FREE_TRIAL,RECURRING_SUBSCRIPTION,2025-04-08 14:42:56.609+00
2072,RECURRING_SUBSCRIPTION,CHURN,2025-04-08 19:45:49.608+00
1865,ON_DEMAND_SUBSCRIPTION,CHURN,2025-04-08 20:02:35.525+00
5253,RECURRING_SUBSCRIPTION,RECURRING_SUBSCRIPTION,2025-04-08 22:04:26.849+00
1059,ON_DEMAND_SUBSCRIPTION,RECURRING_SUBSCRIPTION,2025-04-08 22:43:30.334+00
1059,RECURRING_SUBSCRIPTION,RECURRING_SUBSCRIPTION,2025-04-08 22:48:07.774+00
4083,RECURRING_SUBSCRIPTION,WARM_LEAD,2025-04-08 22:55:03.416+00
1631,LEAD,WARM_LEAD,2025-04-08 22:56:21.561+00
1631,WARM_LEAD,RECURRING_SUBSCRIPTION,2025-04-08 22:56:39.288+00
1631,RECURRING_SUBSCRIPTION,WARM_LEAD,2025-04-08 23:06:23.972+00
1618,LEAD,WARM_LEAD,2025-04-08 23:28:10.067+00
1618,WARM_LEAD,WARM_LEAD,2025-04-08 23:29:12.238+00
1618,WARM_LEAD,RECURRING_SUBSCRIPTION,2025-04-08 23:29:22.071+00
1618,RECURRING_SUBSCRIPTION,WARM_LEAD,2025-04-08 23:35:55.382+00
5310,LEAD,WARM_LEAD,2025-04-08 23:45:55.124+00
5310,WARM_LEAD,RECURRING_SUBSCRIPTION,2025-04-08 23:46:14.418+00
5313,LEAD,WARM_LEAD,2025-04-09 12:03:59.469+00
5313,WARM_LEAD,TRIAL,2025-04-09 12:04:34.817+00
3899,RECURRING_SUBSCRIPTION,WARM_LEAD,2025-04-09 12:17:14.837+00
2980,RECURRING_SUBSCRIPTION,TRIAL,2025-04-09 12:18:39.262+00
3119,LEAD,WARM_LEAD,2025-04-09 12:28:36.676+00
3119,WARM_LEAD,RECURRING_SUBSCRIPTION,2025-04-09 12:39:08.223+00
967,TRIAL,RECURRING_SUBSCRIPTION,2025-04-09 12:47:51.456+00
967,RECURRING_SUBSCRIPTION,RECURRING_SUBSCRIPTION,2025-04-09 12:48:58.779+00
967,RECURRING_SUBSCRIPTION,RECURRING_SUBSCRIPTION,2025-04-09 12:50:14.155+00
967,RECURRING_SUBSCRIPTION,RECURRING_SUBSCRIPTION,2025-04-09 12:58:43.152+00
5285,LEAD,WARM_LEAD,2025-04-09 13:41:06.448+00
5316,LEAD,FREE_TRIAL,2025-04-09 14:56:54.141+00
3047,RECURRING_SUBSCRIPTION,ON_DEMAND_SUBSCRIPTION,2025-04-09 14:57:33.146+00
2992,RECURRING_SUBSCRIPTION,CHURN,2025-04-09 15:07:37.209+00
5323,LEAD,FREE_TRIAL,2025-04-09 15:43:35.742+00
2378,TRIAL,RECURRING_SUBSCRIPTION,2025-04-09 16:38:58.807+00
5307,FREE_TRIAL,RECURRING_SUBSCRIPTION,2025-04-09 21:30:37.105+00
3914,FREE_TRIAL,WARM_LEAD,2025-04-09 22:22:09.095+00
3914,WARM_LEAD,ON_DEMAND_SUBSCRIPTION,2025-04-09 22:23:42.942+00
3914,ON_DEMAND_SUBSCRIPTION,WARM_LEAD,2025-04-09 22:25:39.438+00
5217,LEAD,FREE_TRIAL,2025-04-10 08:56:46.414+00
967,RECURRING_SUBSCRIPTION,WARM_LEAD,2025-04-10 06:12:27.621+00
3080,LEAD,COLD_LEAD,2025-04-10 06:52:26.385+00
3777,RECURRING_SUBSCRIPTION,TRIAL,2025-04-10 09:50:19.061+00
967,WARM_LEAD,RECURRING_SUBSCRIPTION,2025-04-10 10:01:59.39+00
967,RECURRING_SUBSCRIPTION,TRIAL,2025-04-10 10:07:38.673+00
3119,RECURRING_SUBSCRIPTION,WARM_LEAD,2025-04-10 11:52:49.282+00
5332,LEAD,FREE_TRIAL,2025-04-10 13:46:22.292+00
5312,LEAD,WARM_LEAD,2025-04-10 14:51:20.685+00
5310,RECURRING_SUBSCRIPTION,RECURRING_SUBSCRIPTION,2025-04-10 21:41:34.761+00
5310,RECURRING_SUBSCRIPTION,RECURRING_SUBSCRIPTION,2025-04-10 21:46:37.385+00
5310,RECURRING_SUBSCRIPTION,RECURRING_SUBSCRIPTION,2025-04-10 21:47:06.665+00
1958,FREE_TRIAL,WARM_LEAD,2025-04-10 22:37:34.041+00
1958,WARM_LEAD,RECURRING_SUBSCRIPTION,2025-04-10 22:38:35.083+00
1958,RECURRING_SUBSCRIPTION,RECURRING_SUBSCRIPTION,2025-04-10 22:38:54.997+00
1958,RECURRING_SUBSCRIPTION,WARM_LEAD,2025-04-10 22:41:16.337+00
2861,RECURRING_SUBSCRIPTION,WARM_LEAD,2025-04-10 23:31:41.255+00
3089,RECURRING_SUBSCRIPTION,WARM_LEAD,2025-04-10 23:32:24.662+00
5236,RECURRING_SUBSCRIPTION,WARM_LEAD,2025-04-10 23:36:46.818+00
3944,RECURRING_SUBSCRIPTION,TRIAL,2025-04-11 14:07:21.065+00
3925,LEAD,WARM_LEAD,2025-04-11 14:14:52.059+00
3925,WARM_LEAD,RECURRING_SUBSCRIPTION,2025-04-11 14:16:14.602+00
3925,RECURRING_SUBSCRIPTION,RECURRING_SUBSCRIPTION,2025-04-11 14:17:12.743+00
3925,RECURRING_SUBSCRIPTION,RECURRING_SUBSCRIPTION,2025-04-11 14:18:00.259+00
5378,LEAD,WARM_LEAD,2025-04-11 21:51:50.295+00
5357,LEAD,WARM_LEAD,2025-04-11 21:52:42.569+00
5054,FREE_TRIAL,RECURRING_SUBSCRIPTION,2025-04-11 22:01:57.569+00
5357,WARM_LEAD,RECURRING_SUBSCRIPTION,2025-04-11 22:11:01.656+00
5357,RECURRING_SUBSCRIPTION,RECURRING_SUBSCRIPTION,2025-04-11 22:14:31.036+00
5357,RECURRING_SUBSCRIPTION,RECURRING_SUBSCRIPTION,2025-04-11 22:15:23.333+00
5357,RECURRING_SUBSCRIPTION,TRIAL,2025-04-11 22:56:48.405+00
143,CHURN,ON_DEMAND_SUBSCRIPTION,2025-04-12 11:24:05.594+00
3888,TRIAL,ON_DEMAND_SUBSCRIPTION,2025-04-12 11:24:10.399+00
2701,TRIAL,ON_DEMAND_SUBSCRIPTION,2025-04-12 11:25:07.193+00
5389,LEAD,FREE_TRIAL,2025-04-13 02:10:02.475+00
5392,LEAD,FREE_TRIAL,2025-04-13 20:42:19.338+00
3548,LEAD,COLD_LEAD,2025-04-14 09:10:47.454+00
82,CHURN,ON_DEMAND_SUBSCRIPTION,2025-04-14 09:56:22.851+00
1007,RECURRING_SUBSCRIPTION,ON_DEMAND_SUBSCRIPTION,2025-04-14 11:55:02.586+00
770,RECURRING_SUBSCRIPTION,TRIAL,2025-04-14 15:19:54.818+00
661,RECURRING_SUBSCRIPTION,CHURN,2025-04-14 15:20:31.672+00
5054,RECURRING_SUBSCRIPTION,TRIAL,2025-04-14 15:21:50.51+00
2445,LEAD,WARM_LEAD,2025-04-14 16:47:11.686+00
2445,WARM_LEAD,RECURRING_SUBSCRIPTION,2025-04-14 16:50:50.925+00
5386,LEAD,WARM_LEAD,2025-04-14 17:07:03.546+00
5386,WARM_LEAD,RECURRING_SUBSCRIPTION,2025-04-14 17:07:28.562+00
5386,RECURRING_SUBSCRIPTION,RECURRING_SUBSCRIPTION,2025-04-14 17:08:20.428+00
5386,RECURRING_SUBSCRIPTION,RECURRING_SUBSCRIPTION,2025-04-14 17:09:04.156+00
2445,RECURRING_SUBSCRIPTION,RECURRING_SUBSCRIPTION,2025-04-14 17:27:04.066+00
2445,RECURRING_SUBSCRIPTION,RECURRING_SUBSCRIPTION,2025-04-14 17:33:30.576+00
5324,LEAD,COLD_LEAD,2025-04-14 18:03:21.277+00
5324,COLD_LEAD,COLD_LEAD,2025-04-14 18:03:23.313+00
4985,FREEMIUM,WARM_LEAD,2025-04-14 19:40:41.199+00
4985,WARM_LEAD,RECURRING_SUBSCRIPTION,2025-04-14 19:40:50.547+00
2445,RECURRING_SUBSCRIPTION,WARM_LEAD,2025-04-14 20:06:26.931+00
3022,WARM_LEAD,RECURRING_SUBSCRIPTION,2025-04-14 20:34:28.907+00
5377,LEAD,WARM_LEAD,2025-04-14 20:43:15.594+00
5377,WARM_LEAD,RECURRING_SUBSCRIPTION,2025-04-14 20:43:29.939+00
5412,LEAD,WARM_LEAD,2025-04-14 21:07:51.686+00
5412,WARM_LEAD,RECURRING_SUBSCRIPTION,2025-04-14 21:08:29.183+00
5412,RECURRING_SUBSCRIPTION,RECURRING_SUBSCRIPTION,2025-04-14 21:09:50.046+00
5412,RECURRING_SUBSCRIPTION,RECURRING_SUBSCRIPTION,2025-04-14 21:14:16.082+00
5412,RECURRING_SUBSCRIPTION,RECURRING_SUBSCRIPTION,2025-04-14 21:41:31.96+00
5412,RECURRING_SUBSCRIPTION,RECURRING_SUBSCRIPTION,2025-04-14 21:41:52.217+00
5412,RECURRING_SUBSCRIPTION,RECURRING_SUBSCRIPTION,2025-04-14 21:42:16.096+00
5412,RECURRING_SUBSCRIPTION,RECURRING_SUBSCRIPTION,2025-04-14 21:43:30.159+00
5412,RECURRING_SUBSCRIPTION,RECURRING_SUBSCRIPTION,2025-04-14 21:44:29.832+00
5412,RECURRING_SUBSCRIPTION,RECURRING_SUBSCRIPTION,2025-04-14 21:44:48.323+00
5412,RECURRING_SUBSCRIPTION,RECURRING_SUBSCRIPTION,2025-04-14 21:46:36.171+00
5417,LEAD,WARM_LEAD,2025-04-15 10:33:53.496+00
724,RECURRING_SUBSCRIPTION,CHURN,2025-04-15 12:45:18.093+00
2923,TRIAL,ON_DEMAND_SUBSCRIPTION,2025-04-15 14:40:32.468+00
2563,LEAD,WARM_LEAD,2025-04-15 15:09:28.371+00
2563,WARM_LEAD,RECURRING_SUBSCRIPTION,2025-04-15 15:12:45.395+00
3118,RECURRING_SUBSCRIPTION,TRIAL,2025-04-15 15:23:02.671+00
2275,RECURRING_SUBSCRIPTION,ON_DEMAND_SUBSCRIPTION,2025-04-15 16:40:20.626+00
1356,FREEMIUM,RECURRING_SUBSCRIPTION,2025-04-15 17:33:04.883+00
1356,RECURRING_SUBSCRIPTION,RECURRING_SUBSCRIPTION,2025-04-15 17:37:39.705+00
1356,RECURRING_SUBSCRIPTION,RECURRING_SUBSCRIPTION,2025-04-15 17:55:47.753+00
1356,RECURRING_SUBSCRIPTION,RECURRING_SUBSCRIPTION,2025-04-15 17:56:07.5+00
1356,RECURRING_SUBSCRIPTION,RECURRING_SUBSCRIPTION,2025-04-15 17:57:42.237+00
1356,RECURRING_SUBSCRIPTION,RECURRING_SUBSCRIPTION,2025-04-15 17:59:54.091+00
1356,RECURRING_SUBSCRIPTION,RECURRING_SUBSCRIPTION,2025-04-15 19:19:54.394+00
1356,RECURRING_SUBSCRIPTION,RECURRING_SUBSCRIPTION,2025-04-15 21:48:52.803+00
2182,ON_DEMAND_SUBSCRIPTION,RECURRING_SUBSCRIPTION,2025-04-15 21:59:48.986+00
2182,RECURRING_SUBSCRIPTION,RECURRING_SUBSCRIPTION,2025-04-15 22:00:06.607+00
4457,FREEMIUM,ON_DEMAND_SUBSCRIPTION,2025-04-15 22:25:49.25+00
4457,ON_DEMAND_SUBSCRIPTION,TRIAL,2025-04-15 22:35:52.371+00
4966,FREEMIUM,RECURRING_SUBSCRIPTION,2025-04-15 22:39:12.344+00
1066,FREEMIUM,RECURRING_SUBSCRIPTION,2025-04-16 00:50:27.715+00
1066,RECURRING_SUBSCRIPTION,RECURRING_SUBSCRIPTION,2025-04-16 00:50:46.417+00
1066,RECURRING_SUBSCRIPTION,WARM_LEAD,2025-04-16 00:59:55.207+00
5279,WARM_LEAD,LEAD,2025-04-16 12:51:33.614+00
5279,LEAD,LEAD,2025-04-16 12:51:34.813+00
724,CHURN,ON_DEMAND_SUBSCRIPTION,2025-04-16 16:22:35.55+00
2966,RECURRING_SUBSCRIPTION,CHURN,2025-04-16 17:28:11.746+00
4457,TRIAL,RECURRING_SUBSCRIPTION,2025-04-16 17:29:27.354+00
4457,RECURRING_SUBSCRIPTION,TRIAL,2025-04-16 17:30:42.237+00
4977,FREEMIUM,RECURRING_SUBSCRIPTION,2025-04-16 17:41:07.334+00
5381,LEAD,WARM_LEAD,2025-04-16 17:54:27.138+00
5381,WARM_LEAD,RECURRING_SUBSCRIPTION,2025-04-16 17:54:41.71+00
5381,RECURRING_SUBSCRIPTION,RECURRING_SUBSCRIPTION,2025-04-16 17:56:47.747+00
3128,RECURRING_SUBSCRIPTION,TRIAL,2025-04-16 18:39:32.2+00
5355,LEAD,WARM_LEAD,2025-04-16 21:35:13.185+00
5355,WARM_LEAD,RECURRING_SUBSCRIPTION,2025-04-16 21:35:33.402+00
5332,FREE_TRIAL,RECURRING_SUBSCRIPTION,2025-04-16 21:57:23.199+00
5332,RECURRING_SUBSCRIPTION,RECURRING_SUBSCRIPTION,2025-04-16 22:36:38.678+00
2099,FREEMIUM,RECURRING_SUBSCRIPTION,2025-04-16 22:46:03.294+00
2099,RECURRING_SUBSCRIPTION,RECURRING_SUBSCRIPTION,2025-04-16 22:46:25.232+00
2099,RECURRING_SUBSCRIPTION,RECURRING_SUBSCRIPTION,2025-04-16 22:46:54.59+00
2099,RECURRING_SUBSCRIPTION,RECURRING_SUBSCRIPTION,2025-04-16 22:47:40.503+00
2099,RECURRING_SUBSCRIPTION,RECURRING_SUBSCRIPTION,2025-04-16 22:48:42.964+00
2099,RECURRING_SUBSCRIPTION,RECURRING_SUBSCRIPTION,2025-04-16 22:49:42.927+00
2099,RECURRING_SUBSCRIPTION,RECURRING_SUBSCRIPTION,2025-04-16 22:51:23.769+00
2099,RECURRING_SUBSCRIPTION,RECURRING_SUBSCRIPTION,2025-04-16 22:57:48.504+00
3041,ON_DEMAND_SUBSCRIPTION,TRIAL,2025-04-16 23:04:42.229+00
5332,RECURRING_SUBSCRIPTION,WARM_LEAD,2025-04-16 23:05:28.434+00
5230,WARM_LEAD,TRIAL,2025-04-17 08:01:59.933+00
2790,TRIAL,RECURRING_SUBSCRIPTION,2025-04-17 09:45:31.604+00
1302,RECURRING_SUBSCRIPTION,ON_DEMAND_SUBSCRIPTION,2025-04-17 14:01:15.988+00
2799,LEAD,WARM_LEAD,2025-04-17 14:05:14.613+00
2799,WARM_LEAD,TRIAL,2025-04-17 14:05:58.315+00
4270,FREEMIUM,RECURRING_SUBSCRIPTION,2025-04-17 14:40:12.47+00
4270,RECURRING_SUBSCRIPTION,RECURRING_SUBSCRIPTION,2025-04-17 14:46:05.969+00
2790,RECURRING_SUBSCRIPTION,RECURRING_SUBSCRIPTION,2025-04-17 14:59:36.397+00
2790,RECURRING_SUBSCRIPTION,RECURRING_SUBSCRIPTION,2025-04-17 15:00:13.376+00
2790,RECURRING_SUBSCRIPTION,RECURRING_SUBSCRIPTION,2025-04-17 15:01:25.283+00
2790,RECURRING_SUBSCRIPTION,RECURRING_SUBSCRIPTION,2025-04-17 15:01:57.189+00
5396,LEAD,WARM_LEAD,2025-04-17 15:42:56.564+00
5396,WARM_LEAD,TRIAL,2025-04-17 15:44:07.576+00
1204,RECURRING_SUBSCRIPTION,ON_DEMAND_SUBSCRIPTION,2025-04-17 16:33:53.246+00
2810,RECURRING_SUBSCRIPTION,CHURN,2025-04-17 16:39:11.223+00
1968,RECURRING_SUBSCRIPTION,RECURRING_SUBSCRIPTION,2025-04-17 20:34:39.314+00
1618,WARM_LEAD,RECURRING_SUBSCRIPTION,2025-04-17 21:33:08.678+00
1618,RECURRING_SUBSCRIPTION,WARM_LEAD,2025-04-17 21:38:47.736+00
4270,RECURRING_SUBSCRIPTION,TRIAL,2025-04-17 21:43:38.81+00
2790,RECURRING_SUBSCRIPTION,TRIAL,2025-04-18 10:39:37.56+00
5338,LEAD,WARM_LEAD,2025-04-18 17:14:46.816+00
5338,WARM_LEAD,RECURRING_SUBSCRIPTION,2025-04-18 17:14:58.407+00
2665,LEAD,WARM_LEAD,2025-04-18 18:44:03.742+00
2665,WARM_LEAD,RECURRING_SUBSCRIPTION,2025-04-18 18:44:38.288+00
2665,RECURRING_SUBSCRIPTION,WARM_LEAD,2025-04-18 21:23:03.464+00
2665,WARM_LEAD,TRIAL,2025-04-18 21:23:34.854+00
5332,RECURRING_SUBSCRIPTION,RECURRING_SUBSCRIPTION,2025-04-18 21:36:15.516+00
5338,RECURRING_SUBSCRIPTION,TRIAL,2025-04-18 21:50:39.955+00
5444,COLD_LEAD,WARM_LEAD,2025-04-20 07:43:39.565+00
3119,COLD_LEAD,WARM_LEAD,2025-04-20 12:00:43.266+00
11,CHURN,RECURRING_SUBSCRIPTION,2025-04-20 13:53:15.49+00
11,RECURRING_SUBSCRIPTION,RECURRING_SUBSCRIPTION,2025-04-20 13:53:28.995+00
2596,COLD_LEAD,WARM_LEAD,2025-04-20 15:52:32.798+00
2596,WARM_LEAD,TRIAL,2025-04-20 16:07:16.2+00
5445,LEAD,COLD_LEAD,2025-04-21 05:20:07.02+00
5444,WARM_LEAD,TRIAL,2025-04-21 06:05:12.5+00
2797,WARM_LEAD,TRIAL,2025-04-21 09:34:45.478+00
5411,LEAD,WARM_LEAD,2025-04-21 15:33:23.987+00
5411,WARM_LEAD,RECURRING_SUBSCRIPTION,2025-04-21 15:34:28.243+00
5411,RECURRING_SUBSCRIPTION,WARM_LEAD,2025-04-21 15:38:54.651+00
5423,LEAD,WARM_LEAD,2025-04-21 16:08:26.377+00
5423,WARM_LEAD,RECURRING_SUBSCRIPTION,2025-04-21 16:08:41.176+00
5423,RECURRING_SUBSCRIPTION,RECURRING_SUBSCRIPTION,2025-04-21 16:12:32.898+00
11,RECURRING_SUBSCRIPTION,ON_DEMAND_SUBSCRIPTION,2025-04-21 16:14:34.719+00
11,ON_DEMAND_SUBSCRIPTION,CHURN,2025-04-21 16:17:47.492+00
5456,LEAD,WARM_LEAD,2025-04-21 16:45:16.19+00
5456,WARM_LEAD,RECURRING_SUBSCRIPTION,2025-04-21 16:45:37.649+00
384,RECURRING_SUBSCRIPTION,CHURN,2025-04-21 16:51:23.921+00
936,RECURRING_SUBSCRIPTION,CHURN,2025-04-21 17:22:18.833+00
1516,RECURRING_SUBSCRIPTION,CHURN,2025-04-22 07:31:18.799+00
5312,WARM_LEAD,TRIAL,2025-04-22 13:14:35.652+00
3041,TRIAL,RECURRING_SUBSCRIPTION,2025-04-22 15:45:42.098+00
3041,RECURRING_SUBSCRIPTION,WARM_LEAD,2025-04-22 15:46:39.07+00
2563,RECURRING_SUBSCRIPTION,WARM_LEAD,2025-04-22 15:47:20.53+00
5423,RECURRING_SUBSCRIPTION,WARM_LEAD,2025-04-22 15:48:04.523+00
5436,LEAD,WARM_LEAD,2025-04-22 21:35:38.223+00
5757,LEAD,FREEMIUM,2025-05-21 15:34:30.995+00
5436,WARM_LEAD,RECURRING_SUBSCRIPTION,2025-04-22 21:37:46.063+00
5436,RECURRING_SUBSCRIPTION,WARM_LEAD,2025-04-22 21:44:42.642+00
5447,LEAD,WARM_LEAD,2025-04-22 22:25:21.599+00
5447,WARM_LEAD,RECURRING_SUBSCRIPTION,2025-04-22 22:25:36.313+00
3043,RECURRING_SUBSCRIPTION,ON_DEMAND_SUBSCRIPTION,2025-04-24 15:34:02.191+00
2824,LEAD,WARM_LEAD,2025-04-25 15:09:39.624+00
2824,WARM_LEAD,TRIAL,2025-04-25 15:11:38.247+00
2824,TRIAL,RECURRING_SUBSCRIPTION,2025-04-25 15:16:37.71+00
2824,RECURRING_SUBSCRIPTION,RECURRING_SUBSCRIPTION,2025-04-25 15:17:23.259+00
3937,LEAD,WARM_LEAD,2025-04-25 15:32:05.637+00
2824,RECURRING_SUBSCRIPTION,RECURRING_SUBSCRIPTION,2025-04-25 15:32:19.731+00
3937,WARM_LEAD,RECURRING_SUBSCRIPTION,2025-04-25 15:32:50.233+00
3118,TRIAL,RECURRING_SUBSCRIPTION,2025-04-25 15:55:35.454+00
5467,LEAD,WARM_LEAD,2025-04-25 16:31:39.848+00
5467,WARM_LEAD,RECURRING_SUBSCRIPTION,2025-04-25 16:32:14.399+00
5467,RECURRING_SUBSCRIPTION,RECURRING_SUBSCRIPTION,2025-04-25 16:34:51.852+00
5467,RECURRING_SUBSCRIPTION,RECURRING_SUBSCRIPTION,2025-04-25 16:35:10.657+00
5467,RECURRING_SUBSCRIPTION,RECURRING_SUBSCRIPTION,2025-04-25 16:35:39.465+00
5467,RECURRING_SUBSCRIPTION,RECURRING_SUBSCRIPTION,2025-04-25 16:35:52.058+00
5467,RECURRING_SUBSCRIPTION,RECURRING_SUBSCRIPTION,2025-04-25 16:36:00.489+00
5467,RECURRING_SUBSCRIPTION,WARM_LEAD,2025-04-25 18:47:36.637+00
5469,LEAD,WARM_LEAD,2025-04-25 21:54:15.723+00
5469,WARM_LEAD,RECURRING_SUBSCRIPTION,2025-04-25 21:55:51.488+00
4450,FREEMIUM,RECURRING_SUBSCRIPTION,2025-04-25 22:31:42.809+00
4450,RECURRING_SUBSCRIPTION,RECURRING_SUBSCRIPTION,2025-04-25 22:32:44.241+00
5467,WARM_LEAD,LEAD,2025-04-25 22:41:23.963+00
664,RECURRING_SUBSCRIPTION,CHURN,2025-04-26 00:50:01.475+00
5230,TRIAL,RECURRING_SUBSCRIPTION,2025-04-27 12:56:50.034+00
2790,TRIAL,RECURRING_SUBSCRIPTION,2025-04-28 08:36:29.772+00
3118,RECURRING_SUBSCRIPTION,RECURRING_SUBSCRIPTION,2025-04-28 09:04:19.65+00
2824,RECURRING_SUBSCRIPTION,TRIAL,2025-04-28 12:10:17.994+00
2790,RECURRING_SUBSCRIPTION,WARM_LEAD,2025-04-28 12:10:59.669+00
5230,RECURRING_SUBSCRIPTION,TRIAL,2025-04-28 12:49:48.505+00
1122,COLD_LEAD,FREEMIUM,2025-04-28 13:19:22.301+00
1181,COLD_LEAD,FREEMIUM,2025-04-28 13:19:27.735+00
1158,COLD_LEAD,FREEMIUM,2025-04-28 13:19:33.4+00
1123,COLD_LEAD,FREEMIUM,2025-04-28 13:19:37.831+00
1168,COLD_LEAD,FREEMIUM,2025-04-28 13:19:43.653+00
707,LEAD,FREEMIUM,2025-04-28 13:19:50.341+00
725,COLD_LEAD,FREEMIUM,2025-04-28 13:19:55.347+00
780,COLD_LEAD,FREEMIUM,2025-04-28 13:19:59.753+00
1183,COLD_LEAD,FREEMIUM,2025-04-28 13:20:04.931+00
708,COLD_LEAD,FREEMIUM,2025-04-28 13:20:08.691+00
1127,COLD_LEAD,FREEMIUM,2025-04-28 13:20:13.136+00
2290,LEAD,FREEMIUM,2025-04-28 13:20:17.685+00
3908,LEAD,FREEMIUM,2025-04-28 13:20:22.719+00
2291,LEAD,FREEMIUM,2025-04-28 13:20:27.443+00
1130,COLD_LEAD,FREEMIUM,2025-04-28 13:20:31.203+00
1132,COLD_LEAD,FREEMIUM,2025-04-28 13:20:35.151+00
2294,LEAD,FREEMIUM,2025-04-28 13:20:39.946+00
1134,COLD_LEAD,FREEMIUM,2025-04-28 13:20:43.537+00
1135,COLD_LEAD,FREEMIUM,2025-04-28 13:20:47.198+00
1136,COLD_LEAD,FREEMIUM,2025-04-28 13:20:51.147+00
1274,COLD_LEAD,FREEMIUM,2025-04-28 13:20:55.034+00
1780,ON_DEMAND_SUBSCRIPTION,WARM_LEAD,2025-05-01 16:05:34.168+00
1125,COLD_LEAD,FREEMIUM,2025-04-28 13:20:59.091+00
1121,COLD_LEAD,FREEMIUM,2025-04-28 13:21:02.793+00
995,COLD_LEAD,FREEMIUM,2025-04-28 13:21:07.095+00
1131,COLD_LEAD,FREEMIUM,2025-04-28 13:21:11.252+00
988,COLD_LEAD,FREEMIUM,2025-04-28 13:21:15.033+00
952,COLD_LEAD,FREEMIUM,2025-04-28 13:21:18.733+00
1240,COLD_LEAD,FREEMIUM,2025-04-28 13:21:22.337+00
1254,COLD_LEAD,FREEMIUM,2025-04-28 13:21:26.034+00
1271,COLD_LEAD,FREEMIUM,2025-04-28 13:21:29.915+00
1281,COLD_LEAD,FREEMIUM,2025-04-28 13:21:33.566+00
1263,LEAD,FREEMIUM,2025-04-28 13:21:37.351+00
1256,LEAD,FREEMIUM,2025-04-28 13:21:40.924+00
1137,COLD_LEAD,FREEMIUM,2025-04-28 13:21:44.558+00
1239,COLD_LEAD,FREEMIUM,2025-04-28 13:21:48.431+00
1272,COLD_LEAD,FREEMIUM,2025-04-28 13:21:52.113+00
1293,COLD_LEAD,FREEMIUM,2025-04-28 13:21:55.979+00
1241,COLD_LEAD,FREEMIUM,2025-04-28 13:22:00.879+00
854,COLD_LEAD,FREEMIUM,2025-04-28 13:22:04.651+00
889,COLD_LEAD,FREEMIUM,2025-04-28 13:22:08.73+00
964,COLD_LEAD,FREEMIUM,2025-04-28 13:22:12.388+00
956,COLD_LEAD,FREEMIUM,2025-04-28 13:22:16.211+00
985,COLD_LEAD,FREEMIUM,2025-04-28 13:22:19.999+00
938,COLD_LEAD,FREEMIUM,2025-04-28 13:22:23.632+00
939,COLD_LEAD,FREEMIUM,2025-04-28 13:22:27.268+00
941,COLD_LEAD,FREEMIUM,2025-04-28 13:22:30.71+00
2131,LEAD,FREEMIUM,2025-04-28 13:22:37.247+00
949,COLD_LEAD,FREEMIUM,2025-04-28 13:22:41.222+00
955,COLD_LEAD,FREEMIUM,2025-04-28 13:22:45.229+00
957,COLD_LEAD,FREEMIUM,2025-04-28 13:22:48.872+00
960,COLD_LEAD,FREEMIUM,2025-04-28 13:22:52.727+00
982,COLD_LEAD,FREEMIUM,2025-04-28 13:22:56.522+00
983,COLD_LEAD,FREEMIUM,2025-04-28 13:23:00.518+00
946,COLD_LEAD,FREEMIUM,2025-04-28 13:23:04.494+00
968,COLD_LEAD,FREEMIUM,2025-04-28 13:23:08.674+00
986,COLD_LEAD,FREEMIUM,2025-04-28 13:23:12.817+00
992,COLD_LEAD,FREEMIUM,2025-04-28 13:23:16.766+00
990,COLD_LEAD,FREEMIUM,2025-04-28 13:23:20.684+00
981,COLD_LEAD,FREEMIUM,2025-04-28 13:23:25.099+00
1001,COLD_LEAD,FREEMIUM,2025-04-28 13:23:28.68+00
1027,COLD_LEAD,FREEMIUM,2025-04-28 13:23:32.927+00
1028,COLD_LEAD,FREEMIUM,2025-04-28 13:23:36.644+00
991,COLD_LEAD,FREEMIUM,2025-04-28 13:23:40.224+00
1057,COLD_LEAD,FREEMIUM,2025-04-28 13:23:44.046+00
1157,COLD_LEAD,FREEMIUM,2025-04-28 13:23:47.851+00
1103,COLD_LEAD,FREEMIUM,2025-04-28 13:23:54.096+00
1112,COLD_LEAD,FREEMIUM,2025-04-28 13:23:57.96+00
1113,COLD_LEAD,FREEMIUM,2025-04-28 13:24:01.892+00
1188,COLD_LEAD,FREEMIUM,2025-04-28 13:24:05.633+00
1197,COLD_LEAD,FREEMIUM,2025-04-28 13:24:09.452+00
2300,LEAD,FREEMIUM,2025-04-28 13:24:13.716+00
1265,COLD_LEAD,FREEMIUM,2025-04-28 13:24:17.398+00
1296,COLD_LEAD,FREEMIUM,2025-04-28 13:24:21.128+00
1248,COLD_LEAD,FREEMIUM,2025-04-28 13:24:24.848+00
1318,LEAD,FREEMIUM,2025-04-28 13:24:28.619+00
1375,LEAD,FREEMIUM,2025-04-28 13:24:32.191+00
1381,COLD_LEAD,FREEMIUM,2025-04-28 13:24:35.866+00
1382,COLD_LEAD,FREEMIUM,2025-04-28 13:24:39.764+00
1388,COLD_LEAD,FREEMIUM,2025-04-28 13:24:43.714+00
1393,LEAD,FREEMIUM,2025-04-28 13:24:47.371+00
1391,LEAD,FREEMIUM,2025-04-28 13:24:51.102+00
1394,LEAD,FREEMIUM,2025-04-28 13:24:54.821+00
1395,LEAD,FREEMIUM,2025-04-28 13:24:58.667+00
1396,LEAD,FREEMIUM,2025-04-28 13:25:02.394+00
1401,LEAD,FREEMIUM,2025-04-28 13:25:06.432+00
1402,COLD_LEAD,FREEMIUM,2025-04-28 13:25:10.229+00
1403,LEAD,FREEMIUM,2025-04-28 13:25:14.07+00
1404,LEAD,FREEMIUM,2025-04-28 13:25:17.844+00
1409,LEAD,FREEMIUM,2025-04-28 13:25:21.597+00
1462,LEAD,FREEMIUM,2025-04-28 13:25:25.692+00
1451,LEAD,FREEMIUM,2025-04-28 13:25:29.311+00
1415,LEAD,FREEMIUM,2025-04-28 13:25:32.93+00
1417,LEAD,FREEMIUM,2025-04-28 13:25:36.528+00
1419,LEAD,FREEMIUM,2025-04-28 13:25:40.495+00
1422,LEAD,FREEMIUM,2025-04-28 13:25:44.198+00
1424,LEAD,FREEMIUM,2025-04-28 13:25:47.762+00
1425,LEAD,FREEMIUM,2025-04-28 13:25:51.549+00
1443,LEAD,FREEMIUM,2025-04-28 13:25:55.194+00
1452,LEAD,FREEMIUM,2025-04-28 13:25:59.124+00
1455,LEAD,FREEMIUM,2025-04-28 13:26:03.147+00
1384,LEAD,FREEMIUM,2025-04-28 13:26:06.98+00
1456,LEAD,FREEMIUM,2025-04-28 13:26:10.704+00
1458,LEAD,FREEMIUM,2025-04-28 13:26:14.207+00
1463,LEAD,FREEMIUM,2025-04-28 13:26:18.066+00
1464,LEAD,FREEMIUM,2025-04-28 13:26:21.928+00
1450,LEAD,FREEMIUM,2025-04-28 13:26:25.5+00
1465,COLD_LEAD,FREEMIUM,2025-04-28 13:26:29.19+00
1471,COLD_LEAD,FREEMIUM,2025-04-28 13:26:32.716+00
1472,COLD_LEAD,FREEMIUM,2025-04-28 13:26:36.345+00
1491,LEAD,FREEMIUM,2025-04-28 13:26:39.951+00
1538,LEAD,FREEMIUM,2025-04-28 13:26:43.627+00
1544,LEAD,FREEMIUM,2025-04-28 13:26:47.805+00
1553,LEAD,FREEMIUM,2025-04-28 13:26:51.862+00
1556,LEAD,FREEMIUM,2025-04-28 13:26:55.6+00
1557,LEAD,FREEMIUM,2025-04-28 13:26:59.644+00
1558,LEAD,FREEMIUM,2025-04-28 13:27:03.71+00
1559,LEAD,FREEMIUM,2025-04-28 13:27:07.895+00
1560,LEAD,FREEMIUM,2025-04-28 13:27:11.647+00
1565,LEAD,FREEMIUM,2025-04-28 13:27:15.705+00
1567,LEAD,FREEMIUM,2025-04-28 13:27:19.711+00
1568,LEAD,FREEMIUM,2025-04-28 13:27:24.036+00
1570,LEAD,FREEMIUM,2025-04-28 13:27:27.922+00
1780,WARM_LEAD,TRIAL,2025-05-01 16:06:14.25+00
1571,COLD_LEAD,FREEMIUM,2025-04-28 13:27:31.842+00
1573,COLD_LEAD,FREEMIUM,2025-04-28 13:27:35.509+00
1574,COLD_LEAD,FREEMIUM,2025-04-28 13:27:39.301+00
1579,LEAD,FREEMIUM,2025-04-28 13:27:43.192+00
1584,LEAD,FREEMIUM,2025-04-28 13:27:46.968+00
1587,COLD_LEAD,FREEMIUM,2025-04-28 13:27:50.67+00
1591,LEAD,FREEMIUM,2025-04-28 13:27:54.743+00
1592,LEAD,FREEMIUM,2025-04-28 13:27:58.731+00
1599,LEAD,FREEMIUM,2025-04-28 13:28:02.735+00
1601,LEAD,FREEMIUM,2025-04-28 13:28:06.543+00
1562,LEAD,FREEMIUM,2025-04-28 13:28:10.814+00
1602,COLD_LEAD,FREEMIUM,2025-04-28 13:28:14.715+00
1606,LEAD,FREEMIUM,2025-04-28 13:28:19.125+00
1607,LEAD,FREEMIUM,2025-04-28 13:28:23.181+00
1608,LEAD,FREEMIUM,2025-04-28 13:28:27.08+00
1614,LEAD,FREEMIUM,2025-04-28 13:28:30.85+00
1616,LEAD,FREEMIUM,2025-04-28 13:28:34.647+00
2304,LEAD,FREEMIUM,2025-04-28 13:28:38.67+00
1555,LEAD,FREEMIUM,2025-04-28 13:28:42.615+00
2348,LEAD,FREEMIUM,2025-04-28 13:28:46.7+00
2350,LEAD,FREEMIUM,2025-04-28 13:28:50.52+00
1649,LEAD,FREEMIUM,2025-04-28 13:28:54.304+00
1661,LEAD,FREEMIUM,2025-04-28 13:28:58.117+00
1675,LEAD,FREEMIUM,2025-04-28 13:29:02.265+00
1680,LEAD,FREEMIUM,2025-04-28 13:29:06.276+00
1682,LEAD,FREEMIUM,2025-04-28 13:29:10.68+00
1683,LEAD,FREEMIUM,2025-04-28 13:29:14.6+00
1746,LEAD,FREEMIUM,2025-04-28 13:29:18.554+00
1757,COLD_LEAD,FREEMIUM,2025-04-28 13:29:23.055+00
1789,LEAD,FREEMIUM,2025-04-28 13:29:27.165+00
1791,LEAD,FREEMIUM,2025-04-28 13:29:30.928+00
1793,LEAD,FREEMIUM,2025-04-28 13:29:35.472+00
1816,LEAD,FREEMIUM,2025-04-28 13:29:39.23+00
1796,LEAD,FREEMIUM,2025-04-28 13:29:43.175+00
1797,LEAD,FREEMIUM,2025-04-28 13:29:46.966+00
1801,LEAD,FREEMIUM,2025-04-28 13:29:50.852+00
1802,LEAD,FREEMIUM,2025-04-28 13:29:55.023+00
1804,LEAD,FREEMIUM,2025-04-28 13:29:58.996+00
1806,LEAD,FREEMIUM,2025-04-28 13:30:02.998+00
1810,LEAD,FREEMIUM,2025-04-28 13:30:07.352+00
1813,LEAD,FREEMIUM,2025-04-28 13:30:11.537+00
1808,LEAD,FREEMIUM,2025-04-28 13:30:15.421+00
1817,LEAD,FREEMIUM,2025-04-28 13:30:19.181+00
1818,LEAD,FREEMIUM,2025-04-28 13:30:23.28+00
1798,LEAD,FREEMIUM,2025-04-28 13:30:27.55+00
1820,LEAD,FREEMIUM,2025-04-28 13:30:31.407+00
1822,LEAD,FREEMIUM,2025-04-28 13:30:35.366+00
1823,LEAD,FREEMIUM,2025-04-28 13:30:39.54+00
1827,LEAD,FREEMIUM,2025-04-28 13:30:43.457+00
1828,LEAD,FREEMIUM,2025-04-28 13:30:47.123+00
1830,LEAD,FREEMIUM,2025-04-28 13:30:50.855+00
1831,LEAD,FREEMIUM,2025-04-28 13:30:54.955+00
1832,LEAD,FREEMIUM,2025-04-28 13:30:59.241+00
1792,LEAD,FREEMIUM,2025-04-28 13:31:03.157+00
1838,LEAD,FREEMIUM,2025-04-28 13:31:07.049+00
1839,LEAD,FREEMIUM,2025-04-28 13:31:10.864+00
1841,LEAD,FREEMIUM,2025-04-28 13:31:15.079+00
1842,LEAD,FREEMIUM,2025-04-28 13:31:19.377+00
1848,LEAD,FREEMIUM,2025-04-28 13:31:23.342+00
1835,LEAD,FREEMIUM,2025-04-28 13:31:27.487+00
1846,LEAD,FREEMIUM,2025-04-28 13:31:31.388+00
2307,LEAD,FREEMIUM,2025-04-28 13:31:35.85+00
1863,LEAD,FREEMIUM,2025-04-28 13:31:40.191+00
1825,LEAD,FREEMIUM,2025-04-28 13:31:44.239+00
1826,LEAD,FREEMIUM,2025-04-28 13:31:48.312+00
1866,COLD_LEAD,FREEMIUM,2025-04-28 13:31:52.704+00
1868,LEAD,FREEMIUM,2025-04-28 13:31:56.496+00
1869,LEAD,FREEMIUM,2025-04-28 13:32:00.467+00
1872,COLD_LEAD,FREEMIUM,2025-04-28 13:32:04.698+00
1875,LEAD,FREEMIUM,2025-04-28 13:32:08.62+00
1876,LEAD,FREEMIUM,2025-04-28 13:32:12.773+00
1877,LEAD,FREEMIUM,2025-04-28 13:32:16.521+00
1880,LEAD,FREEMIUM,2025-04-28 13:32:20.444+00
1881,LEAD,FREEMIUM,2025-04-28 13:32:24.224+00
1883,LEAD,FREEMIUM,2025-04-28 13:32:28.204+00
1886,LEAD,FREEMIUM,2025-04-28 13:32:32.341+00
1889,LEAD,FREEMIUM,2025-04-28 13:32:36.382+00
1891,LEAD,FREEMIUM,2025-04-28 13:32:40.64+00
1895,LEAD,FREEMIUM,2025-04-28 13:32:44.677+00
1896,LEAD,FREEMIUM,2025-04-28 13:32:48.704+00
1900,COLD_LEAD,FREEMIUM,2025-04-28 13:32:52.492+00
1901,LEAD,FREEMIUM,2025-04-28 13:32:56.747+00
1903,LEAD,FREEMIUM,2025-04-28 13:33:00.583+00
1885,LEAD,FREEMIUM,2025-04-28 13:33:04.56+00
1908,LEAD,FREEMIUM,2025-04-28 13:33:08.86+00
1909,LEAD,FREEMIUM,2025-04-28 13:33:12.774+00
1916,LEAD,FREEMIUM,2025-04-28 13:33:17.138+00
1917,LEAD,FREEMIUM,2025-04-28 13:33:21.038+00
1923,LEAD,FREEMIUM,2025-04-28 13:33:25.088+00
1926,LEAD,FREEMIUM,2025-04-28 13:33:28.845+00
1927,LEAD,FREEMIUM,2025-04-28 13:33:32.849+00
1928,LEAD,FREEMIUM,2025-04-28 13:33:36.695+00
1931,LEAD,FREEMIUM,2025-04-28 13:33:40.651+00
1933,LEAD,FREEMIUM,2025-04-28 13:33:44.511+00
1934,LEAD,FREEMIUM,2025-04-28 13:33:48.507+00
1935,LEAD,FREEMIUM,2025-04-28 13:33:52.336+00
1936,LEAD,FREEMIUM,2025-04-28 13:33:56.076+00
1942,LEAD,FREEMIUM,2025-04-28 13:34:00.071+00
1944,LEAD,FREEMIUM,2025-04-28 13:34:04.132+00
1945,LEAD,FREEMIUM,2025-04-28 13:34:08.072+00
1947,LEAD,FREEMIUM,2025-04-28 13:34:12.105+00
1929,LEAD,FREEMIUM,2025-04-28 13:34:15.963+00
1932,LEAD,FREEMIUM,2025-04-28 13:34:20.53+00
1952,LEAD,FREEMIUM,2025-04-28 13:34:24.386+00
1955,LEAD,FREEMIUM,2025-04-28 13:34:28.333+00
1957,LEAD,FREEMIUM,2025-04-28 13:34:32.238+00
1960,LEAD,FREEMIUM,2025-04-28 13:34:36.117+00
1967,LEAD,FREEMIUM,2025-04-28 13:34:40.218+00
1969,LEAD,FREEMIUM,2025-04-28 13:34:44.094+00
1977,LEAD,FREEMIUM,2025-04-28 13:34:47.974+00
1979,LEAD,FREEMIUM,2025-04-28 13:34:52.499+00
2031,LEAD,FREEMIUM,2025-04-28 13:34:56.067+00
2312,LEAD,FREEMIUM,2025-04-28 13:34:59.794+00
2045,LEAD,FREEMIUM,2025-04-28 13:35:04.184+00
2054,LEAD,FREEMIUM,2025-04-28 13:35:08.257+00
2055,LEAD,FREEMIUM,2025-04-28 13:35:12.164+00
2064,LEAD,FREEMIUM,2025-04-28 13:35:16.264+00
2102,LEAD,FREEMIUM,2025-04-28 13:35:20.218+00
2075,LEAD,FREEMIUM,2025-04-28 13:35:24.334+00
2077,LEAD,FREEMIUM,2025-04-28 13:35:28.243+00
2094,LEAD,FREEMIUM,2025-04-28 13:35:32.369+00
2080,LEAD,FREEMIUM,2025-04-28 13:35:36.15+00
2081,LEAD,FREEMIUM,2025-04-28 13:35:39.952+00
2083,LEAD,FREEMIUM,2025-04-28 13:35:44.091+00
2087,LEAD,FREEMIUM,2025-04-28 13:35:48.011+00
2089,LEAD,FREEMIUM,2025-04-28 13:35:51.934+00
2091,LEAD,FREEMIUM,2025-04-28 13:35:55.661+00
2108,LEAD,FREEMIUM,2025-04-28 13:35:59.56+00
2088,LEAD,FREEMIUM,2025-04-28 13:36:03.253+00
2110,LEAD,FREEMIUM,2025-04-28 13:36:07.233+00
2112,LEAD,FREEMIUM,2025-04-28 13:36:11.217+00
2113,LEAD,FREEMIUM,2025-04-28 13:36:15.448+00
2114,LEAD,FREEMIUM,2025-04-28 13:36:19.045+00
1755,LEAD,FREEMIUM,2025-04-28 13:36:22.963+00
2119,LEAD,FREEMIUM,2025-04-28 13:36:26.508+00
2120,LEAD,FREEMIUM,2025-04-28 13:36:32.715+00
2125,LEAD,FREEMIUM,2025-04-28 13:36:36.592+00
2128,LEAD,FREEMIUM,2025-04-28 13:36:40.363+00
2129,LEAD,FREEMIUM,2025-04-28 13:36:44.147+00
2130,LEAD,FREEMIUM,2025-04-28 13:36:48.007+00
2117,LEAD,FREEMIUM,2025-04-28 13:36:52.032+00
2134,LEAD,FREEMIUM,2025-04-28 13:36:56.016+00
2135,LEAD,FREEMIUM,2025-04-28 13:37:00.81+00
2137,LEAD,FREEMIUM,2025-04-28 13:37:04.901+00
2142,LEAD,FREEMIUM,2025-04-28 13:37:08.925+00
2149,LEAD,FREEMIUM,2025-04-28 13:37:12.947+00
2151,LEAD,FREEMIUM,2025-04-28 13:37:17.159+00
2153,LEAD,FREEMIUM,2025-04-28 13:37:21.128+00
2154,LEAD,FREEMIUM,2025-04-28 13:37:24.941+00
2145,LEAD,FREEMIUM,2025-04-28 13:37:28.949+00
2144,LEAD,FREEMIUM,2025-04-28 13:37:32.757+00
2156,LEAD,FREEMIUM,2025-04-28 13:37:36.701+00
2157,LEAD,FREEMIUM,2025-04-28 13:37:40.58+00
2158,LEAD,FREEMIUM,2025-04-28 13:37:44.587+00
2165,LEAD,FREEMIUM,2025-04-28 13:37:48.501+00
3937,RECURRING_SUBSCRIPTION,WARM_LEAD,2025-04-28 13:37:52.249+00
2150,LEAD,FREEMIUM,2025-04-28 13:37:52.562+00
2172,LEAD,FREEMIUM,2025-04-28 13:37:56.615+00
2176,LEAD,FREEMIUM,2025-04-28 13:38:00.739+00
2189,LEAD,FREEMIUM,2025-04-28 13:38:04.75+00
2190,LEAD,FREEMIUM,2025-04-28 13:38:08.777+00
2177,LEAD,FREEMIUM,2025-04-28 13:38:16.397+00
2185,LEAD,FREEMIUM,2025-04-28 13:38:24.543+00
2202,LEAD,FREEMIUM,2025-04-28 13:38:28.644+00
2223,LEAD,FREEMIUM,2025-04-28 13:38:32.508+00
2242,LEAD,FREEMIUM,2025-04-28 13:38:36.35+00
2258,LEAD,FREEMIUM,2025-04-28 13:38:43.92+00
2266,LEAD,FREEMIUM,2025-04-28 13:38:48.075+00
2270,LEAD,FREEMIUM,2025-04-28 13:38:51.926+00
3887,LEAD,FREEMIUM,2025-04-28 13:39:00.033+00
2349,LEAD,FREEMIUM,2025-04-28 13:39:03.913+00
2351,LEAD,FREEMIUM,2025-04-28 13:39:07.995+00
2353,LEAD,FREEMIUM,2025-04-28 13:39:12.131+00
2356,LEAD,FREEMIUM,2025-04-28 13:39:16.359+00
2359,LEAD,FREEMIUM,2025-04-28 13:39:20.462+00
2280,LEAD,FREEMIUM,2025-04-28 13:39:26.682+00
2364,LEAD,FREEMIUM,2025-04-28 13:39:31.51+00
2365,LEAD,FREEMIUM,2025-04-28 13:39:35.297+00
2319,LEAD,FREEMIUM,2025-04-28 13:39:39.55+00
2368,LEAD,FREEMIUM,2025-04-28 13:39:44.182+00
2379,LEAD,FREEMIUM,2025-04-28 13:39:49.306+00
2385,LEAD,FREEMIUM,2025-04-28 13:39:58.541+00
2388,LEAD,FREEMIUM,2025-04-28 13:40:07.394+00
2371,LEAD,FREEMIUM,2025-04-28 13:40:11.383+00
2398,LEAD,FREEMIUM,2025-04-28 13:40:19.835+00
2404,LEAD,FREEMIUM,2025-04-28 13:40:30.031+00
2405,LEAD,FREEMIUM,2025-04-28 13:40:34.003+00
2390,LEAD,FREEMIUM,2025-04-28 13:40:37.786+00
2408,LEAD,FREEMIUM,2025-04-28 13:40:42.537+00
2409,LEAD,FREEMIUM,2025-04-28 13:40:51.114+00
2415,LEAD,FREEMIUM,2025-04-28 13:40:58.774+00
2417,LEAD,FREEMIUM,2025-04-28 13:41:02.815+00
2419,LEAD,FREEMIUM,2025-04-28 13:41:08.69+00
2421,LEAD,FREEMIUM,2025-04-28 13:41:13.024+00
2395,LEAD,FREEMIUM,2025-04-28 13:41:16.933+00
2391,LEAD,FREEMIUM,2025-04-28 13:41:20.731+00
2440,LEAD,FREEMIUM,2025-04-28 13:41:25.069+00
2441,LEAD,FREEMIUM,2025-04-28 13:41:29.506+00
2443,LEAD,FREEMIUM,2025-04-28 13:41:33.41+00
2446,LEAD,FREEMIUM,2025-04-28 13:41:38.035+00
1890,COLD_LEAD,FREEMIUM,2025-04-28 13:41:41.931+00
2450,LEAD,FREEMIUM,2025-04-28 13:41:46.57+00
1815,LEAD,FREEMIUM,2025-04-28 13:41:50.513+00
2461,LEAD,FREEMIUM,2025-04-28 13:41:54.885+00
2462,LEAD,FREEMIUM,2025-04-28 13:41:59.435+00
2463,LEAD,FREEMIUM,2025-04-28 13:42:03.415+00
95,COLD_LEAD,FREEMIUM,2025-04-28 13:42:11.039+00
2471,LEAD,FREEMIUM,2025-04-28 13:42:19.271+00
2191,LEAD,FREEMIUM,2025-04-28 13:38:12.577+00
2188,LEAD,FREEMIUM,2025-04-28 13:38:20.303+00
5447,RECURRING_SUBSCRIPTION,WARM_LEAD,2025-04-28 13:38:31.109+00
2248,LEAD,FREEMIUM,2025-04-28 13:38:39.989+00
2274,LEAD,FREEMIUM,2025-04-28 13:38:56.012+00
2360,LEAD,FREEMIUM,2025-04-28 13:39:23.279+00
2381,LEAD,FREEMIUM,2025-04-28 13:39:54.07+00
2387,LEAD,FREEMIUM,2025-04-28 13:40:02.66+00
2389,LEAD,FREEMIUM,2025-04-28 13:40:15.802+00
2400,LEAD,FREEMIUM,2025-04-28 13:40:24.573+00
2411,LEAD,FREEMIUM,2025-04-28 13:40:47.079+00
2414,LEAD,FREEMIUM,2025-04-28 13:40:55.135+00
2434,LEAD,FREEMIUM,2025-04-28 13:42:07.779+00
2470,LEAD,FREEMIUM,2025-04-28 13:42:15.088+00
2497,LEAD,FREEMIUM,2025-04-28 13:42:35.526+00
2559,LEAD,FREEMIUM,2025-04-28 13:43:31.872+00
2564,LEAD,FREEMIUM,2025-04-28 13:43:43.478+00
2569,LEAD,FREEMIUM,2025-04-28 13:43:55.23+00
3960,WARM_LEAD,LEAD,2025-07-08 11:47:08.108+00
2800,LEAD,WARM_LEAD,2025-07-08 15:00:11.917+00
6526,WARM_LEAD,RECURRING_SUBSCRIPTION,2025-07-08 20:26:12.684+00
74,RECURRING_SUBSCRIPTION,ON_DEMAND_SUBSCRIPTION,2025-07-09 06:15:17.992+00
5734,RECURRING_SUBSCRIPTION,RECURRING_SUBSCRIPTION,2025-07-09 13:28:02.373+00
1447,RECURRING_SUBSCRIPTION,CHURN,2025-07-09 14:47:23.351+00
5578,LEAD,WARM_LEAD,2025-07-09 15:22:13.924+00
1892,WARM_LEAD,RECURRING_SUBSCRIPTION,2025-07-09 22:01:36.796+00
1520,LEAD,LEAD,2025-07-10 06:54:06.911+00
1833,RECURRING_SUBSCRIPTION,CHURN,2025-07-10 10:18:41.624+00
1089,RECURRING_SUBSCRIPTION,RECURRING_SUBSCRIPTION,2025-07-10 13:40:23.835+00
1089,RECURRING_SUBSCRIPTION,WARM_LEAD,2025-07-10 19:20:00.688+00
1892,RECURRING_SUBSCRIPTION,WARM_LEAD,2025-07-10 19:49:28.713+00
6231,RECURRING_SUBSCRIPTION,TRIAL,2025-07-11 10:47:15.927+00
2644,WARM_LEAD,RECURRING_SUBSCRIPTION,2025-07-11 14:40:38.853+00
1892,WARM_LEAD,RECURRING_SUBSCRIPTION,2025-07-11 19:19:21.994+00
1675,FREEMIUM,RECURRING_SUBSCRIPTION,2025-07-14 17:42:22.023+00
2040,FREEMIUM,RECURRING_SUBSCRIPTION,2025-07-14 20:51:31.592+00
2081,FREEMIUM,RECURRING_SUBSCRIPTION,2025-07-15 18:27:43.74+00
6603,WARM_LEAD,RECURRING_SUBSCRIPTION,2025-07-15 21:13:06.752+00
125,RECURRING_SUBSCRIPTION,CHURN,2025-07-16 07:58:19.486+00
2439,RECURRING_SUBSCRIPTION,RECURRING_SUBSCRIPTION,2025-07-16 08:29:24.429+00
2859,TRIAL,RECURRING_SUBSCRIPTION,2025-07-16 11:13:38.674+00
2423,FREEMIUM,RECURRING_SUBSCRIPTION,2025-07-16 17:02:11.066+00
6662,LEAD,WARM_LEAD,2025-07-17 11:56:07.878+00
5565,TRIAL,RECURRING_SUBSCRIPTION,2025-07-17 14:20:38.705+00
5565,RECURRING_SUBSCRIPTION,RECURRING_SUBSCRIPTION,2025-07-17 14:20:54.924+00
6397,WARM_LEAD,RECURRING_SUBSCRIPTION,2025-07-17 16:01:24.505+00
6609,WARM_LEAD,ON_DEMAND_SUBSCRIPTION,2025-07-17 19:55:16.525+00
6451,LEAD,WARM_LEAD,2025-07-17 20:15:53.004+00
6372,LEAD,WARM_LEAD,2025-07-17 20:27:47.79+00
6667,LEAD,WARM_LEAD,2025-07-17 20:36:49.983+00
5707,LEAD,WARM_LEAD,2025-07-17 20:40:32.678+00
6308,LEAD,WARM_LEAD,2025-07-17 20:45:08.604+00
5641,LEAD,WARM_LEAD,2025-07-17 20:49:16.76+00
6248,LEAD,WARM_LEAD,2025-07-17 20:53:15.085+00
5441,LEAD,WARM_LEAD,2025-07-17 20:57:23.426+00
6578,WARM_LEAD,RECURRING_SUBSCRIPTION,2025-07-17 22:35:14.47+00
2800,WARM_LEAD,RECURRING_SUBSCRIPTION,2025-07-18 10:56:51.201+00
2294,RECURRING_SUBSCRIPTION,RECURRING_SUBSCRIPTION,2025-07-18 17:55:44.412+00
6667,RECURRING_SUBSCRIPTION,WARM_LEAD,2025-07-18 18:19:18.889+00
6377,WARM_LEAD,RECURRING_SUBSCRIPTION,2025-07-18 20:06:21.36+00
6681,RECURRING_SUBSCRIPTION,WARM_LEAD,2025-07-18 20:46:11.208+00
5997,RECURRING_SUBSCRIPTION,RECURRING_SUBSCRIPTION,2025-07-18 21:07:36.458+00
2482,LEAD,FREEMIUM,2025-04-28 13:42:23.473+00
1721,LEAD,FREEMIUM,2025-04-28 13:42:27.145+00
2496,LEAD,FREEMIUM,2025-04-28 13:42:30.946+00
2498,LEAD,FREEMIUM,2025-04-28 13:42:39.392+00
2499,LEAD,FREEMIUM,2025-04-28 13:42:43.359+00
2501,LEAD,FREEMIUM,2025-04-28 13:42:47.536+00
2522,LEAD,FREEMIUM,2025-04-28 13:42:51.489+00
2525,LEAD,FREEMIUM,2025-04-28 13:42:55.681+00
2529,LEAD,FREEMIUM,2025-04-28 13:42:59.55+00
2530,LEAD,FREEMIUM,2025-04-28 13:43:03.581+00
2531,LEAD,FREEMIUM,2025-04-28 13:43:07.623+00
2538,LEAD,FREEMIUM,2025-04-28 13:43:12.206+00
2545,LEAD,FREEMIUM,2025-04-28 13:43:15.933+00
2546,LEAD,FREEMIUM,2025-04-28 13:43:19.709+00
2557,LEAD,FREEMIUM,2025-04-28 13:43:24.023+00
2558,LEAD,FREEMIUM,2025-04-28 13:43:27.99+00
2561,LEAD,FREEMIUM,2025-04-28 13:43:35.697+00
2562,LEAD,FREEMIUM,2025-04-28 13:43:39.507+00
2566,LEAD,FREEMIUM,2025-04-28 13:43:47.454+00
2567,LEAD,FREEMIUM,2025-04-28 13:43:51.298+00
2570,LEAD,FREEMIUM,2025-04-28 13:43:59.047+00
2571,LEAD,FREEMIUM,2025-04-28 13:44:03.015+00
2575,LEAD,FREEMIUM,2025-04-28 13:44:06.945+00
2576,LEAD,FREEMIUM,2025-04-28 13:44:10.937+00
2579,LEAD,FREEMIUM,2025-04-28 13:44:14.924+00
2587,LEAD,FREEMIUM,2025-04-28 13:44:18.835+00
2581,LEAD,FREEMIUM,2025-04-28 13:44:22.581+00
2582,LEAD,FREEMIUM,2025-04-28 13:44:26.382+00
2583,LEAD,FREEMIUM,2025-04-28 13:44:30.617+00
2565,LEAD,FREEMIUM,2025-04-28 13:44:34.683+00
2588,LEAD,FREEMIUM,2025-04-28 13:44:38.649+00
2572,LEAD,FREEMIUM,2025-04-28 13:44:42.65+00
2573,LEAD,FREEMIUM,2025-04-28 13:44:46.569+00
2574,LEAD,FREEMIUM,2025-04-28 13:44:50.239+00
2560,LEAD,FREEMIUM,2025-04-28 13:44:53.928+00
2555,LEAD,FREEMIUM,2025-04-28 13:44:57.838+00
2589,LEAD,FREEMIUM,2025-04-28 13:45:01.638+00
2590,LEAD,FREEMIUM,2025-04-28 13:45:05.599+00
2591,LEAD,FREEMIUM,2025-04-28 13:45:09.317+00
2592,LEAD,FREEMIUM,2025-04-28 13:45:13.24+00
2593,LEAD,FREEMIUM,2025-04-28 13:45:17.088+00
2601,LEAD,FREEMIUM,2025-04-28 13:45:20.995+00
2603,LEAD,FREEMIUM,2025-04-28 13:45:24.844+00
2610,LEAD,FREEMIUM,2025-04-28 13:45:28.745+00
2612,LEAD,FREEMIUM,2025-04-28 13:45:33.186+00
2613,LEAD,FREEMIUM,2025-04-28 13:45:37.163+00
2614,LEAD,FREEMIUM,2025-04-28 13:45:40.849+00
2623,LEAD,FREEMIUM,2025-04-28 13:45:44.83+00
2625,LEAD,FREEMIUM,2025-04-28 13:45:48.972+00
2627,LEAD,FREEMIUM,2025-04-28 13:45:52.628+00
1025,COLD_LEAD,FREEMIUM,2025-04-28 13:45:56.421+00
2628,LEAD,FREEMIUM,2025-04-28 13:46:00.494+00
2634,LEAD,FREEMIUM,2025-04-28 13:46:04.56+00
2636,LEAD,FREEMIUM,2025-04-28 13:46:09.01+00
2653,LEAD,FREEMIUM,2025-04-28 13:46:29.289+00
2671,LEAD,FREEMIUM,2025-04-28 13:47:00.685+00
2677,LEAD,FREEMIUM,2025-04-28 13:47:08.221+00
2678,LEAD,FREEMIUM,2025-04-28 13:47:16.116+00
2716,LEAD,FREEMIUM,2025-04-28 13:47:20.456+00
2696,LEAD,FREEMIUM,2025-04-28 13:47:32.421+00
3898,LEAD,FREEMIUM,2025-04-28 13:47:56.209+00
2778,LEAD,FREEMIUM,2025-04-28 13:48:27.495+00
2804,LEAD,FREEMIUM,2025-04-28 13:48:43.422+00
2823,LEAD,FREEMIUM,2025-04-28 13:49:18.345+00
2867,LEAD,FREEMIUM,2025-04-28 13:49:38.528+00
2919,LEAD,FREEMIUM,2025-04-28 13:49:50.105+00
2898,LEAD,FREEMIUM,2025-04-28 13:49:58.154+00
876,TRIAL,ON_DEMAND_SUBSCRIPTION,2025-07-08 12:36:42.432+00
2253,RECURRING_SUBSCRIPTION,CHURN,2025-07-08 15:06:24.858+00
4270,TRIAL,RECURRING_SUBSCRIPTION,2025-07-08 20:36:42.902+00
6527,CHURN,WARM_LEAD,2025-07-09 08:32:30.381+00
1089,FREEMIUM,RECURRING_SUBSCRIPTION,2025-07-09 14:19:05.649+00
1089,RECURRING_SUBSCRIPTION,WARM_LEAD,2025-07-09 14:51:33.549+00
5734,RECURRING_SUBSCRIPTION,RECURRING_SUBSCRIPTION,2025-07-09 15:24:54.597+00
3959,RECURRING_SUBSCRIPTION,TRIAL,2025-07-10 06:43:04.112+00
3569,WARM_LEAD,LEAD,2025-07-10 06:54:21.82+00
2678,RECURRING_SUBSCRIPTION,RECURRING_SUBSCRIPTION,2025-07-10 10:30:37.29+00
1089,RECURRING_SUBSCRIPTION,RECURRING_SUBSCRIPTION,2025-07-10 13:41:03.023+00
2363,RECURRING_SUBSCRIPTION,CHURN,2025-07-10 19:34:36.372+00
820,FREEMIUM,RECURRING_SUBSCRIPTION,2025-07-10 20:58:20.798+00
2809,RECURRING_SUBSCRIPTION,ON_DEMAND_SUBSCRIPTION,2025-07-11 10:48:41.957+00
2644,RECURRING_SUBSCRIPTION,RECURRING_SUBSCRIPTION,2025-07-11 14:43:08.49+00
1892,RECURRING_SUBSCRIPTION,RECURRING_SUBSCRIPTION,2025-07-11 19:19:38.993+00
1882,RECURRING_SUBSCRIPTION,CHURN,2025-07-14 20:31:44.039+00
6536,TRIAL,RECURRING_SUBSCRIPTION,2025-07-15 10:44:47.363+00
2081,RECURRING_SUBSCRIPTION,RECURRING_SUBSCRIPTION,2025-07-15 18:33:23.604+00
6603,RECURRING_SUBSCRIPTION,RECURRING_SUBSCRIPTION,2025-07-15 21:18:54.531+00
6455,LEAD,COLD_LEAD,2025-07-16 08:08:24.03+00
1520,LEAD,WARM_LEAD,2025-07-16 08:58:20.272+00
2859,RECURRING_SUBSCRIPTION,RECURRING_SUBSCRIPTION,2025-07-16 11:22:45.974+00
2423,RECURRING_SUBSCRIPTION,RECURRING_SUBSCRIPTION,2025-07-16 17:03:42.467+00
75,TRIAL,RECURRING_SUBSCRIPTION,2025-07-17 12:06:21.415+00
5565,RECURRING_SUBSCRIPTION,TRIAL,2025-07-17 14:37:25.941+00
6561,RECURRING_SUBSCRIPTION,RECURRING_SUBSCRIPTION,2025-07-17 17:18:26.828+00
6281,RECURRING_SUBSCRIPTION,CHURN,2025-07-17 20:07:41.369+00
6432,LEAD,WARM_LEAD,2025-07-17 20:20:22.428+00
6247,LEAD,WARM_LEAD,2025-07-17 20:28:39.937+00
6667,WARM_LEAD,RECURRING_SUBSCRIPTION,2025-07-17 20:37:21.848+00
5731,LEAD,WARM_LEAD,2025-07-17 20:41:15.098+00
6158,LEAD,WARM_LEAD,2025-07-17 20:45:50.487+00
6265,LEAD,WARM_LEAD,2025-07-17 20:50:19.203+00
5437,LEAD,WARM_LEAD,2025-07-17 20:53:59.227+00
5604,LEAD,WARM_LEAD,2025-07-17 20:58:13.255+00
6623,LEAD,WARM_LEAD,2025-07-17 22:59:41.729+00
5362,LEAD,WARM_LEAD,2025-07-18 15:35:11.538+00
5467,WARM_LEAD,RECURRING_SUBSCRIPTION,2025-07-18 17:57:01.385+00
6623,RECURRING_SUBSCRIPTION,WARM_LEAD,2025-07-18 18:20:16.673+00
5678,RECURRING_SUBSCRIPTION,RECURRING_SUBSCRIPTION,2025-07-18 20:12:49.731+00
5997,FREEMIUM,RECURRING_SUBSCRIPTION,2025-07-18 21:04:03.24+00
5997,RECURRING_SUBSCRIPTION,RECURRING_SUBSCRIPTION,2025-07-18 21:13:32.231+00
6583,WARM_LEAD,ON_DEMAND_SUBSCRIPTION,2025-07-18 21:57:12.671+00
6681,LEAD,WARM_LEAD,2025-07-19 02:05:56.754+00
6501,LEAD,COLD_LEAD,2025-07-20 05:07:40.697+00
6501,COLD_LEAD,COLD_LEAD,2025-07-20 05:07:43.366+00
2638,LEAD,FREEMIUM,2025-04-28 13:46:13.214+00
2639,LEAD,FREEMIUM,2025-04-28 13:46:17.41+00
2640,LEAD,FREEMIUM,2025-04-28 13:46:21.524+00
2652,LEAD,FREEMIUM,2025-04-28 13:46:25.372+00
2655,LEAD,FREEMIUM,2025-04-28 13:46:33.019+00
2656,LEAD,FREEMIUM,2025-04-28 13:46:36.922+00
2657,LEAD,FREEMIUM,2025-04-28 13:46:40.862+00
2658,LEAD,FREEMIUM,2025-04-28 13:46:44.866+00
2659,LEAD,FREEMIUM,2025-04-28 13:46:48.862+00
2675,LEAD,FREEMIUM,2025-04-28 13:46:52.845+00
2670,LEAD,FREEMIUM,2025-04-28 13:46:56.804+00
2676,LEAD,FREEMIUM,2025-04-28 13:47:04.476+00
2667,LEAD,FREEMIUM,2025-04-28 13:47:12.068+00
2687,LEAD,FREEMIUM,2025-04-28 13:47:24.404+00
2692,LEAD,FREEMIUM,2025-04-28 13:47:28.326+00
2702,LEAD,FREEMIUM,2025-04-28 13:47:36.169+00
2703,LEAD,FREEMIUM,2025-04-28 13:47:40.355+00
2704,LEAD,FREEMIUM,2025-04-28 13:47:44.065+00
2707,LEAD,FREEMIUM,2025-04-28 13:47:48.454+00
2711,LEAD,FREEMIUM,2025-04-28 13:47:52.377+00
2698,LEAD,FREEMIUM,2025-04-28 13:48:00.049+00
3903,LEAD,FREEMIUM,2025-04-28 13:48:03.976+00
2734,LEAD,FREEMIUM,2025-04-28 13:48:08.003+00
2735,LEAD,FREEMIUM,2025-04-28 13:48:11.93+00
2739,LEAD,FREEMIUM,2025-04-28 13:48:15.959+00
1418,COLD_LEAD,FREEMIUM,2025-04-28 13:48:19.677+00
2746,LEAD,FREEMIUM,2025-04-28 13:48:23.594+00
2783,LEAD,FREEMIUM,2025-04-28 13:48:31.882+00
2784,LEAD,FREEMIUM,2025-04-28 13:48:35.836+00
2795,LEAD,FREEMIUM,2025-04-28 13:48:39.657+00
2771,LEAD,FREEMIUM,2025-04-28 13:48:47.281+00
2812,LEAD,FREEMIUM,2025-04-28 13:48:51.211+00
2815,LEAD,FREEMIUM,2025-04-28 13:48:55.123+00
2820,LEAD,FREEMIUM,2025-04-28 13:48:59.052+00
2827,LEAD,FREEMIUM,2025-04-28 13:49:03.036+00
2832,LEAD,FREEMIUM,2025-04-28 13:49:06.959+00
2833,LEAD,FREEMIUM,2025-04-28 13:49:10.769+00
2837,LEAD,FREEMIUM,2025-04-28 13:49:14.425+00
2854,LEAD,FREEMIUM,2025-04-28 13:49:23.175+00
2857,LEAD,FREEMIUM,2025-04-28 13:49:26.903+00
2860,LEAD,FREEMIUM,2025-04-28 13:49:30.709+00
2866,LEAD,FREEMIUM,2025-04-28 13:49:34.6+00
2616,LEAD,FREEMIUM,2025-04-28 13:49:42.402+00
2871,LEAD,FREEMIUM,2025-04-28 13:49:46.135+00
2893,LEAD,FREEMIUM,2025-04-28 13:49:54.036+00
2902,LEAD,FREEMIUM,2025-04-28 13:50:02.179+00
2909,LEAD,FREEMIUM,2025-04-28 13:50:06.851+00
2913,LEAD,FREEMIUM,2025-04-28 13:50:11.075+00
2915,LEAD,FREEMIUM,2025-04-28 13:50:15.178+00
2916,LEAD,FREEMIUM,2025-04-28 13:50:19.135+00
2918,LEAD,FREEMIUM,2025-04-28 13:50:23.115+00
2921,LEAD,FREEMIUM,2025-04-28 13:50:26.949+00
2926,LEAD,FREEMIUM,2025-04-28 13:50:31.379+00
2934,LEAD,FREEMIUM,2025-04-28 13:50:35.277+00
2936,COLD_LEAD,FREEMIUM,2025-04-28 13:50:39.207+00
2937,COLD_LEAD,FREEMIUM,2025-04-28 13:50:43.127+00
2963,LEAD,FREEMIUM,2025-04-28 13:50:47.033+00
2953,LEAD,FREEMIUM,2025-04-28 13:50:50.941+00
2991,LEAD,FREEMIUM,2025-04-28 13:50:55.07+00
2993,LEAD,FREEMIUM,2025-04-28 13:50:59.032+00
2994,LEAD,FREEMIUM,2025-04-28 13:51:03.115+00
2995,LEAD,FREEMIUM,2025-04-28 13:51:07.379+00
2998,LEAD,FREEMIUM,2025-04-28 13:51:11.237+00
3013,LEAD,FREEMIUM,2025-04-28 13:51:15.317+00
3016,LEAD,FREEMIUM,2025-04-28 13:51:19.557+00
3021,LEAD,FREEMIUM,2025-04-28 13:51:23.59+00
3024,LEAD,FREEMIUM,2025-04-28 13:51:27.31+00
3026,LEAD,FREEMIUM,2025-04-28 13:51:31.474+00
3029,LEAD,FREEMIUM,2025-04-28 13:51:35.264+00
3037,LEAD,FREEMIUM,2025-04-28 13:51:39.138+00
3046,LEAD,FREEMIUM,2025-04-28 13:51:42.941+00
3049,LEAD,FREEMIUM,2025-04-28 13:51:46.792+00
3057,LEAD,FREEMIUM,2025-04-28 13:51:50.927+00
3058,LEAD,FREEMIUM,2025-04-28 13:51:54.925+00
3059,LEAD,FREEMIUM,2025-04-28 13:51:59.129+00
3060,LEAD,FREEMIUM,2025-04-28 13:52:03.259+00
3066,LEAD,FREEMIUM,2025-04-28 13:52:07.436+00
3068,LEAD,FREEMIUM,2025-04-28 13:52:11.687+00
3091,LEAD,FREEMIUM,2025-04-28 13:52:15.444+00
3092,LEAD,FREEMIUM,2025-04-28 13:52:19.541+00
3880,LEAD,FREEMIUM,2025-04-28 13:52:23.66+00
3126,LEAD,FREEMIUM,2025-04-28 13:52:27.456+00
3134,LEAD,FREEMIUM,2025-04-28 13:52:31.357+00
3135,LEAD,FREEMIUM,2025-04-28 13:52:35.275+00
3184,LEAD,FREEMIUM,2025-04-28 13:52:39.212+00
3160,LEAD,FREEMIUM,2025-04-28 13:52:43.057+00
3163,LEAD,FREEMIUM,2025-04-28 13:52:46.897+00
3165,LEAD,FREEMIUM,2025-04-28 13:52:50.829+00
3178,LEAD,FREEMIUM,2025-04-28 13:52:54.902+00
3193,LEAD,FREEMIUM,2025-04-28 13:52:58.74+00
3906,LEAD,FREEMIUM,2025-04-28 13:53:02.865+00
3550,LEAD,FREEMIUM,2025-04-28 13:53:06.527+00
3556,LEAD,FREEMIUM,2025-04-28 13:53:13.433+00
3566,LEAD,FREEMIUM,2025-04-28 13:53:17.628+00
3570,LEAD,FREEMIUM,2025-04-28 13:53:21.518+00
3583,LEAD,FREEMIUM,2025-04-28 13:53:25.306+00
3578,LEAD,FREEMIUM,2025-04-28 13:53:29.2+00
3597,LEAD,FREEMIUM,2025-04-28 13:53:33.033+00
3598,LEAD,FREEMIUM,2025-04-28 13:53:37.149+00
3604,LEAD,FREEMIUM,2025-04-28 13:53:40.882+00
3609,LEAD,FREEMIUM,2025-04-28 13:53:44.837+00
3613,LEAD,FREEMIUM,2025-04-28 13:53:48.849+00
3654,LEAD,FREEMIUM,2025-04-28 13:53:53.786+00
3714,LEAD,FREEMIUM,2025-04-28 13:53:57.962+00
3919,LEAD,FREEMIUM,2025-04-28 13:54:02.146+00
3720,LEAD,FREEMIUM,2025-04-28 13:54:05.946+00
3767,LEAD,FREEMIUM,2025-04-28 13:54:09.865+00
3922,LEAD,FREEMIUM,2025-04-28 13:54:13.574+00
3926,LEAD,FREEMIUM,2025-04-28 13:54:17.95+00
3927,LEAD,FREEMIUM,2025-04-28 13:54:21.852+00
3931,LEAD,FREEMIUM,2025-04-28 13:54:25.79+00
2393,LEAD,FREEMIUM,2025-04-28 13:54:29.522+00
1845,LEAD,FREEMIUM,2025-04-28 13:54:33.3+00
2635,LEAD,FREEMIUM,2025-04-28 13:54:37.045+00
3957,LEAD,FREEMIUM,2025-04-28 13:54:40.7+00
3962,LEAD,FREEMIUM,2025-04-28 13:54:44.651+00
2662,LEAD,FREEMIUM,2025-04-28 13:54:48.232+00
5240,LEAD,FREEMIUM,2025-04-28 13:54:52.02+00
5082,LEAD,FREEMIUM,2025-04-28 13:54:55.709+00
1750,LEAD,FREEMIUM,2025-04-28 13:54:59.352+00
5194,LEAD,FREEMIUM,2025-04-28 13:55:03.154+00
3902,LEAD,FREEMIUM,2025-04-28 13:55:07.058+00
5201,LEAD,FREEMIUM,2025-04-28 13:55:10.723+00
2577,LEAD,FREEMIUM,2025-04-28 13:55:14.665+00
5222,LEAD,FREEMIUM,2025-04-28 13:55:18.967+00
5224,LEAD,FREEMIUM,2025-04-28 13:55:22.896+00
5226,LEAD,FREEMIUM,2025-04-28 13:55:26.832+00
5237,LEAD,FREEMIUM,2025-04-28 13:55:30.88+00
5238,LEAD,FREEMIUM,2025-04-28 13:55:34.651+00
5244,LEAD,FREEMIUM,2025-04-28 13:55:38.273+00
5245,LEAD,FREEMIUM,2025-04-28 13:55:41.859+00
5246,LEAD,FREEMIUM,2025-04-28 13:55:45.801+00
5247,LEAD,FREEMIUM,2025-04-28 13:55:49.956+00
5249,LEAD,FREEMIUM,2025-04-28 13:55:53.66+00
5254,LEAD,FREEMIUM,2025-04-28 13:55:57.342+00
5282,LEAD,FREEMIUM,2025-04-28 13:56:01.204+00
5283,LEAD,FREEMIUM,2025-04-28 13:56:05.413+00
5286,LEAD,FREEMIUM,2025-04-28 13:56:09.366+00
5248,LEAD,FREEMIUM,2025-04-28 13:56:13.172+00
2082,LEAD,FREEMIUM,2025-04-28 13:56:16.882+00
1879,LEAD,FREEMIUM,2025-04-28 13:56:20.735+00
959,COLD_LEAD,FREEMIUM,2025-04-28 13:56:24.767+00
699,WARM_LEAD,FREEMIUM,2025-04-28 14:13:37.046+00
710,WARM_LEAD,FREEMIUM,2025-04-28 14:13:42.989+00
732,WARM_LEAD,FREEMIUM,2025-04-28 14:13:49.61+00
874,WARM_LEAD,FREEMIUM,2025-04-28 14:13:56.136+00
999,WARM_LEAD,FREEMIUM,2025-04-28 14:14:01.069+00
1010,WARM_LEAD,FREEMIUM,2025-04-28 14:14:05.864+00
1052,WARM_LEAD,FREEMIUM,2025-04-28 14:14:12.088+00
1126,WARM_LEAD,FREEMIUM,2025-04-28 14:14:16.678+00
1066,WARM_LEAD,FREEMIUM,2025-04-28 14:14:23.895+00
1177,WARM_LEAD,FREEMIUM,2025-04-28 14:14:28.412+00
1405,WARM_LEAD,FREEMIUM,2025-04-28 14:14:32.92+00
1561,WARM_LEAD,FREEMIUM,2025-04-28 14:14:37.454+00
1586,WARM_LEAD,FREEMIUM,2025-04-28 14:14:41.367+00
5765,LEAD,FREEMIUM,2025-05-21 15:34:11.953+00
1894,WARM_LEAD,FREEMIUM,2025-04-28 14:14:45.48+00
1837,WARM_LEAD,FREEMIUM,2025-04-28 14:14:49.855+00
1852,WARM_LEAD,FREEMIUM,2025-04-28 14:14:54.541+00
1829,WARM_LEAD,FREEMIUM,2025-04-28 14:14:58.45+00
1847,WARM_LEAD,FREEMIUM,2025-04-28 14:15:02.673+00
1937,WARM_LEAD,FREEMIUM,2025-04-28 14:15:06.686+00
2103,WARM_LEAD,FREEMIUM,2025-04-28 14:15:11.125+00
2183,WARM_LEAD,FREEMIUM,2025-04-28 14:15:15.265+00
2337,WARM_LEAD,FREEMIUM,2025-04-28 14:15:19.04+00
2413,WARM_LEAD,FREEMIUM,2025-04-28 14:15:23.515+00
2445,WARM_LEAD,FREEMIUM,2025-04-28 14:15:27.779+00
2469,WARM_LEAD,FREEMIUM,2025-04-28 14:15:31.592+00
2457,WARM_LEAD,FREEMIUM,2025-04-28 14:15:35.414+00
2394,WARM_LEAD,FREEMIUM,2025-04-28 14:15:39.277+00
2479,WARM_LEAD,FREEMIUM,2025-04-28 14:15:42.941+00
2605,WARM_LEAD,FREEMIUM,2025-04-28 14:15:46.931+00
2542,WARM_LEAD,FREEMIUM,2025-04-28 14:15:50.845+00
2664,WARM_LEAD,FREEMIUM,2025-04-28 14:15:55.048+00
2654,WARM_LEAD,FREEMIUM,2025-04-28 14:15:58.949+00
2757,WARM_LEAD,FREEMIUM,2025-04-28 14:16:03.107+00
2780,WARM_LEAD,FREEMIUM,2025-04-28 14:16:07.084+00
2891,WARM_LEAD,FREEMIUM,2025-04-28 14:16:11.046+00
2079,WARM_LEAD,FREEMIUM,2025-04-28 14:16:14.916+00
3089,WARM_LEAD,FREEMIUM,2025-04-28 14:16:17.85+00
3122,WARM_LEAD,FREEMIUM,2025-04-28 14:16:21.778+00
3192,WARM_LEAD,FREEMIUM,2025-04-28 14:16:26.363+00
3208,WARM_LEAD,FREEMIUM,2025-04-28 14:16:29.846+00
3539,WARM_LEAD,FREEMIUM,2025-04-28 14:16:33.792+00
3538,WARM_LEAD,FREEMIUM,2025-04-28 14:16:36.739+00
3607,WARM_LEAD,FREEMIUM,2025-04-28 14:16:40.643+00
3588,WARM_LEAD,FREEMIUM,2025-04-28 14:16:44.52+00
3692,WARM_LEAD,FREEMIUM,2025-04-28 14:16:47.32+00
3407,FREEMIUM,RECURRING_SUBSCRIPTION,2025-04-28 14:16:49.732+00
3721,WARM_LEAD,FREEMIUM,2025-04-28 14:16:51.218+00
3041,WARM_LEAD,FREEMIUM,2025-04-28 14:16:55.058+00
3823,WARM_LEAD,FREEMIUM,2025-04-28 14:16:59.226+00
3861,WARM_LEAD,FREEMIUM,2025-04-28 14:17:03.312+00
3865,WARM_LEAD,FREEMIUM,2025-04-28 14:17:07.561+00
3915,WARM_LEAD,FREEMIUM,2025-04-28 14:17:11.595+00
3928,WARM_LEAD,FREEMIUM,2025-04-28 14:17:15.651+00
3937,WARM_LEAD,FREEMIUM,2025-04-28 14:17:19.397+00
4083,WARM_LEAD,FREEMIUM,2025-04-28 14:17:23.528+00
4233,WARM_LEAD,FREEMIUM,2025-04-28 14:17:26.938+00
1138,WARM_LEAD,FREEMIUM,2025-04-28 14:17:30.011+00
5199,WARM_LEAD,FREEMIUM,2025-04-28 14:17:34.095+00
3404,WARM_LEAD,FREEMIUM,2025-04-28 14:17:37.679+00
1958,WARM_LEAD,FREEMIUM,2025-04-28 14:17:41.608+00
2106,WARM_LEAD,FREEMIUM,2025-04-28 14:17:45.317+00
5236,WARM_LEAD,FREEMIUM,2025-04-28 14:17:49.221+00
2861,WARM_LEAD,FREEMIUM,2025-04-28 14:17:52.955+00
5203,WARM_LEAD,FREEMIUM,2025-04-28 14:17:56.595+00
3530,WARM_LEAD,FREEMIUM,2025-04-28 14:17:59.343+00
1631,WARM_LEAD,FREEMIUM,2025-04-28 14:18:03.358+00
1618,WARM_LEAD,FREEMIUM,2025-04-28 14:18:07.236+00
2563,WARM_LEAD,FREEMIUM,2025-04-28 14:18:10.97+00
3914,WARM_LEAD,FREEMIUM,2025-04-28 14:18:14.597+00
3407,RECURRING_SUBSCRIPTION,WARM_LEAD,2025-04-28 14:21:10.411+00
2887,RECURRING_SUBSCRIPTION,CHURN,2025-04-28 14:40:01.589+00
479,RECURRING_SUBSCRIPTION,RECURRING_SUBSCRIPTION,2025-04-28 16:02:08.073+00
5376,LEAD,WARM_LEAD,2025-04-28 17:06:26.127+00
5376,WARM_LEAD,RECURRING_SUBSCRIPTION,2025-04-28 17:06:49.272+00
4083,FREEMIUM,RECURRING_SUBSCRIPTION,2025-04-28 17:31:10.236+00
4083,RECURRING_SUBSCRIPTION,RECURRING_SUBSCRIPTION,2025-04-28 17:31:43.444+00
4083,RECURRING_SUBSCRIPTION,RECURRING_SUBSCRIPTION,2025-04-28 17:31:54.171+00
4083,RECURRING_SUBSCRIPTION,RECURRING_SUBSCRIPTION,2025-04-28 17:35:26.502+00
5283,FREEMIUM,RECURRING_SUBSCRIPTION,2025-04-28 21:39:15.793+00
5283,RECURRING_SUBSCRIPTION,WARM_LEAD,2025-04-28 21:41:38.93+00
5477,LEAD,WARM_LEAD,2025-04-28 21:48:46.078+00
5477,WARM_LEAD,RECURRING_SUBSCRIPTION,2025-04-28 21:48:59.744+00
5477,RECURRING_SUBSCRIPTION,TRIAL,2025-04-28 21:54:55.384+00
5451,LEAD,WARM_LEAD,2025-04-28 22:00:07.441+00
5451,WARM_LEAD,RECURRING_SUBSCRIPTION,2025-04-28 22:00:20.322+00
5216,FREEMIUM,RECURRING_SUBSCRIPTION,2025-04-28 22:18:02.846+00
696,RECURRING_SUBSCRIPTION,CHURN,2025-04-29 01:01:11.307+00
5448,LEAD,COLD_LEAD,2025-04-29 06:57:21.338+00
5457,LEAD,COLD_LEAD,2025-04-29 07:05:17.828+00
5457,COLD_LEAD,COLD_LEAD,2025-04-29 07:08:11.897+00
3119,WARM_LEAD,ON_DEMAND_SUBSCRIPTION,2025-04-29 07:14:38.9+00
3541,RECURRING_SUBSCRIPTION,TRIAL,2025-04-29 19:35:43.913+00
2169,RECURRING_SUBSCRIPTION,CHURN,2025-04-29 19:41:09.667+00
1405,FREEMIUM,RECURRING_SUBSCRIPTION,2025-04-29 21:08:56.756+00
1405,RECURRING_SUBSCRIPTION,WARM_LEAD,2025-04-29 21:21:04.831+00
5346,LEAD,WARM_LEAD,2025-04-29 21:23:49.838+00
5346,WARM_LEAD,RECURRING_SUBSCRIPTION,2025-04-29 21:24:04.875+00
5346,RECURRING_SUBSCRIPTION,WARM_LEAD,2025-04-29 21:28:49.413+00
5467,LEAD,WARM_LEAD,2025-04-29 22:13:35.11+00
5467,WARM_LEAD,RECURRING_SUBSCRIPTION,2025-04-29 22:14:34.953+00
5467,RECURRING_SUBSCRIPTION,RECURRING_SUBSCRIPTION,2025-04-29 22:14:50.67+00
5467,RECURRING_SUBSCRIPTION,RECURRING_SUBSCRIPTION,2025-04-29 22:15:10.755+00
5467,RECURRING_SUBSCRIPTION,RECURRING_SUBSCRIPTION,2025-04-29 22:18:24.912+00
750,RECURRING_SUBSCRIPTION,CHURN,2025-04-30 14:13:30.16+00
5467,RECURRING_SUBSCRIPTION,WARM_LEAD,2025-04-30 15:58:15.994+00
5404,LEAD,WARM_LEAD,2025-04-30 18:12:16.135+00
5404,WARM_LEAD,RECURRING_SUBSCRIPTION,2025-04-30 18:14:00.815+00
5502,LEAD,WARM_LEAD,2025-04-30 18:24:04.638+00
2420,RECURRING_SUBSCRIPTION,ON_DEMAND_SUBSCRIPTION,2025-04-30 20:43:04.081+00
5473,LEAD,WARM_LEAD,2025-04-30 21:39:52.562+00
5473,WARM_LEAD,RECURRING_SUBSCRIPTION,2025-04-30 21:40:17.264+00
5473,RECURRING_SUBSCRIPTION,WARM_LEAD,2025-04-30 21:45:53.942+00
5473,WARM_LEAD,RECURRING_SUBSCRIPTION,2025-04-30 21:48:19.757+00
5473,RECURRING_SUBSCRIPTION,RECURRING_SUBSCRIPTION,2025-04-30 21:48:45.105+00
5473,RECURRING_SUBSCRIPTION,RECURRING_SUBSCRIPTION,2025-04-30 21:49:02.019+00
5410,LEAD,WARM_LEAD,2025-04-30 22:29:20.928+00
5410,WARM_LEAD,RECURRING_SUBSCRIPTION,2025-04-30 22:29:28.135+00
724,ON_DEMAND_SUBSCRIPTION,CHURN,2025-05-01 14:41:27.869+00
5476,LEAD,WARM_LEAD,2025-05-01 15:12:17.272+00
5476,WARM_LEAD,RECURRING_SUBSCRIPTION,2025-05-01 15:12:34.203+00
1340,ON_DEMAND_SUBSCRIPTION,WARM_LEAD,2025-05-01 15:19:40.56+00
5476,RECURRING_SUBSCRIPTION,WARM_LEAD,2025-05-01 15:29:15.593+00
5758,LEAD,FREEMIUM,2025-05-21 15:34:18.508+00
2790,WARM_LEAD,RECURRING_SUBSCRIPTION,2025-05-01 16:10:08.256+00
1222,ON_DEMAND_SUBSCRIPTION,CHURN,2025-05-01 17:06:07.017+00
5443,LEAD,WARM_LEAD,2025-05-01 17:40:42.161+00
5443,WARM_LEAD,RECURRING_SUBSCRIPTION,2025-05-01 17:42:11.232+00
5443,RECURRING_SUBSCRIPTION,RECURRING_SUBSCRIPTION,2025-05-01 17:42:22.877+00
5443,RECURRING_SUBSCRIPTION,RECURRING_SUBSCRIPTION,2025-05-01 17:44:48.959+00
5443,RECURRING_SUBSCRIPTION,WARM_LEAD,2025-05-01 17:53:41.33+00
5508,LEAD,WARM_LEAD,2025-05-01 18:06:45.015+00
5508,WARM_LEAD,RECURRING_SUBSCRIPTION,2025-05-01 18:06:54.534+00
5508,RECURRING_SUBSCRIPTION,WARM_LEAD,2025-05-01 18:09:14.071+00
5508,WARM_LEAD,RECURRING_SUBSCRIPTION,2025-05-01 18:09:51.26+00
5476,WARM_LEAD,RECURRING_SUBSCRIPTION,2025-05-01 21:28:24.312+00
2356,FREEMIUM,RECURRING_SUBSCRIPTION,2025-05-01 22:07:03.396+00
5508,RECURRING_SUBSCRIPTION,TRIAL,2025-05-01 22:14:01.319+00
5504,LEAD,WARM_LEAD,2025-05-01 22:44:58.24+00
5504,WARM_LEAD,RECURRING_SUBSCRIPTION,2025-05-01 22:45:16.151+00
5504,RECURRING_SUBSCRIPTION,WARM_LEAD,2025-05-01 22:49:27.961+00
5338,TRIAL,RECURRING_SUBSCRIPTION,2025-05-01 22:54:23.404+00
2970,RECURRING_SUBSCRIPTION,ON_DEMAND_SUBSCRIPTION,2025-05-02 13:09:17.054+00
2922,ON_DEMAND_SUBSCRIPTION,WARM_LEAD,2025-05-02 13:13:35.523+00
5396,TRIAL,RECURRING_SUBSCRIPTION,2025-05-02 14:18:22.189+00
5396,RECURRING_SUBSCRIPTION,RECURRING_SUBSCRIPTION,2025-05-02 14:26:55.997+00
2908,RECURRING_SUBSCRIPTION,RECURRING_SUBSCRIPTION,2025-05-02 15:11:34.432+00
2797,TRIAL,ON_DEMAND_SUBSCRIPTION,2025-05-02 15:16:17.942+00
5516,LEAD,WARM_LEAD,2025-05-02 16:57:14.884+00
5516,WARM_LEAD,RECURRING_SUBSCRIPTION,2025-05-02 16:57:27.999+00
5338,RECURRING_SUBSCRIPTION,RECURRING_SUBSCRIPTION,2025-05-02 21:18:58.737+00
5516,RECURRING_SUBSCRIPTION,RECURRING_SUBSCRIPTION,2025-05-02 21:19:56.739+00
5516,RECURRING_SUBSCRIPTION,WARM_LEAD,2025-05-02 21:35:36.383+00
5336,LEAD,WARM_LEAD,2025-05-02 21:46:10.2+00
5336,WARM_LEAD,RECURRING_SUBSCRIPTION,2025-05-02 21:46:48.379+00
5336,RECURRING_SUBSCRIPTION,WARM_LEAD,2025-05-02 22:06:13.681+00
5336,WARM_LEAD,WARM_LEAD,2025-05-02 22:06:15.275+00
5336,WARM_LEAD,TRIAL,2025-05-02 22:07:00.169+00
5519,LEAD,WARM_LEAD,2025-05-02 22:18:14.31+00
5519,WARM_LEAD,RECURRING_SUBSCRIPTION,2025-05-02 22:18:22.342+00
5519,RECURRING_SUBSCRIPTION,RECURRING_SUBSCRIPTION,2025-05-02 22:21:12.61+00
5519,RECURRING_SUBSCRIPTION,TRIAL,2025-05-02 22:54:18.9+00
5338,RECURRING_SUBSCRIPTION,RECURRING_SUBSCRIPTION,2025-05-03 00:41:13.539+00
5338,RECURRING_SUBSCRIPTION,TRIAL,2025-05-03 00:44:30.744+00
2251,COLD_LEAD,WARM_LEAD,2025-05-04 07:34:32.944+00
2247,COLD_LEAD,WARM_LEAD,2025-05-04 07:38:06.76+00
2100,COLD_LEAD,WARM_LEAD,2025-05-04 07:44:05.758+00
5461,LEAD,COLD_LEAD,2025-05-04 07:46:04.95+00
11,CHURN,TRIAL,2025-05-04 12:58:33.012+00
5522,LEAD,WARM_LEAD,2025-05-05 07:30:34.786+00
5522,WARM_LEAD,COLD_LEAD,2025-05-05 07:52:34.559+00
2879,RECURRING_SUBSCRIPTION,RECURRING_SUBSCRIPTION,2025-05-05 09:30:15.099+00
2790,RECURRING_SUBSCRIPTION,WARM_LEAD,2025-05-05 11:29:15.33+00
2814,WARM_LEAD,ON_DEMAND_SUBSCRIPTION,2025-05-05 11:34:58.515+00
5540,LEAD,WARM_LEAD,2025-05-05 16:40:10.478+00
2163,ON_DEMAND_SUBSCRIPTION,WARM_LEAD,2025-05-05 17:00:43.579+00
1428,RECURRING_SUBSCRIPTION,WARM_LEAD,2025-05-05 20:29:44.423+00
5517,LEAD,WARM_LEAD,2025-05-05 21:23:52.09+00
5517,WARM_LEAD,RECURRING_SUBSCRIPTION,2025-05-05 21:23:59.942+00
5517,RECURRING_SUBSCRIPTION,RECURRING_SUBSCRIPTION,2025-05-05 21:24:55.874+00
2555,FREEMIUM,RECURRING_SUBSCRIPTION,2025-05-05 21:32:31.664+00
2555,RECURRING_SUBSCRIPTION,RECURRING_SUBSCRIPTION,2025-05-05 21:49:31.559+00
5517,RECURRING_SUBSCRIPTION,WARM_LEAD,2025-05-05 22:35:42.279+00
5526,LEAD,WARM_LEAD,2025-05-05 22:44:52.085+00
5526,WARM_LEAD,RECURRING_SUBSCRIPTION,2025-05-05 22:44:58.683+00
5513,LEAD,WARM_LEAD,2025-05-06 14:22:07.847+00
5513,WARM_LEAD,TRIAL,2025-05-06 14:23:00.361+00
5527,LEAD,WARM_LEAD,2025-05-06 16:04:29.898+00
5527,WARM_LEAD,ON_DEMAND_SUBSCRIPTION,2025-05-06 16:04:51.268+00
5527,ON_DEMAND_SUBSCRIPTION,RECURRING_SUBSCRIPTION,2025-05-06 16:05:06.653+00
5527,RECURRING_SUBSCRIPTION,RECURRING_SUBSCRIPTION,2025-05-06 16:11:20.535+00
5527,RECURRING_SUBSCRIPTION,RECURRING_SUBSCRIPTION,2025-05-06 16:11:21.837+00
5527,RECURRING_SUBSCRIPTION,RECURRING_SUBSCRIPTION,2025-05-06 16:11:39.508+00
5527,RECURRING_SUBSCRIPTION,RECURRING_SUBSCRIPTION,2025-05-06 16:15:45.744+00
5527,RECURRING_SUBSCRIPTION,RECURRING_SUBSCRIPTION,2025-05-06 16:16:08.303+00
5527,RECURRING_SUBSCRIPTION,RECURRING_SUBSCRIPTION,2025-05-06 16:16:38.692+00
5527,RECURRING_SUBSCRIPTION,RECURRING_SUBSCRIPTION,2025-05-06 16:19:54.812+00
1576,RECURRING_SUBSCRIPTION,CHURN,2025-05-06 17:24:26.013+00
2096,RECURRING_SUBSCRIPTION,CHURN,2025-05-06 17:26:51.706+00
5212,COLD_LEAD,WARM_LEAD,2025-05-07 05:29:54.873+00
199,TRIAL,RECURRING_SUBSCRIPTION,2025-05-07 10:53:27.56+00
2253,CHURN,RECURRING_SUBSCRIPTION,2025-05-07 11:05:03.118+00
3593,RECURRING_SUBSCRIPTION,RECURRING_SUBSCRIPTION,2025-05-07 13:28:37.045+00
3593,RECURRING_SUBSCRIPTION,RECURRING_SUBSCRIPTION,2025-05-07 13:29:45.221+00
5469,RECURRING_SUBSCRIPTION,WARM_LEAD,2025-05-07 14:34:08.127+00
5526,RECURRING_SUBSCRIPTION,WARM_LEAD,2025-05-07 14:46:00.697+00
3078,TRIAL,ON_DEMAND_SUBSCRIPTION,2025-05-07 15:01:42.37+00
2253,RECURRING_SUBSCRIPTION,RECURRING_SUBSCRIPTION,2025-05-07 15:07:32.744+00
2907,RECURRING_SUBSCRIPTION,TRIAL,2025-05-07 15:17:29.262+00
155,RECURRING_SUBSCRIPTION,CHURN,2025-05-07 15:46:10.519+00
5569,LEAD,WARM_LEAD,2025-05-07 19:39:20.595+00
5569,WARM_LEAD,RECURRING_SUBSCRIPTION,2025-05-07 19:39:57.815+00
5569,RECURRING_SUBSCRIPTION,WARM_LEAD,2025-05-07 19:43:38.416+00
5569,WARM_LEAD,RECURRING_SUBSCRIPTION,2025-05-07 19:43:52.752+00
1218,RECURRING_SUBSCRIPTION,CHURN,2025-05-07 21:14:16.434+00
2377,RECURRING_SUBSCRIPTION,RECURRING_SUBSCRIPTION,2025-05-07 21:20:09.552+00
2377,RECURRING_SUBSCRIPTION,RECURRING_SUBSCRIPTION,2025-05-07 21:20:11.349+00
2412,RECURRING_SUBSCRIPTION,CHURN,2025-05-07 21:49:41.477+00
5516,WARM_LEAD,RECURRING_SUBSCRIPTION,2025-05-07 21:53:52.99+00
5569,RECURRING_SUBSCRIPTION,WARM_LEAD,2025-05-07 22:34:48.438+00
5516,RECURRING_SUBSCRIPTION,WARM_LEAD,2025-05-07 23:19:22.813+00
2452,RECURRING_SUBSCRIPTION,CHURN,2025-05-07 23:46:12.941+00
5490,LEAD,COLD_LEAD,2025-05-08 06:32:19.015+00
5212,WARM_LEAD,TRIAL,2025-05-08 07:41:04.236+00
2797,ON_DEMAND_SUBSCRIPTION,RECURRING_SUBSCRIPTION,2025-05-08 12:19:14.284+00
2797,RECURRING_SUBSCRIPTION,RECURRING_SUBSCRIPTION,2025-05-08 12:21:38.533+00
2797,RECURRING_SUBSCRIPTION,ON_DEMAND_SUBSCRIPTION,2025-05-08 12:44:14.645+00
5556,LEAD,WARM_LEAD,2025-05-08 13:06:14.645+00
3888,ON_DEMAND_SUBSCRIPTION,RECURRING_SUBSCRIPTION,2025-05-08 13:10:16.026+00
5549,LEAD,WARM_LEAD,2025-05-08 13:27:31.549+00
5552,LEAD,WARM_LEAD,2025-05-08 14:10:34.894+00
5560,LEAD,WARM_LEAD,2025-05-08 14:31:53.371+00
3888,RECURRING_SUBSCRIPTION,ON_DEMAND_SUBSCRIPTION,2025-05-08 14:37:29.371+00
5560,WARM_LEAD,RECURRING_SUBSCRIPTION,2025-05-08 14:37:50.749+00
199,RECURRING_SUBSCRIPTION,TRIAL,2025-05-08 14:38:57.969+00
5558,LEAD,WARM_LEAD,2025-05-08 14:59:56.446+00
5573,LEAD,WARM_LEAD,2025-05-08 17:26:18.154+00
5573,WARM_LEAD,RECURRING_SUBSCRIPTION,2025-05-08 17:26:46.938+00
5465,LEAD,WARM_LEAD,2025-05-08 19:15:20.919+00
5465,WARM_LEAD,RECURRING_SUBSCRIPTION,2025-05-08 19:15:36.693+00
5465,RECURRING_SUBSCRIPTION,WARM_LEAD,2025-05-08 19:31:31.309+00
5573,RECURRING_SUBSCRIPTION,WARM_LEAD,2025-05-08 19:33:16.198+00
5599,LEAD,WARM_LEAD,2025-05-08 21:07:17.803+00
2964,TRIAL,ON_DEMAND_SUBSCRIPTION,2025-05-09 14:25:59.884+00
5351,LEAD,WARM_LEAD,2025-05-09 14:38:19.669+00
5351,WARM_LEAD,RECURRING_SUBSCRIPTION,2025-05-09 14:38:43.197+00
5565,LEAD,WARM_LEAD,2025-05-09 14:46:54.196+00
5565,WARM_LEAD,RECURRING_SUBSCRIPTION,2025-05-09 14:58:17.366+00
5421,LEAD,WARM_LEAD,2025-05-09 15:02:51.429+00
5421,WARM_LEAD,RECURRING_SUBSCRIPTION,2025-05-09 15:03:01.679+00
5619,LEAD,WARM_LEAD,2025-05-09 15:48:14.405+00
5619,WARM_LEAD,RECURRING_SUBSCRIPTION,2025-05-09 15:50:32.518+00
5655,LEAD,WARM_LEAD,2025-05-09 18:01:01.965+00
5638,LEAD,FREEMIUM,2025-05-21 15:34:24.635+00
5655,WARM_LEAD,RECURRING_SUBSCRIPTION,2025-05-09 18:01:11.656+00
1558,FREEMIUM,RECURRING_SUBSCRIPTION,2025-05-09 22:07:54.278+00
5686,LEAD,WARM_LEAD,2025-05-09 22:37:37.482+00
1558,RECURRING_SUBSCRIPTION,WARM_LEAD,2025-05-10 01:44:35.572+00
5708,LEAD,TRIAL,2025-05-12 06:01:04.141+00
2930,WARM_LEAD,ON_DEMAND_SUBSCRIPTION,2025-05-12 09:56:04.415+00
5704,LEAD,WARM_LEAD,2025-05-12 10:01:55.17+00
5560,RECURRING_SUBSCRIPTION,WARM_LEAD,2025-05-12 10:05:19.618+00
5619,RECURRING_SUBSCRIPTION,WARM_LEAD,2025-05-12 10:08:49.831+00
5702,LEAD,WARM_LEAD,2025-05-12 10:38:23.123+00
5702,WARM_LEAD,RECURRING_SUBSCRIPTION,2025-05-12 10:39:32.466+00
5702,RECURRING_SUBSCRIPTION,TRIAL,2025-05-12 10:58:15.687+00
3110,RECURRING_SUBSCRIPTION,ON_DEMAND_SUBSCRIPTION,2025-05-12 11:25:14.322+00
3095,TRIAL,ON_DEMAND_SUBSCRIPTION,2025-05-12 13:10:50.243+00
3095,ON_DEMAND_SUBSCRIPTION,WARM_LEAD,2025-05-12 13:12:55.685+00
2884,TRIAL,ON_DEMAND_SUBSCRIPTION,2025-05-12 13:13:28.127+00
2884,ON_DEMAND_SUBSCRIPTION,WARM_LEAD,2025-05-12 13:14:20.585+00
5558,WARM_LEAD,ON_DEMAND_SUBSCRIPTION,2025-05-12 15:32:24.723+00
2377,RECURRING_SUBSCRIPTION,CHURN,2025-05-12 18:31:07.907+00
5472,LEAD,WARM_LEAD,2025-05-12 18:47:13.177+00
5472,WARM_LEAD,RECURRING_SUBSCRIPTION,2025-05-12 18:47:20.489+00
5687,LEAD,WARM_LEAD,2025-05-12 22:00:24.268+00
5687,WARM_LEAD,RECURRING_SUBSCRIPTION,2025-05-12 22:00:40.899+00
5472,RECURRING_SUBSCRIPTION,WARM_LEAD,2025-05-13 00:01:58.322+00
2251,WARM_LEAD,LEAD,2025-05-13 06:01:12.851+00
2251,LEAD,COLD_LEAD,2025-05-13 06:01:56.501+00
2251,COLD_LEAD,COLD_LEAD,2025-05-13 06:02:00.299+00
2247,WARM_LEAD,LEAD,2025-05-13 06:03:02.161+00
2247,LEAD,COLD_LEAD,2025-05-13 06:03:52.417+00
2247,COLD_LEAD,COLD_LEAD,2025-05-13 06:03:54.261+00
2247,COLD_LEAD,COLD_LEAD,2025-05-13 06:03:57.799+00
5475,LEAD,COLD_LEAD,2025-05-13 06:04:29.491+00
2100,WARM_LEAD,LEAD,2025-05-13 06:07:24.311+00
2100,LEAD,COLD_LEAD,2025-05-13 06:07:38.195+00
2100,COLD_LEAD,COLD_LEAD,2025-05-13 06:07:41.197+00
5496,LEAD,COLD_LEAD,2025-05-13 06:08:14.105+00
5496,COLD_LEAD,COLD_LEAD,2025-05-13 06:08:16.196+00
5674,LEAD,WARM_LEAD,2025-05-13 10:32:57.316+00
5674,WARM_LEAD,RECURRING_SUBSCRIPTION,2025-05-13 10:42:14.52+00
5674,RECURRING_SUBSCRIPTION,TRIAL,2025-05-13 10:45:40.721+00
5563,LEAD,WARM_LEAD,2025-05-13 12:32:59.768+00
5563,WARM_LEAD,RECURRING_SUBSCRIPTION,2025-05-13 12:33:10.347+00
5563,RECURRING_SUBSCRIPTION,RECURRING_SUBSCRIPTION,2025-05-13 12:35:11.733+00
5563,RECURRING_SUBSCRIPTION,WARM_LEAD,2025-05-13 12:48:02.628+00
5527,RECURRING_SUBSCRIPTION,WARM_LEAD,2025-05-13 13:46:42.793+00
5703,LEAD,WARM_LEAD,2025-05-13 15:05:23.739+00
5703,WARM_LEAD,RECURRING_SUBSCRIPTION,2025-05-13 15:05:39.9+00
5720,LEAD,WARM_LEAD,2025-05-13 15:51:09.598+00
5720,WARM_LEAD,RECURRING_SUBSCRIPTION,2025-05-13 15:51:25.87+00
5721,LEAD,WARM_LEAD,2025-05-13 16:49:03.916+00
5721,WARM_LEAD,RECURRING_SUBSCRIPTION,2025-05-13 16:49:38.258+00
5721,RECURRING_SUBSCRIPTION,WARM_LEAD,2025-05-13 16:50:35.46+00
5721,WARM_LEAD,LEAD,2025-05-13 16:50:50.787+00
5470,LEAD,WARM_LEAD,2025-05-13 16:52:07.476+00
5470,WARM_LEAD,RECURRING_SUBSCRIPTION,2025-05-13 16:52:53.046+00
5470,RECURRING_SUBSCRIPTION,RECURRING_SUBSCRIPTION,2025-05-13 16:53:50.368+00
2551,RECURRING_SUBSCRIPTION,ON_DEMAND_SUBSCRIPTION,2025-05-13 20:34:25.347+00
5678,LEAD,WARM_LEAD,2025-05-13 22:21:09.727+00
5678,WARM_LEAD,RECURRING_SUBSCRIPTION,2025-05-13 22:22:11.195+00
5678,RECURRING_SUBSCRIPTION,RECURRING_SUBSCRIPTION,2025-05-13 22:23:03.825+00
5678,RECURRING_SUBSCRIPTION,RECURRING_SUBSCRIPTION,2025-05-13 22:40:51.349+00
483,FREEMIUM,RECURRING_SUBSCRIPTION,2025-05-14 21:27:29.238+00
483,RECURRING_SUBSCRIPTION,RECURRING_SUBSCRIPTION,2025-05-14 21:28:44.477+00
5472,RECURRING_SUBSCRIPTION,WARM_LEAD,2025-05-14 21:43:32.35+00
5542,LEAD,COLD_LEAD,2025-05-15 08:15:20.416+00
5542,COLD_LEAD,COLD_LEAD,2025-05-15 08:15:23.264+00
978,COLD_LEAD,WARM_LEAD,2025-05-15 08:16:21.473+00
5704,WARM_LEAD,TRIAL,2025-05-15 09:06:33.145+00
978,WARM_LEAD,RECURRING_SUBSCRIPTION,2025-05-15 11:14:06.681+00
5619,WARM_LEAD,RECURRING_SUBSCRIPTION,2025-05-15 11:22:32.698+00
5619,RECURRING_SUBSCRIPTION,WARM_LEAD,2025-05-15 11:23:33.315+00
5729,LEAD,WARM_LEAD,2025-05-15 12:15:25.453+00
2903,FREEMIUM,RECURRING_SUBSCRIPTION,2025-05-15 15:37:30.371+00
1821,ON_DEMAND_SUBSCRIPTION,TRIAL,2025-05-15 16:56:21.77+00
722,RECURRING_SUBSCRIPTION,CHURN,2025-05-15 17:21:14.117+00
722,CHURN,CHURN,2025-05-15 17:21:47.786+00
3535,FREEMIUM,RECURRING_SUBSCRIPTION,2025-05-15 17:54:15.348+00
722,CHURN,CHURN,2025-05-15 18:17:49.721+00
722,CHURN,RECURRING_SUBSCRIPTION,2025-05-15 18:18:06.121+00
722,RECURRING_SUBSCRIPTION,CHURN,2025-05-15 18:18:46.225+00
5536,LEAD,WARM_LEAD,2025-05-15 21:35:38.168+00
5536,WARM_LEAD,RECURRING_SUBSCRIPTION,2025-05-15 21:35:52.755+00
3535,RECURRING_SUBSCRIPTION,WARM_LEAD,2025-05-15 22:39:38.024+00
5470,RECURRING_SUBSCRIPTION,WARM_LEAD,2025-05-15 22:40:22.888+00
5720,RECURRING_SUBSCRIPTION,WARM_LEAD,2025-05-15 22:40:48.998+00
5732,LEAD,WARM_LEAD,2025-05-16 16:10:27.033+00
5732,WARM_LEAD,RECURRING_SUBSCRIPTION,2025-05-16 16:10:46.792+00
496,CHURN,RECURRING_SUBSCRIPTION,2025-05-16 17:13:08.141+00
5702,TRIAL,RECURRING_SUBSCRIPTION,2025-05-16 18:30:16.361+00
5516,WARM_LEAD,RECURRING_SUBSCRIPTION,2025-05-16 18:43:06.387+00
5516,RECURRING_SUBSCRIPTION,WARM_LEAD,2025-05-16 18:53:51.775+00
5433,LEAD,WARM_LEAD,2025-05-16 21:12:32.406+00
5433,WARM_LEAD,RECURRING_SUBSCRIPTION,2025-05-16 21:12:53.914+00
5433,RECURRING_SUBSCRIPTION,WARM_LEAD,2025-05-16 21:18:46.793+00
5600,LEAD,WARM_LEAD,2025-05-16 21:25:14.068+00
5600,WARM_LEAD,RECURRING_SUBSCRIPTION,2025-05-16 21:25:31.671+00
5734,LEAD,WARM_LEAD,2025-05-16 21:57:10.027+00
5734,WARM_LEAD,RECURRING_SUBSCRIPTION,2025-05-16 21:57:36.27+00
5522,COLD_LEAD,WARM_LEAD,2025-05-18 06:48:59.12+00
5522,WARM_LEAD,TRIAL,2025-05-18 07:47:03.303+00
978,RECURRING_SUBSCRIPTION,TRIAL,2025-05-18 14:55:29.121+00
2335,COLD_LEAD,WARM_LEAD,2025-05-19 06:06:57.042+00
5730,LEAD,WARM_LEAD,2025-05-19 08:56:04.704+00
5730,WARM_LEAD,WARM_LEAD,2025-05-19 09:03:48.27+00
5730,WARM_LEAD,RECURRING_SUBSCRIPTION,2025-05-19 09:05:41.795+00
5730,RECURRING_SUBSCRIPTION,RECURRING_SUBSCRIPTION,2025-05-19 10:54:45.213+00
5730,RECURRING_SUBSCRIPTION,RECURRING_SUBSCRIPTION,2025-05-19 10:56:33.251+00
5708,TRIAL,RECURRING_SUBSCRIPTION,2025-05-19 11:37:57.748+00
5708,RECURRING_SUBSCRIPTION,RECURRING_SUBSCRIPTION,2025-05-19 11:38:41.759+00
5708,RECURRING_SUBSCRIPTION,RECURRING_SUBSCRIPTION,2025-05-19 11:39:45.122+00
5708,RECURRING_SUBSCRIPTION,RECURRING_SUBSCRIPTION,2025-05-19 11:40:00.194+00
1563,RECURRING_SUBSCRIPTION,CHURN,2025-05-19 14:13:51.936+00
1563,CHURN,CHURN,2025-05-19 14:14:01.075+00
1563,CHURN,CHURN,2025-05-19 14:14:16.908+00
1563,CHURN,CHURN,2025-05-19 14:15:37.884+00
1563,CHURN,CHURN,2025-05-19 14:15:46.295+00
3076,RECURRING_SUBSCRIPTION,ON_DEMAND_SUBSCRIPTION,2025-05-19 15:08:19.443+00
1563,CHURN,CHURN,2025-05-19 16:04:39.879+00
1563,CHURN,CHURN,2025-05-19 16:09:27.304+00
2212,RECURRING_SUBSCRIPTION,RECURRING_SUBSCRIPTION,2025-05-19 17:02:10.73+00
5635,LEAD,WARM_LEAD,2025-05-19 17:48:17.537+00
496,RECURRING_SUBSCRIPTION,RECURRING_SUBSCRIPTION,2025-05-19 18:52:26.967+00
1836,ON_DEMAND_SUBSCRIPTION,TRIAL,2025-05-19 20:35:28.08+00
5747,LEAD,WARM_LEAD,2025-05-19 21:40:50.949+00
5747,WARM_LEAD,RECURRING_SUBSCRIPTION,2025-05-19 21:41:04.331+00
5635,WARM_LEAD,TRIAL,2025-05-19 21:45:30.156+00
5747,RECURRING_SUBSCRIPTION,WARM_LEAD,2025-05-19 21:47:21.481+00
5749,LEAD,TRIAL,2025-05-19 23:09:05.58+00
279,COLD_LEAD,WARM_LEAD,2025-05-20 12:35:47.964+00
279,WARM_LEAD,TRIAL,2025-05-20 12:37:32.89+00
5744,LEAD,WARM_LEAD,2025-05-20 15:05:25.555+00
5744,WARM_LEAD,ON_DEMAND_SUBSCRIPTION,2025-05-20 15:06:06.084+00
5744,ON_DEMAND_SUBSCRIPTION,RECURRING_SUBSCRIPTION,2025-05-20 15:07:09.556+00
6095,LEAD,COLD_LEAD,2025-05-20 16:00:57.545+00
6096,LEAD,COLD_LEAD,2025-05-20 16:01:18.047+00
5513,TRIAL,RECURRING_SUBSCRIPTION,2025-05-20 16:13:03.247+00
5513,RECURRING_SUBSCRIPTION,RECURRING_SUBSCRIPTION,2025-05-20 17:06:52.422+00
1340,WARM_LEAD,RECURRING_SUBSCRIPTION,2025-05-20 21:19:15.806+00
6097,LEAD,WARM_LEAD,2025-05-20 21:58:23.861+00
6097,WARM_LEAD,RECURRING_SUBSCRIPTION,2025-05-20 21:58:40.988+00
6097,RECURRING_SUBSCRIPTION,RECURRING_SUBSCRIPTION,2025-05-20 22:05:34.537+00
5676,LEAD,WARM_LEAD,2025-05-21 10:33:33.165+00
5681,LEAD,FREEMIUM,2025-05-21 15:24:29.994+00
5682,LEAD,FREEMIUM,2025-05-21 15:24:37.856+00
5684,LEAD,FREEMIUM,2025-05-21 15:24:45.774+00
5685,LEAD,FREEMIUM,2025-05-21 15:24:54.701+00
5751,LEAD,FREEMIUM,2025-05-21 15:25:01.572+00
5752,LEAD,FREEMIUM,2025-05-21 15:25:08.774+00
5753,LEAD,FREEMIUM,2025-05-21 15:25:15.335+00
5755,LEAD,FREEMIUM,2025-05-21 15:25:22.08+00
5760,LEAD,FREEMIUM,2025-05-21 15:25:28.419+00
5818,LEAD,FREEMIUM,2025-05-21 15:25:34.837+00
5763,LEAD,FREEMIUM,2025-05-21 15:25:41.333+00
5623,LEAD,FREEMIUM,2025-05-21 15:25:48.142+00
5764,LEAD,FREEMIUM,2025-05-21 15:25:54.615+00
5680,LEAD,FREEMIUM,2025-05-21 15:26:01.111+00
5761,LEAD,FREEMIUM,2025-05-21 15:26:07.09+00
5762,LEAD,FREEMIUM,2025-05-21 15:26:13.388+00
5769,LEAD,FREEMIUM,2025-05-21 15:26:19.9+00
5624,LEAD,FREEMIUM,2025-05-21 15:26:26.229+00
5625,LEAD,FREEMIUM,2025-05-21 15:26:32.75+00
5772,LEAD,FREEMIUM,2025-05-21 15:26:38.733+00
5626,LEAD,FREEMIUM,2025-05-21 15:26:44.774+00
5627,LEAD,FREEMIUM,2025-05-21 15:26:51.025+00
5776,LEAD,FREEMIUM,2025-05-21 15:26:56.899+00
5782,LEAD,FREEMIUM,2025-05-21 15:27:03.418+00
5784,LEAD,FREEMIUM,2025-05-21 15:27:09.49+00
5785,LEAD,FREEMIUM,2025-05-21 15:27:15.696+00
5786,LEAD,FREEMIUM,2025-05-21 15:27:21.845+00
5787,LEAD,FREEMIUM,2025-05-21 15:27:27.81+00
5788,LEAD,FREEMIUM,2025-05-21 15:27:33.906+00
5628,LEAD,FREEMIUM,2025-05-21 15:27:40.244+00
5779,LEAD,FREEMIUM,2025-05-21 15:27:46.471+00
5781,LEAD,FREEMIUM,2025-05-21 15:27:52.357+00
5783,LEAD,FREEMIUM,2025-05-21 15:27:58.443+00
5548,LEAD,FREEMIUM,2025-05-21 15:28:05.013+00
5790,LEAD,FREEMIUM,2025-05-21 15:28:09.645+00
5791,LEAD,FREEMIUM,2025-05-21 15:28:15.89+00
5629,LEAD,FREEMIUM,2025-05-21 15:28:22.151+00
5789,LEAD,FREEMIUM,2025-05-21 15:28:28.642+00
5630,LEAD,FREEMIUM,2025-05-21 15:28:34.892+00
5793,LEAD,FREEMIUM,2025-05-21 15:28:41.041+00
5794,LEAD,FREEMIUM,2025-05-21 15:28:47.408+00
5792,LEAD,FREEMIUM,2025-05-21 15:28:53.334+00
5810,LEAD,FREEMIUM,2025-05-21 15:28:59.366+00
5817,LEAD,FREEMIUM,2025-05-21 15:29:05.876+00
5812,LEAD,FREEMIUM,2025-05-21 15:29:11.9+00
5813,LEAD,FREEMIUM,2025-05-21 15:29:17.986+00
5814,LEAD,FREEMIUM,2025-05-21 15:29:24.543+00
5815,LEAD,FREEMIUM,2025-05-21 15:29:30.617+00
5816,LEAD,FREEMIUM,2025-05-21 15:29:36.373+00
5631,LEAD,FREEMIUM,2025-05-21 15:29:42.474+00
5801,LEAD,FREEMIUM,2025-05-21 15:29:48.243+00
5795,LEAD,FREEMIUM,2025-05-21 15:29:54.795+00
5796,LEAD,FREEMIUM,2025-05-21 15:30:00.934+00
5797,LEAD,FREEMIUM,2025-05-21 15:30:07.365+00
5798,LEAD,FREEMIUM,2025-05-21 15:30:13.559+00
5799,LEAD,FREEMIUM,2025-05-21 15:30:19.792+00
5800,LEAD,FREEMIUM,2025-05-21 15:30:25.839+00
5808,LEAD,FREEMIUM,2025-05-21 15:30:31.96+00
5802,LEAD,FREEMIUM,2025-05-21 15:30:38.108+00
5803,LEAD,FREEMIUM,2025-05-21 15:30:44.06+00
5805,LEAD,FREEMIUM,2025-05-21 15:30:50.182+00
5806,LEAD,FREEMIUM,2025-05-21 15:30:56.292+00
5807,LEAD,FREEMIUM,2025-05-21 15:31:03.021+00
5804,LEAD,FREEMIUM,2025-05-21 15:31:10.931+00
5809,LEAD,FREEMIUM,2025-05-21 15:31:18.309+00
5811,LEAD,FREEMIUM,2025-05-21 15:31:24.499+00
5632,LEAD,FREEMIUM,2025-05-21 15:31:30.634+00
5826,LEAD,FREEMIUM,2025-05-21 15:31:37.064+00
5827,LEAD,FREEMIUM,2025-05-21 15:31:43.531+00
5822,LEAD,FREEMIUM,2025-05-21 15:31:51.401+00
5825,LEAD,FREEMIUM,2025-05-21 15:32:00.446+00
5820,LEAD,FREEMIUM,2025-05-21 15:32:09.713+00
5821,LEAD,FREEMIUM,2025-05-21 15:32:15.765+00
5819,LEAD,FREEMIUM,2025-05-21 15:32:21.984+00
5633,LEAD,FREEMIUM,2025-05-21 15:32:28.542+00
5754,LEAD,FREEMIUM,2025-05-21 15:32:34.904+00
5824,LEAD,FREEMIUM,2025-05-21 15:32:41.091+00
5634,LEAD,FREEMIUM,2025-05-21 15:32:47.265+00
5830,LEAD,FREEMIUM,2025-05-21 15:32:53.204+00
5635,TRIAL,FREEMIUM,2025-05-21 15:32:57.484+00
5832,LEAD,FREEMIUM,2025-05-21 15:33:03.568+00
5636,LEAD,FREEMIUM,2025-05-21 15:33:10.177+00
5837,LEAD,FREEMIUM,2025-05-21 15:33:16.505+00
5838,LEAD,FREEMIUM,2025-05-21 15:33:22.442+00
5836,LEAD,FREEMIUM,2025-05-21 15:33:28.914+00
5637,LEAD,FREEMIUM,2025-05-21 15:33:36.832+00
5840,LEAD,FREEMIUM,2025-05-21 15:33:44.006+00
5842,LEAD,FREEMIUM,2025-05-21 15:33:56.318+00
5839,LEAD,FREEMIUM,2025-05-21 15:34:05.801+00
5831,LEAD,FREEMIUM,2025-05-21 15:34:41.328+00
5834,LEAD,FREEMIUM,2025-05-21 15:34:51.658+00
5759,LEAD,FREEMIUM,2025-05-21 15:34:59.131+00
5766,LEAD,FREEMIUM,2025-05-21 15:35:05.849+00
5767,LEAD,FREEMIUM,2025-05-21 15:35:12.575+00
5828,LEAD,FREEMIUM,2025-05-21 15:35:18.645+00
5823,LEAD,FREEMIUM,2025-05-21 15:35:24.503+00
5639,LEAD,FREEMIUM,2025-05-21 15:35:31.954+00
5843,LEAD,FREEMIUM,2025-05-21 15:35:39.801+00
5768,LEAD,FREEMIUM,2025-05-21 15:35:46.793+00
5640,LEAD,FREEMIUM,2025-05-21 15:35:52.881+00
5833,LEAD,FREEMIUM,2025-05-21 15:35:59.005+00
5855,LEAD,FREEMIUM,2025-05-21 15:36:05.651+00
5856,LEAD,FREEMIUM,2025-05-21 15:36:11.976+00
5857,LEAD,FREEMIUM,2025-05-21 15:36:18.077+00
5858,LEAD,FREEMIUM,2025-05-21 15:36:26.338+00
5859,LEAD,FREEMIUM,2025-05-21 15:36:33.16+00
5860,LEAD,FREEMIUM,2025-05-21 15:36:39.275+00
5844,LEAD,FREEMIUM,2025-05-21 15:36:45.787+00
5676,WARM_LEAD,TRIAL,2025-05-21 15:36:52.269+00
5846,LEAD,FREEMIUM,2025-05-21 15:36:52.246+00
5850,LEAD,FREEMIUM,2025-05-21 15:36:58.335+00
5835,LEAD,FREEMIUM,2025-05-21 15:37:06.329+00
5851,LEAD,FREEMIUM,2025-05-21 15:37:13.016+00
5847,LEAD,FREEMIUM,2025-05-21 15:37:19.619+00
5848,LEAD,FREEMIUM,2025-05-21 15:37:25.523+00
5849,LEAD,FREEMIUM,2025-05-21 15:37:31.584+00
5642,LEAD,FREEMIUM,2025-05-21 15:37:37.82+00
5861,LEAD,FREEMIUM,2025-05-21 15:37:43.883+00
5862,LEAD,FREEMIUM,2025-05-21 15:37:50.047+00
5863,LEAD,FREEMIUM,2025-05-21 15:37:56.078+00
5864,LEAD,FREEMIUM,2025-05-21 15:38:01.966+00
5865,LEAD,FREEMIUM,2025-05-21 15:38:08.707+00
5866,LEAD,FREEMIUM,2025-05-21 15:38:17.249+00
5867,LEAD,FREEMIUM,2025-05-21 15:38:24.256+00
5868,LEAD,FREEMIUM,2025-05-21 15:38:30.122+00
5643,LEAD,FREEMIUM,2025-05-21 15:38:38.243+00
5869,LEAD,FREEMIUM,2025-05-21 15:38:45.26+00
5870,LEAD,FREEMIUM,2025-05-21 15:38:53.076+00
5871,LEAD,FREEMIUM,2025-05-21 15:39:00.25+00
5872,LEAD,FREEMIUM,2025-05-21 15:39:05.991+00
5873,LEAD,FREEMIUM,2025-05-21 15:39:11.883+00
5644,LEAD,FREEMIUM,2025-05-21 15:39:18.055+00
5874,LEAD,FREEMIUM,2025-05-21 15:39:24.313+00
5875,LEAD,FREEMIUM,2025-05-21 15:39:30.421+00
5877,LEAD,FREEMIUM,2025-05-21 15:39:38.653+00
5876,LEAD,FREEMIUM,2025-05-21 15:47:19.109+00
5878,LEAD,FREEMIUM,2025-05-21 15:47:30.274+00
5880,LEAD,FREEMIUM,2025-05-21 15:47:37.394+00
5881,LEAD,FREEMIUM,2025-05-21 15:47:44.047+00
5882,LEAD,FREEMIUM,2025-05-21 15:47:52.876+00
5883,LEAD,FREEMIUM,2025-05-21 15:48:02.67+00
5884,LEAD,FREEMIUM,2025-05-21 15:48:09.577+00
5885,LEAD,FREEMIUM,2025-05-21 15:48:15.81+00
5645,LEAD,FREEMIUM,2025-05-21 15:48:25.419+00
5888,LEAD,FREEMIUM,2025-05-21 15:48:36.28+00
5889,LEAD,FREEMIUM,2025-05-21 15:48:42.128+00
5646,LEAD,FREEMIUM,2025-05-21 15:48:50.741+00
5647,LEAD,FREEMIUM,2025-05-21 15:48:56.834+00
5890,LEAD,FREEMIUM,2025-05-21 15:49:02.639+00
5891,LEAD,FREEMIUM,2025-05-21 15:49:09.098+00
5892,LEAD,FREEMIUM,2025-05-21 15:49:15.327+00
5894,LEAD,FREEMIUM,2025-05-21 15:49:21.141+00
5895,LEAD,FREEMIUM,2025-05-21 15:49:28.851+00
5896,LEAD,FREEMIUM,2025-05-21 15:49:35.907+00
5893,LEAD,FREEMIUM,2025-05-21 15:49:44.734+00
5897,LEAD,FREEMIUM,2025-05-21 15:49:51.441+00
5898,LEAD,FREEMIUM,2025-05-21 15:49:57.53+00
5899,LEAD,FREEMIUM,2025-05-21 15:50:03.448+00
5902,LEAD,FREEMIUM,2025-05-21 15:50:09.638+00
5900,LEAD,FREEMIUM,2025-05-21 15:50:17.846+00
5901,LEAD,FREEMIUM,2025-05-21 15:50:24.858+00
5903,LEAD,FREEMIUM,2025-05-21 15:50:31.727+00
5648,LEAD,FREEMIUM,2025-05-21 15:50:42.597+00
5905,LEAD,FREEMIUM,2025-05-21 15:50:49.838+00
5906,LEAD,FREEMIUM,2025-05-21 15:50:56.027+00
5907,LEAD,FREEMIUM,2025-05-21 15:51:02.539+00
5908,LEAD,FREEMIUM,2025-05-21 15:51:08.543+00
5909,LEAD,FREEMIUM,2025-05-21 15:51:14.614+00
5910,LEAD,FREEMIUM,2025-05-21 15:51:22.764+00
5911,LEAD,FREEMIUM,2025-05-21 15:51:29.7+00
5912,LEAD,FREEMIUM,2025-05-21 15:51:35.741+00
5913,LEAD,FREEMIUM,2025-05-21 15:51:41.716+00
5914,LEAD,FREEMIUM,2025-05-21 15:51:48.555+00
5915,LEAD,FREEMIUM,2025-05-21 15:51:54.315+00
5916,LEAD,FREEMIUM,2025-05-21 15:52:00.134+00
5917,LEAD,FREEMIUM,2025-05-21 15:52:07.833+00
5920,LEAD,FREEMIUM,2025-05-21 15:52:14.842+00
5918,LEAD,FREEMIUM,2025-05-21 15:52:23.133+00
5919,LEAD,FREEMIUM,2025-05-21 15:52:29.024+00
5921,LEAD,FREEMIUM,2025-05-21 15:52:35.356+00
5922,LEAD,FREEMIUM,2025-05-21 15:52:43.108+00
5923,LEAD,FREEMIUM,2025-05-21 15:52:50.545+00
5924,LEAD,FREEMIUM,2025-05-21 15:52:56.318+00
5925,LEAD,FREEMIUM,2025-05-21 15:53:02.283+00
5926,LEAD,FREEMIUM,2025-05-21 15:53:08.175+00
5927,LEAD,FREEMIUM,2025-05-21 15:53:14.515+00
5928,LEAD,FREEMIUM,2025-05-21 15:53:20.471+00
5929,LEAD,FREEMIUM,2025-05-21 15:53:27.081+00
5930,LEAD,FREEMIUM,2025-05-21 15:53:33.727+00
5931,LEAD,FREEMIUM,2025-05-21 15:53:39.842+00
5933,LEAD,FREEMIUM,2025-05-21 15:53:57.434+00
5934,LEAD,FREEMIUM,2025-05-21 15:54:03.682+00
5650,LEAD,FREEMIUM,2025-05-21 15:54:09.704+00
5653,LEAD,FREEMIUM,2025-05-21 15:54:16.822+00
5936,LEAD,FREEMIUM,2025-05-21 15:54:23.397+00
5938,LEAD,FREEMIUM,2025-05-21 15:54:32.662+00
5939,LEAD,FREEMIUM,2025-05-21 15:54:38.2+00
5937,LEAD,FREEMIUM,2025-05-21 15:54:43.91+00
5941,LEAD,FREEMIUM,2025-05-21 15:54:51.676+00
5940,LEAD,FREEMIUM,2025-05-21 15:55:00.249+00
5942,LEAD,FREEMIUM,2025-05-21 15:55:10.384+00
5944,LEAD,FREEMIUM,2025-05-21 15:55:16.177+00
5945,LEAD,FREEMIUM,2025-05-21 15:55:22.559+00
5947,LEAD,FREEMIUM,2025-05-21 15:55:34.431+00
5948,LEAD,FREEMIUM,2025-05-21 15:55:40.511+00
5949,LEAD,FREEMIUM,2025-05-21 15:55:46.482+00
5951,LEAD,FREEMIUM,2025-05-21 15:55:58.357+00
5952,LEAD,FREEMIUM,2025-05-21 15:56:04.189+00
5656,LEAD,FREEMIUM,2025-05-21 15:56:12.458+00
5955,LEAD,FREEMIUM,2025-05-21 15:56:18.363+00
5953,LEAD,FREEMIUM,2025-05-21 15:56:27.869+00
5954,LEAD,FREEMIUM,2025-05-21 15:56:35.463+00
5958,LEAD,FREEMIUM,2025-05-21 15:56:54.05+00
5959,LEAD,FREEMIUM,2025-05-21 15:57:00.292+00
5960,LEAD,FREEMIUM,2025-05-21 15:57:06.308+00
5961,LEAD,FREEMIUM,2025-05-21 15:57:12.225+00
5962,LEAD,FREEMIUM,2025-05-21 15:57:18.035+00
5963,LEAD,FREEMIUM,2025-05-21 15:57:23.857+00
5964,LEAD,FREEMIUM,2025-05-21 15:57:29.613+00
5965,LEAD,FREEMIUM,2025-05-21 15:57:35.467+00
5966,LEAD,FREEMIUM,2025-05-21 15:57:41.286+00
5967,LEAD,FREEMIUM,2025-05-21 15:57:47.813+00
5970,LEAD,FREEMIUM,2025-05-21 15:57:56.076+00
5971,LEAD,FREEMIUM,2025-05-21 15:58:02.939+00
5657,LEAD,FREEMIUM,2025-05-21 15:58:08.757+00
5968,LEAD,FREEMIUM,2025-05-21 15:58:14.466+00
6497,LEAD,WARM_LEAD,2025-07-08 12:54:41.207+00
6527,LEAD,WARM_LEAD,2025-07-08 22:41:51.453+00
6527,WARM_LEAD,LEAD,2025-07-09 08:32:47.015+00
3959,LEAD,WARM_LEAD,2025-07-09 14:29:38.872+00
6527,LEAD,WARM_LEAD,2025-07-09 15:01:03.788+00
6289,WARM_LEAD,RECURRING_SUBSCRIPTION,2025-07-09 15:25:42.193+00
416,WARM_LEAD,LEAD,2025-07-10 06:53:50.857+00
6501,WARM_LEAD,LEAD,2025-07-10 06:55:16.461+00
1892,CHURN,WARM_LEAD,2025-07-10 12:01:58.826+00
6231,TRIAL,RECURRING_SUBSCRIPTION,2025-07-10 16:58:36.341+00
6561,LEAD,WARM_LEAD,2025-07-10 19:35:21.924+00
6549,LEAD,WARM_LEAD,2025-07-10 21:22:48.989+00
2790,RECURRING_SUBSCRIPTION,WARM_LEAD,2025-07-11 10:50:26.747+00
2644,RECURRING_SUBSCRIPTION,RECURRING_SUBSCRIPTION,2025-07-11 14:47:23.875+00
549,RECURRING_SUBSCRIPTION,ON_DEMAND_SUBSCRIPTION,2025-07-13 09:53:30.146+00
6561,RECURRING_SUBSCRIPTION,RECURRING_SUBSCRIPTION,2025-07-14 20:32:24.407+00
6597,LEAD,WARM_LEAD,2025-07-15 14:09:31.474+00
6597,WARM_LEAD,RECURRING_SUBSCRIPTION,2025-07-15 14:09:39.131+00
2081,RECURRING_SUBSCRIPTION,RECURRING_SUBSCRIPTION,2025-07-15 18:48:50.898+00
6580,LEAD,WARM_LEAD,2025-07-15 22:02:43.63+00
6488,LEAD,COLD_LEAD,2025-07-16 08:09:37.869+00
2439,RECURRING_SUBSCRIPTION,RECURRING_SUBSCRIPTION,2025-07-16 09:19:37.579+00
2439,RECURRING_SUBSCRIPTION,RECURRING_SUBSCRIPTION,2025-07-16 12:28:46.721+00
6427,LEAD,WARM_LEAD,2025-07-16 17:30:48.123+00
75,RECURRING_SUBSCRIPTION,TRIAL,2025-07-17 12:06:46.517+00
6604,LEAD,WARM_LEAD,2025-07-17 14:40:20.276+00
6657,LEAD,WARM_LEAD,2025-07-17 19:32:29.865+00
5594,LEAD,WARM_LEAD,2025-07-17 20:10:50.269+00
6349,LEAD,WARM_LEAD,2025-07-17 20:21:05.069+00
6274,LEAD,WARM_LEAD,2025-07-17 20:29:58.325+00
5746,LEAD,WARM_LEAD,2025-07-17 20:37:45.911+00
5432,LEAD,WARM_LEAD,2025-07-17 20:42:21.939+00
6161,LEAD,WARM_LEAD,2025-07-17 20:46:29.025+00
5442,LEAD,WARM_LEAD,2025-07-17 20:50:55.529+00
6162,LEAD,WARM_LEAD,2025-07-17 20:54:42.493+00
5603,LEAD,WARM_LEAD,2025-07-17 20:59:13.579+00
6623,WARM_LEAD,RECURRING_SUBSCRIPTION,2025-07-17 23:00:19.797+00
5362,WARM_LEAD,RECURRING_SUBSCRIPTION,2025-07-18 15:35:24.462+00
5932,LEAD,FREEMIUM,2025-05-21 15:53:49.679+00
5946,LEAD,FREEMIUM,2025-05-21 15:55:28.605+00
5950,LEAD,FREEMIUM,2025-05-21 15:55:52.367+00
5956,LEAD,FREEMIUM,2025-05-21 15:56:41.529+00
5957,LEAD,FREEMIUM,2025-05-21 15:56:47.876+00
5969,LEAD,FREEMIUM,2025-05-21 15:58:22.307+00
6001,LEAD,FREEMIUM,2025-05-21 15:58:29.257+00
5658,LEAD,FREEMIUM,2025-05-21 15:58:35.273+00
5972,LEAD,FREEMIUM,2025-05-21 15:58:43.063+00
5973,LEAD,FREEMIUM,2025-05-21 15:58:51.803+00
5974,LEAD,FREEMIUM,2025-05-21 15:58:59.117+00
5975,LEAD,FREEMIUM,2025-05-21 15:59:05.181+00
5976,LEAD,FREEMIUM,2025-05-21 15:59:10.908+00
5977,LEAD,FREEMIUM,2025-05-21 15:59:16.78+00
5978,LEAD,FREEMIUM,2025-05-21 15:59:22.804+00
5979,LEAD,FREEMIUM,2025-05-21 15:59:28.661+00
5980,LEAD,FREEMIUM,2025-05-21 15:59:34.558+00
5981,LEAD,FREEMIUM,2025-05-21 15:59:40.625+00
5982,LEAD,FREEMIUM,2025-05-21 15:59:46.589+00
5983,LEAD,FREEMIUM,2025-05-21 15:59:52.835+00
5984,LEAD,FREEMIUM,2025-05-21 15:59:58.706+00
5985,LEAD,FREEMIUM,2025-05-21 16:00:04.951+00
5728,LEAD,FREEMIUM,2025-05-21 16:00:11.278+00
5986,LEAD,FREEMIUM,2025-05-21 16:00:18.789+00
5987,LEAD,FREEMIUM,2025-05-21 16:00:24.877+00
5988,LEAD,FREEMIUM,2025-05-21 16:00:32.796+00
5989,LEAD,FREEMIUM,2025-05-21 16:00:39.815+00
5990,LEAD,FREEMIUM,2025-05-21 16:00:46.152+00
5991,LEAD,FREEMIUM,2025-05-21 16:00:52.205+00
5992,LEAD,FREEMIUM,2025-05-21 16:00:58.062+00
5993,LEAD,FREEMIUM,2025-05-21 16:01:04.826+00
5994,LEAD,FREEMIUM,2025-05-21 16:01:10.847+00
5660,LEAD,FREEMIUM,2025-05-21 16:01:17.309+00
5995,LEAD,FREEMIUM,2025-05-21 16:01:23.404+00
5996,LEAD,FREEMIUM,2025-05-21 16:01:29.183+00
5997,LEAD,FREEMIUM,2025-05-21 16:01:35.421+00
5998,LEAD,FREEMIUM,2025-05-21 16:01:42.002+00
5999,LEAD,FREEMIUM,2025-05-21 16:01:48.372+00
6000,LEAD,FREEMIUM,2025-05-21 16:01:54.23+00
6002,LEAD,FREEMIUM,2025-05-21 16:02:00.121+00
6004,LEAD,FREEMIUM,2025-05-21 16:02:05.804+00
6003,LEAD,FREEMIUM,2025-05-21 16:02:11.934+00
6005,LEAD,FREEMIUM,2025-05-21 16:02:17.676+00
6006,LEAD,FREEMIUM,2025-05-21 16:02:23.497+00
6007,LEAD,FREEMIUM,2025-05-21 16:02:29.668+00
6008,LEAD,FREEMIUM,2025-05-21 16:02:35.696+00
6009,LEAD,FREEMIUM,2025-05-21 16:02:41.499+00
6010,LEAD,FREEMIUM,2025-05-21 16:02:47.68+00
6011,LEAD,FREEMIUM,2025-05-21 16:02:53.669+00
6012,LEAD,FREEMIUM,2025-05-21 16:02:59.946+00
6013,LEAD,FREEMIUM,2025-05-21 16:03:05.897+00
6014,LEAD,FREEMIUM,2025-05-21 16:03:12.616+00
6015,LEAD,FREEMIUM,2025-05-21 16:03:18.58+00
6016,LEAD,FREEMIUM,2025-05-21 16:03:24.841+00
6017,LEAD,FREEMIUM,2025-05-21 16:03:30.69+00
6018,LEAD,FREEMIUM,2025-05-21 16:03:37.012+00
6019,LEAD,FREEMIUM,2025-05-21 16:03:43.082+00
6020,LEAD,FREEMIUM,2025-05-21 16:03:49.12+00
5756,LEAD,FREEMIUM,2025-05-21 16:03:55.022+00
6031,LEAD,FREEMIUM,2025-05-21 16:04:01.346+00
6032,LEAD,FREEMIUM,2025-05-21 16:04:08.014+00
6048,LEAD,FREEMIUM,2025-05-21 16:04:14.293+00
6049,LEAD,FREEMIUM,2025-05-21 16:04:20.103+00
6033,LEAD,FREEMIUM,2025-05-21 16:04:26.014+00
6034,LEAD,FREEMIUM,2025-05-21 16:04:32.604+00
6050,LEAD,FREEMIUM,2025-05-21 16:04:43.592+00
6035,LEAD,FREEMIUM,2025-05-21 16:04:53.374+00
6036,LEAD,FREEMIUM,2025-05-21 16:05:00.407+00
6037,LEAD,FREEMIUM,2025-05-21 16:05:07.098+00
6038,LEAD,FREEMIUM,2025-05-21 16:05:13.908+00
6039,LEAD,FREEMIUM,2025-05-21 16:05:21.215+00
6040,LEAD,FREEMIUM,2025-05-21 16:05:27.218+00
6041,LEAD,FREEMIUM,2025-05-21 16:05:33.078+00
6042,LEAD,FREEMIUM,2025-05-21 16:05:39.099+00
6043,LEAD,FREEMIUM,2025-05-21 16:05:44.886+00
6044,LEAD,FREEMIUM,2025-05-21 16:05:50.921+00
6021,LEAD,FREEMIUM,2025-05-21 16:05:56.774+00
6022,LEAD,FREEMIUM,2025-05-21 16:06:02.608+00
6045,LEAD,FREEMIUM,2025-05-21 16:06:10.62+00
6023,LEAD,FREEMIUM,2025-05-21 16:06:17.807+00
6024,LEAD,FREEMIUM,2025-05-21 16:06:23.826+00
6025,LEAD,FREEMIUM,2025-05-21 16:06:29.796+00
6046,LEAD,FREEMIUM,2025-05-21 16:06:38.075+00
6026,LEAD,FREEMIUM,2025-05-21 16:06:45.886+00
6027,LEAD,FREEMIUM,2025-05-21 16:06:52.432+00
6047,LEAD,FREEMIUM,2025-05-21 16:06:59.026+00
6030,LEAD,FREEMIUM,2025-05-21 16:07:05.266+00
6028,LEAD,FREEMIUM,2025-05-21 16:07:11.36+00
6029,LEAD,FREEMIUM,2025-05-21 16:07:18.146+00
6051,LEAD,FREEMIUM,2025-05-21 16:07:24.432+00
6052,LEAD,FREEMIUM,2025-05-21 16:07:30.264+00
6053,LEAD,FREEMIUM,2025-05-21 16:07:36.543+00
6054,LEAD,FREEMIUM,2025-05-21 16:07:42.88+00
6055,LEAD,FREEMIUM,2025-05-21 16:07:49.071+00
6056,LEAD,FREEMIUM,2025-05-21 16:07:55.532+00
6057,LEAD,FREEMIUM,2025-05-21 16:08:02.449+00
6058,LEAD,FREEMIUM,2025-05-21 16:08:11.287+00
6059,LEAD,FREEMIUM,2025-05-21 16:08:18.488+00
6060,LEAD,FREEMIUM,2025-05-21 16:08:24.925+00
6061,LEAD,FREEMIUM,2025-05-21 16:08:33.765+00
6062,LEAD,FREEMIUM,2025-05-21 16:08:42.785+00
6063,LEAD,FREEMIUM,2025-05-21 16:08:50.77+00
6064,LEAD,FREEMIUM,2025-05-21 16:08:59.055+00
6067,LEAD,FREEMIUM,2025-05-21 16:09:16.171+00
6068,LEAD,FREEMIUM,2025-05-21 16:09:22.457+00
6069,LEAD,FREEMIUM,2025-05-21 16:09:28.972+00
5736,LEAD,FREEMIUM,2025-05-21 16:09:35.152+00
6070,LEAD,FREEMIUM,2025-05-21 16:09:41.422+00
6071,LEAD,FREEMIUM,2025-05-21 16:09:47.78+00
6073,LEAD,FREEMIUM,2025-05-21 16:10:01.322+00
6511,LEAD,WARM_LEAD,2025-07-08 13:49:41.007+00
6527,WARM_LEAD,RECURRING_SUBSCRIPTION,2025-07-08 22:42:07.771+00
6536,LEAD,WARM_LEAD,2025-07-09 09:16:42.562+00
6536,WARM_LEAD,TRIAL,2025-07-09 09:17:12.58+00
3959,WARM_LEAD,TRIAL,2025-07-09 14:30:52.091+00
5678,RECURRING_SUBSCRIPTION,RECURRING_SUBSCRIPTION,2025-07-09 15:12:47.598+00
3022,RECURRING_SUBSCRIPTION,ON_DEMAND_SUBSCRIPTION,2025-07-09 21:53:21.691+00
416,LEAD,LEAD,2025-07-10 06:53:52.042+00
6363,WARM_LEAD,LEAD,2025-07-10 06:55:48.089+00
6289,RECURRING_SUBSCRIPTION,WARM_LEAD,2025-07-10 12:02:24.227+00
1089,RECURRING_SUBSCRIPTION,RECURRING_SUBSCRIPTION,2025-07-10 17:01:06.035+00
6561,WARM_LEAD,RECURRING_SUBSCRIPTION,2025-07-10 19:35:54.692+00
6549,WARM_LEAD,RECURRING_SUBSCRIPTION,2025-07-10 21:22:57.374+00
6497,WARM_LEAD,TRIAL,2025-07-11 14:30:02.901+00
2644,RECURRING_SUBSCRIPTION,RECURRING_SUBSCRIPTION,2025-07-11 15:07:56.58+00
5476,RECURRING_SUBSCRIPTION,CHURN,2025-07-14 13:55:38.694+00
6561,RECURRING_SUBSCRIPTION,RECURRING_SUBSCRIPTION,2025-07-14 20:33:21.677+00
1697,COLD_LEAD,WARM_LEAD,2025-07-15 17:05:34.293+00
2081,RECURRING_SUBSCRIPTION,RECURRING_SUBSCRIPTION,2025-07-15 18:52:50.129+00
6580,WARM_LEAD,RECURRING_SUBSCRIPTION,2025-07-15 22:03:01.576+00
2439,COLD_LEAD,WARM_LEAD,2025-07-16 08:18:57.469+00
2439,RECURRING_SUBSCRIPTION,RECURRING_SUBSCRIPTION,2025-07-16 09:29:07.108+00
2439,RECURRING_SUBSCRIPTION,RECURRING_SUBSCRIPTION,2025-07-16 12:29:30.24+00
6427,WARM_LEAD,RECURRING_SUBSCRIPTION,2025-07-16 17:31:21.04+00
6653,LEAD,WARM_LEAD,2025-07-17 14:14:28.814+00
6528,LEAD,WARM_LEAD,2025-07-17 15:11:33.125+00
6657,WARM_LEAD,RECURRING_SUBSCRIPTION,2025-07-17 19:33:04.575+00
6538,LEAD,WARM_LEAD,2025-07-17 20:13:40.207+00
6344,LEAD,WARM_LEAD,2025-07-17 20:21:48.418+00
6262,TRIAL,WARM_LEAD,2025-07-17 20:35:18.21+00
5727,LEAD,WARM_LEAD,2025-07-17 20:39:03.958+00
5439,LEAD,WARM_LEAD,2025-07-17 20:43:16.681+00
5622,LEAD,WARM_LEAD,2025-07-17 20:47:05.017+00
5721,LEAD,WARM_LEAD,2025-07-17 20:47:32.029+00
5596,LEAD,WARM_LEAD,2025-07-17 20:51:30.829+00
5601,LEAD,WARM_LEAD,2025-07-17 20:55:12.953+00
5595,LEAD,WARM_LEAD,2025-07-17 20:59:43.809+00
2800,WARM_LEAD,LEAD,2025-07-18 10:53:08.83+00
5362,RECURRING_SUBSCRIPTION,RECURRING_SUBSCRIPTION,2025-07-18 15:36:36.728+00
6653,RECURRING_SUBSCRIPTION,WARM_LEAD,2025-07-18 18:17:22.827+00
5467,RECURRING_SUBSCRIPTION,LEAD,2025-07-18 18:20:42.463+00
6681,LEAD,WARM_LEAD,2025-07-18 20:36:54.016+00
5997,RECURRING_SUBSCRIPTION,RECURRING_SUBSCRIPTION,2025-07-18 21:05:25.919+00
6583,LEAD,WARM_LEAD,2025-07-18 21:51:10.514+00
6681,WARM_LEAD,LEAD,2025-07-19 02:04:42.478+00
6681,WARM_LEAD,LEAD,2025-07-19 02:06:55.898+00
6610,LEAD,COLD_LEAD,2025-07-20 05:08:12.978+00
6610,COLD_LEAD,COLD_LEAD,2025-07-20 05:08:13.562+00
6610,COLD_LEAD,COLD_LEAD,2025-07-20 05:08:13.731+00
6610,COLD_LEAD,COLD_LEAD,2025-07-20 05:08:14.369+00
6610,COLD_LEAD,COLD_LEAD,2025-07-20 05:08:31.174+00
6436,LEAD,COLD_LEAD,2025-07-20 05:10:09.941+00
6436,LEAD,COLD_LEAD,2025-07-20 05:10:09.944+00
6522,LEAD,COLD_LEAD,2025-07-20 05:10:35.248+00
6522,LEAD,COLD_LEAD,2025-07-20 05:10:35.253+00
6522,COLD_LEAD,COLD_LEAD,2025-07-20 05:10:35.263+00
6522,COLD_LEAD,COLD_LEAD,2025-07-20 05:10:35.265+00
6522,COLD_LEAD,COLD_LEAD,2025-07-20 05:10:35.266+00
6522,LEAD,COLD_LEAD,2025-07-20 05:10:35.259+00
6535,LEAD,COLD_LEAD,2025-07-20 05:11:04.21+00
6066,LEAD,FREEMIUM,2025-05-21 16:09:09.399+00
6074,LEAD,FREEMIUM,2025-05-21 16:10:10.974+00
6075,LEAD,FREEMIUM,2025-05-21 16:10:17.977+00
6076,LEAD,FREEMIUM,2025-05-21 16:10:24.23+00
6077,LEAD,FREEMIUM,2025-05-21 16:10:32.369+00
6078,LEAD,FREEMIUM,2025-05-21 16:10:38.258+00
6079,LEAD,FREEMIUM,2025-05-21 16:10:46.286+00
6080,LEAD,FREEMIUM,2025-05-21 16:10:52.95+00
6081,LEAD,FREEMIUM,2025-05-21 16:11:01.339+00
6082,LEAD,FREEMIUM,2025-05-21 16:11:10.04+00
5662,LEAD,FREEMIUM,2025-05-21 16:11:17.726+00
6094,LEAD,FREEMIUM,2025-05-21 16:11:24.33+00
5780,LEAD,FREEMIUM,2025-05-21 16:11:30.169+00
5852,LEAD,FREEMIUM,2025-05-21 16:11:37.014+00
5854,LEAD,FREEMIUM,2025-05-21 16:11:44.798+00
6084,LEAD,FREEMIUM,2025-05-21 16:11:56.547+00
6085,LEAD,FREEMIUM,2025-05-21 16:12:04.201+00
6086,LEAD,FREEMIUM,2025-05-21 16:12:10.454+00
6087,LEAD,FREEMIUM,2025-05-21 16:12:16.49+00
6088,LEAD,FREEMIUM,2025-05-21 16:12:22.318+00
6089,LEAD,FREEMIUM,2025-05-21 16:12:28.215+00
5770,LEAD,FREEMIUM,2025-05-21 16:12:34.069+00
5773,LEAD,FREEMIUM,2025-05-21 16:12:40.255+00
5775,LEAD,FREEMIUM,2025-05-21 16:12:48.122+00
5778,LEAD,FREEMIUM,2025-05-21 16:12:55.645+00
5853,LEAD,FREEMIUM,2025-05-21 16:13:02.364+00
6090,LEAD,FREEMIUM,2025-05-21 16:13:08.127+00
6091,LEAD,FREEMIUM,2025-05-21 16:13:14.549+00
6092,LEAD,FREEMIUM,2025-05-21 16:13:20.589+00
6093,LEAD,FREEMIUM,2025-05-21 16:13:26.504+00
5771,LEAD,FREEMIUM,2025-05-21 16:13:32.575+00
5774,LEAD,FREEMIUM,2025-05-21 16:13:38.38+00
5777,LEAD,FREEMIUM,2025-05-21 16:13:44.846+00
5679,LEAD,FREEMIUM,2025-05-21 16:13:51.083+00
441,CHURN,WARM_LEAD,2025-05-21 17:43:29.895+00
441,WARM_LEAD,TRIAL,2025-05-21 21:06:44.225+00
3693,FREEMIUM,RECURRING_SUBSCRIPTION,2025-05-21 21:13:42.245+00
5715,LEAD,WARM_LEAD,2025-05-21 22:23:35.89+00
5715,WARM_LEAD,RECURRING_SUBSCRIPTION,2025-05-21 22:25:54.785+00
5597,LEAD,WARM_LEAD,2025-05-22 08:23:33.055+00
5597,WARM_LEAD,RECURRING_SUBSCRIPTION,2025-05-22 08:47:14.08+00
5597,RECURRING_SUBSCRIPTION,RECURRING_SUBSCRIPTION,2025-05-22 08:47:45.834+00
5730,RECURRING_SUBSCRIPTION,WARM_LEAD,2025-05-22 09:02:18.318+00
5708,RECURRING_SUBSCRIPTION,WARM_LEAD,2025-05-22 09:04:12.176+00
5708,WARM_LEAD,TRIAL,2025-05-22 09:05:16.794+00
5597,RECURRING_SUBSCRIPTION,WARM_LEAD,2025-05-22 09:09:45.422+00
5597,WARM_LEAD,TRIAL,2025-05-22 09:40:07.358+00
1764,RECURRING_SUBSCRIPTION,CHURN,2025-05-22 12:32:52.429+00
1764,CHURN,CHURN,2025-05-22 12:32:58.742+00
1764,CHURN,CHURN,2025-05-22 12:33:06.15+00
5748,LEAD,WARM_LEAD,2025-05-22 14:07:10.795+00
5748,WARM_LEAD,RECURRING_SUBSCRIPTION,2025-05-22 14:10:00.867+00
2168,ON_DEMAND_SUBSCRIPTION,TRIAL,2025-05-22 17:22:07.979+00
6098,LEAD,WARM_LEAD,2025-05-22 17:44:21.668+00
6098,WARM_LEAD,RECURRING_SUBSCRIPTION,2025-05-22 17:47:10.417+00
5553,LEAD,WARM_LEAD,2025-05-23 09:14:55.855+00
5553,WARM_LEAD,TRIAL,2025-05-23 09:18:20.105+00
5565,RECURRING_SUBSCRIPTION,WARM_LEAD,2025-05-23 12:02:51.939+00
5565,WARM_LEAD,TRIAL,2025-05-23 12:03:15.534+00
5718,LEAD,WARM_LEAD,2025-05-23 14:04:26.334+00
5718,WARM_LEAD,RECURRING_SUBSCRIPTION,2025-05-23 14:05:38.269+00
5748,RECURRING_SUBSCRIPTION,WARM_LEAD,2025-05-23 14:10:25.138+00
3693,RECURRING_SUBSCRIPTION,WARM_LEAD,2025-05-23 14:13:40.297+00
6098,RECURRING_SUBSCRIPTION,WARM_LEAD,2025-05-23 14:14:10.912+00
5715,RECURRING_SUBSCRIPTION,WARM_LEAD,2025-05-23 14:15:31.166+00
6103,LEAD,WARM_LEAD,2025-05-23 14:39:03.497+00
6103,WARM_LEAD,RECURRING_SUBSCRIPTION,2025-05-23 14:45:22.51+00
3069,LEAD,WARM_LEAD,2025-05-23 15:02:21.806+00
6100,LEAD,WARM_LEAD,2025-05-23 17:38:49.662+00
6100,WARM_LEAD,RECURRING_SUBSCRIPTION,2025-05-23 17:43:05.794+00
5694,LEAD,COLD_LEAD,2025-05-25 11:24:18.338+00
5697,LEAD,COLD_LEAD,2025-05-25 11:27:31.653+00
5697,COLD_LEAD,COLD_LEAD,2025-05-25 11:28:07.523+00
5709,LEAD,COLD_LEAD,2025-05-25 11:29:55.289+00
5730,WARM_LEAD,TRIAL,2025-05-25 12:57:29.143+00
2335,WARM_LEAD,LEAD,2025-05-25 14:45:14.667+00
1737,COLD_LEAD,WARM_LEAD,2025-05-26 07:29:04.616+00
2100,COLD_LEAD,WARM_LEAD,2025-05-26 14:19:49.718+00
5730,TRIAL,RECURRING_SUBSCRIPTION,2025-05-27 08:08:07.513+00
283,RECURRING_SUBSCRIPTION,CHURN,2025-05-27 09:26:31.995+00
283,CHURN,CHURN,2025-05-27 09:26:47.577+00
5522,TRIAL,RECURRING_SUBSCRIPTION,2025-05-27 10:11:50.944+00
6114,LEAD,WARM_LEAD,2025-05-27 12:38:19.514+00
6114,WARM_LEAD,TRIAL,2025-05-27 13:32:36.002+00
3131,RECURRING_SUBSCRIPTION,ON_DEMAND_SUBSCRIPTION,2025-05-27 14:06:02.161+00
6106,WARM_LEAD,TRIAL,2025-05-27 14:09:41.401+00
248,RECURRING_SUBSCRIPTION,ON_DEMAND_SUBSCRIPTION,2025-05-27 14:31:21.214+00
1243,RECURRING_SUBSCRIPTION,CHURN,2025-05-27 15:23:30.953+00
1243,CHURN,CHURN,2025-05-27 15:25:55.697+00
1243,CHURN,CHURN,2025-05-27 15:25:59.236+00
1243,CHURN,CHURN,2025-05-27 15:26:04.724+00
1243,CHURN,CHURN,2025-05-27 15:26:13.891+00
1243,CHURN,CHURN,2025-05-27 15:26:25.206+00
1243,CHURN,CHURN,2025-05-27 16:39:45.931+00
452,RECURRING_SUBSCRIPTION,CHURN,2025-05-27 17:11:07.503+00
452,CHURN,CHURN,2025-05-27 17:11:15.021+00
452,CHURN,CHURN,2025-05-27 17:12:19.375+00
452,CHURN,CHURN,2025-05-27 17:12:29.449+00
5699,LEAD,WARM_LEAD,2025-05-27 18:35:44.053+00
5699,WARM_LEAD,RECURRING_SUBSCRIPTION,2025-05-27 18:36:07.842+00
5699,RECURRING_SUBSCRIPTION,RECURRING_SUBSCRIPTION,2025-05-27 18:37:14.839+00
5699,RECURRING_SUBSCRIPTION,RECURRING_SUBSCRIPTION,2025-05-27 18:37:27.423+00
5699,RECURRING_SUBSCRIPTION,RECURRING_SUBSCRIPTION,2025-05-27 18:37:42.111+00
5699,RECURRING_SUBSCRIPTION,RECURRING_SUBSCRIPTION,2025-05-27 18:42:07.683+00
1109,RECURRING_SUBSCRIPTION,CHURN,2025-05-27 19:14:25.513+00
481,RECURRING_SUBSCRIPTION,CHURN,2025-05-27 19:53:03.88+00
481,CHURN,CHURN,2025-05-27 19:53:15.127+00
4450,RECURRING_SUBSCRIPTION,TRIAL,2025-05-27 21:17:57.428+00
6105,LEAD,WARM_LEAD,2025-05-27 21:49:34.72+00
6105,WARM_LEAD,RECURRING_SUBSCRIPTION,2025-05-27 21:50:32.698+00
6105,RECURRING_SUBSCRIPTION,RECURRING_SUBSCRIPTION,2025-05-27 21:51:04.867+00
6105,RECURRING_SUBSCRIPTION,RECURRING_SUBSCRIPTION,2025-05-27 21:51:40.996+00
6105,RECURRING_SUBSCRIPTION,RECURRING_SUBSCRIPTION,2025-05-27 22:09:25.224+00
483,RECURRING_SUBSCRIPTION,RECURRING_SUBSCRIPTION,2025-05-27 22:25:25.413+00
5718,RECURRING_SUBSCRIPTION,WARM_LEAD,2025-05-27 23:13:34.463+00
6100,RECURRING_SUBSCRIPTION,WARM_LEAD,2025-05-27 23:13:58.423+00
6103,RECURRING_SUBSCRIPTION,WARM_LEAD,2025-05-27 23:14:21.452+00
1340,RECURRING_SUBSCRIPTION,WARM_LEAD,2025-05-27 23:14:51.617+00
5699,RECURRING_SUBSCRIPTION,WARM_LEAD,2025-05-27 23:15:30.302+00
2257,RECURRING_SUBSCRIPTION,ON_DEMAND_SUBSCRIPTION,2025-05-28 06:33:44.658+00
6118,LEAD,WARM_LEAD,2025-05-28 12:35:20.395+00
5730,RECURRING_SUBSCRIPTION,RECURRING_SUBSCRIPTION,2025-05-28 13:32:50.538+00
5730,RECURRING_SUBSCRIPTION,RECURRING_SUBSCRIPTION,2025-05-28 13:34:56.505+00
1109,CHURN,CHURN,2025-05-28 13:57:21.793+00
5396,RECURRING_SUBSCRIPTION,RECURRING_SUBSCRIPTION,2025-05-28 13:58:32.744+00
2100,WARM_LEAD,LEAD,2025-05-28 14:08:45.144+00
1737,WARM_LEAD,TRIAL,2025-05-28 14:09:06.595+00
1737,TRIAL,RECURRING_SUBSCRIPTION,2025-05-28 14:11:05.004+00
5479,LEAD,WARM_LEAD,2025-05-28 14:21:03.844+00
5479,WARM_LEAD,RECURRING_SUBSCRIPTION,2025-05-28 14:21:33.695+00
5676,TRIAL,RECURRING_SUBSCRIPTION,2025-05-28 14:23:52.041+00
99,ON_DEMAND_SUBSCRIPTION,RECURRING_SUBSCRIPTION,2025-05-28 15:04:32.419+00
5676,RECURRING_SUBSCRIPTION,WARM_LEAD,2025-05-28 15:35:38.185+00
5479,RECURRING_SUBSCRIPTION,RECURRING_SUBSCRIPTION,2025-05-28 16:11:27.049+00
5569,WARM_LEAD,TRIAL,2025-05-28 16:15:42.6+00
496,RECURRING_SUBSCRIPTION,RECURRING_SUBSCRIPTION,2025-05-28 20:54:51.52+00
5523,LEAD,WARM_LEAD,2025-05-28 23:54:37.498+00
5523,WARM_LEAD,RECURRING_SUBSCRIPTION,2025-05-28 23:54:51.652+00
6142,LEAD,WARM_LEAD,2025-05-29 06:13:31.647+00
6142,WARM_LEAD,TRIAL,2025-05-29 06:14:14.388+00
1737,RECURRING_SUBSCRIPTION,TRIAL,2025-05-29 07:41:01.222+00
2924,TRIAL,RECURRING_SUBSCRIPTION,2025-05-29 13:55:49.589+00
5390,LEAD,WARM_LEAD,2025-05-29 14:08:16.337+00
5390,WARM_LEAD,RECURRING_SUBSCRIPTION,2025-05-29 14:12:51.765+00
6167,LEAD,COLD_LEAD,2025-06-05 08:55:04.429+00
5451,RECURRING_SUBSCRIPTION,ON_DEMAND_SUBSCRIPTION,2025-05-29 19:13:33.658+00
6117,LEAD,WARM_LEAD,2025-05-29 20:17:10.057+00
6117,WARM_LEAD,RECURRING_SUBSCRIPTION,2025-05-29 20:17:31.001+00
2996,RECURRING_SUBSCRIPTION,ON_DEMAND_SUBSCRIPTION,2025-05-29 20:44:18.066+00
6098,WARM_LEAD,RECURRING_SUBSCRIPTION,2025-05-29 21:16:03.618+00
6098,RECURRING_SUBSCRIPTION,RECURRING_SUBSCRIPTION,2025-05-29 21:17:50.182+00
3069,WARM_LEAD,TRIAL,2025-05-30 08:42:29.961+00
1298,RECURRING_SUBSCRIPTION,CHURN,2025-05-30 13:35:22.672+00
5565,TRIAL,RECURRING_SUBSCRIPTION,2025-05-30 16:05:12.584+00
6138,LEAD,WARM_LEAD,2025-05-30 17:06:54.543+00
6138,WARM_LEAD,RECURRING_SUBSCRIPTION,2025-05-30 17:07:12.177+00
6143,LEAD,WARM_LEAD,2025-05-30 17:14:57.486+00
5523,RECURRING_SUBSCRIPTION,RECURRING_SUBSCRIPTION,2025-05-30 17:27:13.374+00
6143,WARM_LEAD,RECURRING_SUBSCRIPTION,2025-05-30 17:34:12.67+00
6143,RECURRING_SUBSCRIPTION,RECURRING_SUBSCRIPTION,2025-05-30 17:39:05.361+00
6105,RECURRING_SUBSCRIPTION,RECURRING_SUBSCRIPTION,2025-05-30 20:26:46.345+00
5523,RECURRING_SUBSCRIPTION,RECURRING_SUBSCRIPTION,2025-05-30 21:47:55.388+00
6144,LEAD,WARM_LEAD,2025-05-30 22:05:21.741+00
6144,WARM_LEAD,RECURRING_SUBSCRIPTION,2025-05-30 22:05:48.162+00
2352,RECURRING_SUBSCRIPTION,CHURN,2025-05-31 01:14:55.627+00
99,RECURRING_SUBSCRIPTION,ON_DEMAND_SUBSCRIPTION,2025-05-31 01:26:43.16+00
2302,TRIAL,RECURRING_SUBSCRIPTION,2025-06-01 07:37:13.201+00
2302,RECURRING_SUBSCRIPTION,RECURRING_SUBSCRIPTION,2025-06-01 07:41:56.623+00
5523,RECURRING_SUBSCRIPTION,RECURRING_SUBSCRIPTION,2025-06-02 14:17:40.564+00
5523,RECURRING_SUBSCRIPTION,RECURRING_SUBSCRIPTION,2025-06-02 14:22:08.82+00
2644,TRIAL,RECURRING_SUBSCRIPTION,2025-06-02 14:35:57.386+00
2644,RECURRING_SUBSCRIPTION,RECURRING_SUBSCRIPTION,2025-06-02 14:43:01.2+00
2644,RECURRING_SUBSCRIPTION,RECURRING_SUBSCRIPTION,2025-06-02 14:43:13.535+00
1803,RECURRING_SUBSCRIPTION,CHURN,2025-06-02 15:09:29.051+00
5659,LEAD,WARM_LEAD,2025-06-02 15:59:32.302+00
5659,WARM_LEAD,RECURRING_SUBSCRIPTION,2025-06-02 16:00:04.477+00
4754,FREEMIUM,RECURRING_SUBSCRIPTION,2025-06-02 16:46:26.399+00
4798,FREEMIUM,RECURRING_SUBSCRIPTION,2025-06-02 16:50:54.675+00
2111,ON_DEMAND_SUBSCRIPTION,TRIAL,2025-06-02 16:56:58.64+00
2111,TRIAL,TRIAL,2025-06-02 17:12:54.14+00
6106,TRIAL,RECURRING_SUBSCRIPTION,2025-06-03 11:45:02.963+00
3959,COLD_LEAD,WARM_LEAD,2025-06-03 13:53:37.955+00
4798,RECURRING_SUBSCRIPTION,TRIAL,2025-06-03 14:03:04.457+00
6151,LEAD,WARM_LEAD,2025-06-03 14:09:28.98+00
6151,WARM_LEAD,RECURRING_SUBSCRIPTION,2025-06-03 14:19:43.55+00
6151,RECURRING_SUBSCRIPTION,RECURRING_SUBSCRIPTION,2025-06-03 14:23:13.282+00
3959,WARM_LEAD,ON_DEMAND_SUBSCRIPTION,2025-06-03 14:36:29.298+00
2302,RECURRING_SUBSCRIPTION,TRIAL,2025-06-03 15:04:49.374+00
3171,RECURRING_SUBSCRIPTION,TRIAL,2025-06-03 17:18:28.987+00
5283,WARM_LEAD,RECURRING_SUBSCRIPTION,2025-06-03 18:03:14.103+00
5283,RECURRING_SUBSCRIPTION,RECURRING_SUBSCRIPTION,2025-06-03 18:05:49.225+00
6163,LEAD,WARM_LEAD,2025-06-03 18:34:19.169+00
2644,RECURRING_SUBSCRIPTION,WARM_LEAD,2025-06-03 22:47:59.785+00
6117,RECURRING_SUBSCRIPTION,WARM_LEAD,2025-06-03 22:56:54.925+00
4754,RECURRING_SUBSCRIPTION,WARM_LEAD,2025-06-03 22:57:23.338+00
6167,LEAD,WARM_LEAD,2025-06-04 07:01:20.944+00
5563,WARM_LEAD,TRIAL,2025-06-04 08:34:24.653+00
3960,COLD_LEAD,WARM_LEAD,2025-06-04 11:28:10.54+00
6151,RECURRING_SUBSCRIPTION,TRIAL,2025-06-04 11:53:37.378+00
2100,LEAD,COLD_LEAD,2025-06-04 12:21:54.555+00
2335,LEAD,COLD_LEAD,2025-06-04 12:22:32.523+00
5547,LEAD,COLD_LEAD,2025-06-04 12:24:41.111+00
6172,LEAD,WARM_LEAD,2025-06-04 12:30:49.905+00
485,RECURRING_SUBSCRIPTION,CHURN,2025-06-04 12:43:29.601+00
6172,WARM_LEAD,RECURRING_SUBSCRIPTION,2025-06-04 12:46:33.938+00
6172,RECURRING_SUBSCRIPTION,RECURRING_SUBSCRIPTION,2025-06-04 12:57:27.606+00
6172,RECURRING_SUBSCRIPTION,WARM_LEAD,2025-06-04 15:20:08.821+00
6172,WARM_LEAD,LEAD,2025-06-04 15:20:20.87+00
6167,WARM_LEAD,LEAD,2025-06-04 15:20:58.632+00
3960,WARM_LEAD,LEAD,2025-06-04 15:21:33.983+00
2526,COLD_LEAD,WARM_LEAD,2025-06-05 07:04:33.978+00
5602,LEAD,WARM_LEAD,2025-06-05 15:25:48.576+00
5602,WARM_LEAD,ON_DEMAND_SUBSCRIPTION,2025-06-05 15:27:53.564+00
5602,ON_DEMAND_SUBSCRIPTION,RECURRING_SUBSCRIPTION,2025-06-05 15:28:48.463+00
5602,RECURRING_SUBSCRIPTION,RECURRING_SUBSCRIPTION,2025-06-05 15:34:20.496+00
5602,RECURRING_SUBSCRIPTION,RECURRING_SUBSCRIPTION,2025-06-05 15:35:32.472+00
1141,RECURRING_SUBSCRIPTION,CHURN,2025-06-05 17:53:37.805+00
5351,RECURRING_SUBSCRIPTION,WARM_LEAD,2025-06-05 19:16:51.285+00
5410,RECURRING_SUBSCRIPTION,RECURRING_SUBSCRIPTION,2025-06-05 19:29:16.351+00
5660,FREEMIUM,RECURRING_SUBSCRIPTION,2025-06-05 21:50:22.789+00
6097,RECURRING_SUBSCRIPTION,RECURRING_SUBSCRIPTION,2025-06-06 13:54:29.407+00
6182,LEAD,WARM_LEAD,2025-06-06 17:04:08.946+00
6182,WARM_LEAD,RECURRING_SUBSCRIPTION,2025-06-06 17:04:21.946+00
2360,FREEMIUM,RECURRING_SUBSCRIPTION,2025-06-06 22:02:03.483+00
2467,FREEMIUM,RECURRING_SUBSCRIPTION,2025-06-06 22:28:18.704+00
2976,COLD_LEAD,WARM_LEAD,2025-06-08 08:44:23.937+00
2976,WARM_LEAD,TRIAL,2025-06-08 08:46:41.026+00
6141,LEAD,COLD_LEAD,2025-06-08 09:37:12.006+00
30,COLD_LEAD,WARM_LEAD,2025-06-08 11:11:51.608+00
223,RECURRING_SUBSCRIPTION,CHURN,2025-06-09 06:31:59.274+00
223,CHURN,CHURN,2025-06-09 06:32:10.268+00
223,CHURN,ON_DEMAND_SUBSCRIPTION,2025-06-09 06:32:50.139+00
2805,RECURRING_SUBSCRIPTION,CHURN,2025-06-09 06:35:41.015+00
5729,WARM_LEAD,RECURRING_SUBSCRIPTION,2025-06-09 08:23:01.441+00
5729,RECURRING_SUBSCRIPTION,RECURRING_SUBSCRIPTION,2025-06-09 08:28:28.419+00
5729,RECURRING_SUBSCRIPTION,WARM_LEAD,2025-06-09 08:29:05.967+00
5565,RECURRING_SUBSCRIPTION,WARM_LEAD,2025-06-09 08:37:32.523+00
5565,WARM_LEAD,WARM_LEAD,2025-06-09 08:37:34.031+00
5565,WARM_LEAD,TRIAL,2025-06-09 08:37:50.658+00
5565,TRIAL,TRIAL,2025-06-09 08:38:08.291+00
6194,LEAD,WARM_LEAD,2025-06-09 08:50:02.704+00
6194,WARM_LEAD,LEAD,2025-06-09 11:36:15.212+00
435,TRIAL,ON_DEMAND_SUBSCRIPTION,2025-06-09 13:01:31.358+00
6192,LEAD,WARM_LEAD,2025-06-09 13:36:00.402+00
6198,LEAD,WARM_LEAD,2025-06-09 18:05:39.451+00
6198,WARM_LEAD,RECURRING_SUBSCRIPTION,2025-06-09 18:05:55.64+00
6198,RECURRING_SUBSCRIPTION,RECURRING_SUBSCRIPTION,2025-06-09 18:07:01.796+00
6198,RECURRING_SUBSCRIPTION,RECURRING_SUBSCRIPTION,2025-06-09 18:17:03.28+00
2901,RECURRING_SUBSCRIPTION,ON_DEMAND_SUBSCRIPTION,2025-06-09 18:56:12.068+00
6198,RECURRING_SUBSCRIPTION,RECURRING_SUBSCRIPTION,2025-06-09 19:21:44.459+00
1728,FREEMIUM,RECURRING_SUBSCRIPTION,2025-06-09 23:13:40.018+00
1728,RECURRING_SUBSCRIPTION,WARM_LEAD,2025-06-09 23:20:30.173+00
2182,RECURRING_SUBSCRIPTION,RECURRING_SUBSCRIPTION,2025-06-09 23:27:04.807+00
2467,RECURRING_SUBSCRIPTION,WARM_LEAD,2025-06-09 23:43:20.466+00
2360,RECURRING_SUBSCRIPTION,WARM_LEAD,2025-06-09 23:44:28.14+00
453,ON_DEMAND_SUBSCRIPTION,WARM_LEAD,2025-06-09 23:46:49.437+00
1521,RECURRING_SUBSCRIPTION,CHURN,2025-06-10 00:58:51.566+00
1521,CHURN,CHURN,2025-06-10 00:58:58.958+00
1521,CHURN,CHURN,2025-06-10 00:59:29.839+00
1521,CHURN,ON_DEMAND_SUBSCRIPTION,2025-06-10 01:04:08.185+00
30,WARM_LEAD,TRIAL,2025-06-10 11:03:45.442+00
5703,RECURRING_SUBSCRIPTION,TRIAL,2025-06-10 12:45:17.061+00
6201,LEAD,WARM_LEAD,2025-06-10 15:29:23.519+00
3535,WARM_LEAD,RECURRING_SUBSCRIPTION,2025-06-10 15:46:53.792+00
6201,WARM_LEAD,RECURRING_SUBSCRIPTION,2025-06-10 15:54:18.897+00
6198,RECURRING_SUBSCRIPTION,RECURRING_SUBSCRIPTION,2025-06-10 16:02:12.462+00
6198,RECURRING_SUBSCRIPTION,RECURRING_SUBSCRIPTION,2025-06-10 16:02:30.753+00
6198,RECURRING_SUBSCRIPTION,RECURRING_SUBSCRIPTION,2025-06-10 16:02:58.166+00
6200,WARM_LEAD,RECURRING_SUBSCRIPTION,2025-06-10 16:09:40.492+00
6200,RECURRING_SUBSCRIPTION,RECURRING_SUBSCRIPTION,2025-06-10 16:20:27.144+00
1728,WARM_LEAD,RECURRING_SUBSCRIPTION,2025-06-10 17:29:22.444+00
6155,LEAD,WARM_LEAD,2025-06-10 17:31:37.31+00
6155,WARM_LEAD,RECURRING_SUBSCRIPTION,2025-06-10 17:35:42.359+00
6201,RECURRING_SUBSCRIPTION,ON_DEMAND_SUBSCRIPTION,2025-06-11 07:49:21.393+00
3100,COLD_LEAD,WARM_LEAD,2025-06-11 10:53:12.314+00
3100,WARM_LEAD,RECURRING_SUBSCRIPTION,2025-06-11 10:57:37.816+00
3100,RECURRING_SUBSCRIPTION,RECURRING_SUBSCRIPTION,2025-06-11 10:57:52.392+00
6215,LEAD,WARM_LEAD,2025-06-11 13:04:02.108+00
6215,WARM_LEAD,ON_DEMAND_SUBSCRIPTION,2025-06-11 13:05:57.896+00
5565,TRIAL,RECURRING_SUBSCRIPTION,2025-06-11 13:49:50.626+00
6217,LEAD,WARM_LEAD,2025-06-11 14:43:29.259+00
6217,WARM_LEAD,RECURRING_SUBSCRIPTION,2025-06-11 14:45:47.681+00
6217,RECURRING_SUBSCRIPTION,RECURRING_SUBSCRIPTION,2025-06-11 14:46:31.375+00
6218,LEAD,WARM_LEAD,2025-06-11 14:57:48.86+00
5565,RECURRING_SUBSCRIPTION,WARM_LEAD,2025-06-11 16:07:40.09+00
5565,WARM_LEAD,TRIAL,2025-06-11 16:07:55.597+00
6155,RECURRING_SUBSCRIPTION,WARM_LEAD,2025-06-11 18:08:06.19+00
6221,LEAD,WARM_LEAD,2025-06-11 20:06:42.217+00
5397,LEAD,WARM_LEAD,2025-06-11 21:55:21.029+00
5397,WARM_LEAD,RECURRING_SUBSCRIPTION,2025-06-11 21:55:34.789+00
5397,RECURRING_SUBSCRIPTION,WARM_LEAD,2025-06-11 21:57:04.432+00
1050,COLD_LEAD,WARM_LEAD,2025-06-12 07:27:14.884+00
6151,TRIAL,RECURRING_SUBSCRIPTION,2025-06-12 08:20:35.215+00
3118,RECURRING_SUBSCRIPTION,RECURRING_SUBSCRIPTION,2025-06-12 08:28:02.097+00
3118,RECURRING_SUBSCRIPTION,RECURRING_SUBSCRIPTION,2025-06-12 08:31:59.489+00
3100,RECURRING_SUBSCRIPTION,TRIAL,2025-06-12 11:36:38.413+00
2632,RECURRING_SUBSCRIPTION,RECURRING_SUBSCRIPTION,2025-06-12 13:51:06.871+00
2632,RECURRING_SUBSCRIPTION,RECURRING_SUBSCRIPTION,2025-06-12 13:51:16.287+00
2632,RECURRING_SUBSCRIPTION,RECURRING_SUBSCRIPTION,2025-06-12 13:51:26.956+00
2632,RECURRING_SUBSCRIPTION,RECURRING_SUBSCRIPTION,2025-06-12 13:51:41.305+00
2632,RECURRING_SUBSCRIPTION,RECURRING_SUBSCRIPTION,2025-06-12 13:51:47.343+00
2632,RECURRING_SUBSCRIPTION,RECURRING_SUBSCRIPTION,2025-06-12 13:52:32.599+00
2632,RECURRING_SUBSCRIPTION,RECURRING_SUBSCRIPTION,2025-06-12 13:53:00.555+00
6176,LEAD,WARM_LEAD,2025-06-12 14:44:26.916+00
6176,WARM_LEAD,RECURRING_SUBSCRIPTION,2025-06-12 14:44:33.29+00
5676,WARM_LEAD,RECURRING_SUBSCRIPTION,2025-06-12 14:50:43.577+00
3069,TRIAL,RECURRING_SUBSCRIPTION,2025-06-13 11:41:35.469+00
6227,LEAD,WARM_LEAD,2025-06-13 15:14:23.797+00
6227,WARM_LEAD,RECURRING_SUBSCRIPTION,2025-06-13 15:15:12.119+00
3074,RECURRING_SUBSCRIPTION,TRIAL,2025-06-13 18:09:17.538+00
1966,RECURRING_SUBSCRIPTION,CHURN,2025-06-13 19:34:04.167+00
2144,FREEMIUM,RECURRING_SUBSCRIPTION,2025-06-13 22:59:27.874+00
2144,RECURRING_SUBSCRIPTION,WARM_LEAD,2025-06-13 23:07:54.873+00
3100,TRIAL,RECURRING_SUBSCRIPTION,2025-06-14 17:14:24.701+00
6164,LEAD,COLD_LEAD,2025-06-15 06:00:41.646+00
6164,COLD_LEAD,COLD_LEAD,2025-06-15 06:00:42.333+00
6165,LEAD,COLD_LEAD,2025-06-15 06:01:10.591+00
6166,LEAD,COLD_LEAD,2025-06-15 06:01:34.025+00
6168,LEAD,COLD_LEAD,2025-06-15 06:02:00.766+00
6169,LEAD,COLD_LEAD,2025-06-15 06:02:20.958+00
6169,COLD_LEAD,COLD_LEAD,2025-06-15 06:02:40.243+00
6175,LEAD,COLD_LEAD,2025-06-15 06:04:28.434+00
6150,LEAD,COLD_LEAD,2025-06-15 06:08:31.229+00
6150,COLD_LEAD,COLD_LEAD,2025-06-15 06:08:33.863+00
1242,COLD_LEAD,WARM_LEAD,2025-06-15 07:09:20.707+00
416,COLD_LEAD,WARM_LEAD,2025-06-16 09:00:04.716+00
416,WARM_LEAD,RECURRING_SUBSCRIPTION,2025-06-16 09:06:26.561+00
2222,COLD_LEAD,WARM_LEAD,2025-06-16 09:15:32.405+00
1242,WARM_LEAD,LEAD,2025-06-16 12:08:55.562+00
416,RECURRING_SUBSCRIPTION,WARM_LEAD,2025-06-16 12:11:28.243+00
416,WARM_LEAD,LEAD,2025-06-16 12:11:41.347+00
416,LEAD,LEAD,2025-06-16 12:11:41.915+00
416,LEAD,LEAD,2025-06-16 12:11:43.324+00
3100,RECURRING_SUBSCRIPTION,TRIAL,2025-06-16 12:11:57.36+00
6231,LEAD,WARM_LEAD,2025-06-16 12:15:17.301+00
6231,WARM_LEAD,TRIAL,2025-06-16 12:16:01.734+00
2526,WARM_LEAD,LEAD,2025-06-16 12:23:32.726+00
2222,WARM_LEAD,TRIAL,2025-06-16 12:23:53.316+00
1050,WARM_LEAD,LEAD,2025-06-16 12:24:22.223+00
243,RECURRING_SUBSCRIPTION,CHURN,2025-06-16 12:37:49.777+00
5671,LEAD,WARM_LEAD,2025-06-16 16:21:28.348+00
5671,WARM_LEAD,TRIAL,2025-06-16 16:22:39.539+00
2209,FREEMIUM,RECURRING_SUBSCRIPTION,2025-06-16 16:23:27.3+00
5338,TRIAL,RECURRING_SUBSCRIPTION,2025-06-16 21:16:40.944+00
5338,RECURRING_SUBSCRIPTION,WARM_LEAD,2025-06-17 00:00:31.68+00
5338,WARM_LEAD,LEAD,2025-06-17 00:01:02.056+00
5338,LEAD,WARM_LEAD,2025-06-17 00:01:45.181+00
5338,WARM_LEAD,RECURRING_SUBSCRIPTION,2025-06-17 00:10:21.604+00
1728,RECURRING_SUBSCRIPTION,WARM_LEAD,2025-06-17 00:49:01.276+00
6227,RECURRING_SUBSCRIPTION,WARM_LEAD,2025-06-17 00:49:27.753+00
6217,RECURRING_SUBSCRIPTION,WARM_LEAD,2025-06-17 00:49:54.609+00
3100,TRIAL,RECURRING_SUBSCRIPTION,2025-06-17 06:36:12.381+00
416,LEAD,WARM_LEAD,2025-06-17 08:52:46.603+00
2222,TRIAL,RECURRING_SUBSCRIPTION,2025-06-17 11:34:55.73+00
3917,RECURRING_SUBSCRIPTION,WARM_LEAD,2025-06-17 11:39:28.17+00
6250,LEAD,WARM_LEAD,2025-06-17 12:21:34.407+00
2850,RECURRING_SUBSCRIPTION,TRIAL,2025-06-17 13:14:16.66+00
6246,LEAD,WARM_LEAD,2025-06-17 20:49:52.1+00
6246,WARM_LEAD,RECURRING_SUBSCRIPTION,2025-06-17 20:50:20.177+00
6246,RECURRING_SUBSCRIPTION,WARM_LEAD,2025-06-17 20:59:28.319+00
6246,WARM_LEAD,RECURRING_SUBSCRIPTION,2025-06-17 21:11:43.967+00
6152,LEAD,WARM_LEAD,2025-06-17 21:38:25.92+00
6152,WARM_LEAD,RECURRING_SUBSCRIPTION,2025-06-17 21:41:39.625+00
2222,RECURRING_SUBSCRIPTION,TRIAL,2025-06-18 10:34:17.729+00
3100,RECURRING_SUBSCRIPTION,TRIAL,2025-06-18 10:34:35.243+00
6218,WARM_LEAD,RECURRING_SUBSCRIPTION,2025-06-18 14:39:42.245+00
5676,RECURRING_SUBSCRIPTION,RECURRING_SUBSCRIPTION,2025-06-18 14:56:14.079+00
5379,LEAD,WARM_LEAD,2025-06-18 21:42:19.289+00
5379,WARM_LEAD,RECURRING_SUBSCRIPTION,2025-06-18 21:42:40.696+00
5379,RECURRING_SUBSCRIPTION,RECURRING_SUBSCRIPTION,2025-06-18 21:47:12.608+00
6246,RECURRING_SUBSCRIPTION,WARM_LEAD,2025-06-18 23:17:12.701+00
5338,RECURRING_SUBSCRIPTION,WARM_LEAD,2025-06-18 23:18:03.953+00
2209,RECURRING_SUBSCRIPTION,TRIAL,2025-06-18 23:19:44.926+00
5536,RECURRING_SUBSCRIPTION,WARM_LEAD,2025-06-18 23:21:10.834+00
5536,WARM_LEAD,LEAD,2025-06-18 23:21:38.343+00
5536,LEAD,WARM_LEAD,2025-06-18 23:22:18.55+00
5536,WARM_LEAD,LEAD,2025-06-18 23:23:03.674+00
5536,LEAD,WARM_LEAD,2025-06-18 23:23:47.199+00
1050,LEAD,WARM_LEAD,2025-06-19 07:29:41.91+00
6257,WARM_LEAD,TRIAL,2025-06-19 09:58:48.444+00
1237,TRIAL,ON_DEMAND_SUBSCRIPTION,2025-06-19 10:37:27.17+00
6273,LEAD,WARM_LEAD,2025-06-19 17:28:51.835+00
5991,FREEMIUM,RECURRING_SUBSCRIPTION,2025-06-19 18:52:59.392+00
6281,LEAD,WARM_LEAD,2025-06-19 19:04:44.834+00
6281,WARM_LEAD,RECURRING_SUBSCRIPTION,2025-06-19 19:05:08.262+00
6281,RECURRING_SUBSCRIPTION,RECURRING_SUBSCRIPTION,2025-06-19 19:08:23.31+00
6273,WARM_LEAD,RECURRING_SUBSCRIPTION,2025-06-19 20:26:48.963+00
6273,RECURRING_SUBSCRIPTION,TRIAL,2025-06-19 22:46:05.284+00
6276,LEAD,WARM_LEAD,2025-06-20 15:12:32.853+00
6276,WARM_LEAD,RECURRING_SUBSCRIPTION,2025-06-20 15:12:45.604+00
5593,LEAD,WARM_LEAD,2025-06-20 15:37:42.067+00
5593,WARM_LEAD,RECURRING_SUBSCRIPTION,2025-06-20 15:40:06.051+00
6264,LEAD,WARM_LEAD,2025-06-20 20:21:24.762+00
6264,WARM_LEAD,RECURRING_SUBSCRIPTION,2025-06-20 20:21:36.086+00
6264,RECURRING_SUBSCRIPTION,RECURRING_SUBSCRIPTION,2025-06-20 20:31:18.797+00
6264,RECURRING_SUBSCRIPTION,RECURRING_SUBSCRIPTION,2025-06-20 20:45:10.091+00
739,FREEMIUM,RECURRING_SUBSCRIPTION,2025-06-20 21:57:29.21+00
739,RECURRING_SUBSCRIPTION,TRIAL,2025-06-20 22:04:51.591+00
6197,LEAD,COLD_LEAD,2025-06-22 06:44:12.322+00
3960,LEAD,WARM_LEAD,2025-06-22 07:02:07.469+00
5230,RECURRING_SUBSCRIPTION,CHURN,2025-06-22 07:20:47.916+00
5230,CHURN,CHURN,2025-06-22 07:20:57.447+00
1520,COLD_LEAD,WARM_LEAD,2025-06-22 10:01:43.675+00
6356,LEAD,WARM_LEAD,2025-06-22 12:28:28.42+00
6356,WARM_LEAD,TRIAL,2025-06-22 13:11:27.381+00
2690,COLD_LEAD,WARM_LEAD,2025-06-23 09:14:33.811+00
6341,LEAD,WARM_LEAD,2025-06-23 10:20:21.361+00
3100,TRIAL,RECURRING_SUBSCRIPTION,2025-06-23 10:32:57.243+00
2690,WARM_LEAD,TRIAL,2025-06-23 11:05:56.286+00
5520,LEAD,WARM_LEAD,2025-06-23 15:34:30.018+00
5520,WARM_LEAD,RECURRING_SUBSCRIPTION,2025-06-23 15:34:58.789+00
6362,LEAD,WARM_LEAD,2025-06-23 16:23:43.79+00
6362,WARM_LEAD,RECURRING_SUBSCRIPTION,2025-06-23 16:24:37.514+00
6352,LEAD,WARM_LEAD,2025-06-23 16:43:08.01+00
6352,WARM_LEAD,RECURRING_SUBSCRIPTION,2025-06-23 16:43:49.846+00
6327,LEAD,WARM_LEAD,2025-06-23 17:29:40.419+00
6327,WARM_LEAD,RECURRING_SUBSCRIPTION,2025-06-23 17:33:45.438+00
1603,RECURRING_SUBSCRIPTION,CHURN,2025-06-23 18:02:18.628+00
3555,RECURRING_SUBSCRIPTION,CHURN,2025-06-23 18:08:52.603+00
6360,LEAD,WARM_LEAD,2025-06-23 19:40:41.878+00
6360,WARM_LEAD,RECURRING_SUBSCRIPTION,2025-06-23 19:41:30.278+00
6360,RECURRING_SUBSCRIPTION,RECURRING_SUBSCRIPTION,2025-06-23 19:42:52.361+00
6360,RECURRING_SUBSCRIPTION,RECURRING_SUBSCRIPTION,2025-06-23 19:43:43.639+00
6360,RECURRING_SUBSCRIPTION,RECURRING_SUBSCRIPTION,2025-06-23 19:53:01.493+00
3716,RECURRING_SUBSCRIPTION,CHURN,2025-06-23 20:56:41.886+00
5520,RECURRING_SUBSCRIPTION,WARM_LEAD,2025-06-23 22:24:25.419+00
6362,RECURRING_SUBSCRIPTION,TRIAL,2025-06-23 22:25:24.805+00
6352,RECURRING_SUBSCRIPTION,RECURRING_SUBSCRIPTION,2025-06-23 22:32:02.111+00
6264,RECURRING_SUBSCRIPTION,WARM_LEAD,2025-06-23 22:41:39.449+00
5536,RECURRING_SUBSCRIPTION,WARM_LEAD,2025-06-23 22:46:30.477+00
3555,CHURN,TRIAL,2025-06-24 08:04:54.624+00
2302,TRIAL,ON_DEMAND_SUBSCRIPTION,2025-06-24 12:35:05.81+00
6262,LEAD,WARM_LEAD,2025-06-24 20:52:28.742+00
6262,WARM_LEAD,RECURRING_SUBSCRIPTION,2025-06-24 20:52:43.797+00
6256,FREEMIUM,RECURRING_SUBSCRIPTION,2025-06-24 21:57:04.881+00
6256,RECURRING_SUBSCRIPTION,TRIAL,2025-06-24 23:52:37.135+00
6363,LEAD,COLD_LEAD,2025-06-25 10:59:23.438+00
3090,RECURRING_SUBSCRIPTION,CHURN,2025-06-25 19:48:11.935+00
3090,CHURN,ON_DEMAND_SUBSCRIPTION,2025-06-25 19:50:00.475+00
6401,LEAD,WARM_LEAD,2025-06-25 21:26:54.445+00
6401,WARM_LEAD,RECURRING_SUBSCRIPTION,2025-06-25 21:27:09.333+00
6294,LEAD,WARM_LEAD,2025-06-25 21:38:30.124+00
6294,WARM_LEAD,RECURRING_SUBSCRIPTION,2025-06-25 21:39:06.775+00
6294,RECURRING_SUBSCRIPTION,WARM_LEAD,2025-06-25 21:43:12.864+00
6218,RECURRING_SUBSCRIPTION,RECURRING_SUBSCRIPTION,2025-06-26 08:22:36.393+00
16,TRIAL,RECURRING_SUBSCRIPTION,2025-06-26 08:40:17.846+00
6409,LEAD,WARM_LEAD,2025-06-26 10:34:00.356+00
6409,WARM_LEAD,TRIAL,2025-06-26 10:41:35.149+00
5600,RECURRING_SUBSCRIPTION,TRIAL,2025-06-26 15:22:08.102+00
5341,LEAD,WARM_LEAD,2025-06-26 15:47:47.646+00
5341,WARM_LEAD,RECURRING_SUBSCRIPTION,2025-06-26 15:48:04.152+00
5341,RECURRING_SUBSCRIPTION,RECURRING_SUBSCRIPTION,2025-06-26 17:14:30.56+00
2396,RECURRING_SUBSCRIPTION,WARM_LEAD,2025-06-26 17:44:35.579+00
2678,FREEMIUM,RECURRING_SUBSCRIPTION,2025-06-26 19:41:24.027+00
2678,RECURRING_SUBSCRIPTION,RECURRING_SUBSCRIPTION,2025-06-26 19:48:35.769+00
2678,RECURRING_SUBSCRIPTION,RECURRING_SUBSCRIPTION,2025-06-26 20:32:51.764+00
2678,RECURRING_SUBSCRIPTION,RECURRING_SUBSCRIPTION,2025-06-26 20:34:44.844+00
5341,RECURRING_SUBSCRIPTION,RECURRING_SUBSCRIPTION,2025-06-26 21:35:27.386+00
6423,LEAD,WARM_LEAD,2025-06-27 14:09:48.943+00
6423,WARM_LEAD,RECURRING_SUBSCRIPTION,2025-06-27 14:10:14.38+00
6424,LEAD,WARM_LEAD,2025-06-27 18:07:09.145+00
6424,WARM_LEAD,RECURRING_SUBSCRIPTION,2025-06-27 18:07:28.418+00
6424,RECURRING_SUBSCRIPTION,WARM_LEAD,2025-06-27 18:09:04.447+00
5478,LEAD,WARM_LEAD,2025-06-27 19:16:37.957+00
5478,WARM_LEAD,RECURRING_SUBSCRIPTION,2025-06-27 19:16:54.6+00
5478,RECURRING_SUBSCRIPTION,WARM_LEAD,2025-06-27 19:22:10.066+00
6429,LEAD,WARM_LEAD,2025-06-27 20:02:35.15+00
6429,WARM_LEAD,RECURRING_SUBSCRIPTION,2025-06-27 20:02:56.717+00
6295,LEAD,WARM_LEAD,2025-06-27 20:53:10.092+00
6295,WARM_LEAD,RECURRING_SUBSCRIPTION,2025-06-27 20:53:25.094+00
6363,COLD_LEAD,WARM_LEAD,2025-06-29 07:39:39.101+00
6257,TRIAL,RECURRING_SUBSCRIPTION,2025-06-29 08:55:54.409+00
6376,LEAD,COLD_LEAD,2025-06-29 09:09:03.278+00
6194,LEAD,COLD_LEAD,2025-06-29 09:09:38.937+00
6194,COLD_LEAD,COLD_LEAD,2025-06-29 09:09:43.298+00
6348,LEAD,COLD_LEAD,2025-06-29 09:10:08.541+00
6347,LEAD,COLD_LEAD,2025-06-29 09:10:45.771+00
6346,LEAD,COLD_LEAD,2025-06-29 09:11:16.923+00
6346,COLD_LEAD,COLD_LEAD,2025-06-29 09:11:17.596+00
6346,COLD_LEAD,COLD_LEAD,2025-06-29 09:11:19.354+00
6172,LEAD,COLD_LEAD,2025-06-29 09:11:37.819+00
6172,COLD_LEAD,COLD_LEAD,2025-06-29 09:11:38.468+00
6172,COLD_LEAD,COLD_LEAD,2025-06-29 09:11:40.115+00
2526,LEAD,COLD_LEAD,2025-06-29 09:11:58.398+00
2526,COLD_LEAD,COLD_LEAD,2025-06-29 09:11:58.418+00
2526,COLD_LEAD,COLD_LEAD,2025-06-29 09:11:58.8+00
2526,COLD_LEAD,COLD_LEAD,2025-06-29 09:12:08.891+00
6246,WARM_LEAD,RECURRING_SUBSCRIPTION,2025-06-29 09:15:43.964+00
6246,RECURRING_SUBSCRIPTION,RECURRING_SUBSCRIPTION,2025-06-29 09:16:12.738+00
2257,ON_DEMAND_SUBSCRIPTION,CHURN,2025-06-29 10:07:35.48+00
116,RECURRING_SUBSCRIPTION,CHURN,2025-06-29 15:53:36.049+00
2930,ON_DEMAND_SUBSCRIPTION,CHURN,2025-06-30 12:25:14.644+00
2317,RECURRING_SUBSCRIPTION,CHURN,2025-06-30 14:27:16.76+00
6440,LEAD,WARM_LEAD,2025-06-30 14:40:31.275+00
6440,WARM_LEAD,RECURRING_SUBSCRIPTION,2025-06-30 14:40:57.696+00
5372,LEAD,WARM_LEAD,2025-06-30 15:39:21.159+00
5372,WARM_LEAD,RECURRING_SUBSCRIPTION,2025-06-30 15:39:43.762+00
6105,RECURRING_SUBSCRIPTION,TRIAL,2025-06-30 18:09:16.432+00
1728,WARM_LEAD,RECURRING_SUBSCRIPTION,2025-06-30 19:15:29.988+00
5372,RECURRING_SUBSCRIPTION,RECURRING_SUBSCRIPTION,2025-06-30 19:24:06.072+00
1728,RECURRING_SUBSCRIPTION,LEAD,2025-06-30 19:26:11.011+00
6262,RECURRING_SUBSCRIPTION,TRIAL,2025-06-30 19:52:28.72+00
6340,LEAD,WARM_LEAD,2025-06-30 20:45:50.411+00
6340,WARM_LEAD,RECURRING_SUBSCRIPTION,2025-06-30 20:46:15.367+00
6340,RECURRING_SUBSCRIPTION,RECURRING_SUBSCRIPTION,2025-06-30 20:54:43.273+00
4478,FREEMIUM,RECURRING_SUBSCRIPTION,2025-06-30 21:05:09.091+00
4478,RECURRING_SUBSCRIPTION,RECURRING_SUBSCRIPTION,2025-06-30 21:05:56.728+00
4478,RECURRING_SUBSCRIPTION,RECURRING_SUBSCRIPTION,2025-06-30 21:11:10.415+00
4478,RECURRING_SUBSCRIPTION,RECURRING_SUBSCRIPTION,2025-06-30 21:21:12.949+00
6449,LEAD,WARM_LEAD,2025-07-01 06:23:05.817+00
6449,WARM_LEAD,TRIAL,2025-07-01 06:27:08.983+00
4478,RECURRING_SUBSCRIPTION,TRIAL,2025-07-01 10:28:58.725+00
6456,LEAD,WARM_LEAD,2025-07-01 10:48:05.337+00
6456,WARM_LEAD,TRIAL,2025-07-01 10:48:21.747+00
3166,COLD_LEAD,WARM_LEAD,2025-07-01 13:58:32.088+00
1461,TRIAL,RECURRING_SUBSCRIPTION,2025-07-01 14:34:12.063+00
1461,RECURRING_SUBSCRIPTION,RECURRING_SUBSCRIPTION,2025-07-01 14:35:13.472+00
1668,RECURRING_SUBSCRIPTION,CHURN,2025-07-01 14:37:16.772+00
211,RECURRING_SUBSCRIPTION,CHURN,2025-07-01 14:45:09.033+00
172,RECURRING_SUBSCRIPTION,CHURN,2025-07-01 14:45:39.761+00
1461,RECURRING_SUBSCRIPTION,RECURRING_SUBSCRIPTION,2025-07-01 14:53:50.685+00
1461,RECURRING_SUBSCRIPTION,RECURRING_SUBSCRIPTION,2025-07-01 14:54:16.56+00
1461,RECURRING_SUBSCRIPTION,TRIAL,2025-07-01 15:01:37.919+00
6450,LEAD,WARM_LEAD,2025-07-01 15:05:23.441+00
6450,WARM_LEAD,RECURRING_SUBSCRIPTION,2025-07-01 15:05:46.06+00
6289,LEAD,WARM_LEAD,2025-07-01 15:48:39.12+00
6289,WARM_LEAD,RECURRING_SUBSCRIPTION,2025-07-01 15:48:54.941+00
6289,RECURRING_SUBSCRIPTION,RECURRING_SUBSCRIPTION,2025-07-01 15:50:19.475+00
6289,RECURRING_SUBSCRIPTION,RECURRING_SUBSCRIPTION,2025-07-01 15:50:40.964+00
6289,RECURRING_SUBSCRIPTION,RECURRING_SUBSCRIPTION,2025-07-01 15:54:25.109+00
1266,ON_DEMAND_SUBSCRIPTION,TRIAL,2025-07-01 17:10:37.235+00
6312,LEAD,WARM_LEAD,2025-07-01 22:06:14.255+00
6312,WARM_LEAD,RECURRING_SUBSCRIPTION,2025-07-01 22:06:26.737+00
6287,LEAD,WARM_LEAD,2025-07-01 22:18:20.291+00
6287,WARM_LEAD,RECURRING_SUBSCRIPTION,2025-07-01 22:18:30.378+00
6287,RECURRING_SUBSCRIPTION,RECURRING_SUBSCRIPTION,2025-07-01 22:19:12.032+00
6287,RECURRING_SUBSCRIPTION,TRIAL,2025-07-01 22:23:39.184+00
6312,RECURRING_SUBSCRIPTION,WARM_LEAD,2025-07-01 22:25:00.786+00
6142,TRIAL,RECURRING_SUBSCRIPTION,2025-07-02 06:52:52.098+00
3166,WARM_LEAD,TRIAL,2025-07-02 11:34:44.933+00
5704,TRIAL,RECURRING_SUBSCRIPTION,2025-07-02 13:05:44.554+00
5704,RECURRING_SUBSCRIPTION,CHURN,2025-07-02 13:07:58.902+00
6356,TRIAL,RECURRING_SUBSCRIPTION,2025-07-02 14:02:07.787+00
6444,LEAD,WARM_LEAD,2025-07-02 22:07:12.366+00
6444,WARM_LEAD,RECURRING_SUBSCRIPTION,2025-07-02 22:07:43.784+00
6444,RECURRING_SUBSCRIPTION,RECURRING_SUBSCRIPTION,2025-07-02 22:15:03.888+00
6539,LEAD,COLD_LEAD,2025-07-09 12:32:30.459+00
122,RECURRING_SUBSCRIPTION,ON_DEMAND_SUBSCRIPTION,2025-07-03 06:56:28.504+00
1737,TRIAL,RECURRING_SUBSCRIPTION,2025-07-03 07:05:27.802+00
6289,RECURRING_SUBSCRIPTION,WARM_LEAD,2025-07-03 07:09:21.959+00
6295,RECURRING_SUBSCRIPTION,WARM_LEAD,2025-07-03 07:09:55.989+00
2877,COLD_LEAD,WARM_LEAD,2025-07-03 07:48:05.99+00
2877,WARM_LEAD,TRIAL,2025-07-03 08:38:41.839+00
6471,LEAD,WARM_LEAD,2025-07-03 14:13:42.887+00
6471,WARM_LEAD,RECURRING_SUBSCRIPTION,2025-07-03 14:14:29.066+00
6478,LEAD,WARM_LEAD,2025-07-03 14:32:49.416+00
6478,WARM_LEAD,RECURRING_SUBSCRIPTION,2025-07-03 14:33:43.487+00
6198,RECURRING_SUBSCRIPTION,WARM_LEAD,2025-07-03 14:54:26.548+00
6478,RECURRING_SUBSCRIPTION,TRIAL,2025-07-03 15:17:19.687+00
6097,RECURRING_SUBSCRIPTION,WARM_LEAD,2025-07-03 17:29:44.205+00
1799,RECURRING_SUBSCRIPTION,RECURRING_SUBSCRIPTION,2025-07-03 19:04:59.48+00
5404,RECURRING_SUBSCRIPTION,TRIAL,2025-07-03 19:30:27.033+00
4845,FREEMIUM,RECURRING_SUBSCRIPTION,2025-07-03 21:05:18.74+00
6483,LEAD,WARM_LEAD,2025-07-03 21:45:44.994+00
6483,WARM_LEAD,RECURRING_SUBSCRIPTION,2025-07-03 21:45:56.042+00
6405,LEAD,WARM_LEAD,2025-07-03 22:08:11.69+00
6405,WARM_LEAD,RECURRING_SUBSCRIPTION,2025-07-03 22:08:39.107+00
6405,RECURRING_SUBSCRIPTION,TRIAL,2025-07-03 22:45:50.778+00
6483,RECURRING_SUBSCRIPTION,WARM_LEAD,2025-07-03 22:49:39.039+00
6357,LEAD,COLD_LEAD,2025-07-06 05:22:02.016+00
6357,COLD_LEAD,COLD_LEAD,2025-07-06 05:22:02.989+00
6375,LEAD,COLD_LEAD,2025-07-06 05:22:31.898+00
6375,LEAD,COLD_LEAD,2025-07-06 05:22:31.901+00
6431,LEAD,COLD_LEAD,2025-07-06 05:23:07.655+00
6431,LEAD,COLD_LEAD,2025-07-06 05:23:07.661+00
6431,LEAD,COLD_LEAD,2025-07-06 05:23:07.663+00
6431,COLD_LEAD,COLD_LEAD,2025-07-06 05:23:07.676+00
6431,COLD_LEAD,COLD_LEAD,2025-07-06 05:23:07.678+00
6442,LEAD,COLD_LEAD,2025-07-06 05:24:14.642+00
6442,LEAD,COLD_LEAD,2025-07-06 05:24:14.647+00
6442,LEAD,COLD_LEAD,2025-07-06 05:24:14.649+00
6442,COLD_LEAD,COLD_LEAD,2025-07-06 05:24:14.653+00
210,COLD_LEAD,WARM_LEAD,2025-07-06 12:21:25.988+00
210,WARM_LEAD,WARM_LEAD,2025-07-06 12:45:54.948+00
210,WARM_LEAD,RECURRING_SUBSCRIPTION,2025-07-06 13:06:33.695+00
210,RECURRING_SUBSCRIPTION,WARM_LEAD,2025-07-07 09:02:31.96+00
210,WARM_LEAD,LEAD,2025-07-07 09:02:44.256+00
6449,TRIAL,RECURRING_SUBSCRIPTION,2025-07-07 10:01:04.068+00
2790,WARM_LEAD,RECURRING_SUBSCRIPTION,2025-07-07 11:29:39.026+00
2790,RECURRING_SUBSCRIPTION,RECURRING_SUBSCRIPTION,2025-07-07 11:30:09.009+00
2790,RECURRING_SUBSCRIPTION,RECURRING_SUBSCRIPTION,2025-07-07 11:30:45.743+00
6499,LEAD,WARM_LEAD,2025-07-07 14:02:53.752+00
6499,WARM_LEAD,RECURRING_SUBSCRIPTION,2025-07-07 14:03:13.596+00
1965,RECURRING_SUBSCRIPTION,CHURN,2025-07-07 14:26:20.524+00
6264,RECURRING_SUBSCRIPTION,TRIAL,2025-07-07 14:33:09.18+00
1880,FREEMIUM,RECURRING_SUBSCRIPTION,2025-07-07 16:13:41.201+00
2678,RECURRING_SUBSCRIPTION,RECURRING_SUBSCRIPTION,2025-07-07 16:50:38.679+00
6246,RECURRING_SUBSCRIPTION,TRIAL,2025-07-07 17:10:29.445+00
6502,LEAD,WARM_LEAD,2025-07-07 18:31:04.012+00
6502,WARM_LEAD,RECURRING_SUBSCRIPTION,2025-07-07 18:31:25.162+00
6502,RECURRING_SUBSCRIPTION,RECURRING_SUBSCRIPTION,2025-07-07 18:44:52.269+00
3959,ON_DEMAND_SUBSCRIPTION,WARM_LEAD,2025-07-07 18:47:30.116+00
3959,WARM_LEAD,LEAD,2025-07-07 18:47:43.061+00
1880,RECURRING_SUBSCRIPTION,TRIAL,2025-07-07 18:51:59.089+00
5474,LEAD,WARM_LEAD,2025-07-07 20:49:30.361+00
5474,WARM_LEAD,RECURRING_SUBSCRIPTION,2025-07-07 20:50:36.282+00
6434,LEAD,COLD_LEAD,2025-07-08 05:47:13.909+00
6492,LEAD,COLD_LEAD,2025-07-08 05:49:50.988+00
3072,RECURRING_SUBSCRIPTION,CHURN,2025-07-08 10:52:44.729+00
3569,COLD_LEAD,WARM_LEAD,2025-07-08 10:57:58.777+00
6501,LEAD,WARM_LEAD,2025-07-08 11:07:34.21+00
6501,WARM_LEAD,WARM_LEAD,2025-07-08 11:08:33.606+00
6499,RECURRING_SUBSCRIPTION,TRIAL,2025-07-08 11:31:41.247+00
6355,WARM_LEAD,LEAD,2025-07-08 11:44:10.312+00
6511,WARM_LEAD,RECURRING_SUBSCRIPTION,2025-07-08 13:50:10.214+00
6535,LEAD,COLD_LEAD,2025-07-20 05:11:04.212+00
6535,LEAD,COLD_LEAD,2025-07-20 05:11:04.213+00
6535,LEAD,COLD_LEAD,2025-07-20 05:11:04.216+00
6535,COLD_LEAD,COLD_LEAD,2025-07-20 05:11:04.73+00
9583,RECURRING_SUBSCRIPTION,WARM_LEAD,2025-12-04 18:22:38.194+00
9596,WARM_LEAD,RECURRING_SUBSCRIPTION,2025-12-04 20:19:17.281+00
9151,WARM_LEAD,RECURRING_SUBSCRIPTION,2025-12-04 21:14:35.044+00
9596,LEAD,WARM_LEAD,2025-12-04 21:48:56.936+00
9596,RECURRING_SUBSCRIPTION,RECURRING_SUBSCRIPTION,2025-12-04 21:49:26.368+00
9596,RECURRING_SUBSCRIPTION,RECURRING_SUBSCRIPTION,2025-12-04 22:28:34.664+00
9578,LEAD,WARM_LEAD,2025-12-05 00:42:50.579+00
9578,RECURRING_SUBSCRIPTION,ON_DEMAND_SUBSCRIPTION,2025-12-05 00:43:26.312+00
9588,LEAD,WARM_LEAD,2025-12-05 00:56:02.188+00
8736,LEAD,WARM_LEAD,2025-12-05 02:46:05.891+00
8736,WARM_LEAD,RECURRING_SUBSCRIPTION,2025-12-05 02:46:18.027+00
942,ON_DEMAND_SUBSCRIPTION,WARM_LEAD,2025-12-05 16:10:49.876+00
8736,RECURRING_SUBSCRIPTION,RECURRING_SUBSCRIPTION,2025-12-05 16:33:16.668+00
8736,RECURRING_SUBSCRIPTION,WARM_LEAD,2025-12-05 16:40:30.422+00
5423,RECURRING_SUBSCRIPTION,WARM_LEAD,2025-12-05 17:14:29.715+00
7475,LEAD,WARM_LEAD,2025-12-05 17:58:58.473+00
7475,WARM_LEAD,RECURRING_SUBSCRIPTION,2025-12-05 17:59:23.522+00
7475,RECURRING_SUBSCRIPTION,WARM_LEAD,2025-12-05 18:36:30.003+00
7475,WARM_LEAD,LEAD,2025-12-05 18:36:44.898+00
2384,RECURRING_SUBSCRIPTION,CHURN,2025-12-05 18:38:09.27+00
9613,LEAD,RECURRING_SUBSCRIPTION,2025-12-05 18:51:01.593+00
8073,TRIAL,RECURRING_SUBSCRIPTION,2025-12-06 21:38:18.145+00
9627,LEAD,RECURRING_SUBSCRIPTION,2025-12-07 07:13:06.009+00
9628,LEAD,RECURRING_SUBSCRIPTION,2025-12-07 08:09:37.273+00
9601,LEAD,WARM_LEAD,2025-12-07 10:31:11.592+00
9601,WARM_LEAD,RECURRING_SUBSCRIPTION,2025-12-07 10:49:52.824+00
9221,ON_DEMAND_SUBSCRIPTION,RECURRING_SUBSCRIPTION,2025-12-07 11:39:45.399+00
9601,RECURRING_SUBSCRIPTION,WARM_LEAD,2025-12-07 14:28:56.921+00
2439,LEAD,WARM_LEAD,2025-12-07 16:55:34.362+00
2439,WARM_LEAD,LEAD,2025-12-07 17:01:35.826+00
8588,LEAD,RECURRING_SUBSCRIPTION,2025-12-07 23:13:28.511+00
2648,COLD_LEAD,WARM_LEAD,2025-12-08 09:00:24.867+00
2648,WARM_LEAD,TRIAL,2025-12-08 09:09:56.615+00
3082,COLD_LEAD,WARM_LEAD,2025-12-08 10:58:56.099+00
3168,FREEMIUM,RECURRING_SUBSCRIPTION,2025-12-08 11:27:27.206+00
1167,COLD_LEAD,WARM_LEAD,2025-12-08 13:54:32.494+00
1167,WARM_LEAD,RECURRING_SUBSCRIPTION,2025-12-08 13:57:47.397+00
9311,LEAD,RECURRING_SUBSCRIPTION,2025-12-08 15:55:39.487+00
6780,LEAD,WARM_LEAD,2025-12-08 16:28:39.774+00
1167,RECURRING_SUBSCRIPTION,WARM_LEAD,2025-12-08 16:55:35.092+00
8180,TRIAL,ON_DEMAND_SUBSCRIPTION,2025-12-08 17:03:19.121+00
9369,WARM_LEAD,RECURRING_SUBSCRIPTION,2025-12-08 17:54:06.34+00
9369,RECURRING_SUBSCRIPTION,WARM_LEAD,2025-12-08 18:03:35.73+00
9647,LEAD,WARM_LEAD,2025-12-08 18:12:35.461+00
9647,WARM_LEAD,RECURRING_SUBSCRIPTION,2025-12-08 18:13:08.446+00
9642,LEAD,WARM_LEAD,2025-12-08 18:24:59.79+00
9642,WARM_LEAD,RECURRING_SUBSCRIPTION,2025-12-08 18:25:21.082+00
9642,RECURRING_SUBSCRIPTION,WARM_LEAD,2025-12-08 18:56:20.314+00
1124,RECURRING_SUBSCRIPTION,CHURN,2025-12-08 18:58:28.909+00
9649,LEAD,RECURRING_SUBSCRIPTION,2025-12-08 19:04:58.58+00
8311,LEAD,RECURRING_SUBSCRIPTION,2025-12-08 19:11:02.2+00
5217,WARM_LEAD,RECURRING_SUBSCRIPTION,2025-12-08 19:13:52.607+00
5217,RECURRING_SUBSCRIPTION,ON_DEMAND_SUBSCRIPTION,2025-12-08 19:17:28.148+00
9650,LEAD,RECURRING_SUBSCRIPTION,2025-12-08 19:20:06.817+00
9611,LEAD,WARM_LEAD,2025-12-08 19:27:41.735+00
6502,ON_DEMAND_SUBSCRIPTION,RECURRING_SUBSCRIPTION,2025-12-08 19:37:45.058+00
7814,LEAD,WARM_LEAD,2025-12-08 19:40:35.129+00
9610,LEAD,WARM_LEAD,2025-12-08 19:45:44.873+00
9610,WARM_LEAD,RECURRING_SUBSCRIPTION,2025-12-08 19:45:53.796+00
2873,COLD_LEAD,WARM_LEAD,2025-12-08 20:36:53.999+00
6535,LEAD,COLD_LEAD,2025-07-20 05:11:04.215+00
6535,COLD_LEAD,COLD_LEAD,2025-07-20 05:11:04.855+00
6602,LEAD,COLD_LEAD,2025-07-20 05:38:00.431+00
6602,LEAD,COLD_LEAD,2025-07-20 05:38:00.435+00
6602,COLD_LEAD,COLD_LEAD,2025-07-20 05:38:00.441+00
6602,COLD_LEAD,COLD_LEAD,2025-07-20 05:38:00.479+00
1331,ON_DEMAND_SUBSCRIPTION,RECURRING_SUBSCRIPTION,2025-07-20 06:50:42.256+00
2788,RECURRING_SUBSCRIPTION,ON_DEMAND_SUBSCRIPTION,2025-07-20 10:37:10.782+00
1242,LEAD,COLD_LEAD,2025-07-21 05:08:08.317+00
1242,COLD_LEAD,COLD_LEAD,2025-07-21 05:08:08.653+00
1242,COLD_LEAD,COLD_LEAD,2025-07-21 05:08:08.799+00
1242,COLD_LEAD,COLD_LEAD,2025-07-21 05:08:08.939+00
1242,COLD_LEAD,COLD_LEAD,2025-07-21 05:08:09.16+00
1242,COLD_LEAD,COLD_LEAD,2025-07-21 05:08:09.308+00
6408,LEAD,WARM_LEAD,2025-07-21 14:28:09.962+00
6408,WARM_LEAD,LEAD,2025-07-21 14:34:34.804+00
1675,RECURRING_SUBSCRIPTION,WARM_LEAD,2025-07-21 14:46:08.562+00
847,RECURRING_SUBSCRIPTION,WARM_LEAD,2025-07-21 14:48:00.298+00
2294,RECURRING_SUBSCRIPTION,WARM_LEAD,2025-07-21 14:48:32.939+00
6604,WARM_LEAD,TRIAL,2025-07-21 15:30:09.722+00
6408,LEAD,WARM_LEAD,2025-07-21 15:43:16.988+00
6408,WARM_LEAD,TRIAL,2025-07-21 15:50:14.544+00
3173,RECURRING_SUBSCRIPTION,TRIAL,2025-07-21 16:00:40.269+00
5381,RECURRING_SUBSCRIPTION,CHURN,2025-07-21 16:06:01.526+00
6684,LEAD,WARM_LEAD,2025-07-21 17:02:25.658+00
6684,WARM_LEAD,RECURRING_SUBSCRIPTION,2025-07-21 17:02:37.367+00
6684,RECURRING_SUBSCRIPTION,RECURRING_SUBSCRIPTION,2025-07-21 17:04:46.84+00
5628,FREEMIUM,RECURRING_SUBSCRIPTION,2025-07-21 17:31:20.346+00
4975,FREEMIUM,WARM_LEAD,2025-07-21 18:15:27.622+00
4975,WARM_LEAD,RECURRING_SUBSCRIPTION,2025-07-21 18:15:48.665+00
5628,RECURRING_SUBSCRIPTION,WARM_LEAD,2025-07-21 19:24:34.82+00
6681,LEAD,WARM_LEAD,2025-07-21 19:26:13.501+00
6681,WARM_LEAD,RECURRING_SUBSCRIPTION,2025-07-21 19:32:45.201+00
6056,FREEMIUM,RECURRING_SUBSCRIPTION,2025-07-21 19:54:25.715+00
6056,RECURRING_SUBSCRIPTION,RECURRING_SUBSCRIPTION,2025-07-21 19:55:44.999+00
6390,LEAD,WARM_LEAD,2025-07-21 22:36:23.927+00
6390,WARM_LEAD,RECURRING_SUBSCRIPTION,2025-07-21 22:38:56.082+00
6658,LEAD,WARM_LEAD,2025-07-22 07:56:13.366+00
6687,LEAD,WARM_LEAD,2025-07-22 11:34:53.106+00
6687,WARM_LEAD,TRIAL,2025-07-22 11:35:51.116+00
2800,RECURRING_SUBSCRIPTION,WARM_LEAD,2025-07-22 11:42:57.979+00
1520,WARM_LEAD,LEAD,2025-07-22 12:38:34.698+00
6651,WARM_LEAD,LEAD,2025-07-22 12:39:10.302+00
6662,WARM_LEAD,LEAD,2025-07-22 12:48:30.983+00
6250,WARM_LEAD,LEAD,2025-07-22 12:48:41.028+00
6674,LEAD,WARM_LEAD,2025-07-22 12:52:50.574+00
6390,RECURRING_SUBSCRIPTION,WARM_LEAD,2025-07-22 14:57:32.273+00
6702,LEAD,WARM_LEAD,2025-07-22 15:01:00.654+00
6702,WARM_LEAD,RECURRING_SUBSCRIPTION,2025-07-22 15:02:10.934+00
6702,RECURRING_SUBSCRIPTION,RECURRING_SUBSCRIPTION,2025-07-22 15:07:44.681+00
5303,LEAD,WARM_LEAD,2025-07-22 16:19:12.645+00
5303,WARM_LEAD,RECURRING_SUBSCRIPTION,2025-07-22 16:19:31.284+00
5303,RECURRING_SUBSCRIPTION,WARM_LEAD,2025-07-22 16:23:27.374+00
5303,WARM_LEAD,LEAD,2025-07-22 16:23:37.599+00
2385,FREEMIUM,ON_DEMAND_SUBSCRIPTION,2025-07-22 17:10:32.955+00
2385,ON_DEMAND_SUBSCRIPTION,RECURRING_SUBSCRIPTION,2025-07-22 17:10:43.26+00
2385,RECURRING_SUBSCRIPTION,RECURRING_SUBSCRIPTION,2025-07-22 17:11:21.52+00
1558,WARM_LEAD,RECURRING_SUBSCRIPTION,2025-07-22 17:45:27.509+00
5846,FREEMIUM,RECURRING_SUBSCRIPTION,2025-07-22 18:03:55.202+00
6457,LEAD,WARM_LEAD,2025-07-22 18:38:35.99+00
6457,WARM_LEAD,RECURRING_SUBSCRIPTION,2025-07-22 18:38:45.78+00
6457,RECURRING_SUBSCRIPTION,RECURRING_SUBSCRIPTION,2025-07-22 18:39:26.238+00
6457,RECURRING_SUBSCRIPTION,RECURRING_SUBSCRIPTION,2025-07-22 18:42:34.245+00
6457,RECURRING_SUBSCRIPTION,RECURRING_SUBSCRIPTION,2025-07-22 18:45:36.895+00
6457,RECURRING_SUBSCRIPTION,RECURRING_SUBSCRIPTION,2025-07-22 18:45:56.197+00
6457,RECURRING_SUBSCRIPTION,RECURRING_SUBSCRIPTION,2025-07-22 18:51:45.175+00
6457,RECURRING_SUBSCRIPTION,RECURRING_SUBSCRIPTION,2025-07-22 18:55:05.033+00
6457,RECURRING_SUBSCRIPTION,RECURRING_SUBSCRIPTION,2025-07-22 18:56:49.423+00
6457,RECURRING_SUBSCRIPTION,RECURRING_SUBSCRIPTION,2025-07-22 19:02:34.916+00
6457,RECURRING_SUBSCRIPTION,RECURRING_SUBSCRIPTION,2025-07-22 19:15:01.24+00
5344,LEAD,WARM_LEAD,2025-07-22 20:16:53.209+00
5344,WARM_LEAD,RECURRING_SUBSCRIPTION,2025-07-22 20:18:08.652+00
6651,LEAD,WARM_LEAD,2025-07-23 12:26:10.054+00
6674,WARM_LEAD,LEAD,2025-07-23 12:29:59.12+00
6599,LEAD,WARM_LEAD,2025-07-23 14:39:43.681+00
6599,WARM_LEAD,RECURRING_SUBSCRIPTION,2025-07-23 14:40:59.611+00
6599,RECURRING_SUBSCRIPTION,RECURRING_SUBSCRIPTION,2025-07-23 14:43:01.614+00
6599,RECURRING_SUBSCRIPTION,WARM_LEAD,2025-07-23 15:01:00.314+00
6719,LEAD,WARM_LEAD,2025-07-23 15:02:16.604+00
6719,WARM_LEAD,RECURRING_SUBSCRIPTION,2025-07-23 15:03:05.852+00
6723,LEAD,WARM_LEAD,2025-07-23 15:41:30.479+00
6723,WARM_LEAD,RECURRING_SUBSCRIPTION,2025-07-23 15:42:47.547+00
6723,RECURRING_SUBSCRIPTION,RECURRING_SUBSCRIPTION,2025-07-23 15:43:13.1+00
6732,LEAD,WARM_LEAD,2025-07-23 18:52:33.643+00
6732,WARM_LEAD,RECURRING_SUBSCRIPTION,2025-07-23 18:56:33.462+00
6732,RECURRING_SUBSCRIPTION,WARM_LEAD,2025-07-23 19:02:39.198+00
1017,ON_DEMAND_SUBSCRIPTION,RECURRING_SUBSCRIPTION,2025-07-23 19:34:45.574+00
1017,RECURRING_SUBSCRIPTION,ON_DEMAND_SUBSCRIPTION,2025-07-23 19:35:18.858+00
6725,LEAD,WARM_LEAD,2025-07-23 20:53:22.2+00
6725,WARM_LEAD,RECURRING_SUBSCRIPTION,2025-07-23 20:56:25.936+00
6726,LEAD,WARM_LEAD,2025-07-23 21:34:25.627+00
6726,WARM_LEAD,RECURRING_SUBSCRIPTION,2025-07-23 21:34:39.446+00
6726,RECURRING_SUBSCRIPTION,ON_DEMAND_SUBSCRIPTION,2025-07-23 21:39:23.91+00
6723,RECURRING_SUBSCRIPTION,RECURRING_SUBSCRIPTION,2025-07-23 22:18:45.167+00
6594,LEAD,WARM_LEAD,2025-07-23 23:07:36.746+00
6658,WARM_LEAD,TRIAL,2025-07-24 06:30:04.331+00
6363,LEAD,WARM_LEAD,2025-07-24 08:07:03.543+00
6250,LEAD,COLD_LEAD,2025-07-24 11:39:28.531+00
6250,COLD_LEAD,COLD_LEAD,2025-07-24 11:39:28.962+00
6662,LEAD,COLD_LEAD,2025-07-24 11:41:33.26+00
6662,COLD_LEAD,COLD_LEAD,2025-07-24 11:41:33.564+00
6674,LEAD,COLD_LEAD,2025-07-24 11:44:33.924+00
2798,RECURRING_SUBSCRIPTION,ON_DEMAND_SUBSCRIPTION,2025-07-24 12:05:12.287+00
2798,ON_DEMAND_SUBSCRIPTION,WARM_LEAD,2025-07-24 14:22:30.934+00
2798,WARM_LEAD,ON_DEMAND_SUBSCRIPTION,2025-07-24 14:22:55.024+00
5513,RECURRING_SUBSCRIPTION,WARM_LEAD,2025-07-24 14:30:39.443+00
904,ON_DEMAND_SUBSCRIPTION,CHURN,2025-07-24 14:32:30.413+00
2854,FREEMIUM,RECURRING_SUBSCRIPTION,2025-07-24 16:26:04.165+00
5432,WARM_LEAD,LEAD,2025-07-24 22:51:35.801+00
6270,LEAD,WARM_LEAD,2025-07-25 14:10:22.364+00
2214,RECURRING_SUBSCRIPTION,ON_DEMAND_SUBSCRIPTION,2025-07-25 14:19:03.795+00
6270,WARM_LEAD,RECURRING_SUBSCRIPTION,2025-07-25 14:43:29.517+00
6270,RECURRING_SUBSCRIPTION,RECURRING_SUBSCRIPTION,2025-07-25 14:43:31.406+00
5432,LEAD,WARM_LEAD,2025-07-25 14:51:11.948+00
5432,WARM_LEAD,RECURRING_SUBSCRIPTION,2025-07-25 14:51:29.876+00
6707,LEAD,WARM_LEAD,2025-07-25 15:20:28.778+00
6707,WARM_LEAD,RECURRING_SUBSCRIPTION,2025-07-25 15:20:39.986+00
6707,RECURRING_SUBSCRIPTION,ON_DEMAND_SUBSCRIPTION,2025-07-25 15:24:59.462+00
6282,LEAD,WARM_LEAD,2025-07-25 16:06:14.716+00
6282,WARM_LEAD,RECURRING_SUBSCRIPTION,2025-07-25 16:06:27.826+00
6707,RECURRING_SUBSCRIPTION,ON_DEMAND_SUBSCRIPTION,2025-07-25 18:12:38.604+00
2081,RECURRING_SUBSCRIPTION,RECURRING_SUBSCRIPTION,2025-07-25 18:33:31.161+00
6110,LEAD,WARM_LEAD,2025-07-25 22:01:28.104+00
6566,LEAD,COLD_LEAD,2025-07-27 05:51:23.691+00
6663,LEAD,COLD_LEAD,2025-07-27 05:51:49.472+00
6663,COLD_LEAD,COLD_LEAD,2025-07-27 05:51:49.794+00
6758,LEAD,WARM_LEAD,2025-07-28 07:59:10.705+00
6719,RECURRING_SUBSCRIPTION,WARM_LEAD,2025-07-28 14:03:26.909+00
5432,RECURRING_SUBSCRIPTION,WARM_LEAD,2025-07-28 14:03:53.205+00
5846,RECURRING_SUBSCRIPTION,WARM_LEAD,2025-07-28 14:04:47.274+00
6282,RECURRING_SUBSCRIPTION,WARM_LEAD,2025-07-28 14:05:12.439+00
6684,RECURRING_SUBSCRIPTION,WARM_LEAD,2025-07-28 14:06:17.833+00
5506,LEAD,WARM_LEAD,2025-07-28 14:37:28.686+00
5506,WARM_LEAD,RECURRING_SUBSCRIPTION,2025-07-28 14:37:43.248+00
5506,RECURRING_SUBSCRIPTION,WARM_LEAD,2025-07-28 14:45:53.42+00
5506,WARM_LEAD,RECURRING_SUBSCRIPTION,2025-07-28 14:47:01.366+00
5506,RECURRING_SUBSCRIPTION,RECURRING_SUBSCRIPTION,2025-07-28 14:48:18.18+00
6736,LEAD,WARM_LEAD,2025-07-28 15:14:50.555+00
6736,WARM_LEAD,ON_DEMAND_SUBSCRIPTION,2025-07-28 15:20:12.858+00
6736,ON_DEMAND_SUBSCRIPTION,WARM_LEAD,2025-07-28 15:23:34.504+00
6756,LEAD,WARM_LEAD,2025-07-28 15:28:09.362+00
6756,WARM_LEAD,RECURRING_SUBSCRIPTION,2025-07-28 15:29:31.32+00
6756,RECURRING_SUBSCRIPTION,TRIAL,2025-07-28 15:47:15.321+00
5506,RECURRING_SUBSCRIPTION,RECURRING_SUBSCRIPTION,2025-07-28 15:48:12.678+00
5506,RECURRING_SUBSCRIPTION,RECURRING_SUBSCRIPTION,2025-07-28 15:58:21.062+00
6738,LEAD,WARM_LEAD,2025-07-28 16:02:55.359+00
6738,WARM_LEAD,RECURRING_SUBSCRIPTION,2025-07-28 16:03:08.672+00
6738,RECURRING_SUBSCRIPTION,RECURRING_SUBSCRIPTION,2025-07-28 16:48:51.361+00
1972,RECURRING_SUBSCRIPTION,CHURN,2025-07-28 17:40:33.886+00
458,FREEMIUM,RECURRING_SUBSCRIPTION,2025-07-28 18:44:54.078+00
458,RECURRING_SUBSCRIPTION,RECURRING_SUBSCRIPTION,2025-07-28 18:45:57.757+00
458,RECURRING_SUBSCRIPTION,ON_DEMAND_SUBSCRIPTION,2025-07-28 18:48:49.434+00
6282,WARM_LEAD,RECURRING_SUBSCRIPTION,2025-07-28 19:13:01.429+00
6732,WARM_LEAD,ON_DEMAND_SUBSCRIPTION,2025-07-28 20:57:51.916+00
2250,RECURRING_SUBSCRIPTION,CHURN,2025-07-28 21:10:34.597+00
6597,RECURRING_SUBSCRIPTION,ON_DEMAND_SUBSCRIPTION,2025-07-28 21:13:14.861+00
4802,FREEMIUM,ON_DEMAND_SUBSCRIPTION,2025-07-28 21:34:02.537+00
2775,COLD_LEAD,WARM_LEAD,2025-07-29 06:47:02.863+00
1516,CHURN,TRIAL,2025-07-29 08:36:27.245+00
6766,LEAD,WARM_LEAD,2025-07-29 14:57:33.335+00
6766,WARM_LEAD,RECURRING_SUBSCRIPTION,2025-07-29 14:57:44.097+00
2908,RECURRING_SUBSCRIPTION,CHURN,2025-07-29 15:23:12.238+00
6056,RECURRING_SUBSCRIPTION,WARM_LEAD,2025-07-29 16:25:36.121+00
6366,LEAD,WARM_LEAD,2025-07-29 19:20:59.158+00
6366,WARM_LEAD,RECURRING_SUBSCRIPTION,2025-07-29 19:21:11.193+00
6366,RECURRING_SUBSCRIPTION,ON_DEMAND_SUBSCRIPTION,2025-07-29 19:25:13.167+00
917,TRIAL,RECURRING_SUBSCRIPTION,2025-07-30 01:21:52.643+00
6694,LEAD,COLD_LEAD,2025-07-30 07:31:49.873+00
6694,COLD_LEAD,COLD_LEAD,2025-07-30 07:31:50.231+00
6694,COLD_LEAD,COLD_LEAD,2025-07-30 07:31:51.945+00
2553,COLD_LEAD,WARM_LEAD,2025-07-30 08:38:54.158+00
6502,RECURRING_SUBSCRIPTION,TRIAL,2025-07-30 13:56:11.8+00
6773,LEAD,WARM_LEAD,2025-07-30 16:33:41.681+00
6773,WARM_LEAD,RECURRING_SUBSCRIPTION,2025-07-30 16:33:53.845+00
1686,FREEMIUM,RECURRING_SUBSCRIPTION,2025-07-30 18:56:12.318+00
6056,WARM_LEAD,LEAD,2025-07-30 19:16:05.004+00
6056,LEAD,LEAD,2025-07-30 19:16:11.552+00
1686,RECURRING_SUBSCRIPTION,RECURRING_SUBSCRIPTION,2025-07-30 20:11:00.387+00
2105,TRIAL,RECURRING_SUBSCRIPTION,2025-07-30 20:13:08.139+00
2377,CHURN,RECURRING_SUBSCRIPTION,2025-07-30 20:54:50.17+00
2377,RECURRING_SUBSCRIPTION,WARM_LEAD,2025-07-30 21:00:52.173+00
6340,RECURRING_SUBSCRIPTION,WARM_LEAD,2025-07-30 22:33:53.482+00
6215,ON_DEMAND_SUBSCRIPTION,RECURRING_SUBSCRIPTION,2025-07-31 15:39:24.977+00
6597,ON_DEMAND_SUBSCRIPTION,WARM_LEAD,2025-07-31 15:59:45.648+00
6597,WARM_LEAD,ON_DEMAND_SUBSCRIPTION,2025-07-31 16:07:06.496+00
3104,ON_DEMAND_SUBSCRIPTION,WARM_LEAD,2025-07-31 18:26:41.689+00
6798,LEAD,WARM_LEAD,2025-07-31 18:52:22.322+00
6798,WARM_LEAD,RECURRING_SUBSCRIPTION,2025-07-31 18:52:45.445+00
6797,LEAD,WARM_LEAD,2025-07-31 19:41:41.719+00
6797,WARM_LEAD,RECURRING_SUBSCRIPTION,2025-07-31 19:42:09.501+00
6818,LEAD,WARM_LEAD,2025-07-31 19:59:10.34+00
6818,WARM_LEAD,RECURRING_SUBSCRIPTION,2025-07-31 19:59:50.872+00
6830,LEAD,WARM_LEAD,2025-07-31 22:24:37.637+00
6830,WARM_LEAD,RECURRING_SUBSCRIPTION,2025-07-31 22:25:04.577+00
6830,RECURRING_SUBSCRIPTION,RECURRING_SUBSCRIPTION,2025-07-31 22:28:46.678+00
6813,LEAD,WARM_LEAD,2025-08-01 14:12:02.71+00
6813,WARM_LEAD,RECURRING_SUBSCRIPTION,2025-08-01 14:12:31.252+00
6835,LEAD,WARM_LEAD,2025-08-01 14:33:37.915+00
6835,WARM_LEAD,RECURRING_SUBSCRIPTION,2025-08-01 14:34:01.238+00
6835,RECURRING_SUBSCRIPTION,RECURRING_SUBSCRIPTION,2025-08-01 14:35:44.05+00
2664,FREEMIUM,RECURRING_SUBSCRIPTION,2025-08-01 14:54:17.185+00
6790,LEAD,WARM_LEAD,2025-08-01 15:07:05.341+00
6790,WARM_LEAD,RECURRING_SUBSCRIPTION,2025-08-01 15:07:19.794+00
5735,LEAD,WARM_LEAD,2025-08-01 15:34:13.784+00
5735,WARM_LEAD,RECURRING_SUBSCRIPTION,2025-08-01 15:34:59.259+00
6815,LEAD,WARM_LEAD,2025-08-01 16:09:27.095+00
6815,WARM_LEAD,RECURRING_SUBSCRIPTION,2025-08-01 16:10:02.334+00
2182,RECURRING_SUBSCRIPTION,RECURRING_SUBSCRIPTION,2025-08-01 16:16:55.916+00
6815,RECURRING_SUBSCRIPTION,WARM_LEAD,2025-08-01 16:17:43.919+00
1134,FREEMIUM,RECURRING_SUBSCRIPTION,2025-08-01 16:34:10.233+00
6818,RECURRING_SUBSCRIPTION,RECURRING_SUBSCRIPTION,2025-08-01 18:12:42.872+00
6818,RECURRING_SUBSCRIPTION,RECURRING_SUBSCRIPTION,2025-08-01 18:13:00.488+00
6803,LEAD,WARM_LEAD,2025-08-01 19:12:51.216+00
6803,WARM_LEAD,RECURRING_SUBSCRIPTION,2025-08-01 19:13:46.444+00
6896,LEAD,WARM_LEAD,2025-08-01 19:21:21.473+00
6896,WARM_LEAD,RECURRING_SUBSCRIPTION,2025-08-01 19:21:39.016+00
6871,LEAD,WARM_LEAD,2025-08-01 19:35:14.069+00
6871,WARM_LEAD,RECURRING_SUBSCRIPTION,2025-08-01 19:35:58.166+00
6839,LEAD,WARM_LEAD,2025-08-01 20:00:23.377+00
6839,WARM_LEAD,RECURRING_SUBSCRIPTION,2025-08-01 20:00:33.368+00
6862,LEAD,WARM_LEAD,2025-08-01 20:35:00.779+00
6862,WARM_LEAD,ON_DEMAND_SUBSCRIPTION,2025-08-01 20:36:28.708+00
6818,RECURRING_SUBSCRIPTION,RECURRING_SUBSCRIPTION,2025-08-01 20:41:34.64+00
6797,RECURRING_SUBSCRIPTION,RECURRING_SUBSCRIPTION,2025-08-01 20:47:14.739+00
6897,LEAD,WARM_LEAD,2025-08-01 22:02:29.487+00
6897,WARM_LEAD,RECURRING_SUBSCRIPTION,2025-08-01 22:02:52.529+00
6803,RECURRING_SUBSCRIPTION,WARM_LEAD,2025-08-01 22:13:48+00
6874,LEAD,WARM_LEAD,2025-08-01 22:40:40.389+00
6874,WARM_LEAD,RECURRING_SUBSCRIPTION,2025-08-01 22:40:50.744+00
6704,LEAD,COLD_LEAD,2025-08-03 05:25:19.764+00
6729,LEAD,COLD_LEAD,2025-08-03 05:25:45.252+00
6744,LEAD,COLD_LEAD,2025-08-03 05:26:11.067+00
6754,LEAD,COLD_LEAD,2025-08-03 05:26:33.838+00
2747,RECURRING_SUBSCRIPTION,CHURN,2025-08-03 12:48:40.063+00
6919,LEAD,WARM_LEAD,2025-08-03 13:41:28.169+00
6921,LEAD,WARM_LEAD,2025-08-03 13:54:55.967+00
6921,WARM_LEAD,RECURRING_SUBSCRIPTION,2025-08-03 14:00:59.097+00
6250,COLD_LEAD,WARM_LEAD,2025-08-04 07:23:50.518+00
6250,WARM_LEAD,RECURRING_SUBSCRIPTION,2025-08-04 07:35:19.579+00
6250,RECURRING_SUBSCRIPTION,RECURRING_SUBSCRIPTION,2025-08-04 07:37:35.35+00
3719,RECURRING_SUBSCRIPTION,RECURRING_SUBSCRIPTION,2025-08-04 14:36:54.133+00
3719,RECURRING_SUBSCRIPTION,RECURRING_SUBSCRIPTION,2025-08-04 14:37:10.475+00
3719,RECURRING_SUBSCRIPTION,RECURRING_SUBSCRIPTION,2025-08-04 14:38:00.393+00
3719,RECURRING_SUBSCRIPTION,RECURRING_SUBSCRIPTION,2025-08-04 14:38:17.672+00
3719,RECURRING_SUBSCRIPTION,RECURRING_SUBSCRIPTION,2025-08-04 14:38:26.232+00
3719,RECURRING_SUBSCRIPTION,RECURRING_SUBSCRIPTION,2025-08-04 14:40:48.679+00
3719,RECURRING_SUBSCRIPTION,RECURRING_SUBSCRIPTION,2025-08-04 14:40:59.801+00
3719,RECURRING_SUBSCRIPTION,RECURRING_SUBSCRIPTION,2025-08-04 14:43:45.918+00
3719,RECURRING_SUBSCRIPTION,RECURRING_SUBSCRIPTION,2025-08-04 14:43:55.929+00
6913,LEAD,WARM_LEAD,2025-08-04 15:32:43.121+00
6895,LEAD,WARM_LEAD,2025-08-04 15:33:15.634+00
6913,WARM_LEAD,RECURRING_SUBSCRIPTION,2025-08-04 15:34:43.185+00
6913,RECURRING_SUBSCRIPTION,RECURRING_SUBSCRIPTION,2025-08-04 15:34:58.254+00
6895,WARM_LEAD,RECURRING_SUBSCRIPTION,2025-08-04 15:54:41.739+00
2155,RECURRING_SUBSCRIPTION,CHURN,2025-08-04 16:28:16.885+00
3719,RECURRING_SUBSCRIPTION,RECURRING_SUBSCRIPTION,2025-08-04 19:32:31.747+00
1493,RECURRING_SUBSCRIPTION,ON_DEMAND_SUBSCRIPTION,2025-08-04 20:44:30.423+00
4975,RECURRING_SUBSCRIPTION,RECURRING_SUBSCRIPTION,2025-08-04 20:58:29.359+00
6451,WARM_LEAD,ON_DEMAND_SUBSCRIPTION,2025-08-04 21:42:39.75+00
5448,COLD_LEAD,WARM_LEAD,2025-08-05 09:02:23.45+00
6895,RECURRING_SUBSCRIPTION,WARM_LEAD,2025-08-05 13:01:59.856+00
820,RECURRING_SUBSCRIPTION,RECURRING_SUBSCRIPTION,2025-08-05 13:33:11.38+00
2762,RECURRING_SUBSCRIPTION,RECURRING_SUBSCRIPTION,2025-08-05 13:37:22.513+00
2762,RECURRING_SUBSCRIPTION,CHURN,2025-08-05 13:42:37.32+00
6935,LEAD,WARM_LEAD,2025-08-05 14:38:20.468+00
6935,WARM_LEAD,RECURRING_SUBSCRIPTION,2025-08-05 14:38:29.86+00
820,RECURRING_SUBSCRIPTION,RECURRING_SUBSCRIPTION,2025-08-05 14:40:55.843+00
6803,RECURRING_SUBSCRIPTION,RECURRING_SUBSCRIPTION,2025-08-05 15:33:09.581+00
6803,RECURRING_SUBSCRIPTION,RECURRING_SUBSCRIPTION,2025-08-05 15:34:55.452+00
820,RECURRING_SUBSCRIPTION,RECURRING_SUBSCRIPTION,2025-08-05 15:48:21.631+00
5448,WARM_LEAD,TRIAL,2025-08-05 16:43:14.716+00
6440,RECURRING_SUBSCRIPTION,TRIAL,2025-08-05 17:04:56.488+00
6967,LEAD,WARM_LEAD,2025-08-05 17:39:16.914+00
6967,WARM_LEAD,ON_DEMAND_SUBSCRIPTION,2025-08-05 17:40:44.517+00
5307,RECURRING_SUBSCRIPTION,CHURN,2025-08-05 18:12:49.639+00
6250,RECURRING_SUBSCRIPTION,TRIAL,2025-08-05 18:17:37.865+00
6851,LEAD,WARM_LEAD,2025-08-05 18:52:45.89+00
6851,WARM_LEAD,RECURRING_SUBSCRIPTION,2025-08-05 18:53:03.351+00
6851,RECURRING_SUBSCRIPTION,RECURRING_SUBSCRIPTION,2025-08-05 19:12:16.684+00
2710,RECURRING_SUBSCRIPTION,ON_DEMAND_SUBSCRIPTION,2025-08-05 19:29:44.626+00
6953,LEAD,WARM_LEAD,2025-08-05 19:44:24.963+00
6953,WARM_LEAD,RECURRING_SUBSCRIPTION,2025-08-05 19:44:53.494+00
1134,RECURRING_SUBSCRIPTION,WARM_LEAD,2025-08-05 19:50:50.395+00
3587,RECURRING_SUBSCRIPTION,WARM_LEAD,2025-08-05 20:37:29.004+00
6847,LEAD,WARM_LEAD,2025-08-05 20:40:55.614+00
6847,WARM_LEAD,RECURRING_SUBSCRIPTION,2025-08-05 20:41:37.265+00
6847,RECURRING_SUBSCRIPTION,RECURRING_SUBSCRIPTION,2025-08-05 20:43:00.482+00
6847,RECURRING_SUBSCRIPTION,RECURRING_SUBSCRIPTION,2025-08-05 20:45:37.129+00
6970,LEAD,WARM_LEAD,2025-08-05 21:02:01.712+00
6970,WARM_LEAD,RECURRING_SUBSCRIPTION,2025-08-05 21:02:21.69+00
2678,RECURRING_SUBSCRIPTION,RECURRING_SUBSCRIPTION,2025-08-05 21:41:48.722+00
1259,RECURRING_SUBSCRIPTION,CHURN,2025-08-06 05:57:25.089+00
2553,WARM_LEAD,TRIAL,2025-08-06 07:43:33.018+00
6968,LEAD,WARM_LEAD,2025-08-06 08:00:11.009+00
6968,WARM_LEAD,ON_DEMAND_SUBSCRIPTION,2025-08-06 08:31:26.494+00
6974,LEAD,WARM_LEAD,2025-08-06 08:35:28.139+00
6974,WARM_LEAD,ON_DEMAND_SUBSCRIPTION,2025-08-06 08:38:45.426+00
6975,LEAD,WARM_LEAD,2025-08-06 08:41:31.417+00
6975,WARM_LEAD,ON_DEMAND_SUBSCRIPTION,2025-08-06 08:55:17.932+00
6976,LEAD,WARM_LEAD,2025-08-06 09:44:00.47+00
6976,WARM_LEAD,ON_DEMAND_SUBSCRIPTION,2025-08-06 10:12:12.117+00
6934,LEAD,WARM_LEAD,2025-08-06 11:24:59.787+00
5290,LEAD,WARM_LEAD,2025-08-06 11:56:01.323+00
6977,LEAD,WARM_LEAD,2025-08-06 13:47:52.782+00
5594,WARM_LEAD,TRIAL,2025-08-06 13:48:19.424+00
2944,RECURRING_SUBSCRIPTION,CHURN,2025-08-06 14:09:41.04+00
6934,WARM_LEAD,TRIAL,2025-08-06 14:28:04.759+00
5677,LEAD,WARM_LEAD,2025-08-06 15:03:25.205+00
5677,WARM_LEAD,RECURRING_SUBSCRIPTION,2025-08-06 15:03:53.556+00
6973,LEAD,WARM_LEAD,2025-08-06 15:44:21.496+00
6973,WARM_LEAD,RECURRING_SUBSCRIPTION,2025-08-06 15:48:36.663+00
6969,LEAD,WARM_LEAD,2025-08-06 18:33:38.445+00
6969,WARM_LEAD,RECURRING_SUBSCRIPTION,2025-08-06 18:34:13.822+00
6192,WARM_LEAD,TRIAL,2025-08-06 18:34:29.438+00
6973,RECURRING_SUBSCRIPTION,WARM_LEAD,2025-08-06 18:44:35.016+00
6377,RECURRING_SUBSCRIPTION,WARM_LEAD,2025-08-06 19:49:09.332+00
7001,LEAD,WARM_LEAD,2025-08-06 23:32:19.293+00
7001,WARM_LEAD,RECURRING_SUBSCRIPTION,2025-08-06 23:32:29.567+00
6930,LEAD,WARM_LEAD,2025-08-06 23:43:34.216+00
6930,WARM_LEAD,RECURRING_SUBSCRIPTION,2025-08-06 23:43:53.057+00
6930,RECURRING_SUBSCRIPTION,WARM_LEAD,2025-08-06 23:49:20.917+00
6996,LEAD,WARM_LEAD,2025-08-07 00:16:09.935+00
6996,WARM_LEAD,RECURRING_SUBSCRIPTION,2025-08-07 00:16:36.631+00
463,RECURRING_SUBSCRIPTION,CHURN,2025-08-07 06:37:48.883+00
6977,WARM_LEAD,TRIAL,2025-08-07 08:12:19.675+00
5619,WARM_LEAD,TRIAL,2025-08-07 09:06:23.659+00
5563,TRIAL,RECURRING_SUBSCRIPTION,2025-08-07 10:54:17.479+00
5563,RECURRING_SUBSCRIPTION,RECURRING_SUBSCRIPTION,2025-08-07 10:56:49.258+00
5563,RECURRING_SUBSCRIPTION,WARM_LEAD,2025-08-07 10:59:38.769+00
6512,LEAD,WARM_LEAD,2025-08-07 15:25:07.1+00
3593,RECURRING_SUBSCRIPTION,CHURN,2025-08-07 20:09:05.654+00
2793,RECURRING_SUBSCRIPTION,CHURN,2025-08-07 20:28:58.793+00
7044,LEAD,WARM_LEAD,2025-08-07 22:24:54.993+00
7044,WARM_LEAD,RECURRING_SUBSCRIPTION,2025-08-07 22:25:37.096+00
3176,FREEMIUM,RECURRING_SUBSCRIPTION,2025-08-07 23:24:01.142+00
3176,RECURRING_SUBSCRIPTION,WARM_LEAD,2025-08-07 23:31:01.59+00
6838,LEAD,WARM_LEAD,2025-08-07 23:33:02.716+00
6838,WARM_LEAD,RECURRING_SUBSCRIPTION,2025-08-07 23:33:30.489+00
6512,WARM_LEAD,TRIAL,2025-08-08 13:27:42.342+00
5563,WARM_LEAD,RECURRING_SUBSCRIPTION,2025-08-08 13:57:32.297+00
5563,RECURRING_SUBSCRIPTION,RECURRING_SUBSCRIPTION,2025-08-08 13:57:44.4+00
7011,LEAD,WARM_LEAD,2025-08-08 14:03:42.815+00
7011,WARM_LEAD,RECURRING_SUBSCRIPTION,2025-08-08 14:03:55.58+00
7049,LEAD,WARM_LEAD,2025-08-08 15:04:51.661+00
7049,WARM_LEAD,RECURRING_SUBSCRIPTION,2025-08-08 15:05:07.071+00
7055,LEAD,WARM_LEAD,2025-08-08 15:16:10.724+00
7055,WARM_LEAD,RECURRING_SUBSCRIPTION,2025-08-08 15:16:21.187+00
7055,RECURRING_SUBSCRIPTION,RECURRING_SUBSCRIPTION,2025-08-08 15:16:56.332+00
6901,LEAD,WARM_LEAD,2025-08-08 15:32:06.028+00
6901,WARM_LEAD,RECURRING_SUBSCRIPTION,2025-08-08 15:32:16.755+00
6901,RECURRING_SUBSCRIPTION,TRIAL,2025-08-08 15:41:33.47+00
2644,RECURRING_SUBSCRIPTION,RECURRING_SUBSCRIPTION,2025-08-08 16:02:28.321+00
2644,RECURRING_SUBSCRIPTION,RECURRING_SUBSCRIPTION,2025-08-08 16:06:11.535+00
2346,RECURRING_SUBSCRIPTION,RECURRING_SUBSCRIPTION,2025-08-08 16:23:19.891+00
5334,LEAD,WARM_LEAD,2025-08-08 16:35:22.035+00
5334,WARM_LEAD,RECURRING_SUBSCRIPTION,2025-08-08 16:36:01.123+00
6867,LEAD,WARM_LEAD,2025-08-08 17:06:39.92+00
6867,WARM_LEAD,RECURRING_SUBSCRIPTION,2025-08-08 17:07:49.949+00
6493,LEAD,WARM_LEAD,2025-08-08 17:35:46.253+00
6493,WARM_LEAD,RECURRING_SUBSCRIPTION,2025-08-08 17:38:35.45+00
6493,RECURRING_SUBSCRIPTION,RECURRING_SUBSCRIPTION,2025-08-08 17:45:54.734+00
6493,RECURRING_SUBSCRIPTION,RECURRING_SUBSCRIPTION,2025-08-08 17:46:24.909+00
6493,RECURRING_SUBSCRIPTION,RECURRING_SUBSCRIPTION,2025-08-08 17:46:43.341+00
6493,RECURRING_SUBSCRIPTION,RECURRING_SUBSCRIPTION,2025-08-08 17:47:40.972+00
6493,RECURRING_SUBSCRIPTION,RECURRING_SUBSCRIPTION,2025-08-08 17:56:15.347+00
6493,RECURRING_SUBSCRIPTION,RECURRING_SUBSCRIPTION,2025-08-08 17:56:28.526+00
6493,RECURRING_SUBSCRIPTION,RECURRING_SUBSCRIPTION,2025-08-08 17:56:53.724+00
6493,RECURRING_SUBSCRIPTION,RECURRING_SUBSCRIPTION,2025-08-08 17:58:27.882+00
6743,LEAD,WARM_LEAD,2025-08-08 18:36:30.326+00
6743,WARM_LEAD,ON_DEMAND_SUBSCRIPTION,2025-08-08 18:36:51.081+00
7022,LEAD,WARM_LEAD,2025-08-08 21:07:44.629+00
7022,WARM_LEAD,RECURRING_SUBSCRIPTION,2025-08-08 21:08:04.502+00
7022,RECURRING_SUBSCRIPTION,RECURRING_SUBSCRIPTION,2025-08-08 21:08:38.599+00
7022,RECURRING_SUBSCRIPTION,RECURRING_SUBSCRIPTION,2025-08-08 21:09:51.429+00
2155,CHURN,RECURRING_SUBSCRIPTION,2025-08-08 21:36:01.426+00
7061,LEAD,WARM_LEAD,2025-08-08 23:13:11.214+00
7061,WARM_LEAD,RECURRING_SUBSCRIPTION,2025-08-08 23:13:21.812+00
1445,COLD_LEAD,WARM_LEAD,2025-08-10 07:44:30.349+00
1445,WARM_LEAD,RECURRING_SUBSCRIPTION,2025-08-10 07:51:32.532+00
7004,LEAD,WARM_LEAD,2025-08-10 08:08:02.665+00
6783,LEAD,COLD_LEAD,2025-08-10 08:10:15.218+00
6783,COLD_LEAD,COLD_LEAD,2025-08-10 08:10:15.445+00
5445,COLD_LEAD,WARM_LEAD,2025-08-10 12:27:55.162+00
7070,LEAD,WARM_LEAD,2025-08-11 14:09:03.761+00
7070,WARM_LEAD,RECURRING_SUBSCRIPTION,2025-08-11 14:09:59.511+00
7100,LEAD,WARM_LEAD,2025-08-11 15:55:25.776+00
3176,WARM_LEAD,RECURRING_SUBSCRIPTION,2025-08-11 16:02:02.94+00
3176,RECURRING_SUBSCRIPTION,RECURRING_SUBSCRIPTION,2025-08-11 16:02:19.338+00
2397,ON_DEMAND_SUBSCRIPTION,RECURRING_SUBSCRIPTION,2025-08-11 16:05:52.297+00
3176,RECURRING_SUBSCRIPTION,RECURRING_SUBSCRIPTION,2025-08-11 16:06:33.32+00
7107,LEAD,WARM_LEAD,2025-08-11 16:34:42.039+00
7077,LEAD,WARM_LEAD,2025-08-11 17:54:00.53+00
7077,WARM_LEAD,RECURRING_SUBSCRIPTION,2025-08-11 17:54:35.294+00
6496,LEAD,WARM_LEAD,2025-08-11 18:18:20.692+00
6496,WARM_LEAD,RECURRING_SUBSCRIPTION,2025-08-11 18:25:05.92+00
6496,RECURRING_SUBSCRIPTION,RECURRING_SUBSCRIPTION,2025-08-11 18:28:10.56+00
6799,LEAD,WARM_LEAD,2025-08-11 21:05:06.543+00
6799,WARM_LEAD,RECURRING_SUBSCRIPTION,2025-08-11 21:05:37.561+00
6286,LEAD,WARM_LEAD,2025-08-11 21:37:36.607+00
6286,WARM_LEAD,RECURRING_SUBSCRIPTION,2025-08-11 21:38:23.258+00
5445,WARM_LEAD,TRIAL,2025-08-12 07:03:52.002+00
6934,TRIAL,RECURRING_SUBSCRIPTION,2025-08-12 10:46:10.188+00
2397,RECURRING_SUBSCRIPTION,RECURRING_SUBSCRIPTION,2025-08-12 12:24:51.763+00
1520,LEAD,COLD_LEAD,2025-08-12 12:32:23.235+00
2397,RECURRING_SUBSCRIPTION,RECURRING_SUBSCRIPTION,2025-08-12 14:59:58.097+00
6981,LEAD,WARM_LEAD,2025-08-12 15:15:59.009+00
6098,RECURRING_SUBSCRIPTION,WARM_LEAD,2025-08-12 15:16:02.356+00
6981,WARM_LEAD,RECURRING_SUBSCRIPTION,2025-08-12 15:16:24.262+00
7135,LEAD,WARM_LEAD,2025-08-12 15:37:33.33+00
7135,WARM_LEAD,RECURRING_SUBSCRIPTION,2025-08-12 15:38:17.292+00
7135,RECURRING_SUBSCRIPTION,WARM_LEAD,2025-08-12 15:39:20.968+00
2397,RECURRING_SUBSCRIPTION,RECURRING_SUBSCRIPTION,2025-08-12 16:04:54.176+00
2397,RECURRING_SUBSCRIPTION,RECURRING_SUBSCRIPTION,2025-08-12 16:18:56.908+00
6807,LEAD,RECURRING_SUBSCRIPTION,2025-08-12 16:36:06.188+00
2615,RECURRING_SUBSCRIPTION,WARM_LEAD,2025-08-12 16:59:04.293+00
7176,LEAD,WARM_LEAD,2025-08-12 17:45:10.995+00
7176,WARM_LEAD,RECURRING_SUBSCRIPTION,2025-08-12 17:45:32.255+00
6205,LEAD,FREE_TRIAL,2025-08-12 18:53:55.487+00
2664,RECURRING_SUBSCRIPTION,RECURRING_SUBSCRIPTION,2025-08-12 20:21:34.867+00
7119,LEAD,WARM_LEAD,2025-08-12 20:39:33.957+00
7119,WARM_LEAD,RECURRING_SUBSCRIPTION,2025-08-12 20:39:55.293+00
6798,RECURRING_SUBSCRIPTION,RECURRING_SUBSCRIPTION,2025-08-12 20:49:06.38+00
416,LEAD,COLD_LEAD,2025-08-13 06:28:16.49+00
6355,LEAD,COLD_LEAD,2025-08-13 06:28:40.737+00
3960,LEAD,COLD_LEAD,2025-08-13 06:29:19.653+00
210,LEAD,COLD_LEAD,2025-08-13 06:32:29.171+00
3569,LEAD,COLD_LEAD,2025-08-13 06:41:36.964+00
6540,LEAD,COLD_LEAD,2025-08-13 06:42:58.128+00
6437,LEAD,WARM_LEAD,2025-08-13 11:47:55.867+00
6437,WARM_LEAD,TRIAL,2025-08-13 12:28:48.921+00
917,RECURRING_SUBSCRIPTION,WARM_LEAD,2025-08-13 15:18:12.616+00
7001,RECURRING_SUBSCRIPTION,RECURRING_SUBSCRIPTION,2025-08-13 15:25:27.4+00
7190,LEAD,WARM_LEAD,2025-08-13 16:26:55.637+00
7190,WARM_LEAD,RECURRING_SUBSCRIPTION,2025-08-13 16:27:23.037+00
5734,RECURRING_SUBSCRIPTION,CHURN,2025-08-13 19:08:47.695+00
6499,TRIAL,RECURRING_SUBSCRIPTION,2025-08-13 19:16:57.216+00
6570,LEAD,WARM_LEAD,2025-08-13 19:31:52.209+00
6570,WARM_LEAD,RECURRING_SUBSCRIPTION,2025-08-13 19:32:12.711+00
6570,RECURRING_SUBSCRIPTION,RECURRING_SUBSCRIPTION,2025-08-13 19:44:10.103+00
6570,RECURRING_SUBSCRIPTION,RECURRING_SUBSCRIPTION,2025-08-13 19:44:41.168+00
6570,RECURRING_SUBSCRIPTION,RECURRING_SUBSCRIPTION,2025-08-13 19:45:08.068+00
6570,RECURRING_SUBSCRIPTION,RECURRING_SUBSCRIPTION,2025-08-13 19:49:48.261+00
6570,RECURRING_SUBSCRIPTION,RECURRING_SUBSCRIPTION,2025-08-13 19:50:08.06+00
6570,RECURRING_SUBSCRIPTION,RECURRING_SUBSCRIPTION,2025-08-13 19:50:44.493+00
6570,RECURRING_SUBSCRIPTION,RECURRING_SUBSCRIPTION,2025-08-13 19:51:24.441+00
7132,LEAD,WARM_LEAD,2025-08-13 21:50:12.671+00
7132,WARM_LEAD,RECURRING_SUBSCRIPTION,2025-08-13 21:50:57.081+00
7118,LEAD,WARM_LEAD,2025-08-13 23:25:11.443+00
7118,WARM_LEAD,RECURRING_SUBSCRIPTION,2025-08-13 23:25:39.869+00
7118,RECURRING_SUBSCRIPTION,RECURRING_SUBSCRIPTION,2025-08-13 23:31:17.019+00
7084,LEAD,WARM_LEAD,2025-08-13 23:53:50.807+00
7084,WARM_LEAD,RECURRING_SUBSCRIPTION,2025-08-13 23:54:04.552+00
7084,RECURRING_SUBSCRIPTION,RECURRING_SUBSCRIPTION,2025-08-13 23:56:37.264+00
2439,RECURRING_SUBSCRIPTION,WARM_LEAD,2025-08-14 06:52:37.935+00
2439,WARM_LEAD,LEAD,2025-08-14 06:52:50.195+00
6651,WARM_LEAD,LEAD,2025-08-14 06:53:32.177+00
6363,WARM_LEAD,LEAD,2025-08-14 06:53:43.954+00
2775,WARM_LEAD,LEAD,2025-08-14 06:54:24.432+00
7004,WARM_LEAD,LEAD,2025-08-14 06:54:39.66+00
7144,LEAD,WARM_LEAD,2025-08-14 07:29:53.205+00
1535,FREEMIUM,RECURRING_SUBSCRIPTION,2025-08-14 08:02:58.732+00
5563,RECURRING_SUBSCRIPTION,TRIAL,2025-08-14 09:02:41.781+00
6499,RECURRING_SUBSCRIPTION,WARM_LEAD,2025-08-14 13:08:00.115+00
7214,LEAD,TRIAL,2025-08-14 15:05:42.138+00
7216,LEAD,TRIAL,2025-08-14 15:09:05.493+00
7218,LEAD,TRIAL,2025-08-14 15:22:24.876+00
7219,LEAD,TRIAL,2025-08-14 15:23:15.156+00
7221,LEAD,TRIAL,2025-08-14 15:26:48.565+00
7222,LEAD,TRIAL,2025-08-14 15:27:14.816+00
7223,LEAD,TRIAL,2025-08-14 15:28:07.726+00
7224,LEAD,TRIAL,2025-08-14 15:29:25.359+00
2188,FREEMIUM,RECURRING_SUBSCRIPTION,2025-08-14 19:34:11.461+00
2188,RECURRING_SUBSCRIPTION,RECURRING_SUBSCRIPTION,2025-08-14 19:40:14.129+00
2188,RECURRING_SUBSCRIPTION,RECURRING_SUBSCRIPTION,2025-08-14 19:41:36.473+00
4923,FREEMIUM,RECURRING_SUBSCRIPTION,2025-08-14 20:36:29.855+00
4923,RECURRING_SUBSCRIPTION,RECURRING_SUBSCRIPTION,2025-08-14 20:38:41.63+00
4923,RECURRING_SUBSCRIPTION,RECURRING_SUBSCRIPTION,2025-08-14 20:40:44.029+00
6138,RECURRING_SUBSCRIPTION,TRIAL,2025-08-14 21:05:24.526+00
7212,LEAD,WARM_LEAD,2025-08-14 22:12:17.186+00
7212,WARM_LEAD,RECURRING_SUBSCRIPTION,2025-08-14 22:13:52.887+00
7212,RECURRING_SUBSCRIPTION,RECURRING_SUBSCRIPTION,2025-08-14 22:20:51.954+00
4923,RECURRING_SUBSCRIPTION,WARM_LEAD,2025-08-14 22:27:23.018+00
6512,TRIAL,RECURRING_SUBSCRIPTION,2025-08-15 09:58:14.745+00
6512,RECURRING_SUBSCRIPTION,WARM_LEAD,2025-08-15 09:58:58.26+00
5195,WARM_LEAD,TRIAL,2025-08-15 11:05:30.574+00
7174,LEAD,WARM_LEAD,2025-08-15 14:07:18.876+00
7174,WARM_LEAD,RECURRING_SUBSCRIPTION,2025-08-15 14:08:36.967+00
7233,LEAD,WARM_LEAD,2025-08-15 15:39:14.831+00
7233,WARM_LEAD,RECURRING_SUBSCRIPTION,2025-08-15 15:39:35.278+00
7174,RECURRING_SUBSCRIPTION,WARM_LEAD,2025-08-15 15:47:52.439+00
6859,LEAD,WARM_LEAD,2025-08-15 16:12:29.841+00
6859,WARM_LEAD,RECURRING_SUBSCRIPTION,2025-08-15 16:12:43.442+00
7236,LEAD,WARM_LEAD,2025-08-15 17:16:56.129+00
7236,WARM_LEAD,RECURRING_SUBSCRIPTION,2025-08-15 17:17:22.493+00
1966,CHURN,WARM_LEAD,2025-08-15 19:06:09.355+00
1966,WARM_LEAD,RECURRING_SUBSCRIPTION,2025-08-15 19:06:29.415+00
6398,LEAD,WARM_LEAD,2025-08-15 19:33:18.244+00
6398,WARM_LEAD,RECURRING_SUBSCRIPTION,2025-08-15 19:36:49.671+00
6398,RECURRING_SUBSCRIPTION,RECURRING_SUBSCRIPTION,2025-08-15 19:45:15.48+00
6476,LEAD,WARM_LEAD,2025-08-15 20:37:15.117+00
6476,WARM_LEAD,RECURRING_SUBSCRIPTION,2025-08-15 20:38:34.099+00
6673,LEAD,WARM_LEAD,2025-08-15 21:06:27.213+00
6673,WARM_LEAD,RECURRING_SUBSCRIPTION,2025-08-15 21:06:44.882+00
6673,RECURRING_SUBSCRIPTION,RECURRING_SUBSCRIPTION,2025-08-15 21:07:46.644+00
6673,RECURRING_SUBSCRIPTION,RECURRING_SUBSCRIPTION,2025-08-15 21:08:00.553+00
6673,RECURRING_SUBSCRIPTION,RECURRING_SUBSCRIPTION,2025-08-15 21:17:18.135+00
7242,LEAD,WARM_LEAD,2025-08-15 21:37:49.668+00
7242,WARM_LEAD,RECURRING_SUBSCRIPTION,2025-08-15 21:38:03.705+00
6476,RECURRING_SUBSCRIPTION,WARM_LEAD,2025-08-16 01:29:15.197+00
7272,LEAD,TRIAL,2025-08-18 07:20:27.717+00
6145,LEAD,TRIAL,2025-08-18 07:23:57.028+00
6512,WARM_LEAD,TRIAL,2025-08-18 13:32:35.211+00
7234,LEAD,WARM_LEAD,2025-08-18 14:46:00.082+00
7234,WARM_LEAD,RECURRING_SUBSCRIPTION,2025-08-18 14:46:30.46+00
6559,LEAD,WARM_LEAD,2025-08-18 15:34:38.672+00
6559,WARM_LEAD,RECURRING_SUBSCRIPTION,2025-08-18 15:35:01.956+00
7279,LEAD,TRIAL,2025-08-18 15:44:00.677+00
6989,LEAD,WARM_LEAD,2025-08-18 16:04:16.372+00
6989,WARM_LEAD,RECURRING_SUBSCRIPTION,2025-08-18 16:07:53.384+00
6766,RECURRING_SUBSCRIPTION,TRIAL,2025-08-18 17:43:10.188+00
1834,TRIAL,RECURRING_SUBSCRIPTION,2025-08-18 18:06:35.314+00
1834,RECURRING_SUBSCRIPTION,WARM_LEAD,2025-08-18 20:44:22.232+00
6476,WARM_LEAD,RECURRING_SUBSCRIPTION,2025-08-18 20:48:15.655+00
7269,LEAD,WARM_LEAD,2025-08-18 21:17:55.132+00
7269,WARM_LEAD,RECURRING_SUBSCRIPTION,2025-08-18 21:18:23.93+00
6216,LEAD,WARM_LEAD,2025-08-18 21:39:57.356+00
6216,WARM_LEAD,RECURRING_SUBSCRIPTION,2025-08-18 21:40:42.508+00
1558,RECURRING_SUBSCRIPTION,WARM_LEAD,2025-08-18 22:26:51.622+00
7241,LEAD,WARM_LEAD,2025-08-18 23:11:47.679+00
7241,WARM_LEAD,RECURRING_SUBSCRIPTION,2025-08-18 23:12:07.899+00
6525,LEAD,WARM_LEAD,2025-08-18 23:28:16.239+00
6525,WARM_LEAD,RECURRING_SUBSCRIPTION,2025-08-18 23:28:32.972+00
5448,TRIAL,ON_DEMAND_SUBSCRIPTION,2025-08-19 08:59:58.417+00
7268,LEAD,WARM_LEAD,2025-08-19 09:47:34.417+00
7268,WARM_LEAD,RECURRING_SUBSCRIPTION,2025-08-19 09:48:52.354+00
7268,RECURRING_SUBSCRIPTION,WARM_LEAD,2025-08-19 09:49:37.516+00
7069,LEAD,WARM_LEAD,2025-08-19 10:15:44.363+00
6250,RECURRING_SUBSCRIPTION,TRIAL,2025-08-19 12:22:27.942+00
1788,RECURRING_SUBSCRIPTION,CHURN,2025-08-19 12:30:44.581+00
7372,LEAD,TRIAL,2025-08-19 14:28:21.924+00
7373,LEAD,WARM_LEAD,2025-08-19 15:20:07.086+00
7373,WARM_LEAD,RECURRING_SUBSCRIPTION,2025-08-19 15:20:53.466+00
2924,RECURRING_SUBSCRIPTION,CHURN,2025-08-19 15:40:03.941+00
7301,LEAD,WARM_LEAD,2025-08-19 16:55:38.165+00
7301,WARM_LEAD,RECURRING_SUBSCRIPTION,2025-08-19 16:55:55.789+00
2664,RECURRING_SUBSCRIPTION,RECURRING_SUBSCRIPTION,2025-08-19 17:09:46.949+00
2664,RECURRING_SUBSCRIPTION,RECURRING_SUBSCRIPTION,2025-08-19 17:10:32.529+00
7335,LEAD,WARM_LEAD,2025-08-19 20:49:20.86+00
7335,WARM_LEAD,RECURRING_SUBSCRIPTION,2025-08-19 20:49:34.989+00
6816,LEAD,WARM_LEAD,2025-08-19 21:57:04.33+00
6816,WARM_LEAD,RECURRING_SUBSCRIPTION,2025-08-19 21:57:31.873+00
6816,RECURRING_SUBSCRIPTION,ON_DEMAND_SUBSCRIPTION,2025-08-19 22:06:22.339+00
7363,LEAD,WARM_LEAD,2025-08-19 22:29:26.986+00
7358,LEAD,WARM_LEAD,2025-08-19 22:40:39.881+00
7273,LEAD,WARM_LEAD,2025-08-20 08:24:29.166+00
3923,RECURRING_SUBSCRIPTION,CHURN,2025-08-20 13:10:43.234+00
5253,RECURRING_SUBSCRIPTION,CHURN,2025-08-20 13:50:10.652+00
7320,LEAD,WARM_LEAD,2025-08-20 14:36:47.675+00
7320,WARM_LEAD,RECURRING_SUBSCRIPTION,2025-08-20 14:37:44.766+00
558,ON_DEMAND_SUBSCRIPTION,CHURN,2025-08-20 15:00:16.858+00
7114,LEAD,WARM_LEAD,2025-08-20 17:09:55.485+00
7114,WARM_LEAD,ON_DEMAND_SUBSCRIPTION,2025-08-20 17:10:16.045+00
6282,RECURRING_SUBSCRIPTION,TRIAL,2025-08-20 17:13:17.21+00
5479,RECURRING_SUBSCRIPTION,CHURN,2025-08-20 17:25:18.523+00
6476,RECURRING_SUBSCRIPTION,WARM_LEAD,2025-08-20 17:30:28.208+00
6989,RECURRING_SUBSCRIPTION,WARM_LEAD,2025-08-20 17:31:05.264+00
7107,RECURRING_SUBSCRIPTION,WARM_LEAD,2025-08-20 17:32:09.898+00
7301,RECURRING_SUBSCRIPTION,WARM_LEAD,2025-08-20 17:32:34.765+00
7373,RECURRING_SUBSCRIPTION,WARM_LEAD,2025-08-20 17:32:57.645+00
6851,RECURRING_SUBSCRIPTION,WARM_LEAD,2025-08-20 17:33:32.303+00
5991,RECURRING_SUBSCRIPTION,TRIAL,2025-08-20 17:42:13.126+00
6097,WARM_LEAD,ON_DEMAND_SUBSCRIPTION,2025-08-20 17:51:04.921+00
6836,LEAD,WARM_LEAD,2025-08-20 17:59:10.945+00
6836,WARM_LEAD,RECURRING_SUBSCRIPTION,2025-08-20 17:59:24.924+00
4096,FREEMIUM,RECURRING_SUBSCRIPTION,2025-08-20 23:31:23.915+00
7395,LEAD,WARM_LEAD,2025-08-21 07:17:01.857+00
7395,WARM_LEAD,RECURRING_SUBSCRIPTION,2025-08-21 07:17:16.532+00
7144,WARM_LEAD,LEAD,2025-08-21 07:20:05.584+00
7144,LEAD,LEAD,2025-08-21 07:20:06.486+00
7390,LEAD,COLD_LEAD,2025-08-21 07:24:45.877+00
7395,RECURRING_SUBSCRIPTION,WARM_LEAD,2025-08-21 07:31:43.959+00
7395,WARM_LEAD,WARM_LEAD,2025-08-21 08:30:42.168+00
7395,WARM_LEAD,TRIAL,2025-08-21 08:30:57.752+00
7144,LEAD,TRIAL,2025-08-21 13:29:55.61+00
6505,LEAD,WARM_LEAD,2025-08-21 17:50:34.549+00
6505,WARM_LEAD,RECURRING_SUBSCRIPTION,2025-08-21 17:52:16.795+00
7413,LEAD,WARM_LEAD,2025-08-21 21:05:38.434+00
7413,WARM_LEAD,RECURRING_SUBSCRIPTION,2025-08-21 21:08:36.87+00
7413,RECURRING_SUBSCRIPTION,WARM_LEAD,2025-08-21 21:31:14.534+00
7175,LEAD,WARM_LEAD,2025-08-21 23:40:51.473+00
7175,WARM_LEAD,RECURRING_SUBSCRIPTION,2025-08-21 23:41:21.099+00
7175,RECURRING_SUBSCRIPTION,RECURRING_SUBSCRIPTION,2025-08-21 23:41:44.233+00
7175,RECURRING_SUBSCRIPTION,RECURRING_SUBSCRIPTION,2025-08-21 23:45:45.368+00
7175,RECURRING_SUBSCRIPTION,RECURRING_SUBSCRIPTION,2025-08-21 23:50:01.347+00
7175,RECURRING_SUBSCRIPTION,WARM_LEAD,2025-08-22 00:44:01.444+00
2145,FREEMIUM,RECURRING_SUBSCRIPTION,2025-08-22 00:46:03.734+00
1535,RECURRING_SUBSCRIPTION,WARM_LEAD,2025-08-22 00:47:20.714+00
6836,RECURRING_SUBSCRIPTION,WARM_LEAD,2025-08-22 00:47:45.629+00
7437,LEAD,WARM_LEAD,2025-08-22 14:05:48.314+00
7437,WARM_LEAD,RECURRING_SUBSCRIPTION,2025-08-22 14:06:01.835+00
2145,RECURRING_SUBSCRIPTION,WARM_LEAD,2025-08-22 15:21:14.726+00
2145,WARM_LEAD,LEAD,2025-08-22 15:22:00.331+00
2145,LEAD,WARM_LEAD,2025-08-22 15:23:54.034+00
2145,WARM_LEAD,RECURRING_SUBSCRIPTION,2025-08-22 16:37:59.61+00
2145,RECURRING_SUBSCRIPTION,WARM_LEAD,2025-08-22 16:50:19.362+00
2145,WARM_LEAD,LEAD,2025-08-22 19:50:48.514+00
2145,LEAD,WARM_LEAD,2025-08-22 19:51:57.071+00
2145,WARM_LEAD,RECURRING_SUBSCRIPTION,2025-08-22 19:52:14.094+00
7414,LEAD,WARM_LEAD,2025-08-22 21:10:31.114+00
7414,WARM_LEAD,RECURRING_SUBSCRIPTION,2025-08-22 21:10:43.865+00
7182,LEAD,WARM_LEAD,2025-08-22 21:40:43.933+00
7182,WARM_LEAD,RECURRING_SUBSCRIPTION,2025-08-22 21:41:11.389+00
2145,RECURRING_SUBSCRIPTION,WARM_LEAD,2025-08-23 00:57:06.563+00
7317,LEAD,WARM_LEAD,2025-08-23 01:39:53.225+00
7134,LEAD,COLD_LEAD,2025-08-24 05:29:43.942+00
7015,LEAD,COLD_LEAD,2025-08-24 05:30:24.993+00
6945,LEAD,COLD_LEAD,2025-08-24 05:31:02.529+00
7191,LEAD,COLD_LEAD,2025-08-24 05:31:30.473+00
7389,LEAD,WARM_LEAD,2025-08-24 07:24:15.3+00
115,ON_DEMAND_SUBSCRIPTION,RECURRING_SUBSCRIPTION,2025-08-24 11:53:16.764+00
7468,LEAD,TRIAL,2025-08-24 12:07:25.344+00
7273,WARM_LEAD,TRIAL,2025-08-24 12:49:41.631+00
2553,TRIAL,RECURRING_SUBSCRIPTION,2025-08-24 13:00:42.128+00
7251,LEAD,COLD_LEAD,2025-08-25 06:52:32.968+00
7252,LEAD,COLD_LEAD,2025-08-25 06:53:36.34+00
7374,LEAD,WARM_LEAD,2025-08-25 14:33:23.298+00
7374,WARM_LEAD,RECURRING_SUBSCRIPTION,2025-08-25 14:34:19.483+00
7268,WARM_LEAD,LEAD,2025-08-25 14:52:26.389+00
7069,WARM_LEAD,LEAD,2025-08-25 14:52:52.519+00
5687,RECURRING_SUBSCRIPTION,CHURN,2025-08-25 16:11:59.161+00
7439,LEAD,WARM_LEAD,2025-08-25 17:57:59.927+00
7439,WARM_LEAD,RECURRING_SUBSCRIPTION,2025-08-25 17:58:10.779+00
7431,LEAD,WARM_LEAD,2025-08-25 18:19:41.78+00
7431,WARM_LEAD,RECURRING_SUBSCRIPTION,2025-08-25 18:20:08.306+00
7183,LEAD,WARM_LEAD,2025-08-25 18:35:16.88+00
7183,WARM_LEAD,RECURRING_SUBSCRIPTION,2025-08-25 18:35:34.243+00
6254,LEAD,WARM_LEAD,2025-08-25 19:40:19.517+00
6254,WARM_LEAD,RECURRING_SUBSCRIPTION,2025-08-25 19:40:32.803+00
6873,LEAD,WARM_LEAD,2025-08-25 20:06:31.859+00
6873,WARM_LEAD,RECURRING_SUBSCRIPTION,2025-08-25 20:09:15.489+00
7431,RECURRING_SUBSCRIPTION,RECURRING_SUBSCRIPTION,2025-08-25 20:22:20.601+00
6799,RECURRING_SUBSCRIPTION,WARM_LEAD,2025-08-25 20:23:49.561+00
2786,RECURRING_SUBSCRIPTION,CHURN,2025-08-25 20:45:47.961+00
3695,RECURRING_SUBSCRIPTION,CHURN,2025-08-25 20:48:05.184+00
1597,ON_DEMAND_SUBSCRIPTION,RECURRING_SUBSCRIPTION,2025-08-26 09:15:09.565+00
2049,RECURRING_SUBSCRIPTION,ON_DEMAND_SUBSCRIPTION,2025-08-26 09:50:41.08+00
7015,COLD_LEAD,WARM_LEAD,2025-08-26 10:46:23.265+00
1408,COLD_LEAD,WARM_LEAD,2025-08-26 11:25:48.351+00
7015,WARM_LEAD,TRIAL,2025-08-26 11:49:36.594+00
7015,TRIAL,ON_DEMAND_SUBSCRIPTION,2025-08-26 12:03:52.746+00
7015,ON_DEMAND_SUBSCRIPTION,RECURRING_SUBSCRIPTION,2025-08-26 12:04:01.634+00
7015,RECURRING_SUBSCRIPTION,TRIAL,2025-08-26 12:22:03.259+00
7389,WARM_LEAD,TRIAL,2025-08-26 12:37:24.246+00
6873,RECURRING_SUBSCRIPTION,WARM_LEAD,2025-08-26 12:40:11.42+00
340,RECURRING_SUBSCRIPTION,CHURN,2025-08-26 13:07:39.533+00
1408,WARM_LEAD,TRIAL,2025-08-26 13:43:16.186+00
2678,RECURRING_SUBSCRIPTION,RECURRING_SUBSCRIPTION,2025-08-26 14:07:59.677+00
7444,LEAD,WARM_LEAD,2025-08-26 14:18:03.258+00
7444,WARM_LEAD,RECURRING_SUBSCRIPTION,2025-08-26 14:18:17.74+00
2377,RECURRING_SUBSCRIPTION,RECURRING_SUBSCRIPTION,2025-08-26 14:36:04.939+00
7444,RECURRING_SUBSCRIPTION,WARM_LEAD,2025-08-26 14:38:14.632+00
7494,LEAD,WARM_LEAD,2025-08-26 14:39:13.936+00
7494,WARM_LEAD,RECURRING_SUBSCRIPTION,2025-08-26 14:39:56.306+00
7494,RECURRING_SUBSCRIPTION,RECURRING_SUBSCRIPTION,2025-08-26 14:40:14.994+00
2377,RECURRING_SUBSCRIPTION,RECURRING_SUBSCRIPTION,2025-08-26 14:47:39.895+00
1597,RECURRING_SUBSCRIPTION,ON_DEMAND_SUBSCRIPTION,2025-08-26 15:15:03.22+00
2377,RECURRING_SUBSCRIPTION,RECURRING_SUBSCRIPTION,2025-08-26 15:20:35.04+00
7121,LEAD,WARM_LEAD,2025-08-26 15:22:11.779+00
7121,WARM_LEAD,RECURRING_SUBSCRIPTION,2025-08-26 15:22:20.086+00
6658,TRIAL,ON_DEMAND_SUBSCRIPTION,2025-08-26 15:30:53.769+00
7121,RECURRING_SUBSCRIPTION,TRIAL,2025-08-26 16:53:47.397+00
5327,LEAD,WARM_LEAD,2025-08-26 19:00:33.66+00
5327,WARM_LEAD,RECURRING_SUBSCRIPTION,2025-08-26 19:01:06.47+00
5327,RECURRING_SUBSCRIPTION,RECURRING_SUBSCRIPTION,2025-08-26 19:03:23.292+00
5327,RECURRING_SUBSCRIPTION,RECURRING_SUBSCRIPTION,2025-08-26 19:15:03.573+00
5327,RECURRING_SUBSCRIPTION,WARM_LEAD,2025-08-26 19:29:14.339+00
748,RECURRING_SUBSCRIPTION,RECURRING_SUBSCRIPTION,2025-08-26 19:38:04.178+00
7496,LEAD,WARM_LEAD,2025-08-26 21:25:57.782+00
7496,WARM_LEAD,RECURRING_SUBSCRIPTION,2025-08-26 22:13:15.654+00
7496,RECURRING_SUBSCRIPTION,WARM_LEAD,2025-08-26 22:54:19.063+00
7395,RECURRING_SUBSCRIPTION,RECURRING_SUBSCRIPTION,2025-08-27 07:09:25.731+00
7395,RECURRING_SUBSCRIPTION,RECURRING_SUBSCRIPTION,2025-08-27 07:11:09.302+00
7395,RECURRING_SUBSCRIPTION,RECURRING_SUBSCRIPTION,2025-08-27 07:13:43.672+00
3197,TRIAL,RECURRING_SUBSCRIPTION,2025-08-27 11:29:11.712+00
3197,RECURRING_SUBSCRIPTION,RECURRING_SUBSCRIPTION,2025-08-27 11:30:43.836+00
3197,RECURRING_SUBSCRIPTION,RECURRING_SUBSCRIPTION,2025-08-27 11:31:01.124+00
3197,RECURRING_SUBSCRIPTION,TRIAL,2025-08-27 12:30:03.814+00
2315,RECURRING_SUBSCRIPTION,CHURN,2025-08-27 12:49:25.093+00
7497,LEAD,WARM_LEAD,2025-08-27 14:27:59.274+00
7497,WARM_LEAD,RECURRING_SUBSCRIPTION,2025-08-27 14:28:47.424+00
7497,RECURRING_SUBSCRIPTION,RECURRING_SUBSCRIPTION,2025-08-27 14:35:18.394+00
7497,RECURRING_SUBSCRIPTION,RECURRING_SUBSCRIPTION,2025-08-27 14:37:58.185+00
7506,LEAD,WARM_LEAD,2025-08-27 15:13:56.775+00
7506,WARM_LEAD,RECURRING_SUBSCRIPTION,2025-08-27 15:15:45.99+00
2678,RECURRING_SUBSCRIPTION,RECURRING_SUBSCRIPTION,2025-08-27 15:36:24.681+00
7282,LEAD,WARM_LEAD,2025-08-27 17:34:16.902+00
7282,WARM_LEAD,RECURRING_SUBSCRIPTION,2025-08-27 17:38:14.026+00
7520,LEAD,WARM_LEAD,2025-08-27 17:57:05.066+00
7520,WARM_LEAD,RECURRING_SUBSCRIPTION,2025-08-27 17:58:39.116+00
2233,RECURRING_SUBSCRIPTION,TRIAL,2025-08-27 17:59:17.358+00
7576,LEAD,WARM_LEAD,2025-08-27 19:20:19.103+00
7576,WARM_LEAD,RECURRING_SUBSCRIPTION,2025-08-27 19:28:02.689+00
7576,RECURRING_SUBSCRIPTION,RECURRING_SUBSCRIPTION,2025-08-27 19:30:55.484+00
7526,LEAD,WARM_LEAD,2025-08-27 21:30:40.586+00
7526,WARM_LEAD,WARM_LEAD,2025-08-27 21:31:17.666+00
7526,WARM_LEAD,RECURRING_SUBSCRIPTION,2025-08-27 21:31:55.85+00
7526,RECURRING_SUBSCRIPTION,RECURRING_SUBSCRIPTION,2025-08-27 21:32:09.585+00
7527,LEAD,WARM_LEAD,2025-08-27 21:57:40.912+00
7527,WARM_LEAD,RECURRING_SUBSCRIPTION,2025-08-27 21:57:55.362+00
7527,RECURRING_SUBSCRIPTION,RECURRING_SUBSCRIPTION,2025-08-27 22:03:54.59+00
7577,LEAD,WARM_LEAD,2025-08-27 22:39:07.052+00
7577,WARM_LEAD,RECURRING_SUBSCRIPTION,2025-08-27 22:39:29.819+00
3081,RECURRING_SUBSCRIPTION,ON_DEMAND_SUBSCRIPTION,2025-08-28 14:33:15.346+00
3535,RECURRING_SUBSCRIPTION,ON_DEMAND_SUBSCRIPTION,2025-08-28 15:21:56.169+00
6512,TRIAL,RECURRING_SUBSCRIPTION,2025-08-28 16:22:50.35+00
6506,LEAD,WARM_LEAD,2025-08-28 16:29:06.044+00
6506,WARM_LEAD,ON_DEMAND_SUBSCRIPTION,2025-08-28 16:33:05.733+00
6162,WARM_LEAD,RECURRING_SUBSCRIPTION,2025-08-28 18:18:37.096+00
7619,LEAD,WARM_LEAD,2025-08-28 19:17:13.67+00
7619,WARM_LEAD,RECURRING_SUBSCRIPTION,2025-08-28 19:22:02.607+00
7619,RECURRING_SUBSCRIPTION,RECURRING_SUBSCRIPTION,2025-08-28 19:38:41.941+00
7561,LEAD,WARM_LEAD,2025-08-28 21:36:04.968+00
7561,WARM_LEAD,RECURRING_SUBSCRIPTION,2025-08-28 21:36:17.012+00
7543,LEAD,WARM_LEAD,2025-08-28 22:24:41.58+00
7543,WARM_LEAD,ON_DEMAND_SUBSCRIPTION,2025-08-28 22:25:12.169+00
7604,LEAD,WARM_LEAD,2025-08-28 22:42:25.372+00
7604,WARM_LEAD,RECURRING_SUBSCRIPTION,2025-08-28 22:43:12.523+00
7604,RECURRING_SUBSCRIPTION,WARM_LEAD,2025-08-28 22:54:17.454+00
6506,ON_DEMAND_SUBSCRIPTION,WARM_LEAD,2025-08-28 22:56:05.217+00
7624,LEAD,WARM_LEAD,2025-08-29 17:39:00.25+00
7624,WARM_LEAD,RECURRING_SUBSCRIPTION,2025-08-29 17:39:47.968+00
7604,WARM_LEAD,ON_DEMAND_SUBSCRIPTION,2025-08-29 20:08:50.399+00
7630,LEAD,WARM_LEAD,2025-08-29 22:42:59.386+00
7630,WARM_LEAD,RECURRING_SUBSCRIPTION,2025-08-29 22:43:09.583+00
2698,FREEMIUM,RECURRING_SUBSCRIPTION,2025-08-30 14:39:27.962+00
2698,RECURRING_SUBSCRIPTION,RECURRING_SUBSCRIPTION,2025-08-30 14:41:45.606+00
2698,RECURRING_SUBSCRIPTION,RECURRING_SUBSCRIPTION,2025-08-30 14:43:11.119+00
2698,RECURRING_SUBSCRIPTION,RECURRING_SUBSCRIPTION,2025-08-30 14:43:46.796+00
2698,RECURRING_SUBSCRIPTION,RECURRING_SUBSCRIPTION,2025-08-30 14:44:11.108+00
7385,LEAD,COLD_LEAD,2025-08-31 06:46:27.571+00
7442,LEAD,COLD_LEAD,2025-08-31 06:47:12.372+00
7610,LEAD,WARM_LEAD,2025-08-31 06:52:55.367+00
7610,WARM_LEAD,TRIAL,2025-08-31 06:53:36.715+00
7004,LEAD,WARM_LEAD,2025-08-31 10:57:30.219+00
7635,LEAD,WARM_LEAD,2025-09-01 08:50:38.049+00
7635,WARM_LEAD,RECURRING_SUBSCRIPTION,2025-09-01 12:37:31.798+00
7635,RECURRING_SUBSCRIPTION,TRIAL,2025-09-01 16:28:19.079+00
7004,WARM_LEAD,LEAD,2025-09-01 16:29:04.887+00
125,CHURN,TRIAL,2025-09-01 17:27:25.89+00
7205,LEAD,WARM_LEAD,2025-09-02 13:25:37.508+00
7205,WARM_LEAD,RECURRING_SUBSCRIPTION,2025-09-02 13:26:05.269+00
492,RECURRING_SUBSCRIPTION,RECURRING_SUBSCRIPTION,2025-09-02 14:10:55.259+00
5843,FREEMIUM,RECURRING_SUBSCRIPTION,2025-09-02 14:25:05.892+00
6448,LEAD,WARM_LEAD,2025-09-02 14:39:48.016+00
6448,WARM_LEAD,RECURRING_SUBSCRIPTION,2025-09-02 14:40:25.467+00
5843,RECURRING_SUBSCRIPTION,RECURRING_SUBSCRIPTION,2025-09-02 14:50:04.021+00
5843,RECURRING_SUBSCRIPTION,RECURRING_SUBSCRIPTION,2025-09-02 14:50:31.785+00
5843,RECURRING_SUBSCRIPTION,RECURRING_SUBSCRIPTION,2025-09-02 14:52:08.945+00
7661,LEAD,WARM_LEAD,2025-09-02 15:22:52.574+00
7661,WARM_LEAD,ON_DEMAND_SUBSCRIPTION,2025-09-02 15:23:15.253+00
7661,ON_DEMAND_SUBSCRIPTION,RECURRING_SUBSCRIPTION,2025-09-02 15:23:44.884+00
7661,RECURRING_SUBSCRIPTION,RECURRING_SUBSCRIPTION,2025-09-02 15:27:13.232+00
7661,RECURRING_SUBSCRIPTION,RECURRING_SUBSCRIPTION,2025-09-02 15:29:12.741+00
6460,LEAD,WARM_LEAD,2025-09-02 15:33:02.565+00
6460,WARM_LEAD,RECURRING_SUBSCRIPTION,2025-09-02 15:34:37.343+00
3110,ON_DEMAND_SUBSCRIPTION,WARM_LEAD,2025-09-02 15:54:48.895+00
7518,LEAD,WARM_LEAD,2025-09-02 16:18:36.684+00
7518,WARM_LEAD,RECURRING_SUBSCRIPTION,2025-09-02 16:18:47.317+00
6497,TRIAL,RECURRING_SUBSCRIPTION,2025-09-02 16:19:44.396+00
6114,TRIAL,RECURRING_SUBSCRIPTION,2025-09-02 16:40:36.567+00
7640,LEAD,WARM_LEAD,2025-09-02 17:11:00.536+00
7640,WARM_LEAD,WARM_LEAD,2025-09-02 17:11:17.801+00
7640,WARM_LEAD,RECURRING_SUBSCRIPTION,2025-09-02 17:11:31.853+00
6215,RECURRING_SUBSCRIPTION,CHURN,2025-09-02 17:58:13.574+00
7556,LEAD,WARM_LEAD,2025-09-02 18:05:02.357+00
7556,WARM_LEAD,RECURRING_SUBSCRIPTION,2025-09-02 18:05:17.239+00
5302,RECURRING_SUBSCRIPTION,CHURN,2025-09-02 18:36:14.229+00
7653,LEAD,WARM_LEAD,2025-09-02 19:24:38.662+00
7653,WARM_LEAD,WARM_LEAD,2025-09-02 19:25:04.412+00
7653,WARM_LEAD,RECURRING_SUBSCRIPTION,2025-09-02 19:31:42.462+00
1686,RECURRING_SUBSCRIPTION,RECURRING_SUBSCRIPTION,2025-09-02 19:41:17.269+00
7654,LEAD,WARM_LEAD,2025-09-02 19:54:09.741+00
7654,WARM_LEAD,RECURRING_SUBSCRIPTION,2025-09-02 19:54:41.965+00
7317,WARM_LEAD,TRIAL,2025-09-02 20:18:46.452+00
1686,RECURRING_SUBSCRIPTION,RECURRING_SUBSCRIPTION,2025-09-02 20:23:09.397+00
7714,LEAD,WARM_LEAD,2025-09-02 20:50:36.506+00
7714,WARM_LEAD,RECURRING_SUBSCRIPTION,2025-09-02 20:50:49.037+00
7714,RECURRING_SUBSCRIPTION,RECURRING_SUBSCRIPTION,2025-09-02 20:51:28.606+00
7725,LEAD,WARM_LEAD,2025-09-02 23:37:03.635+00
7725,WARM_LEAD,RECURRING_SUBSCRIPTION,2025-09-02 23:37:11.936+00
7725,RECURRING_SUBSCRIPTION,ON_DEMAND_SUBSCRIPTION,2025-09-02 23:37:52.919+00
7725,ON_DEMAND_SUBSCRIPTION,RECURRING_SUBSCRIPTION,2025-09-02 23:39:32.466+00
7725,RECURRING_SUBSCRIPTION,RECURRING_SUBSCRIPTION,2025-09-02 23:42:29.985+00
7725,RECURRING_SUBSCRIPTION,RECURRING_SUBSCRIPTION,2025-09-02 23:42:41.369+00
7639,LEAD,WARM_LEAD,2025-09-03 07:52:51.676+00
7639,WARM_LEAD,WARM_LEAD,2025-09-03 07:53:58.09+00
5619,TRIAL,RECURRING_SUBSCRIPTION,2025-09-03 09:15:22.787+00
2884,WARM_LEAD,ON_DEMAND_SUBSCRIPTION,2025-09-03 09:21:22.076+00
6497,RECURRING_SUBSCRIPTION,TRIAL,2025-09-03 11:04:42.104+00
2809,ON_DEMAND_SUBSCRIPTION,CHURN,2025-09-03 11:06:48.985+00
6448,RECURRING_SUBSCRIPTION,WARM_LEAD,2025-09-03 14:02:30.393+00
7205,RECURRING_SUBSCRIPTION,WARM_LEAD,2025-09-03 14:04:50.957+00
7624,RECURRING_SUBSCRIPTION,WARM_LEAD,2025-09-03 14:05:18.15+00
3019,RECURRING_SUBSCRIPTION,RECURRING_SUBSCRIPTION,2025-09-03 15:28:35.671+00
3019,RECURRING_SUBSCRIPTION,RECURRING_SUBSCRIPTION,2025-09-03 15:48:13.324+00
3019,RECURRING_SUBSCRIPTION,RECURRING_SUBSCRIPTION,2025-09-03 15:49:17.749+00
3019,RECURRING_SUBSCRIPTION,RECURRING_SUBSCRIPTION,2025-09-03 15:52:30.394+00
7753,LEAD,WARM_LEAD,2025-09-03 16:39:46.181+00
7753,WARM_LEAD,RECURRING_SUBSCRIPTION,2025-09-03 16:39:58.991+00
3019,RECURRING_SUBSCRIPTION,RECURRING_SUBSCRIPTION,2025-09-03 17:38:22.351+00
7672,LEAD,WARM_LEAD,2025-09-03 18:06:07.838+00
7672,WARM_LEAD,RECURRING_SUBSCRIPTION,2025-09-03 18:06:40.553+00
2160,ON_DEMAND_SUBSCRIPTION,TRIAL,2025-09-03 18:15:42.168+00
7666,LEAD,WARM_LEAD,2025-09-03 18:47:39.943+00
7666,WARM_LEAD,RECURRING_SUBSCRIPTION,2025-09-03 18:52:23.428+00
1686,RECURRING_SUBSCRIPTION,RECURRING_SUBSCRIPTION,2025-09-03 20:11:05.06+00
1686,RECURRING_SUBSCRIPTION,RECURRING_SUBSCRIPTION,2025-09-03 20:14:25.779+00
1686,RECURRING_SUBSCRIPTION,RECURRING_SUBSCRIPTION,2025-09-03 20:25:02.416+00
1686,RECURRING_SUBSCRIPTION,RECURRING_SUBSCRIPTION,2025-09-03 20:25:26.977+00
1686,RECURRING_SUBSCRIPTION,RECURRING_SUBSCRIPTION,2025-09-03 21:19:18.316+00
7649,LEAD,WARM_LEAD,2025-09-03 21:41:11.165+00
7649,WARM_LEAD,RECURRING_SUBSCRIPTION,2025-09-03 21:41:19.549+00
7649,RECURRING_SUBSCRIPTION,RECURRING_SUBSCRIPTION,2025-09-03 22:14:38.907+00
7730,LEAD,WARM_LEAD,2025-09-04 00:02:03.004+00
7730,WARM_LEAD,RECURRING_SUBSCRIPTION,2025-09-04 00:02:28.001+00
7624,WARM_LEAD,RECURRING_SUBSCRIPTION,2025-09-04 11:52:09.018+00
4787,RECURRING_SUBSCRIPTION,RECURRING_SUBSCRIPTION,2025-09-04 13:18:54.65+00
7671,LEAD,WARM_LEAD,2025-09-04 14:18:37.473+00
7671,WARM_LEAD,RECURRING_SUBSCRIPTION,2025-09-04 14:18:49.271+00
7795,LEAD,WARM_LEAD,2025-09-04 15:20:10.213+00
7795,WARM_LEAD,RECURRING_SUBSCRIPTION,2025-09-04 15:20:41.716+00
7649,RECURRING_SUBSCRIPTION,RECURRING_SUBSCRIPTION,2025-09-04 20:14:11.242+00
7632,LEAD,WARM_LEAD,2025-09-04 20:54:46.769+00
7632,WARM_LEAD,RECURRING_SUBSCRIPTION,2025-09-04 20:55:58.053+00
7632,RECURRING_SUBSCRIPTION,RECURRING_SUBSCRIPTION,2025-09-04 20:56:36.878+00
7140,LEAD,WARM_LEAD,2025-09-04 21:32:50.757+00
5558,ON_DEMAND_SUBSCRIPTION,RECURRING_SUBSCRIPTION,2025-09-05 09:55:32.188+00
7818,LEAD,WARM_LEAD,2025-09-05 14:46:40.846+00
7818,WARM_LEAD,RECURRING_SUBSCRIPTION,2025-09-05 14:46:51.357+00
7827,LEAD,WARM_LEAD,2025-09-05 15:35:24.702+00
7827,WARM_LEAD,RECURRING_SUBSCRIPTION,2025-09-05 15:36:39.406+00
7717,LEAD,WARM_LEAD,2025-09-05 16:09:34.953+00
7717,WARM_LEAD,RECURRING_SUBSCRIPTION,2025-09-05 16:09:46.473+00
2377,RECURRING_SUBSCRIPTION,RECURRING_SUBSCRIPTION,2025-09-05 16:11:23.997+00
2377,RECURRING_SUBSCRIPTION,RECURRING_SUBSCRIPTION,2025-09-05 16:28:34.755+00
7759,LEAD,WARM_LEAD,2025-09-05 17:10:00.66+00
7759,WARM_LEAD,RECURRING_SUBSCRIPTION,2025-09-05 17:10:09.745+00
7759,RECURRING_SUBSCRIPTION,RECURRING_SUBSCRIPTION,2025-09-05 17:18:34.065+00
7811,LEAD,WARM_LEAD,2025-09-05 17:40:56.528+00
7811,WARM_LEAD,RECURRING_SUBSCRIPTION,2025-09-05 17:41:22.499+00
2377,RECURRING_SUBSCRIPTION,RECURRING_SUBSCRIPTION,2025-09-05 17:57:19.12+00
7794,LEAD,WARM_LEAD,2025-09-05 18:41:36.071+00
7794,WARM_LEAD,RECURRING_SUBSCRIPTION,2025-09-05 18:41:46.032+00
2060,RECURRING_SUBSCRIPTION,RECURRING_SUBSCRIPTION,2025-09-05 19:04:04.19+00
2060,RECURRING_SUBSCRIPTION,RECURRING_SUBSCRIPTION,2025-09-05 19:09:57.265+00
7527,RECURRING_SUBSCRIPTION,RECURRING_SUBSCRIPTION,2025-09-05 19:33:09.277+00
7828,LEAD,WARM_LEAD,2025-09-05 20:11:50.866+00
7828,WARM_LEAD,RECURRING_SUBSCRIPTION,2025-09-05 20:11:59.8+00
7524,LEAD,WARM_LEAD,2025-09-05 21:19:04.551+00
7527,RECURRING_SUBSCRIPTION,RECURRING_SUBSCRIPTION,2025-09-05 21:20:43.638+00
7524,WARM_LEAD,RECURRING_SUBSCRIPTION,2025-09-05 21:20:58.507+00
7832,LEAD,WARM_LEAD,2025-09-05 21:40:31.982+00
7832,WARM_LEAD,RECURRING_SUBSCRIPTION,2025-09-05 21:41:51.126+00
7832,RECURRING_SUBSCRIPTION,RECURRING_SUBSCRIPTION,2025-09-05 21:47:04.869+00
7717,RECURRING_SUBSCRIPTION,WARM_LEAD,2025-09-05 22:24:36.765+00
7857,LEAD,WARM_LEAD,2025-09-05 22:25:41.587+00
7857,WARM_LEAD,RECURRING_SUBSCRIPTION,2025-09-05 22:25:49.647+00
7857,RECURRING_SUBSCRIPTION,RECURRING_SUBSCRIPTION,2025-09-05 22:26:03.195+00
7857,RECURRING_SUBSCRIPTION,RECURRING_SUBSCRIPTION,2025-09-05 22:26:23.866+00
7455,LEAD,COLD_LEAD,2025-09-07 07:25:20.238+00
7480,LEAD,COLD_LEAD,2025-09-07 07:26:25.023+00
7502,LEAD,COLD_LEAD,2025-09-07 07:26:56.746+00
329,COLD_LEAD,WARM_LEAD,2025-09-07 11:58:23.302+00
329,WARM_LEAD,RECURRING_SUBSCRIPTION,2025-09-07 13:38:01.452+00
7885,LEAD,RECURRING_SUBSCRIPTION,2025-09-08 00:35:12.588+00
7740,LEAD,COLD_LEAD,2025-09-08 08:48:43.683+00
5211,TRIAL,ON_DEMAND_SUBSCRIPTION,2025-09-08 11:11:46.046+00
329,RECURRING_SUBSCRIPTION,RECURRING_SUBSCRIPTION,2025-09-08 13:36:44.611+00
87,COLD_LEAD,WARM_LEAD,2025-09-08 14:12:56.249+00
7856,LEAD,WARM_LEAD,2025-09-08 14:19:43.979+00
7856,WARM_LEAD,RECURRING_SUBSCRIPTION,2025-09-08 14:20:07.668+00
5558,RECURRING_SUBSCRIPTION,WARM_LEAD,2025-09-08 14:47:43.19+00
4975,RECURRING_SUBSCRIPTION,ON_DEMAND_SUBSCRIPTION,2025-09-08 14:59:06.252+00
7163,LEAD,WARM_LEAD,2025-09-08 15:07:56.18+00
7163,WARM_LEAD,RECURRING_SUBSCRIPTION,2025-09-08 15:08:50.192+00
7163,RECURRING_SUBSCRIPTION,RECURRING_SUBSCRIPTION,2025-09-08 15:13:03.387+00
7866,LEAD,WARM_LEAD,2025-09-08 15:36:51.809+00
7866,WARM_LEAD,RECURRING_SUBSCRIPTION,2025-09-08 15:37:07.303+00
6506,WARM_LEAD,ON_DEMAND_SUBSCRIPTION,2025-09-08 15:55:49.386+00
7876,LEAD,WARM_LEAD,2025-09-08 18:32:43.369+00
7876,WARM_LEAD,RECURRING_SUBSCRIPTION,2025-09-08 18:33:27.732+00
7860,LEAD,WARM_LEAD,2025-09-08 18:58:23.143+00
7860,WARM_LEAD,WARM_LEAD,2025-09-08 18:58:43.962+00
7900,LEAD,WARM_LEAD,2025-09-08 19:41:48.449+00
7900,WARM_LEAD,RECURRING_SUBSCRIPTION,2025-09-08 19:42:01.605+00
7815,LEAD,WARM_LEAD,2025-09-08 19:57:02.838+00
7815,WARM_LEAD,RECURRING_SUBSCRIPTION,2025-09-08 19:57:12.471+00
7760,LEAD,WARM_LEAD,2025-09-08 20:13:12.677+00
7760,WARM_LEAD,RECURRING_SUBSCRIPTION,2025-09-08 20:13:36.358+00
7887,LEAD,WARM_LEAD,2025-09-08 20:46:13.448+00
7887,WARM_LEAD,RECURRING_SUBSCRIPTION,2025-09-08 20:46:22.468+00
7907,LEAD,RECURRING_SUBSCRIPTION,2025-09-09 03:55:18.689+00
7738,LEAD,WARM_LEAD,2025-09-09 08:14:33.894+00
178,COLD_LEAD,WARM_LEAD,2025-09-09 08:36:18.717+00
87,WARM_LEAD,TRIAL,2025-09-09 09:53:00.307+00
5,RECURRING_SUBSCRIPTION,CHURN,2025-09-09 11:29:57.178+00
7715,LEAD,WARM_LEAD,2025-09-09 14:25:59.763+00
7715,WARM_LEAD,RECURRING_SUBSCRIPTION,2025-09-09 14:26:44.007+00
6981,RECURRING_SUBSCRIPTION,TRIAL,2025-09-09 14:30:40.369+00
7860,WARM_LEAD,RECURRING_SUBSCRIPTION,2025-09-09 15:11:29.568+00
7906,LEAD,WARM_LEAD,2025-09-09 15:35:30.603+00
7906,WARM_LEAD,RECURRING_SUBSCRIPTION,2025-09-09 15:36:08.991+00
7906,RECURRING_SUBSCRIPTION,RECURRING_SUBSCRIPTION,2025-09-09 15:37:17.279+00
2964,ON_DEMAND_SUBSCRIPTION,RECURRING_SUBSCRIPTION,2025-09-09 15:59:56.849+00
6222,LEAD,WARM_LEAD,2025-09-09 16:02:57.17+00
7906,RECURRING_SUBSCRIPTION,WARM_LEAD,2025-09-09 16:11:56.82+00
7847,LEAD,WARM_LEAD,2025-09-09 20:01:49.179+00
7847,WARM_LEAD,RECURRING_SUBSCRIPTION,2025-09-09 20:02:23.592+00
7823,LEAD,WARM_LEAD,2025-09-09 20:51:07.133+00
7823,WARM_LEAD,RECURRING_SUBSCRIPTION,2025-09-09 20:52:56.105+00
7299,LEAD,WARM_LEAD,2025-09-09 21:20:14.471+00
7299,WARM_LEAD,RECURRING_SUBSCRIPTION,2025-09-09 21:20:37.434+00
7760,RECURRING_SUBSCRIPTION,RECURRING_SUBSCRIPTION,2025-09-09 21:54:02.043+00
7760,RECURRING_SUBSCRIPTION,RECURRING_SUBSCRIPTION,2025-09-09 21:55:21.096+00
7088,LEAD,WARM_LEAD,2025-09-09 23:20:29.927+00
7088,WARM_LEAD,RECURRING_SUBSCRIPTION,2025-09-09 23:20:46.195+00
7083,LEAD,WARM_LEAD,2025-09-09 23:32:02.822+00
7083,WARM_LEAD,RECURRING_SUBSCRIPTION,2025-09-09 23:32:24.512+00
7083,RECURRING_SUBSCRIPTION,RECURRING_SUBSCRIPTION,2025-09-09 23:32:53.485+00
7568,LEAD,WARM_LEAD,2025-09-10 00:36:06.348+00
7568,WARM_LEAD,RECURRING_SUBSCRIPTION,2025-09-10 00:36:44.647+00
7568,RECURRING_SUBSCRIPTION,RECURRING_SUBSCRIPTION,2025-09-10 00:41:01.207+00
978,LEAD,WARM_LEAD,2025-09-10 10:12:19.994+00
978,WARM_LEAD,LEAD,2025-09-10 10:12:36.374+00
3028,TRIAL,RECURRING_SUBSCRIPTION,2025-09-10 12:07:44.015+00
7927,LEAD,WARM_LEAD,2025-09-10 14:43:11.068+00
7927,WARM_LEAD,RECURRING_SUBSCRIPTION,2025-09-10 14:43:38.724+00
458,ON_DEMAND_SUBSCRIPTION,TRIAL,2025-09-10 16:37:17.279+00
836,TRIAL,RECURRING_SUBSCRIPTION,2025-09-10 16:46:13.661+00
6222,WARM_LEAD,TRIAL,2025-09-10 16:50:17.046+00
7670,LEAD,WARM_LEAD,2025-09-11 08:11:13.201+00
7670,WARM_LEAD,RECURRING_SUBSCRIPTION,2025-09-11 08:15:42.51+00
7926,LEAD,WARM_LEAD,2025-09-11 08:36:49.031+00
201,RECURRING_SUBSCRIPTION,CHURN,2025-09-11 11:39:24.067+00
190,RECURRING_SUBSCRIPTION,CHURN,2025-09-11 12:18:02.08+00
3028,RECURRING_SUBSCRIPTION,TRIAL,2025-09-11 12:23:18.674+00
7932,LEAD,WARM_LEAD,2025-09-11 12:51:27.972+00
7932,WARM_LEAD,RECURRING_SUBSCRIPTION,2025-09-11 12:51:39.853+00
7932,RECURRING_SUBSCRIPTION,WARM_LEAD,2025-09-11 12:54:24.658+00
5727,WARM_LEAD,RECURRING_SUBSCRIPTION,2025-09-11 15:00:55.792+00
7914,LEAD,WARM_LEAD,2025-09-11 15:38:43.336+00
7140,WARM_LEAD,RECURRING_SUBSCRIPTION,2025-09-11 16:04:03.576+00
7932,WARM_LEAD,WARM_LEAD,2025-09-11 17:27:08.227+00
7878,LEAD,WARM_LEAD,2025-09-11 22:02:48.785+00
7878,WARM_LEAD,RECURRING_SUBSCRIPTION,2025-09-11 22:04:04.842+00
7951,LEAD,WARM_LEAD,2025-09-11 22:23:49.864+00
7951,WARM_LEAD,RECURRING_SUBSCRIPTION,2025-09-11 22:24:05.443+00
7926,WARM_LEAD,TRIAL,2025-09-12 12:54:07.038+00
7576,RECURRING_SUBSCRIPTION,RECURRING_SUBSCRIPTION,2025-09-12 15:31:45.472+00
7576,RECURRING_SUBSCRIPTION,RECURRING_SUBSCRIPTION,2025-09-12 15:32:57.858+00
7486,LEAD,WARM_LEAD,2025-09-12 15:38:36.586+00
7486,WARM_LEAD,RECURRING_SUBSCRIPTION,2025-09-12 15:38:47.025+00
7576,RECURRING_SUBSCRIPTION,RECURRING_SUBSCRIPTION,2025-09-12 15:44:41.069+00
7486,RECURRING_SUBSCRIPTION,RECURRING_SUBSCRIPTION,2025-09-12 15:47:49.434+00
7963,LEAD,WARM_LEAD,2025-09-12 16:03:51.226+00
7963,WARM_LEAD,RECURRING_SUBSCRIPTION,2025-09-12 16:04:50.745+00
7963,RECURRING_SUBSCRIPTION,RECURRING_SUBSCRIPTION,2025-09-12 16:07:23.893+00
6927,LEAD,WARM_LEAD,2025-09-12 20:34:34.479+00
6927,WARM_LEAD,RECURRING_SUBSCRIPTION,2025-09-12 20:35:21.281+00
6927,RECURRING_SUBSCRIPTION,RECURRING_SUBSCRIPTION,2025-09-12 20:38:22.972+00
6927,RECURRING_SUBSCRIPTION,RECURRING_SUBSCRIPTION,2025-09-12 20:47:02.227+00
6927,RECURRING_SUBSCRIPTION,RECURRING_SUBSCRIPTION,2025-09-12 20:51:43.095+00
6927,RECURRING_SUBSCRIPTION,RECURRING_SUBSCRIPTION,2025-09-12 20:52:30.784+00
6927,RECURRING_SUBSCRIPTION,RECURRING_SUBSCRIPTION,2025-09-12 21:06:22.586+00
6927,RECURRING_SUBSCRIPTION,RECURRING_SUBSCRIPTION,2025-09-12 21:09:58.078+00
6950,LEAD,WARM_LEAD,2025-09-12 21:36:00.41+00
6950,WARM_LEAD,WARM_LEAD,2025-09-12 21:41:16.38+00
6727,LEAD,WARM_LEAD,2025-09-12 21:55:16.362+00
7970,LEAD,WARM_LEAD,2025-09-12 22:29:29.07+00
7970,WARM_LEAD,RECURRING_SUBSCRIPTION,2025-09-12 22:30:55.354+00
7979,LEAD,WARM_LEAD,2025-09-12 23:42:09.136+00
7979,WARM_LEAD,RECURRING_SUBSCRIPTION,2025-09-12 23:45:53.326+00
7979,RECURRING_SUBSCRIPTION,RECURRING_SUBSCRIPTION,2025-09-12 23:46:06.307+00
7970,RECURRING_SUBSCRIPTION,WARM_LEAD,2025-09-13 00:27:19.961+00
7661,RECURRING_SUBSCRIPTION,WARM_LEAD,2025-09-13 00:28:59.383+00
7811,RECURRING_SUBSCRIPTION,WARM_LEAD,2025-09-13 00:29:27.13+00
7887,RECURRING_SUBSCRIPTION,WARM_LEAD,2025-09-13 00:29:58.107+00
8010,LEAD,RECURRING_SUBSCRIPTION,2025-09-14 07:57:10.933+00
8013,LEAD,FREE_TRIAL,2025-09-14 07:59:59.15+00
6795,LEAD,RECURRING_SUBSCRIPTION,2025-09-15 02:55:03.982+00
7662,LEAD,COLD_LEAD,2025-09-15 08:18:35.869+00
7673,LEAD,COLD_LEAD,2025-09-15 08:19:24.661+00
7718,LEAD,COLD_LEAD,2025-09-15 08:20:46.689+00
7843,LEAD,COLD_LEAD,2025-09-15 08:21:46.686+00
7863,LEAD,COLD_LEAD,2025-09-15 08:22:15.118+00
7872,LEAD,COLD_LEAD,2025-09-15 08:24:24.355+00
5478,RECURRING_SUBSCRIPTION,TRIAL,2025-09-15 12:44:01.993+00
7808,LEAD,RECURRING_SUBSCRIPTION,2025-09-15 13:15:52.446+00
7899,LEAD,WARM_LEAD,2025-09-15 14:51:36.936+00
7899,WARM_LEAD,RECURRING_SUBSCRIPTION,2025-09-15 14:52:15.618+00
7999,LEAD,WARM_LEAD,2025-09-15 16:15:39.215+00
7999,WARM_LEAD,RECURRING_SUBSCRIPTION,2025-09-15 16:22:42.307+00
8002,LEAD,WARM_LEAD,2025-09-15 18:01:52.298+00
8002,WARM_LEAD,ON_DEMAND_SUBSCRIPTION,2025-09-15 18:02:20.134+00
7304,LEAD,WARM_LEAD,2025-09-15 19:21:50.757+00
7304,WARM_LEAD,RECURRING_SUBSCRIPTION,2025-09-15 19:30:58.673+00
7304,RECURRING_SUBSCRIPTION,RECURRING_SUBSCRIPTION,2025-09-15 19:34:03.83+00
7929,LEAD,WARM_LEAD,2025-09-15 21:04:26.27+00
7929,WARM_LEAD,RECURRING_SUBSCRIPTION,2025-09-15 21:04:38.167+00
1734,TRIAL,RECURRING_SUBSCRIPTION,2025-09-15 21:48:40.575+00
1734,RECURRING_SUBSCRIPTION,RECURRING_SUBSCRIPTION,2025-09-15 21:51:28.365+00
8003,LEAD,WARM_LEAD,2025-09-15 22:09:38.981+00
8003,WARM_LEAD,RECURRING_SUBSCRIPTION,2025-09-15 22:11:46.306+00
8003,RECURRING_SUBSCRIPTION,RECURRING_SUBSCRIPTION,2025-09-15 22:12:16.818+00
1533,RECURRING_SUBSCRIPTION,TRIAL,2025-09-15 22:13:08.2+00
7135,RECURRING_SUBSCRIPTION,TRIAL,2025-09-15 22:17:41.697+00
7996,LEAD,WARM_LEAD,2025-09-15 22:36:37.769+00
7996,WARM_LEAD,RECURRING_SUBSCRIPTION,2025-09-15 22:37:20.643+00
7996,RECURRING_SUBSCRIPTION,WARM_LEAD,2025-09-15 23:11:55.579+00
8028,LEAD,WARM_LEAD,2025-09-15 23:29:34.711+00
8028,WARM_LEAD,RECURRING_SUBSCRIPTION,2025-09-15 23:29:45.987+00
8028,RECURRING_SUBSCRIPTION,RECURRING_SUBSCRIPTION,2025-09-15 23:45:28.012+00
8028,RECURRING_SUBSCRIPTION,RECURRING_SUBSCRIPTION,2025-09-15 23:55:00.605+00
7835,LEAD,WARM_LEAD,2025-09-16 08:57:33.407+00
7991,LEAD,WARM_LEAD,2025-09-16 14:01:51.291+00
4900,FREEMIUM,RECURRING_SUBSCRIPTION,2025-09-16 14:23:30.394+00
4900,RECURRING_SUBSCRIPTION,RECURRING_SUBSCRIPTION,2025-09-16 14:23:42.177+00
4900,RECURRING_SUBSCRIPTION,RECURRING_SUBSCRIPTION,2025-09-16 14:23:56.975+00
7991,WARM_LEAD,TRIAL,2025-09-16 14:50:20.978+00
8027,LEAD,RECURRING_SUBSCRIPTION,2025-09-16 15:36:46.975+00
7954,LEAD,WARM_LEAD,2025-09-16 18:25:11.119+00
7954,WARM_LEAD,RECURRING_SUBSCRIPTION,2025-09-16 18:25:48.559+00
7925,LEAD,WARM_LEAD,2025-09-16 21:42:28.246+00
7925,WARM_LEAD,RECURRING_SUBSCRIPTION,2025-09-16 21:43:23.062+00
7925,RECURRING_SUBSCRIPTION,RECURRING_SUBSCRIPTION,2025-09-16 21:46:30.255+00
7925,RECURRING_SUBSCRIPTION,RECURRING_SUBSCRIPTION,2025-09-16 22:25:33.376+00
1734,RECURRING_SUBSCRIPTION,RECURRING_SUBSCRIPTION,2025-09-17 00:03:36.354+00
6927,RECURRING_SUBSCRIPTION,RECURRING_SUBSCRIPTION,2025-09-17 00:06:48.275+00
7932,WARM_LEAD,RECURRING_SUBSCRIPTION,2025-09-17 07:02:34.44+00
82,ON_DEMAND_SUBSCRIPTION,RECURRING_SUBSCRIPTION,2025-09-17 08:01:13.33+00
7932,RECURRING_SUBSCRIPTION,WARM_LEAD,2025-09-17 09:06:09.387+00
7965,LEAD,WARM_LEAD,2025-09-17 11:37:32.634+00
7965,WARM_LEAD,RECURRING_SUBSCRIPTION,2025-09-17 11:42:39.747+00
8046,LEAD,WARM_LEAD,2025-09-17 18:22:27.982+00
8046,WARM_LEAD,RECURRING_SUBSCRIPTION,2025-09-17 18:25:11.158+00
8057,LEAD,WARM_LEAD,2025-09-17 18:40:22.264+00
8057,WARM_LEAD,RECURRING_SUBSCRIPTION,2025-09-17 18:40:38.882+00
8057,RECURRING_SUBSCRIPTION,RECURRING_SUBSCRIPTION,2025-09-17 18:46:59.394+00
8057,RECURRING_SUBSCRIPTION,RECURRING_SUBSCRIPTION,2025-09-17 18:48:20.885+00
7269,RECURRING_SUBSCRIPTION,CHURN,2025-12-09 20:44:24.645+00
8057,RECURRING_SUBSCRIPTION,RECURRING_SUBSCRIPTION,2025-09-17 19:07:05.922+00
8057,RECURRING_SUBSCRIPTION,RECURRING_SUBSCRIPTION,2025-09-17 19:08:00.314+00
8055,LEAD,WARM_LEAD,2025-09-17 19:21:09.373+00
1100,TRIAL,RECURRING_SUBSCRIPTION,2025-09-17 19:23:24.457+00
8055,WARM_LEAD,RECURRING_SUBSCRIPTION,2025-09-17 19:30:09.537+00
8055,RECURRING_SUBSCRIPTION,RECURRING_SUBSCRIPTION,2025-09-17 19:31:12.713+00
2633,FREEMIUM,RECURRING_SUBSCRIPTION,2025-09-17 20:45:13.78+00
6955,LEAD,WARM_LEAD,2025-09-17 21:57:08.131+00
6955,WARM_LEAD,ON_DEMAND_SUBSCRIPTION,2025-09-17 21:57:37.685+00
6561,RECURRING_SUBSCRIPTION,TRIAL,2025-09-17 21:57:53.378+00
6909,LEAD,WARM_LEAD,2025-09-17 22:08:10.556+00
6909,WARM_LEAD,RECURRING_SUBSCRIPTION,2025-09-17 22:08:19.027+00
6909,RECURRING_SUBSCRIPTION,RECURRING_SUBSCRIPTION,2025-09-17 22:09:13.335+00
6909,RECURRING_SUBSCRIPTION,RECURRING_SUBSCRIPTION,2025-09-17 22:10:44.244+00
6909,RECURRING_SUBSCRIPTION,RECURRING_SUBSCRIPTION,2025-09-17 22:11:39.952+00
6909,RECURRING_SUBSCRIPTION,ON_DEMAND_SUBSCRIPTION,2025-09-17 22:12:01.148+00
6909,ON_DEMAND_SUBSCRIPTION,RECURRING_SUBSCRIPTION,2025-09-17 22:12:08.997+00
7965,RECURRING_SUBSCRIPTION,WARM_LEAD,2025-09-18 07:17:26.069+00
7932,WARM_LEAD,LEAD,2025-09-18 07:17:41.153+00
7965,WARM_LEAD,RECURRING_SUBSCRIPTION,2025-09-18 07:25:50.061+00
8129,LEAD,RECURRING_SUBSCRIPTION,2025-09-18 12:55:47.508+00
7253,LEAD,RECURRING_SUBSCRIPTION,2025-09-18 13:06:19.22+00
7821,LEAD,WARM_LEAD,2025-09-18 13:11:07.07+00
7821,WARM_LEAD,RECURRING_SUBSCRIPTION,2025-09-18 13:11:15.049+00
8071,LEAD,RECURRING_SUBSCRIPTION,2025-09-18 13:35:50.37+00
6879,LEAD,WARM_LEAD,2025-09-18 13:43:18.394+00
6879,WARM_LEAD,ON_DEMAND_SUBSCRIPTION,2025-09-18 13:43:39.329+00
6489,LEAD,WARM_LEAD,2025-09-18 14:52:29.624+00
6489,WARM_LEAD,RECURRING_SUBSCRIPTION,2025-09-18 14:53:21.894+00
6489,RECURRING_SUBSCRIPTION,WARM_LEAD,2025-09-18 15:00:09.395+00
6110,WARM_LEAD,RECURRING_SUBSCRIPTION,2025-09-18 15:30:13.428+00
882,RECURRING_SUBSCRIPTION,CHURN,2025-09-18 16:24:01.679+00
8134,LEAD,RECURRING_SUBSCRIPTION,2025-09-18 16:39:19.186+00
7558,LEAD,WARM_LEAD,2025-09-18 17:26:17.207+00
7558,WARM_LEAD,RECURRING_SUBSCRIPTION,2025-09-18 17:26:31.956+00
8120,LEAD,WARM_LEAD,2025-09-18 17:39:18.209+00
7558,RECURRING_SUBSCRIPTION,WARM_LEAD,2025-09-18 18:22:08.37+00
8106,LEAD,WARM_LEAD,2025-09-18 20:19:36.088+00
8106,WARM_LEAD,RECURRING_SUBSCRIPTION,2025-09-18 20:19:47.088+00
8106,RECURRING_SUBSCRIPTION,RECURRING_SUBSCRIPTION,2025-09-18 20:20:05.5+00
8073,LEAD,WARM_LEAD,2025-09-18 20:59:57.426+00
8151,LEAD,WARM_LEAD,2025-09-18 22:40:01.626+00
8151,WARM_LEAD,RECURRING_SUBSCRIPTION,2025-09-18 22:41:23.472+00
8150,LEAD,WARM_LEAD,2025-09-18 23:04:32.97+00
8150,WARM_LEAD,RECURRING_SUBSCRIPTION,2025-09-18 23:07:30.598+00
8150,RECURRING_SUBSCRIPTION,RECURRING_SUBSCRIPTION,2025-09-18 23:07:50.879+00
8073,WARM_LEAD,RECURRING_SUBSCRIPTION,2025-09-19 00:00:11.622+00
7992,LEAD,RECURRING_SUBSCRIPTION,2025-09-19 01:52:19.27+00
8159,LEAD,RECURRING_SUBSCRIPTION,2025-09-19 12:29:52.405+00
1449,COLD_LEAD,WARM_LEAD,2025-09-19 14:07:05.669+00
1449,WARM_LEAD,ON_DEMAND_SUBSCRIPTION,2025-09-19 14:07:27.279+00
1449,ON_DEMAND_SUBSCRIPTION,RECURRING_SUBSCRIPTION,2025-09-19 14:07:34.085+00
1449,RECURRING_SUBSCRIPTION,RECURRING_SUBSCRIPTION,2025-09-19 14:09:30.367+00
1449,RECURRING_SUBSCRIPTION,RECURRING_SUBSCRIPTION,2025-09-19 14:09:51.655+00
1449,RECURRING_SUBSCRIPTION,RECURRING_SUBSCRIPTION,2025-09-19 14:10:04.935+00
7867,LEAD,WARM_LEAD,2025-09-19 14:58:18.757+00
7867,WARM_LEAD,ON_DEMAND_SUBSCRIPTION,2025-09-19 14:58:37.519+00
8108,LEAD,WARM_LEAD,2025-09-19 15:14:10.395+00
8108,WARM_LEAD,RECURRING_SUBSCRIPTION,2025-09-19 15:14:25.977+00
8162,LEAD,RECURRING_SUBSCRIPTION,2025-09-19 15:30:32.545+00
7433,LEAD,RECURRING_SUBSCRIPTION,2025-09-19 15:33:04.906+00
8108,RECURRING_SUBSCRIPTION,RECURRING_SUBSCRIPTION,2025-09-19 15:36:23.02+00
8108,RECURRING_SUBSCRIPTION,RECURRING_SUBSCRIPTION,2025-09-19 15:37:33.478+00
7819,LEAD,WARM_LEAD,2025-09-19 16:38:53.113+00
6774,LEAD,WARM_LEAD,2025-09-19 16:39:14.729+00
7819,WARM_LEAD,RECURRING_SUBSCRIPTION,2025-09-19 16:40:51.896+00
7620,LEAD,RECURRING_SUBSCRIPTION,2025-09-19 18:13:45.938+00
8168,LEAD,WARM_LEAD,2025-09-19 22:21:53.967+00
7204,LEAD,WARM_LEAD,2025-09-19 22:49:01.613+00
7204,WARM_LEAD,RECURRING_SUBSCRIPTION,2025-09-19 22:52:44.438+00
7665,LEAD,RECURRING_SUBSCRIPTION,2025-09-20 14:56:18.959+00
6489,RECURRING_SUBSCRIPTION,ON_DEMAND_SUBSCRIPTION,2025-09-20 16:49:35.775+00
1449,RECURRING_SUBSCRIPTION,WARM_LEAD,2025-09-20 18:01:17.614+00
8052,LEAD,WARM_LEAD,2025-09-21 10:23:03.223+00
8052,WARM_LEAD,RECURRING_SUBSCRIPTION,2025-09-21 10:25:27.155+00
1449,WARM_LEAD,RECURRING_SUBSCRIPTION,2025-09-21 14:29:19.804+00
1449,RECURRING_SUBSCRIPTION,RECURRING_SUBSCRIPTION,2025-09-21 14:44:05.221+00
7717,WARM_LEAD,RECURRING_SUBSCRIPTION,2025-09-22 00:07:44.773+00
7252,COLD_LEAD,WARM_LEAD,2025-09-22 07:36:50.459+00
7252,WARM_LEAD,RECURRING_SUBSCRIPTION,2025-09-22 07:40:54.354+00
7252,RECURRING_SUBSCRIPTION,RECURRING_SUBSCRIPTION,2025-09-22 08:11:48.019+00
1904,RECURRING_SUBSCRIPTION,CHURN,2025-09-22 08:22:22.634+00
550,RECURRING_SUBSCRIPTION,CHURN,2025-09-22 08:25:29.995+00
178,WARM_LEAD,LEAD,2025-09-22 10:57:30.883+00
7738,WARM_LEAD,LEAD,2025-09-22 10:57:46.068+00
7639,WARM_LEAD,LEAD,2025-09-22 10:58:02.116+00
7932,LEAD,WARM_LEAD,2025-09-22 10:59:19.605+00
7932,WARM_LEAD,TRIAL,2025-09-22 12:10:16.735+00
7932,TRIAL,ON_DEMAND_SUBSCRIPTION,2025-09-22 12:13:38.201+00
5199,FREEMIUM,RECURRING_SUBSCRIPTION,2025-09-22 13:00:09.766+00
6955,RECURRING_SUBSCRIPTION,RECURRING_SUBSCRIPTION,2025-09-22 13:06:02.042+00
1408,TRIAL,ON_DEMAND_SUBSCRIPTION,2025-09-22 13:27:33.82+00
6571,LEAD,WARM_LEAD,2025-09-22 14:01:29.461+00
6571,WARM_LEAD,RECURRING_SUBSCRIPTION,2025-09-22 14:01:35.626+00
6571,RECURRING_SUBSCRIPTION,WARM_LEAD,2025-09-22 14:07:29.527+00
6571,WARM_LEAD,TRIAL,2025-09-22 14:39:37.554+00
7801,LEAD,WARM_LEAD,2025-09-22 16:32:17.667+00
7801,WARM_LEAD,ON_DEMAND_SUBSCRIPTION,2025-09-22 16:34:07.092+00
7315,LEAD,WARM_LEAD,2025-09-22 16:57:15.749+00
7315,WARM_LEAD,RECURRING_SUBSCRIPTION,2025-09-22 16:57:50.782+00
8170,LEAD,WARM_LEAD,2025-09-22 17:00:02.785+00
8170,WARM_LEAD,RECURRING_SUBSCRIPTION,2025-09-22 17:01:29.809+00
2515,RECURRING_SUBSCRIPTION,CHURN,2025-09-22 17:17:17.651+00
8200,LEAD,RECURRING_SUBSCRIPTION,2025-09-22 17:39:10.674+00
8209,LEAD,WARM_LEAD,2025-09-22 18:49:12.106+00
8209,WARM_LEAD,RECURRING_SUBSCRIPTION,2025-09-22 18:49:41.97+00
8142,LEAD,WARM_LEAD,2025-09-22 19:14:53.355+00
8142,WARM_LEAD,RECURRING_SUBSCRIPTION,2025-09-22 19:16:26.664+00
8142,RECURRING_SUBSCRIPTION,RECURRING_SUBSCRIPTION,2025-09-22 19:18:35.205+00
8227,LEAD,RECURRING_SUBSCRIPTION,2025-09-22 20:15:56.684+00
8233,LEAD,RECURRING_SUBSCRIPTION,2025-09-22 20:18:31.403+00
6812,LEAD,WARM_LEAD,2025-09-22 20:22:39.642+00
6812,WARM_LEAD,RECURRING_SUBSCRIPTION,2025-09-22 20:25:24.207+00
8269,LEAD,RECURRING_SUBSCRIPTION,2025-09-22 20:46:42.546+00
8142,RECURRING_SUBSCRIPTION,RECURRING_SUBSCRIPTION,2025-09-22 20:54:42.783+00
8142,RECURRING_SUBSCRIPTION,RECURRING_SUBSCRIPTION,2025-09-22 20:55:01.57+00
8142,RECURRING_SUBSCRIPTION,RECURRING_SUBSCRIPTION,2025-09-22 20:55:19.614+00
8266,LEAD,RECURRING_SUBSCRIPTION,2025-09-22 20:59:04.279+00
8279,LEAD,RECURRING_SUBSCRIPTION,2025-09-22 21:00:24.686+00
5707,WARM_LEAD,RECURRING_SUBSCRIPTION,2025-09-22 21:31:04.408+00
8142,RECURRING_SUBSCRIPTION,RECURRING_SUBSCRIPTION,2025-09-22 21:47:30.683+00
8142,RECURRING_SUBSCRIPTION,RECURRING_SUBSCRIPTION,2025-09-22 21:51:29.478+00
6896,RECURRING_SUBSCRIPTION,WARM_LEAD,2025-09-22 22:04:05.82+00
8293,LEAD,RECURRING_SUBSCRIPTION,2025-09-22 22:40:54.431+00
509,RECURRING_SUBSCRIPTION,CHURN,2025-09-22 23:11:50.303+00
8254,LEAD,RECURRING_SUBSCRIPTION,2025-09-23 00:53:28.113+00
8301,LEAD,RECURRING_SUBSCRIPTION,2025-09-23 01:11:39.509+00
8249,LEAD,RECURRING_SUBSCRIPTION,2025-09-23 01:37:18.211+00
8249,RECURRING_SUBSCRIPTION,RECURRING_SUBSCRIPTION,2025-09-23 01:37:20.551+00
4735,FREEMIUM,RECURRING_SUBSCRIPTION,2025-09-23 02:44:22.75+00
5704,CHURN,RECURRING_SUBSCRIPTION,2025-09-23 10:02:13.118+00
8319,LEAD,RECURRING_SUBSCRIPTION,2025-09-23 11:51:13.059+00
8320,LEAD,RECURRING_SUBSCRIPTION,2025-09-23 11:53:35.592+00
8143,LEAD,RECURRING_SUBSCRIPTION,2025-09-23 12:13:17.424+00
1873,RECURRING_SUBSCRIPTION,CHURN,2025-09-23 13:20:18+00
6702,RECURRING_SUBSCRIPTION,CHURN,2025-09-23 14:28:39.381+00
4735,RECURRING_SUBSCRIPTION,RECURRING_SUBSCRIPTION,2025-09-23 18:00:56.028+00
8355,LEAD,WARM_LEAD,2025-09-23 19:58:35.381+00
8355,WARM_LEAD,RECURRING_SUBSCRIPTION,2025-09-23 20:00:49.025+00
8355,RECURRING_SUBSCRIPTION,RECURRING_SUBSCRIPTION,2025-09-23 20:05:06.213+00
8355,RECURRING_SUBSCRIPTION,RECURRING_SUBSCRIPTION,2025-09-23 20:06:05.06+00
8378,LEAD,RECURRING_SUBSCRIPTION,2025-09-23 20:26:24.478+00
8381,LEAD,RECURRING_SUBSCRIPTION,2025-09-23 22:05:59.877+00
8338,LEAD,WARM_LEAD,2025-09-23 22:47:02.927+00
8338,WARM_LEAD,RECURRING_SUBSCRIPTION,2025-09-23 22:47:17.482+00
7304,RECURRING_SUBSCRIPTION,WARM_LEAD,2025-09-23 22:51:09.724+00
8053,LEAD,WARM_LEAD,2025-09-23 23:06:49.197+00
8053,WARM_LEAD,RECURRING_SUBSCRIPTION,2025-09-23 23:07:07.419+00
7846,LEAD,RECURRING_SUBSCRIPTION,2025-09-24 05:38:30.945+00
4900,RECURRING_SUBSCRIPTION,RECURRING_SUBSCRIPTION,2025-09-24 12:57:36.108+00
8393,LEAD,RECURRING_SUBSCRIPTION,2025-09-24 13:28:38.968+00
5195,TRIAL,ON_DEMAND_SUBSCRIPTION,2025-09-24 14:46:54.037+00
8395,LEAD,RECURRING_SUBSCRIPTION,2025-09-24 14:47:56.392+00
2791,COLD_LEAD,WARM_LEAD,2025-09-24 15:54:12.944+00
2791,WARM_LEAD,ON_DEMAND_SUBSCRIPTION,2025-09-24 15:57:42.345+00
2791,ON_DEMAND_SUBSCRIPTION,RECURRING_SUBSCRIPTION,2025-09-24 15:57:55.729+00
8312,LEAD,WARM_LEAD,2025-09-24 17:02:20.47+00
8312,WARM_LEAD,RECURRING_SUBSCRIPTION,2025-09-24 17:03:07.21+00
7902,LEAD,RECURRING_SUBSCRIPTION,2025-09-24 18:03:14.278+00
8261,LEAD,WARM_LEAD,2025-09-24 20:03:33.725+00
8261,WARM_LEAD,RECURRING_SUBSCRIPTION,2025-09-24 20:03:45.514+00
8385,LEAD,RECURRING_SUBSCRIPTION,2025-09-24 21:42:29.265+00
8241,LEAD,WARM_LEAD,2025-09-24 23:03:58.68+00
8241,WARM_LEAD,RECURRING_SUBSCRIPTION,2025-09-24 23:08:36.377+00
8197,LEAD,WARM_LEAD,2025-09-25 11:31:15.643+00
8414,LEAD,RECURRING_SUBSCRIPTION,2025-09-25 11:57:05.525+00
8415,LEAD,RECURRING_SUBSCRIPTION,2025-09-25 11:59:07.823+00
3197,TRIAL,RECURRING_SUBSCRIPTION,2025-09-25 12:09:33.293+00
3197,RECURRING_SUBSCRIPTION,TRIAL,2025-09-25 12:10:03.599+00
2791,RECURRING_SUBSCRIPTION,TRIAL,2025-09-25 13:03:52.178+00
8443,LEAD,RECURRING_SUBSCRIPTION,2025-09-25 13:29:09.579+00
8447,LEAD,RECURRING_SUBSCRIPTION,2025-09-25 13:43:13.882+00
8449,LEAD,RECURRING_SUBSCRIPTION,2025-09-25 13:52:55.43+00
8320,RECURRING_SUBSCRIPTION,RECURRING_SUBSCRIPTION,2025-09-25 14:15:10.665+00
3164,FREEMIUM,RECURRING_SUBSCRIPTION,2025-09-25 14:43:56.841+00
5195,ON_DEMAND_SUBSCRIPTION,WARM_LEAD,2025-09-25 16:09:12.217+00
5195,WARM_LEAD,RECURRING_SUBSCRIPTION,2025-09-25 16:09:40.278+00
5195,RECURRING_SUBSCRIPTION,WARM_LEAD,2025-09-25 16:11:25.585+00
7499,LEAD,RECURRING_SUBSCRIPTION,2025-09-25 16:50:28.764+00
7190,RECURRING_SUBSCRIPTION,TRIAL,2025-09-25 17:21:35.85+00
8320,RECURRING_SUBSCRIPTION,RECURRING_SUBSCRIPTION,2025-09-25 18:00:36.835+00
8320,RECURRING_SUBSCRIPTION,RECURRING_SUBSCRIPTION,2025-09-25 18:10:33.898+00
6835,RECURRING_SUBSCRIPTION,TRIAL,2025-09-25 19:53:22.433+00
6823,LEAD,WARM_LEAD,2025-09-25 21:14:07.254+00
8432,LEAD,WARM_LEAD,2025-09-25 21:14:31.315+00
6823,WARM_LEAD,RECURRING_SUBSCRIPTION,2025-09-25 21:14:46.569+00
8432,WARM_LEAD,RECURRING_SUBSCRIPTION,2025-09-25 21:14:55.503+00
6823,RECURRING_SUBSCRIPTION,RECURRING_SUBSCRIPTION,2025-09-25 21:23:56.689+00
8432,RECURRING_SUBSCRIPTION,WARM_LEAD,2025-09-25 21:24:04.843+00
6823,RECURRING_SUBSCRIPTION,RECURRING_SUBSCRIPTION,2025-09-25 21:30:59.452+00
8391,LEAD,WARM_LEAD,2025-09-25 22:35:39.368+00
8391,WARM_LEAD,RECURRING_SUBSCRIPTION,2025-09-25 22:36:02.159+00
8241,RECURRING_SUBSCRIPTION,WARM_LEAD,2025-09-25 23:45:19.35+00
8320,RECURRING_SUBSCRIPTION,WARM_LEAD,2025-09-25 23:45:54.711+00
1824,RECURRING_SUBSCRIPTION,CHURN,2025-09-26 00:15:13.939+00
1348,FREEMIUM,RECURRING_SUBSCRIPTION,2025-09-26 15:33:40.251+00
6823,RECURRING_SUBSCRIPTION,RECURRING_SUBSCRIPTION,2025-09-26 15:38:03.259+00
7827,RECURRING_SUBSCRIPTION,TRIAL,2025-09-26 15:57:51.043+00
3164,RECURRING_SUBSCRIPTION,RECURRING_SUBSCRIPTION,2025-09-26 16:39:18.603+00
6881,LEAD,WARM_LEAD,2025-09-26 17:38:10.294+00
6881,WARM_LEAD,RECURRING_SUBSCRIPTION,2025-09-26 17:41:45.698+00
8405,LEAD,WARM_LEAD,2025-09-26 18:40:13.417+00
8405,WARM_LEAD,RECURRING_SUBSCRIPTION,2025-09-26 18:40:27.551+00
7924,LEAD,RECURRING_SUBSCRIPTION,2025-09-26 18:49:21.096+00
8246,LEAD,WARM_LEAD,2025-09-26 19:04:04.901+00
8246,WARM_LEAD,RECURRING_SUBSCRIPTION,2025-09-26 19:04:11.17+00
8246,RECURRING_SUBSCRIPTION,RECURRING_SUBSCRIPTION,2025-09-26 19:04:40.33+00
8168,WARM_LEAD,RECURRING_SUBSCRIPTION,2025-09-26 20:09:04.638+00
8478,LEAD,RECURRING_SUBSCRIPTION,2025-09-26 20:18:42.977+00
7716,LEAD,WARM_LEAD,2025-09-26 21:16:57.558+00
7716,WARM_LEAD,RECURRING_SUBSCRIPTION,2025-09-26 21:19:40.581+00
769,CHURN,ON_DEMAND_SUBSCRIPTION,2025-09-26 21:52:52.494+00
8181,LEAD,WARM_LEAD,2025-09-26 21:58:32.524+00
8117,LEAD,WARM_LEAD,2025-09-26 22:31:22.607+00
8117,WARM_LEAD,RECURRING_SUBSCRIPTION,2025-09-26 22:31:37.316+00
8296,LEAD,RECURRING_SUBSCRIPTION,2025-09-27 01:53:26.562+00
8394,LEAD,WARM_LEAD,2025-09-27 15:41:37.239+00
8394,WARM_LEAD,RECURRING_SUBSCRIPTION,2025-09-27 15:42:51.28+00
8461,LEAD,WARM_LEAD,2025-09-27 19:25:08.219+00
8461,WARM_LEAD,TRIAL,2025-09-27 19:25:50.979+00
7898,LEAD,RECURRING_SUBSCRIPTION,2025-09-27 22:24:25.826+00
8492,LEAD,RECURRING_SUBSCRIPTION,2025-09-28 06:38:41.791+00
8492,RECURRING_SUBSCRIPTION,TRIAL,2025-09-28 07:33:31.353+00
7746,LEAD,RECURRING_SUBSCRIPTION,2025-09-28 12:56:46.974+00
335,RECURRING_SUBSCRIPTION,ON_DEMAND_SUBSCRIPTION,2025-09-28 13:47:01.967+00
7351,LEAD,RECURRING_SUBSCRIPTION,2025-09-28 14:04:36.227+00
8215,LEAD,RECURRING_SUBSCRIPTION,2025-09-28 16:14:30.367+00
8499,LEAD,RECURRING_SUBSCRIPTION,2025-09-28 21:46:34.242+00
8496,LEAD,RECURRING_SUBSCRIPTION,2025-09-28 22:44:42.744+00
8494,LEAD,RECURRING_SUBSCRIPTION,2025-09-29 02:38:10.898+00
8498,LEAD,RECURRING_SUBSCRIPTION,2025-09-29 12:49:17.533+00
6222,TRIAL,RECURRING_SUBSCRIPTION,2025-09-29 13:09:36.863+00
6222,RECURRING_SUBSCRIPTION,RECURRING_SUBSCRIPTION,2025-09-29 13:10:08.382+00
8400,LEAD,WARM_LEAD,2025-09-29 13:21:51.572+00
8400,WARM_LEAD,RECURRING_SUBSCRIPTION,2025-09-29 13:22:00.424+00
7828,RECURRING_SUBSCRIPTION,RECURRING_SUBSCRIPTION,2025-09-29 13:30:19.462+00
7828,RECURRING_SUBSCRIPTION,RECURRING_SUBSCRIPTION,2025-09-29 13:31:17.855+00
6851,RECURRING_SUBSCRIPTION,CHURN,2025-12-09 23:23:12.908+00
7828,RECURRING_SUBSCRIPTION,RECURRING_SUBSCRIPTION,2025-09-29 13:32:34.177+00
6222,RECURRING_SUBSCRIPTION,RECURRING_SUBSCRIPTION,2025-09-29 13:49:54.333+00
2797,ON_DEMAND_SUBSCRIPTION,RECURRING_SUBSCRIPTION,2025-09-29 13:50:20.532+00
8488,LEAD,WARM_LEAD,2025-09-29 14:31:42.284+00
8488,WARM_LEAD,ON_DEMAND_SUBSCRIPTION,2025-09-29 14:32:38.582+00
8488,ON_DEMAND_SUBSCRIPTION,TRIAL,2025-09-29 14:33:27.129+00
8488,TRIAL,ON_DEMAND_SUBSCRIPTION,2025-09-29 14:34:59.726+00
8498,RECURRING_SUBSCRIPTION,RECURRING_SUBSCRIPTION,2025-09-29 14:54:18.66+00
7885,RECURRING_SUBSCRIPTION,TRIAL,2025-09-29 16:46:54.615+00
8483,LEAD,WARM_LEAD,2025-09-29 17:44:42.114+00
8483,WARM_LEAD,RECURRING_SUBSCRIPTION,2025-09-29 17:45:17.415+00
8073,RECURRING_SUBSCRIPTION,TRIAL,2025-09-29 18:15:04.66+00
7121,TRIAL,RECURRING_SUBSCRIPTION,2025-09-29 18:23:48.171+00
8320,WARM_LEAD,RECURRING_SUBSCRIPTION,2025-09-29 18:59:01.276+00
7474,LEAD,WARM_LEAD,2025-09-29 19:23:58.948+00
7474,WARM_LEAD,RECURRING_SUBSCRIPTION,2025-09-29 19:24:27.35+00
6896,WARM_LEAD,RECURRING_SUBSCRIPTION,2025-09-29 19:34:24.359+00
6896,RECURRING_SUBSCRIPTION,RECURRING_SUBSCRIPTION,2025-09-29 19:41:25.44+00
7661,WARM_LEAD,RECURRING_SUBSCRIPTION,2025-09-29 21:24:54.629+00
7098,LEAD,WARM_LEAD,2025-09-29 23:05:26.685+00
7098,WARM_LEAD,RECURRING_SUBSCRIPTION,2025-09-29 23:06:51.155+00
8346,LEAD,WARM_LEAD,2025-09-30 00:26:28.673+00
8506,LEAD,RECURRING_SUBSCRIPTION,2025-09-30 08:35:16.705+00
6658,ON_DEMAND_SUBSCRIPTION,RECURRING_SUBSCRIPTION,2025-09-30 09:03:14.488+00
8355,RECURRING_SUBSCRIPTION,WARM_LEAD,2025-09-30 09:07:20.135+00
7299,RECURRING_SUBSCRIPTION,WARM_LEAD,2025-09-30 09:07:41.558+00
5727,RECURRING_SUBSCRIPTION,WARM_LEAD,2025-09-30 09:08:12.76+00
7878,RECURRING_SUBSCRIPTION,WARM_LEAD,2025-09-30 09:08:32.599+00
8338,RECURRING_SUBSCRIPTION,WARM_LEAD,2025-09-30 09:09:02.064+00
8312,RECURRING_SUBSCRIPTION,WARM_LEAD,2025-09-30 09:09:21.303+00
8391,RECURRING_SUBSCRIPTION,WARM_LEAD,2025-09-30 09:09:41.575+00
1348,RECURRING_SUBSCRIPTION,WARM_LEAD,2025-09-30 09:10:14.114+00
8168,RECURRING_SUBSCRIPTION,WARM_LEAD,2025-09-30 09:10:30.481+00
7474,RECURRING_SUBSCRIPTION,WARM_LEAD,2025-09-30 09:10:52.289+00
6812,RECURRING_SUBSCRIPTION,WARM_LEAD,2025-09-30 09:11:09.108+00
8483,RECURRING_SUBSCRIPTION,WARM_LEAD,2025-09-30 09:11:25.169+00
7630,RECURRING_SUBSCRIPTION,WARM_LEAD,2025-09-30 09:11:41.444+00
5707,RECURRING_SUBSCRIPTION,WARM_LEAD,2025-09-30 09:12:00.722+00
8400,RECURRING_SUBSCRIPTION,WARM_LEAD,2025-09-30 09:12:31.875+00
7879,LEAD,COLD_LEAD,2025-09-30 09:37:38.414+00
7943,LEAD,COLD_LEAD,2025-09-30 09:40:28.306+00
8180,LEAD,COLD_LEAD,2025-09-30 09:43:29.536+00
8194,LEAD,COLD_LEAD,2025-09-30 09:45:19.597+00
8507,LEAD,RECURRING_SUBSCRIPTION,2025-09-30 11:41:06.294+00
1184,FROZEN,RECURRING_SUBSCRIPTION,2025-09-30 12:07:49.152+00
1184,RECURRING_SUBSCRIPTION,RECURRING_SUBSCRIPTION,2025-09-30 12:08:15.698+00
8355,WARM_LEAD,WARM_LEAD,2025-09-30 12:56:43.448+00
8132,LEAD,WARM_LEAD,2025-09-30 13:35:23.465+00
8132,WARM_LEAD,ON_DEMAND_SUBSCRIPTION,2025-09-30 13:49:38.247+00
2063,RECURRING_SUBSCRIPTION,RECURRING_SUBSCRIPTION,2025-09-30 15:02:57.63+00
8507,RECURRING_SUBSCRIPTION,WARM_LEAD,2025-09-30 15:03:58.461+00
8053,RECURRING_SUBSCRIPTION,RECURRING_SUBSCRIPTION,2025-09-30 15:13:37.663+00
2829,WARM_LEAD,TRIAL,2025-09-30 15:49:05.557+00
8511,LEAD,RECURRING_SUBSCRIPTION,2025-09-30 15:49:40.695+00
8481,LEAD,WARM_LEAD,2025-09-30 16:37:42.023+00
8027,RECURRING_SUBSCRIPTION,RECURRING_SUBSCRIPTION,2025-09-30 17:17:43.333+00
7335,RECURRING_SUBSCRIPTION,TRIAL,2025-09-30 17:51:33.455+00
7318,LEAD,WARM_LEAD,2025-09-30 18:10:35.221+00
7318,WARM_LEAD,RECURRING_SUBSCRIPTION,2025-09-30 18:10:51.955+00
8120,WARM_LEAD,RECURRING_SUBSCRIPTION,2025-09-30 18:19:53.962+00
5732,RECURRING_SUBSCRIPTION,CHURN,2025-09-30 20:05:25.271+00
7282,RECURRING_SUBSCRIPTION,WARM_LEAD,2025-09-30 20:15:04.764+00
7898,RECURRING_SUBSCRIPTION,WARM_LEAD,2025-09-30 20:45:22.245+00
8124,LEAD,WARM_LEAD,2025-09-30 21:49:18.958+00
8124,WARM_LEAD,RECURRING_SUBSCRIPTION,2025-09-30 21:50:26.48+00
8124,RECURRING_SUBSCRIPTION,RECURRING_SUBSCRIPTION,2025-09-30 21:53:31.616+00
8124,RECURRING_SUBSCRIPTION,RECURRING_SUBSCRIPTION,2025-09-30 22:01:10.333+00
5373,LEAD,RECURRING_SUBSCRIPTION,2025-09-30 23:32:56.555+00
8520,LEAD,RECURRING_SUBSCRIPTION,2025-10-01 03:08:54.126+00
7251,COLD_LEAD,WARM_LEAD,2025-10-01 08:39:01.022+00
7251,WARM_LEAD,TRIAL,2025-10-01 08:39:37.729+00
7497,RECURRING_SUBSCRIPTION,WARM_LEAD,2025-10-01 14:29:04.052+00
4735,RECURRING_SUBSCRIPTION,RECURRING_SUBSCRIPTION,2025-10-01 15:11:24.495+00
7489,LEAD,WARM_LEAD,2025-10-01 17:25:04.109+00
7489,WARM_LEAD,RECURRING_SUBSCRIPTION,2025-10-01 17:25:39.051+00
7847,RECURRING_SUBSCRIPTION,WARM_LEAD,2025-10-01 17:28:33.5+00
1453,ON_DEMAND_SUBSCRIPTION,TRIAL,2025-10-01 17:55:42.574+00
8000,LEAD,WARM_LEAD,2025-10-01 18:08:52.181+00
8000,WARM_LEAD,ON_DEMAND_SUBSCRIPTION,2025-10-01 18:09:00.307+00
8346,WARM_LEAD,RECURRING_SUBSCRIPTION,2025-10-01 18:49:01.821+00
8516,LEAD,WARM_LEAD,2025-10-01 19:37:24.041+00
8516,WARM_LEAD,RECURRING_SUBSCRIPTION,2025-10-01 19:37:35.989+00
8516,RECURRING_SUBSCRIPTION,RECURRING_SUBSCRIPTION,2025-10-01 19:37:43.122+00
8516,RECURRING_SUBSCRIPTION,RECURRING_SUBSCRIPTION,2025-10-01 19:37:48.343+00
2723,TRIAL,ON_DEMAND_SUBSCRIPTION,2025-10-01 20:37:00.905+00
7186,LEAD,WARM_LEAD,2025-10-01 20:58:37.839+00
7186,WARM_LEAD,RECURRING_SUBSCRIPTION,2025-10-01 20:58:45.171+00
6499,WARM_LEAD,RECURRING_SUBSCRIPTION,2025-10-01 22:52:06.906+00
6499,RECURRING_SUBSCRIPTION,RECURRING_SUBSCRIPTION,2025-10-01 22:52:40.018+00
6499,RECURRING_SUBSCRIPTION,RECURRING_SUBSCRIPTION,2025-10-01 23:06:33.033+00
3238,FREEMIUM,RECURRING_SUBSCRIPTION,2025-10-02 12:22:11.994+00
8531,LEAD,RECURRING_SUBSCRIPTION,2025-10-02 12:39:57.697+00
5000,FREEMIUM,RECURRING_SUBSCRIPTION,2025-10-02 14:19:17.326+00
5000,RECURRING_SUBSCRIPTION,RECURRING_SUBSCRIPTION,2025-10-02 14:44:28.167+00
6499,RECURRING_SUBSCRIPTION,RECURRING_SUBSCRIPTION,2025-10-02 15:13:41.629+00
8512,LEAD,WARM_LEAD,2025-10-02 16:51:58.846+00
8512,WARM_LEAD,RECURRING_SUBSCRIPTION,2025-10-02 16:56:19.545+00
6450,RECURRING_SUBSCRIPTION,FROZEN,2025-10-02 17:04:59.435+00
1046,TRIAL,RECURRING_SUBSCRIPTION,2025-10-02 17:24:14.668+00
1046,RECURRING_SUBSCRIPTION,ON_DEMAND_SUBSCRIPTION,2025-10-02 17:24:20.73+00
4787,RECURRING_SUBSCRIPTION,CHURN,2025-10-02 17:59:09.696+00
3176,RECURRING_SUBSCRIPTION,TRIAL,2025-10-02 20:20:09.58+00
5662,FREEMIUM,ON_DEMAND_SUBSCRIPTION,2025-10-02 21:19:24.674+00
4821,FREEMIUM,ON_DEMAND_SUBSCRIPTION,2025-10-02 21:28:09.174+00
4821,ON_DEMAND_SUBSCRIPTION,RECURRING_SUBSCRIPTION,2025-10-02 21:28:50.697+00
4821,RECURRING_SUBSCRIPTION,ON_DEMAND_SUBSCRIPTION,2025-10-02 21:29:33.054+00
7864,LEAD,WARM_LEAD,2025-10-02 22:30:18.044+00
7864,WARM_LEAD,RECURRING_SUBSCRIPTION,2025-10-02 22:32:10.043+00
1731,TRIAL,RECURRING_SUBSCRIPTION,2025-10-02 23:37:51.309+00
8544,LEAD,WARM_LEAD,2025-10-03 13:18:32.59+00
8544,WARM_LEAD,RECURRING_SUBSCRIPTION,2025-10-03 13:18:54.49+00
8544,RECURRING_SUBSCRIPTION,RECURRING_SUBSCRIPTION,2025-10-03 13:41:44.735+00
8544,RECURRING_SUBSCRIPTION,RECURRING_SUBSCRIPTION,2025-10-03 14:07:17.538+00
8544,RECURRING_SUBSCRIPTION,RECURRING_SUBSCRIPTION,2025-10-03 14:09:05.21+00
7186,RECURRING_SUBSCRIPTION,WARM_LEAD,2025-10-03 14:20:09.167+00
7489,RECURRING_SUBSCRIPTION,WARM_LEAD,2025-10-03 14:20:36.381+00
7351,RECURRING_SUBSCRIPTION,WARM_LEAD,2025-10-03 14:20:55.041+00
8120,RECURRING_SUBSCRIPTION,WARM_LEAD,2025-10-03 14:21:13.233+00
8346,RECURRING_SUBSCRIPTION,WARM_LEAD,2025-10-03 14:21:30.604+00
6499,RECURRING_SUBSCRIPTION,RECURRING_SUBSCRIPTION,2025-10-03 14:30:40.696+00
8465,LEAD,WARM_LEAD,2025-10-03 15:00:08.704+00
8316,LEAD,WARM_LEAD,2025-10-03 16:04:34.804+00
8316,WARM_LEAD,RECURRING_SUBSCRIPTION,2025-10-03 16:05:05.352+00
8316,RECURRING_SUBSCRIPTION,RECURRING_SUBSCRIPTION,2025-10-03 16:25:36.379+00
7654,RECURRING_SUBSCRIPTION,WARM_LEAD,2025-10-03 16:27:25.763+00
2383,TRIAL,ON_DEMAND_SUBSCRIPTION,2025-10-03 17:12:13.498+00
2383,ON_DEMAND_SUBSCRIPTION,RECURRING_SUBSCRIPTION,2025-10-03 17:12:24.329+00
2383,RECURRING_SUBSCRIPTION,RECURRING_SUBSCRIPTION,2025-10-03 17:32:37.715+00
8449,RECURRING_SUBSCRIPTION,WARM_LEAD,2025-10-03 17:35:53.897+00
2876,FREEMIUM,ON_DEMAND_SUBSCRIPTION,2025-10-03 17:43:21.5+00
2876,ON_DEMAND_SUBSCRIPTION,RECURRING_SUBSCRIPTION,2025-10-03 17:43:33.632+00
2876,RECURRING_SUBSCRIPTION,RECURRING_SUBSCRIPTION,2025-10-03 17:45:11.655+00
2876,RECURRING_SUBSCRIPTION,RECURRING_SUBSCRIPTION,2025-10-03 17:48:29.153+00
8466,LEAD,WARM_LEAD,2025-10-03 17:53:28.935+00
2383,RECURRING_SUBSCRIPTION,RECURRING_SUBSCRIPTION,2025-10-03 19:36:40.582+00
8466,WARM_LEAD,RECURRING_SUBSCRIPTION,2025-10-03 19:47:04.837+00
8472,LEAD,RECURRING_SUBSCRIPTION,2025-10-03 21:05:14.236+00
8555,LEAD,RECURRING_SUBSCRIPTION,2025-10-04 00:57:05.106+00
8538,LEAD,RECURRING_SUBSCRIPTION,2025-10-04 16:27:40.187+00
8466,RECURRING_SUBSCRIPTION,RECURRING_SUBSCRIPTION,2025-10-04 17:21:58.684+00
7622,LEAD,WARM_LEAD,2025-10-04 17:58:32.084+00
7622,WARM_LEAD,RECURRING_SUBSCRIPTION,2025-10-04 17:58:52.294+00
8400,WARM_LEAD,RECURRING_SUBSCRIPTION,2025-10-04 20:30:36.967+00
7835,WARM_LEAD,TRIAL,2025-10-05 06:29:12.051+00
8180,COLD_LEAD,WARM_LEAD,2025-10-05 07:50:55.857+00
8180,WARM_LEAD,TRIAL,2025-10-05 08:00:05.501+00
7933,LEAD,COLD_LEAD,2025-10-05 08:22:49.617+00
7997,LEAD,COLD_LEAD,2025-10-05 08:23:58.023+00
8564,LEAD,RECURRING_SUBSCRIPTION,2025-10-05 08:39:17.509+00
8563,LEAD,RECURRING_SUBSCRIPTION,2025-10-05 08:44:25.992+00
8521,LEAD,COLD_LEAD,2025-10-05 10:10:13.523+00
2597,COLD_LEAD,WARM_LEAD,2025-10-05 12:05:31.278+00
6499,RECURRING_SUBSCRIPTION,WARM_LEAD,2025-10-05 12:05:44.671+00
7622,RECURRING_SUBSCRIPTION,WARM_LEAD,2025-10-05 12:06:14.988+00
8565,LEAD,RECURRING_SUBSCRIPTION,2025-10-05 14:38:54.991+00
8567,LEAD,RECURRING_SUBSCRIPTION,2025-10-05 15:24:55.069+00
8577,LEAD,WARM_LEAD,2025-10-06 07:28:40.41+00
2597,WARM_LEAD,LEAD,2025-10-06 08:12:38.368+00
8195,LEAD,WARM_LEAD,2025-10-06 08:29:20.978+00
8505,LEAD,WARM_LEAD,2025-10-06 08:53:28.819+00
2928,ON_DEMAND_SUBSCRIPTION,RECURRING_SUBSCRIPTION,2025-10-06 10:23:16.175+00
8580,LEAD,RECURRING_SUBSCRIPTION,2025-10-06 13:45:15.632+00
2188,RECURRING_SUBSCRIPTION,TRIAL,2025-10-06 15:19:26.229+00
8566,LEAD,WARM_LEAD,2025-10-06 15:23:12.136+00
8566,WARM_LEAD,RECURRING_SUBSCRIPTION,2025-10-06 15:23:53.856+00
8566,RECURRING_SUBSCRIPTION,RECURRING_SUBSCRIPTION,2025-10-06 15:31:57.481+00
1731,RECURRING_SUBSCRIPTION,WARM_LEAD,2025-10-06 15:42:34.557+00
8147,LEAD,WARM_LEAD,2025-10-06 19:36:39.188+00
8147,WARM_LEAD,RECURRING_SUBSCRIPTION,2025-10-06 19:38:06.359+00
8586,LEAD,RECURRING_SUBSCRIPTION,2025-10-06 21:30:05.13+00
8171,LEAD,WARM_LEAD,2025-10-06 22:59:04.378+00
8171,WARM_LEAD,RECURRING_SUBSCRIPTION,2025-10-06 22:59:20.5+00
2699,ON_DEMAND_SUBSCRIPTION,CHURN,2025-10-06 23:53:54.399+00
8346,WARM_LEAD,RECURRING_SUBSCRIPTION,2025-10-06 23:55:37.403+00
8585,LEAD,WARM_LEAD,2025-10-07 14:29:59.333+00
8585,WARM_LEAD,RECURRING_SUBSCRIPTION,2025-10-07 14:30:26.454+00
8346,RECURRING_SUBSCRIPTION,RECURRING_SUBSCRIPTION,2025-10-07 14:43:54.907+00
8373,LEAD,WARM_LEAD,2025-10-07 14:51:22.265+00
8373,WARM_LEAD,ON_DEMAND_SUBSCRIPTION,2025-10-07 14:53:21.473+00
8373,ON_DEMAND_SUBSCRIPTION,RECURRING_SUBSCRIPTION,2025-10-07 14:53:38.63+00
8373,RECURRING_SUBSCRIPTION,RECURRING_SUBSCRIPTION,2025-10-07 15:06:53.609+00
8596,LEAD,WARM_LEAD,2025-10-07 15:59:17.846+00
8596,WARM_LEAD,RECURRING_SUBSCRIPTION,2025-10-07 15:59:43.359+00
6908,LEAD,WARM_LEAD,2025-10-07 16:03:17.209+00
6908,WARM_LEAD,RECURRING_SUBSCRIPTION,2025-10-07 16:03:29.114+00
4821,ON_DEMAND_SUBSCRIPTION,RECURRING_SUBSCRIPTION,2025-10-07 16:11:53.028+00
5423,WARM_LEAD,RECURRING_SUBSCRIPTION,2025-10-07 16:16:37.514+00
2105,RECURRING_SUBSCRIPTION,CHURN,2025-10-07 17:53:04.161+00
6850,LEAD,WARM_LEAD,2025-10-07 18:00:38.429+00
6850,WARM_LEAD,RECURRING_SUBSCRIPTION,2025-10-07 18:00:49.95+00
7014,LEAD,WARM_LEAD,2025-10-07 19:26:05.466+00
7014,WARM_LEAD,RECURRING_SUBSCRIPTION,2025-10-07 19:28:32.466+00
7014,RECURRING_SUBSCRIPTION,ON_DEMAND_SUBSCRIPTION,2025-10-07 19:31:33.679+00
7622,WARM_LEAD,RECURRING_SUBSCRIPTION,2025-10-07 20:06:27.497+00
8458,LEAD,WARM_LEAD,2025-10-07 20:19:06.599+00
8458,WARM_LEAD,RECURRING_SUBSCRIPTION,2025-10-07 20:24:51.276+00
8458,RECURRING_SUBSCRIPTION,RECURRING_SUBSCRIPTION,2025-10-07 20:33:32.606+00
7433,RECURRING_SUBSCRIPTION,WARM_LEAD,2025-10-07 20:42:59.346+00
7748,LEAD,WARM_LEAD,2025-10-07 20:56:09.542+00
7748,WARM_LEAD,RECURRING_SUBSCRIPTION,2025-10-07 20:56:15.939+00
7555,LEAD,WARM_LEAD,2025-10-07 21:03:13.379+00
7555,WARM_LEAD,RECURRING_SUBSCRIPTION,2025-10-07 21:03:20.013+00
8458,RECURRING_SUBSCRIPTION,RECURRING_SUBSCRIPTION,2025-10-07 21:44:27.733+00
8597,LEAD,WARM_LEAD,2025-10-08 00:11:39.146+00
8597,WARM_LEAD,RECURRING_SUBSCRIPTION,2025-10-08 00:11:49.811+00
8608,LEAD,RECURRING_SUBSCRIPTION,2025-10-08 06:13:05.475+00
2779,ON_DEMAND_SUBSCRIPTION,RECURRING_SUBSCRIPTION,2025-10-08 11:25:00.203+00
8610,LEAD,RECURRING_SUBSCRIPTION,2025-10-08 11:41:55.051+00
8611,LEAD,RECURRING_SUBSCRIPTION,2025-10-08 12:19:54.646+00
7494,RECURRING_SUBSCRIPTION,WARM_LEAD,2025-10-08 13:37:00.798+00
8567,RECURRING_SUBSCRIPTION,RECURRING_SUBSCRIPTION,2025-10-08 16:24:29.148+00
4270,RECURRING_SUBSCRIPTION,CHURN,2025-10-08 16:47:12.255+00
8029,LEAD,WARM_LEAD,2025-10-08 17:21:35.52+00
8029,WARM_LEAD,WARM_LEAD,2025-10-08 17:24:27.109+00
8029,WARM_LEAD,RECURRING_SUBSCRIPTION,2025-10-08 17:25:31.398+00
8029,RECURRING_SUBSCRIPTION,RECURRING_SUBSCRIPTION,2025-10-08 17:28:50.682+00
8029,RECURRING_SUBSCRIPTION,RECURRING_SUBSCRIPTION,2025-10-08 17:45:53.335+00
1885,FREEMIUM,RECURRING_SUBSCRIPTION,2025-10-08 20:17:55.144+00
6896,RECURRING_SUBSCRIPTION,TRIAL,2025-10-08 21:36:53.347+00
8618,LEAD,WARM_LEAD,2025-10-08 21:42:49.195+00
8618,WARM_LEAD,RECURRING_SUBSCRIPTION,2025-10-08 21:43:32.315+00
8618,RECURRING_SUBSCRIPTION,RECURRING_SUBSCRIPTION,2025-10-08 21:45:26.099+00
8618,RECURRING_SUBSCRIPTION,WARM_LEAD,2025-10-08 21:49:48.438+00
8613,LEAD,WARM_LEAD,2025-10-08 21:54:04.679+00
8612,LEAD,WARM_LEAD,2025-10-08 21:57:17.73+00
8612,WARM_LEAD,RECURRING_SUBSCRIPTION,2025-10-08 21:57:35.938+00
8600,LEAD,WARM_LEAD,2025-10-08 22:29:07.224+00
8600,WARM_LEAD,RECURRING_SUBSCRIPTION,2025-10-08 22:29:32.81+00
8600,RECURRING_SUBSCRIPTION,ON_DEMAND_SUBSCRIPTION,2025-10-08 22:34:12.669+00
2801,RECURRING_SUBSCRIPTION,RECURRING_SUBSCRIPTION,2025-10-09 09:02:53.594+00
8635,LEAD,RECURRING_SUBSCRIPTION,2025-10-09 09:14:26.222+00
6908,RECURRING_SUBSCRIPTION,WARM_LEAD,2025-10-09 12:11:55.785+00
1892,RECURRING_SUBSCRIPTION,RECURRING_SUBSCRIPTION,2025-10-09 13:58:08.32+00
7622,RECURRING_SUBSCRIPTION,RECURRING_SUBSCRIPTION,2025-10-09 14:00:42.993+00
4416,FREEMIUM,ON_DEMAND_SUBSCRIPTION,2025-10-09 14:17:52.418+00
4416,ON_DEMAND_SUBSCRIPTION,RECURRING_SUBSCRIPTION,2025-10-09 14:19:02.947+00
4416,RECURRING_SUBSCRIPTION,RECURRING_SUBSCRIPTION,2025-10-09 14:19:50.408+00
8487,LEAD,WARM_LEAD,2025-10-09 14:29:33.78+00
8487,WARM_LEAD,RECURRING_SUBSCRIPTION,2025-10-09 14:30:42.242+00
4416,RECURRING_SUBSCRIPTION,RECURRING_SUBSCRIPTION,2025-10-09 14:54:37.076+00
8224,LEAD,WARM_LEAD,2025-10-09 15:00:41.695+00
8224,WARM_LEAD,RECURRING_SUBSCRIPTION,2025-10-09 15:03:16.225+00
8487,RECURRING_SUBSCRIPTION,ON_DEMAND_SUBSCRIPTION,2025-10-09 15:24:18.022+00
1244,TRIAL,RECURRING_SUBSCRIPTION,2025-10-09 15:47:30.962+00
1244,RECURRING_SUBSCRIPTION,ON_DEMAND_SUBSCRIPTION,2025-10-09 15:49:28.265+00
1244,ON_DEMAND_SUBSCRIPTION,RECURRING_SUBSCRIPTION,2025-10-09 15:49:40.462+00
8570,LEAD,WARM_LEAD,2025-10-09 15:51:42.918+00
8570,WARM_LEAD,RECURRING_SUBSCRIPTION,2025-10-09 15:52:29.897+00
8271,LEAD,WARM_LEAD,2025-10-09 16:13:12.883+00
8271,WARM_LEAD,RECURRING_SUBSCRIPTION,2025-10-09 16:13:22.638+00
6718,LEAD,WARM_LEAD,2025-10-09 16:24:12.947+00
6718,WARM_LEAD,RECURRING_SUBSCRIPTION,2025-10-09 16:24:21.631+00
8233,RECURRING_SUBSCRIPTION,RECURRING_SUBSCRIPTION,2025-10-09 17:03:30.677+00
8271,RECURRING_SUBSCRIPTION,RECURRING_SUBSCRIPTION,2025-10-09 17:37:23.059+00
8271,RECURRING_SUBSCRIPTION,RECURRING_SUBSCRIPTION,2025-10-09 17:38:43.411+00
8271,RECURRING_SUBSCRIPTION,RECURRING_SUBSCRIPTION,2025-10-09 18:01:00.405+00
8271,RECURRING_SUBSCRIPTION,RECURRING_SUBSCRIPTION,2025-10-09 18:01:05.232+00
1845,FREEMIUM,RECURRING_SUBSCRIPTION,2025-10-09 18:46:48.886+00
8534,LEAD,WARM_LEAD,2025-10-09 19:14:30.271+00
8534,WARM_LEAD,RECURRING_SUBSCRIPTION,2025-10-09 19:14:37.837+00
6980,LEAD,WARM_LEAD,2025-10-09 19:34:52.368+00
6980,WARM_LEAD,RECURRING_SUBSCRIPTION,2025-10-09 19:36:16.88+00
7759,RECURRING_SUBSCRIPTION,TRIAL,2025-10-09 19:38:45.7+00
7508,LEAD,WARM_LEAD,2025-10-09 19:54:19.519+00
7508,WARM_LEAD,RECURRING_SUBSCRIPTION,2025-10-09 19:54:26.194+00
8260,LEAD,WARM_LEAD,2025-10-09 19:57:38.202+00
8260,WARM_LEAD,RECURRING_SUBSCRIPTION,2025-10-09 19:57:44.948+00
7508,RECURRING_SUBSCRIPTION,RECURRING_SUBSCRIPTION,2025-10-09 20:02:25.646+00
6829,LEAD,WARM_LEAD,2025-10-09 20:04:05.184+00
6829,WARM_LEAD,RECURRING_SUBSCRIPTION,2025-10-09 20:04:10.783+00
6887,LEAD,WARM_LEAD,2025-10-09 20:20:38.8+00
6887,WARM_LEAD,RECURRING_SUBSCRIPTION,2025-10-09 20:20:46.792+00
7751,LEAD,WARM_LEAD,2025-10-09 21:16:26.673+00
7751,WARM_LEAD,ON_DEMAND_SUBSCRIPTION,2025-10-09 21:17:08.616+00
7751,ON_DEMAND_SUBSCRIPTION,RECURRING_SUBSCRIPTION,2025-10-09 21:17:15.571+00
7751,RECURRING_SUBSCRIPTION,WARM_LEAD,2025-10-09 21:25:26.301+00
7751,WARM_LEAD,RECURRING_SUBSCRIPTION,2025-10-09 21:25:35.234+00
7958,LEAD,WARM_LEAD,2025-10-09 22:01:12.34+00
7958,WARM_LEAD,RECURRING_SUBSCRIPTION,2025-10-09 22:02:09.865+00
8282,LEAD,WARM_LEAD,2025-10-09 22:29:01.298+00
8282,WARM_LEAD,RECURRING_SUBSCRIPTION,2025-10-09 22:29:07.336+00
6027,FREEMIUM,RECURRING_SUBSCRIPTION,2025-10-09 22:41:14.157+00
8113,LEAD,WARM_LEAD,2025-10-09 22:58:13.666+00
8113,WARM_LEAD,RECURRING_SUBSCRIPTION,2025-10-09 23:00:18.728+00
8113,RECURRING_SUBSCRIPTION,WARM_LEAD,2025-10-09 23:02:01.422+00
8259,LEAD,WARM_LEAD,2025-10-09 23:07:06.993+00
8259,WARM_LEAD,ON_DEMAND_SUBSCRIPTION,2025-10-09 23:08:43.384+00
8128,LEAD,WARM_LEAD,2025-10-09 23:24:18.842+00
8128,WARM_LEAD,RECURRING_SUBSCRIPTION,2025-10-09 23:24:26.515+00
7880,LEAD,WARM_LEAD,2025-10-10 00:47:30.371+00
7880,WARM_LEAD,RECURRING_SUBSCRIPTION,2025-10-10 00:48:12.052+00
7532,LEAD,WARM_LEAD,2025-10-10 01:24:32.799+00
7532,WARM_LEAD,RECURRING_SUBSCRIPTION,2025-10-10 01:24:56.777+00
1244,RECURRING_SUBSCRIPTION,ON_DEMAND_SUBSCRIPTION,2025-10-10 12:58:36.204+00
8472,RECURRING_SUBSCRIPTION,RECURRING_SUBSCRIPTION,2025-10-10 13:20:04.954+00
8472,RECURRING_SUBSCRIPTION,RECURRING_SUBSCRIPTION,2025-10-10 13:52:58.245+00
8253,LEAD,WARM_LEAD,2025-10-10 13:58:01.824+00
8253,WARM_LEAD,RECURRING_SUBSCRIPTION,2025-10-10 13:58:38.182+00
8253,RECURRING_SUBSCRIPTION,ON_DEMAND_SUBSCRIPTION,2025-10-10 13:58:50.48+00
6804,LEAD,WARM_LEAD,2025-10-10 15:21:48.754+00
6804,WARM_LEAD,RECURRING_SUBSCRIPTION,2025-10-10 15:22:15.327+00
6804,RECURRING_SUBSCRIPTION,RECURRING_SUBSCRIPTION,2025-10-10 15:23:42.035+00
7808,RECURRING_SUBSCRIPTION,CHURN,2025-12-09 23:56:03.419+00
7532,RECURRING_SUBSCRIPTION,ON_DEMAND_SUBSCRIPTION,2025-10-10 15:45:39.566+00
8319,RECURRING_SUBSCRIPTION,WARM_LEAD,2025-10-10 15:56:22.165+00
8227,RECURRING_SUBSCRIPTION,RECURRING_SUBSCRIPTION,2025-10-10 16:19:42.86+00
8641,LEAD,RECURRING_SUBSCRIPTION,2025-10-10 16:51:08.453+00
6390,WARM_LEAD,RECURRING_SUBSCRIPTION,2025-10-10 17:30:18.189+00
7995,LEAD,WARM_LEAD,2025-10-10 17:33:18.27+00
7995,WARM_LEAD,RECURRING_SUBSCRIPTION,2025-10-10 17:34:08.571+00
7995,RECURRING_SUBSCRIPTION,WARM_LEAD,2025-10-10 17:37:18.94+00
7995,WARM_LEAD,RECURRING_SUBSCRIPTION,2025-10-10 17:39:18.128+00
7543,RECURRING_SUBSCRIPTION,ON_DEMAND_SUBSCRIPTION,2025-10-10 17:41:48.172+00
7995,RECURRING_SUBSCRIPTION,RECURRING_SUBSCRIPTION,2025-10-10 17:45:51.708+00
7543,ON_DEMAND_SUBSCRIPTION,WARM_LEAD,2025-10-10 18:07:13.46+00
8283,LEAD,WARM_LEAD,2025-10-10 18:10:28.545+00
8283,WARM_LEAD,RECURRING_SUBSCRIPTION,2025-10-10 18:11:29.422+00
8283,RECURRING_SUBSCRIPTION,RECURRING_SUBSCRIPTION,2025-10-10 19:18:53.172+00
2470,FREEMIUM,RECURRING_SUBSCRIPTION,2025-10-10 20:35:41.176+00
8203,LEAD,WARM_LEAD,2025-10-10 21:27:57.39+00
8203,WARM_LEAD,RECURRING_SUBSCRIPTION,2025-10-10 21:28:20.121+00
8203,RECURRING_SUBSCRIPTION,RECURRING_SUBSCRIPTION,2025-10-10 21:37:41.264+00
8260,RECURRING_SUBSCRIPTION,RECURRING_SUBSCRIPTION,2025-10-10 21:45:15.837+00
8668,LEAD,WARM_LEAD,2025-10-10 21:48:51.975+00
8666,LEAD,WARM_LEAD,2025-10-10 21:54:23.992+00
8666,WARM_LEAD,ON_DEMAND_SUBSCRIPTION,2025-10-10 21:54:31.168+00
7995,RECURRING_SUBSCRIPTION,RECURRING_SUBSCRIPTION,2025-10-10 22:01:15.56+00
8283,RECURRING_SUBSCRIPTION,RECURRING_SUBSCRIPTION,2025-10-10 22:14:46.708+00
8283,RECURRING_SUBSCRIPTION,RECURRING_SUBSCRIPTION,2025-10-10 22:32:18.957+00
5473,RECURRING_SUBSCRIPTION,WARM_LEAD,2025-10-10 22:47:05.27+00
7664,LEAD,WARM_LEAD,2025-10-10 23:20:49.141+00
7664,WARM_LEAD,RECURRING_SUBSCRIPTION,2025-10-10 23:20:57.319+00
1815,FREEMIUM,RECURRING_SUBSCRIPTION,2025-10-10 23:21:15.147+00
8672,LEAD,RECURRING_SUBSCRIPTION,2025-10-11 13:22:30.864+00
8556,LEAD,WARM_LEAD,2025-10-11 13:36:38.777+00
8556,WARM_LEAD,RECURRING_SUBSCRIPTION,2025-10-11 13:41:28.77+00
8556,RECURRING_SUBSCRIPTION,RECURRING_SUBSCRIPTION,2025-10-11 13:43:27.024+00
8283,RECURRING_SUBSCRIPTION,RECURRING_SUBSCRIPTION,2025-10-11 13:51:04.762+00
8666,ON_DEMAND_SUBSCRIPTION,RECURRING_SUBSCRIPTION,2025-10-11 14:31:32.539+00
8654,LEAD,WARM_LEAD,2025-10-11 15:16:39.412+00
8654,WARM_LEAD,RECURRING_SUBSCRIPTION,2025-10-11 15:16:46.503+00
8654,RECURRING_SUBSCRIPTION,RECURRING_SUBSCRIPTION,2025-10-11 15:29:40.171+00
8654,RECURRING_SUBSCRIPTION,RECURRING_SUBSCRIPTION,2025-10-11 15:40:29.905+00
8669,LEAD,WARM_LEAD,2025-10-11 15:47:27.555+00
8669,WARM_LEAD,RECURRING_SUBSCRIPTION,2025-10-11 15:47:36.532+00
8669,RECURRING_SUBSCRIPTION,ON_DEMAND_SUBSCRIPTION,2025-10-11 15:48:04.676+00
8654,RECURRING_SUBSCRIPTION,RECURRING_SUBSCRIPTION,2025-10-11 16:14:14.747+00
8654,RECURRING_SUBSCRIPTION,RECURRING_SUBSCRIPTION,2025-10-11 16:16:06.525+00
6887,RECURRING_SUBSCRIPTION,RECURRING_SUBSCRIPTION,2025-10-11 16:20:28.31+00
7548,LEAD,WARM_LEAD,2025-10-11 17:07:29.563+00
7548,WARM_LEAD,RECURRING_SUBSCRIPTION,2025-10-11 17:07:35.969+00
6804,RECURRING_SUBSCRIPTION,RECURRING_SUBSCRIPTION,2025-10-11 17:10:07.13+00
6887,RECURRING_SUBSCRIPTION,RECURRING_SUBSCRIPTION,2025-10-11 17:38:29.631+00
6804,RECURRING_SUBSCRIPTION,RECURRING_SUBSCRIPTION,2025-10-11 22:00:56.588+00
6804,RECURRING_SUBSCRIPTION,RECURRING_SUBSCRIPTION,2025-10-11 22:01:04.912+00
2406,RECURRING_SUBSCRIPTION,CHURN,2025-10-12 10:43:02.346+00
8577,WARM_LEAD,RECURRING_SUBSCRIPTION,2025-10-12 11:10:04.146+00
8201,LEAD,RECURRING_SUBSCRIPTION,2025-10-12 12:48:20.352+00
8461,TRIAL,RECURRING_SUBSCRIPTION,2025-10-12 12:54:17.458+00
8569,LEAD,WARM_LEAD,2025-10-12 14:12:35.114+00
8569,WARM_LEAD,RECURRING_SUBSCRIPTION,2025-10-12 18:59:52.772+00
8686,LEAD,RECURRING_SUBSCRIPTION,2025-10-12 22:07:43.044+00
8364,LEAD,RECURRING_SUBSCRIPTION,2025-10-12 22:35:27.535+00
8315,LEAD,WARM_LEAD,2025-10-12 23:04:38.946+00
8315,WARM_LEAD,RECURRING_SUBSCRIPTION,2025-10-12 23:05:25.824+00
8315,RECURRING_SUBSCRIPTION,RECURRING_SUBSCRIPTION,2025-10-12 23:06:35.884+00
8315,RECURRING_SUBSCRIPTION,RECURRING_SUBSCRIPTION,2025-10-12 23:30:01.458+00
8321,LEAD,RECURRING_SUBSCRIPTION,2025-10-13 02:53:32.745+00
8569,RECURRING_SUBSCRIPTION,ON_DEMAND_SUBSCRIPTION,2025-10-13 12:58:53.609+00
8193,LEAD,WARM_LEAD,2025-10-13 13:01:01.247+00
8193,WARM_LEAD,RECURRING_SUBSCRIPTION,2025-10-13 13:01:22.18+00
8315,RECURRING_SUBSCRIPTION,RECURRING_SUBSCRIPTION,2025-10-13 13:44:46.845+00
8315,RECURRING_SUBSCRIPTION,ON_DEMAND_SUBSCRIPTION,2025-10-13 14:22:39.676+00
8668,WARM_LEAD,RECURRING_SUBSCRIPTION,2025-10-13 14:33:07.93+00
2599,RECURRING_SUBSCRIPTION,CHURN,2025-10-13 15:25:33.739+00
6982,LEAD,WARM_LEAD,2025-10-13 15:40:04.196+00
6982,WARM_LEAD,RECURRING_SUBSCRIPTION,2025-10-13 15:40:25.601+00
6982,RECURRING_SUBSCRIPTION,RECURRING_SUBSCRIPTION,2025-10-13 15:41:26.98+00
6982,RECURRING_SUBSCRIPTION,RECURRING_SUBSCRIPTION,2025-10-13 15:53:48.747+00
6804,RECURRING_SUBSCRIPTION,RECURRING_SUBSCRIPTION,2025-10-13 15:59:12.629+00
6804,RECURRING_SUBSCRIPTION,RECURRING_SUBSCRIPTION,2025-10-13 16:00:00.474+00
6804,RECURRING_SUBSCRIPTION,RECURRING_SUBSCRIPTION,2025-10-13 16:01:16.732+00
6804,RECURRING_SUBSCRIPTION,RECURRING_SUBSCRIPTION,2025-10-13 16:01:24.305+00
8654,RECURRING_SUBSCRIPTION,RECURRING_SUBSCRIPTION,2025-10-13 16:09:38.15+00
8654,RECURRING_SUBSCRIPTION,RECURRING_SUBSCRIPTION,2025-10-13 16:10:14.791+00
6804,RECURRING_SUBSCRIPTION,RECURRING_SUBSCRIPTION,2025-10-13 16:12:01.412+00
8541,LEAD,WARM_LEAD,2025-10-13 16:20:54.733+00
8541,WARM_LEAD,RECURRING_SUBSCRIPTION,2025-10-13 16:21:24.758+00
7035,LEAD,WARM_LEAD,2025-10-13 16:42:02.131+00
7035,WARM_LEAD,ON_DEMAND_SUBSCRIPTION,2025-10-13 16:42:09.123+00
7035,ON_DEMAND_SUBSCRIPTION,RECURRING_SUBSCRIPTION,2025-10-13 16:49:34.478+00
7035,RECURRING_SUBSCRIPTION,RECURRING_SUBSCRIPTION,2025-10-13 16:49:54.684+00
6982,RECURRING_SUBSCRIPTION,RECURRING_SUBSCRIPTION,2025-10-13 17:10:47.921+00
6982,RECURRING_SUBSCRIPTION,RECURRING_SUBSCRIPTION,2025-10-13 17:28:06.231+00
8693,LEAD,WARM_LEAD,2025-10-13 18:01:18.266+00
8693,WARM_LEAD,RECURRING_SUBSCRIPTION,2025-10-13 18:01:38.238+00
6291,LEAD,RECURRING_SUBSCRIPTION,2025-10-13 18:29:40.216+00
6887,RECURRING_SUBSCRIPTION,RECURRING_SUBSCRIPTION,2025-10-13 18:49:13.556+00
8648,LEAD,WARM_LEAD,2025-10-13 18:53:19.861+00
8648,WARM_LEAD,RECURRING_SUBSCRIPTION,2025-10-13 18:53:38.98+00
6982,RECURRING_SUBSCRIPTION,RECURRING_SUBSCRIPTION,2025-10-13 18:54:52.399+00
8648,RECURRING_SUBSCRIPTION,WARM_LEAD,2025-10-13 19:00:31.521+00
6982,RECURRING_SUBSCRIPTION,RECURRING_SUBSCRIPTION,2025-10-13 19:07:17.647+00
8668,RECURRING_SUBSCRIPTION,ON_DEMAND_SUBSCRIPTION,2025-10-13 19:17:52.918+00
8699,LEAD,WARM_LEAD,2025-10-13 19:25:02.415+00
8699,WARM_LEAD,RECURRING_SUBSCRIPTION,2025-10-13 19:25:15.393+00
2919,FREEMIUM,RECURRING_SUBSCRIPTION,2025-10-13 19:47:16.171+00
1246,TRIAL,ON_DEMAND_SUBSCRIPTION,2025-10-13 20:46:54.495+00
6982,RECURRING_SUBSCRIPTION,RECURRING_SUBSCRIPTION,2025-10-13 20:47:37.24+00
1246,ON_DEMAND_SUBSCRIPTION,RECURRING_SUBSCRIPTION,2025-10-13 20:53:49.929+00
1246,RECURRING_SUBSCRIPTION,ON_DEMAND_SUBSCRIPTION,2025-10-13 20:54:10.961+00
8673,LEAD,WARM_LEAD,2025-10-13 21:01:11.721+00
8673,WARM_LEAD,WARM_LEAD,2025-10-13 21:02:32.424+00
8673,WARM_LEAD,RECURRING_SUBSCRIPTION,2025-10-13 21:02:42.102+00
7713,LEAD,WARM_LEAD,2025-10-13 21:04:58.344+00
7713,WARM_LEAD,RECURRING_SUBSCRIPTION,2025-10-13 21:05:05.329+00
8673,RECURRING_SUBSCRIPTION,ON_DEMAND_SUBSCRIPTION,2025-10-13 21:06:48.792+00
2575,FREEMIUM,RECURRING_SUBSCRIPTION,2025-10-13 21:20:56.43+00
7083,RECURRING_SUBSCRIPTION,WARM_LEAD,2025-10-13 21:32:25.805+00
2575,RECURRING_SUBSCRIPTION,RECURRING_SUBSCRIPTION,2025-10-13 21:33:47.916+00
8704,LEAD,RECURRING_SUBSCRIPTION,2025-10-13 21:34:54.072+00
8472,RECURRING_SUBSCRIPTION,RECURRING_SUBSCRIPTION,2025-10-13 21:41:39.776+00
5194,FREEMIUM,RECURRING_SUBSCRIPTION,2025-10-13 21:44:50.823+00
6804,RECURRING_SUBSCRIPTION,ON_DEMAND_SUBSCRIPTION,2025-10-14 12:51:40.454+00
6804,ON_DEMAND_SUBSCRIPTION,RECURRING_SUBSCRIPTION,2025-10-14 12:54:21.772+00
8698,LEAD,WARM_LEAD,2025-10-14 13:01:26.468+00
6917,LEAD,WARM_LEAD,2025-10-14 13:38:55.569+00
6917,WARM_LEAD,RECURRING_SUBSCRIPTION,2025-10-14 13:39:18.114+00
2377,RECURRING_SUBSCRIPTION,CHURN,2025-10-14 13:52:53.806+00
7561,RECURRING_SUBSCRIPTION,CHURN,2025-10-14 13:58:32.964+00
6917,RECURRING_SUBSCRIPTION,RECURRING_SUBSCRIPTION,2025-10-14 14:14:47.804+00
5194,RECURRING_SUBSCRIPTION,RECURRING_SUBSCRIPTION,2025-10-14 14:15:44.152+00
6917,RECURRING_SUBSCRIPTION,RECURRING_SUBSCRIPTION,2025-10-14 14:20:09.508+00
7304,WARM_LEAD,RECURRING_SUBSCRIPTION,2025-10-14 14:32:38.685+00
7304,RECURRING_SUBSCRIPTION,RECURRING_SUBSCRIPTION,2025-10-14 14:50:17.324+00
5217,FREEMIUM,RECURRING_SUBSCRIPTION,2025-10-14 15:11:53.712+00
5194,RECURRING_SUBSCRIPTION,RECURRING_SUBSCRIPTION,2025-10-14 15:11:55.721+00
2448,RECURRING_SUBSCRIPTION,CHURN,2025-10-14 15:45:26.883+00
5194,RECURRING_SUBSCRIPTION,RECURRING_SUBSCRIPTION,2025-10-14 15:47:44.17+00
5194,RECURRING_SUBSCRIPTION,RECURRING_SUBSCRIPTION,2025-10-14 15:48:21.513+00
5194,RECURRING_SUBSCRIPTION,RECURRING_SUBSCRIPTION,2025-10-14 15:49:08.355+00
5194,RECURRING_SUBSCRIPTION,RECURRING_SUBSCRIPTION,2025-10-14 15:50:44.327+00
2470,RECURRING_SUBSCRIPTION,RECURRING_SUBSCRIPTION,2025-10-14 16:03:40.792+00
2470,RECURRING_SUBSCRIPTION,RECURRING_SUBSCRIPTION,2025-10-14 16:03:52.673+00
3925,RECURRING_SUBSCRIPTION,CHURN,2025-10-14 16:06:25.073+00
8241,RECURRING_SUBSCRIPTION,RECURRING_SUBSCRIPTION,2025-10-14 16:13:49.14+00
8155,LEAD,WARM_LEAD,2025-10-14 16:35:33.804+00
8155,WARM_LEAD,RECURRING_SUBSCRIPTION,2025-10-14 16:35:44.224+00
8155,RECURRING_SUBSCRIPTION,ON_DEMAND_SUBSCRIPTION,2025-10-14 16:36:01.566+00
6291,RECURRING_SUBSCRIPTION,WARM_LEAD,2025-10-14 16:42:32.438+00
8700,LEAD,WARM_LEAD,2025-10-14 16:58:13.058+00
8700,WARM_LEAD,RECURRING_SUBSCRIPTION,2025-10-14 16:58:20.882+00
8700,RECURRING_SUBSCRIPTION,RECURRING_SUBSCRIPTION,2025-10-14 17:00:07.592+00
8540,LEAD,WARM_LEAD,2025-10-14 17:07:07.213+00
8540,WARM_LEAD,RECURRING_SUBSCRIPTION,2025-10-14 17:07:23.597+00
8540,RECURRING_SUBSCRIPTION,RECURRING_SUBSCRIPTION,2025-10-14 17:09:39.428+00
7867,ON_DEMAND_SUBSCRIPTION,WARM_LEAD,2025-10-14 19:00:42.074+00
8597,RECURRING_SUBSCRIPTION,WARM_LEAD,2025-10-14 19:05:25.769+00
7995,RECURRING_SUBSCRIPTION,WARM_LEAD,2025-10-14 19:07:14.157+00
8673,RECURRING_SUBSCRIPTION,WARM_LEAD,2025-10-14 19:08:32.529+00
7176,RECURRING_SUBSCRIPTION,TRIAL,2025-10-14 20:04:04.228+00
8700,RECURRING_SUBSCRIPTION,RECURRING_SUBSCRIPTION,2025-10-14 20:29:05.589+00
7867,WARM_LEAD,ON_DEMAND_SUBSCRIPTION,2025-10-14 20:30:16.524+00
8700,RECURRING_SUBSCRIPTION,RECURRING_SUBSCRIPTION,2025-10-14 20:34:12.703+00
2109,FREEMIUM,RECURRING_SUBSCRIPTION,2025-10-14 20:42:51.314+00
7867,ON_DEMAND_SUBSCRIPTION,RECURRING_SUBSCRIPTION,2025-10-14 21:11:23.1+00
4791,FREEMIUM,ON_DEMAND_SUBSCRIPTION,2025-10-14 21:25:09.019+00
6781,LEAD,WARM_LEAD,2025-10-14 21:44:11.483+00
6781,WARM_LEAD,ON_DEMAND_SUBSCRIPTION,2025-10-14 21:44:18.341+00
6814,LEAD,WARM_LEAD,2025-10-14 22:23:04.853+00
6814,WARM_LEAD,RECURRING_SUBSCRIPTION,2025-10-14 22:23:12.671+00
6814,RECURRING_SUBSCRIPTION,RECURRING_SUBSCRIPTION,2025-10-14 22:23:51.569+00
8541,RECURRING_SUBSCRIPTION,ON_DEMAND_SUBSCRIPTION,2025-10-14 22:37:02.426+00
7128,LEAD,WARM_LEAD,2025-10-14 22:56:51.632+00
7128,WARM_LEAD,ON_DEMAND_SUBSCRIPTION,2025-10-14 22:58:03.678+00
8741,LEAD,WARM_LEAD,2025-10-14 23:41:40.207+00
8741,WARM_LEAD,RECURRING_SUBSCRIPTION,2025-10-14 23:43:11.357+00
8741,RECURRING_SUBSCRIPTION,RECURRING_SUBSCRIPTION,2025-10-14 23:43:54.217+00
8741,RECURRING_SUBSCRIPTION,WARM_LEAD,2025-10-14 23:54:56.39+00
6804,RECURRING_SUBSCRIPTION,RECURRING_SUBSCRIPTION,2025-10-15 01:05:01.32+00
8743,LEAD,RECURRING_SUBSCRIPTION,2025-10-15 03:23:33.749+00
7867,RECURRING_SUBSCRIPTION,ON_DEMAND_SUBSCRIPTION,2025-10-15 10:33:58.364+00
6829,CHURN,CHURN,2025-12-10 14:41:25.063+00
8263,LEAD,WARM_LEAD,2025-10-15 13:04:09.987+00
8263,WARM_LEAD,RECURRING_SUBSCRIPTION,2025-10-15 13:04:26.077+00
7795,RECURRING_SUBSCRIPTION,TRIAL,2025-10-15 13:07:12.309+00
8521,COLD_LEAD,WARM_LEAD,2025-10-15 13:39:29.395+00
6360,RECURRING_SUBSCRIPTION,CHURN,2025-10-15 14:16:56.772+00
8731,LEAD,WARM_LEAD,2025-10-15 14:51:34.349+00
8731,WARM_LEAD,WARM_LEAD,2025-10-15 14:51:53.752+00
8731,WARM_LEAD,RECURRING_SUBSCRIPTION,2025-10-15 14:52:09.32+00
7867,ON_DEMAND_SUBSCRIPTION,TRIAL,2025-10-15 15:51:50.699+00
7526,RECURRING_SUBSCRIPTION,WARM_LEAD,2025-10-15 16:02:36.55+00
6502,TRIAL,RECURRING_SUBSCRIPTION,2025-10-15 16:12:06.93+00
8700,RECURRING_SUBSCRIPTION,RECURRING_SUBSCRIPTION,2025-10-15 16:28:55.579+00
8700,RECURRING_SUBSCRIPTION,RECURRING_SUBSCRIPTION,2025-10-15 16:29:28.238+00
8700,RECURRING_SUBSCRIPTION,RECURRING_SUBSCRIPTION,2025-10-15 16:48:11.058+00
6216,RECURRING_SUBSCRIPTION,ON_DEMAND_SUBSCRIPTION,2025-10-15 16:57:08.023+00
8748,LEAD,WARM_LEAD,2025-10-15 17:20:35.378+00
8748,WARM_LEAD,RECURRING_SUBSCRIPTION,2025-10-15 17:21:02.321+00
8748,RECURRING_SUBSCRIPTION,RECURRING_SUBSCRIPTION,2025-10-15 17:21:07.401+00
8263,RECURRING_SUBSCRIPTION,RECURRING_SUBSCRIPTION,2025-10-15 17:44:16.641+00
8193,RECURRING_SUBSCRIPTION,RECURRING_SUBSCRIPTION,2025-10-15 17:50:55.391+00
8263,RECURRING_SUBSCRIPTION,RECURRING_SUBSCRIPTION,2025-10-15 17:51:11.394+00
8754,LEAD,RECURRING_SUBSCRIPTION,2025-10-15 17:51:35.67+00
8748,RECURRING_SUBSCRIPTION,ON_DEMAND_SUBSCRIPTION,2025-10-15 18:39:31.358+00
8701,LEAD,WARM_LEAD,2025-10-15 19:12:33.668+00
8701,WARM_LEAD,RECURRING_SUBSCRIPTION,2025-10-15 19:13:32.376+00
8755,LEAD,WARM_LEAD,2025-10-15 20:12:19.308+00
8755,WARM_LEAD,RECURRING_SUBSCRIPTION,2025-10-15 20:12:28.233+00
8755,RECURRING_SUBSCRIPTION,RECURRING_SUBSCRIPTION,2025-10-15 20:14:16.586+00
8755,RECURRING_SUBSCRIPTION,RECURRING_SUBSCRIPTION,2025-10-15 20:14:46.603+00
8728,LEAD,WARM_LEAD,2025-10-15 20:29:03.028+00
8728,WARM_LEAD,ON_DEMAND_SUBSCRIPTION,2025-10-15 20:29:10.26+00
5199,RECURRING_SUBSCRIPTION,ON_DEMAND_SUBSCRIPTION,2025-10-15 20:46:55.082+00
2316,ON_DEMAND_SUBSCRIPTION,CHURN,2025-10-15 21:08:12.177+00
2597,LEAD,WARM_LEAD,2025-10-16 06:29:37.541+00
2597,WARM_LEAD,ON_DEMAND_SUBSCRIPTION,2025-10-16 07:14:14.107+00
2675,FREEMIUM,RECURRING_SUBSCRIPTION,2025-10-16 12:59:50.942+00
8766,LEAD,TRIAL,2025-10-16 13:15:56.455+00
2683,TRIAL,RECURRING_SUBSCRIPTION,2025-10-16 13:17:00.688+00
8688,LEAD,WARM_LEAD,2025-10-16 13:41:48.102+00
8688,WARM_LEAD,RECURRING_SUBSCRIPTION,2025-10-16 13:42:02.341+00
7555,RECURRING_SUBSCRIPTION,WARM_LEAD,2025-10-16 13:42:25.287+00
8732,LEAD,WARM_LEAD,2025-10-16 14:57:36.946+00
8732,WARM_LEAD,RECURRING_SUBSCRIPTION,2025-10-16 14:57:48.381+00
8732,RECURRING_SUBSCRIPTION,RECURRING_SUBSCRIPTION,2025-10-16 14:58:35.61+00
8462,LEAD,WARM_LEAD,2025-10-16 15:57:00.606+00
7619,RECURRING_SUBSCRIPTION,ON_DEMAND_SUBSCRIPTION,2025-10-16 16:00:14.093+00
1917,FREEMIUM,ON_DEMAND_SUBSCRIPTION,2025-10-16 18:37:29.882+00
8732,RECURRING_SUBSCRIPTION,RECURRING_SUBSCRIPTION,2025-10-16 18:53:25.839+00
8732,RECURRING_SUBSCRIPTION,RECURRING_SUBSCRIPTION,2025-10-16 18:54:09.586+00
8373,RECURRING_SUBSCRIPTION,RECURRING_SUBSCRIPTION,2025-10-16 18:58:05.348+00
6415,LEAD,WARM_LEAD,2025-10-16 19:19:59.704+00
6415,WARM_LEAD,TRIAL,2025-10-16 19:26:10.873+00
8644,LEAD,WARM_LEAD,2025-10-16 20:28:17.445+00
8644,WARM_LEAD,RECURRING_SUBSCRIPTION,2025-10-16 20:28:48.706+00
8776,LEAD,WARM_LEAD,2025-10-16 20:40:52.065+00
8776,WARM_LEAD,TRIAL,2025-10-16 20:41:32.448+00
8776,TRIAL,ON_DEMAND_SUBSCRIPTION,2025-10-16 20:52:46.589+00
8475,LEAD,WARM_LEAD,2025-10-16 21:06:05.433+00
8475,WARM_LEAD,TRIAL,2025-10-16 21:06:35.835+00
8782,LEAD,RECURRING_SUBSCRIPTION,2025-10-17 05:24:16.368+00
6429,RECURRING_SUBSCRIPTION,ON_DEMAND_SUBSCRIPTION,2025-10-17 12:54:21.717+00
8756,LEAD,WARM_LEAD,2025-10-17 13:40:52.632+00
8756,WARM_LEAD,RECURRING_SUBSCRIPTION,2025-10-17 13:41:47.687+00
8259,ON_DEMAND_SUBSCRIPTION,RECURRING_SUBSCRIPTION,2025-10-17 13:45:06.758+00
8313,LEAD,WARM_LEAD,2025-10-17 16:53:29.383+00
8789,LEAD,WARM_LEAD,2025-10-17 17:01:25.33+00
8313,WARM_LEAD,RECURRING_SUBSCRIPTION,2025-10-17 17:03:53.211+00
8789,WARM_LEAD,RECURRING_SUBSCRIPTION,2025-10-17 17:07:04.519+00
7962,LEAD,RECURRING_SUBSCRIPTION,2025-10-17 17:51:51.082+00
1333,FREEMIUM,ON_DEMAND_SUBSCRIPTION,2025-10-17 20:20:09.656+00
8721,LEAD,WARM_LEAD,2025-10-17 21:45:59.375+00
8721,WARM_LEAD,RECURRING_SUBSCRIPTION,2025-10-17 21:46:05.219+00
8797,LEAD,RECURRING_SUBSCRIPTION,2025-10-18 02:22:19.441+00
8798,LEAD,RECURRING_SUBSCRIPTION,2025-10-18 10:46:42.47+00
3692,FREEMIUM,RECURRING_SUBSCRIPTION,2025-10-18 13:56:04.549+00
7652,LEAD,RECURRING_SUBSCRIPTION,2025-10-18 16:39:53.524+00
8809,LEAD,RECURRING_SUBSCRIPTION,2025-10-19 07:12:42.022+00
549,ON_DEMAND_SUBSCRIPTION,RECURRING_SUBSCRIPTION,2025-10-19 11:06:40.28+00
6143,RECURRING_SUBSCRIPTION,RECURRING_SUBSCRIPTION,2025-10-19 13:59:50.594+00
6143,RECURRING_SUBSCRIPTION,RECURRING_SUBSCRIPTION,2025-10-19 14:03:32.987+00
6143,RECURRING_SUBSCRIPTION,RECURRING_SUBSCRIPTION,2025-10-19 14:04:05.007+00
6143,RECURRING_SUBSCRIPTION,RECURRING_SUBSCRIPTION,2025-10-19 14:05:38.117+00
2575,RECURRING_SUBSCRIPTION,ON_DEMAND_SUBSCRIPTION,2025-10-20 13:04:07.237+00
2575,ON_DEMAND_SUBSCRIPTION,WARM_LEAD,2025-10-20 13:05:46.688+00
6390,RECURRING_SUBSCRIPTION,RECURRING_SUBSCRIPTION,2025-10-20 13:07:07.304+00
7548,RECURRING_SUBSCRIPTION,ON_DEMAND_SUBSCRIPTION,2025-10-20 13:07:58.506+00
7958,RECURRING_SUBSCRIPTION,RECURRING_SUBSCRIPTION,2025-10-20 13:10:25.535+00
6813,RECURRING_SUBSCRIPTION,CHURN,2025-12-10 15:20:33.883+00
8259,RECURRING_SUBSCRIPTION,ON_DEMAND_SUBSCRIPTION,2025-10-20 13:11:41.252+00
8282,RECURRING_SUBSCRIPTION,ON_DEMAND_SUBSCRIPTION,2025-10-20 13:13:58.106+00
8316,RECURRING_SUBSCRIPTION,ON_DEMAND_SUBSCRIPTION,2025-10-20 13:15:42.282+00
8512,RECURRING_SUBSCRIPTION,WARM_LEAD,2025-10-20 13:17:05.295+00
8570,RECURRING_SUBSCRIPTION,WARM_LEAD,2025-10-20 13:17:54.735+00
8688,RECURRING_SUBSCRIPTION,ON_DEMAND_SUBSCRIPTION,2025-10-20 14:15:00.606+00
8790,LEAD,WARM_LEAD,2025-10-20 14:40:35.249+00
8790,WARM_LEAD,RECURRING_SUBSCRIPTION,2025-10-20 14:41:20.095+00
8790,RECURRING_SUBSCRIPTION,RECURRING_SUBSCRIPTION,2025-10-20 14:45:06.445+00
8790,RECURRING_SUBSCRIPTION,RECURRING_SUBSCRIPTION,2025-10-20 14:46:07.029+00
8681,RECURRING_SUBSCRIPTION,ON_DEMAND_SUBSCRIPTION,2025-10-20 14:47:08.734+00
8790,RECURRING_SUBSCRIPTION,RECURRING_SUBSCRIPTION,2025-10-20 14:47:46.149+00
8790,RECURRING_SUBSCRIPTION,RECURRING_SUBSCRIPTION,2025-10-20 14:50:17.313+00
8701,RECURRING_SUBSCRIPTION,WARM_LEAD,2025-10-20 14:50:42.186+00
8755,RECURRING_SUBSCRIPTION,WARM_LEAD,2025-10-20 14:52:35.175+00
1002,RECURRING_SUBSCRIPTION,ON_DEMAND_SUBSCRIPTION,2025-10-20 14:55:17.261+00
8790,RECURRING_SUBSCRIPTION,RECURRING_SUBSCRIPTION,2025-10-20 15:04:28.009+00
6502,RECURRING_SUBSCRIPTION,ON_DEMAND_SUBSCRIPTION,2025-10-20 15:10:06.3+00
8790,RECURRING_SUBSCRIPTION,RECURRING_SUBSCRIPTION,2025-10-20 15:10:41.401+00
8193,RECURRING_SUBSCRIPTION,ON_DEMAND_SUBSCRIPTION,2025-10-20 15:11:26.296+00
6143,RECURRING_SUBSCRIPTION,RECURRING_SUBSCRIPTION,2025-10-20 15:14:40.69+00
8271,RECURRING_SUBSCRIPTION,ON_DEMAND_SUBSCRIPTION,2025-10-20 15:23:19.061+00
8301,RECURRING_SUBSCRIPTION,TRIAL,2025-10-20 15:58:28.473+00
6143,RECURRING_SUBSCRIPTION,RECURRING_SUBSCRIPTION,2025-10-20 16:17:39.673+00
6143,RECURRING_SUBSCRIPTION,RECURRING_SUBSCRIPTION,2025-10-20 16:23:07.997+00
7140,RECURRING_SUBSCRIPTION,TRIAL,2025-10-20 16:24:13.761+00
5217,RECURRING_SUBSCRIPTION,WARM_LEAD,2025-10-20 16:32:20.515+00
8807,LEAD,WARM_LEAD,2025-10-20 16:49:08.468+00
8807,WARM_LEAD,RECURRING_SUBSCRIPTION,2025-10-20 16:49:16.228+00
8807,RECURRING_SUBSCRIPTION,RECURRING_SUBSCRIPTION,2025-10-20 16:52:16.018+00
8807,RECURRING_SUBSCRIPTION,RECURRING_SUBSCRIPTION,2025-10-20 16:52:28.569+00
8807,RECURRING_SUBSCRIPTION,RECURRING_SUBSCRIPTION,2025-10-20 16:57:06.661+00
8818,LEAD,WARM_LEAD,2025-10-20 17:33:20.066+00
8818,WARM_LEAD,RECURRING_SUBSCRIPTION,2025-10-20 17:35:22.152+00
5412,RECURRING_SUBSCRIPTION,CHURN,2025-10-20 17:53:52.278+00
8802,LEAD,WARM_LEAD,2025-10-20 19:08:23.741+00
8802,WARM_LEAD,RECURRING_SUBSCRIPTION,2025-10-20 19:08:56.459+00
8789,RECURRING_SUBSCRIPTION,RECURRING_SUBSCRIPTION,2025-10-20 19:16:01.712+00
8789,RECURRING_SUBSCRIPTION,RECURRING_SUBSCRIPTION,2025-10-20 19:34:49.16+00
8789,RECURRING_SUBSCRIPTION,RECURRING_SUBSCRIPTION,2025-10-20 19:40:41.189+00
5217,WARM_LEAD,RECURRING_SUBSCRIPTION,2025-10-20 20:05:51.655+00
8789,RECURRING_SUBSCRIPTION,RECURRING_SUBSCRIPTION,2025-10-20 20:12:42.165+00
8804,LEAD,WARM_LEAD,2025-10-20 20:45:34.884+00
8804,WARM_LEAD,RECURRING_SUBSCRIPTION,2025-10-20 20:47:04.997+00
8414,RECURRING_SUBSCRIPTION,WARM_LEAD,2025-10-20 21:02:42.812+00
8743,RECURRING_SUBSCRIPTION,WARM_LEAD,2025-10-20 21:07:58.809+00
2773,FREEMIUM,RECURRING_SUBSCRIPTION,2025-10-20 22:24:31.862+00
5217,RECURRING_SUBSCRIPTION,RECURRING_SUBSCRIPTION,2025-10-20 23:40:10.579+00
8807,RECURRING_SUBSCRIPTION,RECURRING_SUBSCRIPTION,2025-10-20 23:45:53.913+00
5217,RECURRING_SUBSCRIPTION,RECURRING_SUBSCRIPTION,2025-10-21 00:11:01.607+00
6718,RECURRING_SUBSCRIPTION,RECURRING_SUBSCRIPTION,2025-10-21 02:13:45.358+00
2128,FREEMIUM,RECURRING_SUBSCRIPTION,2025-10-21 04:21:13.157+00
8521,WARM_LEAD,TRIAL,2025-10-21 07:44:01.768+00
8031,LEAD,COLD_LEAD,2025-10-21 09:07:19.292+00
8501,LEAD,COLD_LEAD,2025-10-21 09:07:52.271+00
8558,LEAD,COLD_LEAD,2025-10-21 09:09:01.52+00
7738,LEAD,COLD_LEAD,2025-10-21 09:12:18.788+00
8605,LEAD,COLD_LEAD,2025-10-21 09:13:22.594+00
8568,LEAD,COLD_LEAD,2025-10-21 09:14:52.264+00
8590,LEAD,COLD_LEAD,2025-10-21 09:15:30.905+00
8019,LEAD,WARM_LEAD,2025-10-21 13:15:27.298+00
1490,RECURRING_SUBSCRIPTION,CHURN,2025-12-10 15:29:21.564+00
8826,LEAD,WARM_LEAD,2025-10-21 13:31:21.982+00
8826,WARM_LEAD,RECURRING_SUBSCRIPTION,2025-10-21 13:31:41.453+00
8826,RECURRING_SUBSCRIPTION,RECURRING_SUBSCRIPTION,2025-10-21 13:34:38.941+00
1408,ON_DEMAND_SUBSCRIPTION,RECURRING_SUBSCRIPTION,2025-10-21 13:45:11.127+00
7088,RECURRING_SUBSCRIPTION,TRIAL,2025-10-21 14:21:43.372+00
8465,WARM_LEAD,RECURRING_SUBSCRIPTION,2025-10-21 16:04:52.307+00
8830,LEAD,WARM_LEAD,2025-10-21 16:23:58.007+00
8830,WARM_LEAD,RECURRING_SUBSCRIPTION,2025-10-21 16:24:07.234+00
8829,LEAD,WARM_LEAD,2025-10-21 16:30:03.832+00
8829,WARM_LEAD,RECURRING_SUBSCRIPTION,2025-10-21 16:30:14.47+00
8786,LEAD,WARM_LEAD,2025-10-21 17:07:50.099+00
8786,WARM_LEAD,RECURRING_SUBSCRIPTION,2025-10-21 17:08:20.771+00
8786,RECURRING_SUBSCRIPTION,RECURRING_SUBSCRIPTION,2025-10-21 17:08:57.049+00
2128,RECURRING_SUBSCRIPTION,RECURRING_SUBSCRIPTION,2025-10-21 17:13:25.295+00
8731,RECURRING_SUBSCRIPTION,WARM_LEAD,2025-10-21 17:27:23.662+00
4643,FREEMIUM,RECURRING_SUBSCRIPTION,2025-10-21 17:34:36.626+00
4643,RECURRING_SUBSCRIPTION,RECURRING_SUBSCRIPTION,2025-10-21 17:35:24.042+00
8731,WARM_LEAD,WARM_LEAD,2025-10-21 17:39:14.247+00
4643,RECURRING_SUBSCRIPTION,ON_DEMAND_SUBSCRIPTION,2025-10-21 17:41:17.828+00
8519,LEAD,WARM_LEAD,2025-10-21 17:55:23.916+00
8519,WARM_LEAD,RECURRING_SUBSCRIPTION,2025-10-21 17:55:32.006+00
8144,LEAD,WARM_LEAD,2025-10-21 18:03:05.262+00
8144,WARM_LEAD,RECURRING_SUBSCRIPTION,2025-10-21 18:03:11.548+00
8519,RECURRING_SUBSCRIPTION,WARM_LEAD,2025-10-21 18:11:17.944+00
8835,LEAD,WARM_LEAD,2025-10-21 18:34:06.477+00
8835,WARM_LEAD,RECURRING_SUBSCRIPTION,2025-10-21 18:34:15.52+00
2383,RECURRING_SUBSCRIPTION,RECURRING_SUBSCRIPTION,2025-10-21 18:44:27.654+00
2383,RECURRING_SUBSCRIPTION,RECURRING_SUBSCRIPTION,2025-10-21 18:44:56.474+00
8178,LEAD,WARM_LEAD,2025-10-21 20:00:08.134+00
8178,WARM_LEAD,RECURRING_SUBSCRIPTION,2025-10-21 20:01:03.567+00
8839,LEAD,WARM_LEAD,2025-10-21 20:15:40.1+00
8839,WARM_LEAD,RECURRING_SUBSCRIPTION,2025-10-21 20:19:54.899+00
8777,LEAD,WARM_LEAD,2025-10-21 21:01:22.295+00
6001,FREEMIUM,RECURRING_SUBSCRIPTION,2025-10-21 21:14:46.404+00
6688,LEAD,WARM_LEAD,2025-10-21 21:34:35.171+00
6688,WARM_LEAD,RECURRING_SUBSCRIPTION,2025-10-21 21:34:47.391+00
6688,RECURRING_SUBSCRIPTION,RECURRING_SUBSCRIPTION,2025-10-21 21:38:51.542+00
8649,LEAD,WARM_LEAD,2025-10-21 21:41:36.231+00
8649,WARM_LEAD,RECURRING_SUBSCRIPTION,2025-10-21 21:41:41.457+00
6001,RECURRING_SUBSCRIPTION,RECURRING_SUBSCRIPTION,2025-10-21 21:49:21.801+00
8777,WARM_LEAD,RECURRING_SUBSCRIPTION,2025-10-21 21:56:36.175+00
6688,RECURRING_SUBSCRIPTION,RECURRING_SUBSCRIPTION,2025-10-21 22:32:02.828+00
8786,RECURRING_SUBSCRIPTION,RECURRING_SUBSCRIPTION,2025-10-21 22:33:50.386+00
8786,RECURRING_SUBSCRIPTION,ON_DEMAND_SUBSCRIPTION,2025-10-21 22:34:19.196+00
8786,ON_DEMAND_SUBSCRIPTION,RECURRING_SUBSCRIPTION,2025-10-21 22:35:08.829+00
8786,RECURRING_SUBSCRIPTION,RECURRING_SUBSCRIPTION,2025-10-21 22:44:34.606+00
8786,RECURRING_SUBSCRIPTION,RECURRING_SUBSCRIPTION,2025-10-21 22:51:42.818+00
8786,RECURRING_SUBSCRIPTION,RECURRING_SUBSCRIPTION,2025-10-21 22:55:27.176+00
7662,COLD_LEAD,WARM_LEAD,2025-10-22 07:26:27.24+00
396,RECURRING_SUBSCRIPTION,CHURN,2025-10-22 11:28:34.812+00
8046,RECURRING_SUBSCRIPTION,TRIAL,2025-10-22 14:14:53.01+00
8233,RECURRING_SUBSCRIPTION,WARM_LEAD,2025-10-22 14:22:20.997+00
6493,RECURRING_SUBSCRIPTION,CHURN,2025-10-22 16:36:06.884+00
6688,RECURRING_SUBSCRIPTION,RECURRING_SUBSCRIPTION,2025-10-22 17:33:40.64+00
6001,RECURRING_SUBSCRIPTION,ON_DEMAND_SUBSCRIPTION,2025-10-22 17:57:35.144+00
8839,RECURRING_SUBSCRIPTION,ON_DEMAND_SUBSCRIPTION,2025-10-22 18:12:01.976+00
8777,RECURRING_SUBSCRIPTION,WARM_LEAD,2025-10-22 18:15:45.936+00
8830,RECURRING_SUBSCRIPTION,RECURRING_SUBSCRIPTION,2025-10-22 18:18:34.545+00
8873,LEAD,WARM_LEAD,2025-10-22 20:13:52.121+00
8873,WARM_LEAD,RECURRING_SUBSCRIPTION,2025-10-22 20:14:01.015+00
8830,RECURRING_SUBSCRIPTION,ON_DEMAND_SUBSCRIPTION,2025-10-22 20:31:20.414+00
399,RECURRING_SUBSCRIPTION,CHURN,2025-10-23 09:10:23.373+00
7926,TRIAL,RECURRING_SUBSCRIPTION,2025-10-23 12:00:11.477+00
8320,RECURRING_SUBSCRIPTION,WARM_LEAD,2025-10-23 12:39:07.961+00
8320,WARM_LEAD,ON_DEMAND_SUBSCRIPTION,2025-10-23 12:45:19.614+00
8320,ON_DEMAND_SUBSCRIPTION,RECURRING_SUBSCRIPTION,2025-10-23 12:45:27.927+00
8830,ON_DEMAND_SUBSCRIPTION,RECURRING_SUBSCRIPTION,2025-10-23 13:21:09.942+00
8874,LEAD,WARM_LEAD,2025-10-23 13:43:38.247+00
8874,WARM_LEAD,RECURRING_SUBSCRIPTION,2025-10-23 13:43:49.428+00
8892,LEAD,RECURRING_SUBSCRIPTION,2025-10-23 13:55:27.408+00
8830,RECURRING_SUBSCRIPTION,RECURRING_SUBSCRIPTION,2025-10-23 13:58:35.618+00
8786,RECURRING_SUBSCRIPTION,RECURRING_SUBSCRIPTION,2025-10-23 14:33:47.025+00
8730,LEAD,WARM_LEAD,2025-10-23 15:33:45.048+00
8730,WARM_LEAD,RECURRING_SUBSCRIPTION,2025-10-23 15:34:47.135+00
8108,RECURRING_SUBSCRIPTION,WARM_LEAD,2025-10-23 17:14:50.546+00
8108,WARM_LEAD,WARM_LEAD,2025-10-23 17:20:25.825+00
6390,RECURRING_SUBSCRIPTION,RECURRING_SUBSCRIPTION,2025-10-23 17:30:21.084+00
7958,RECURRING_SUBSCRIPTION,WARM_LEAD,2025-10-23 17:37:11.186+00
8108,WARM_LEAD,WARM_LEAD,2025-10-23 17:37:44.2+00
6812,RECURRING_SUBSCRIPTION,RECURRING_SUBSCRIPTION,2025-10-23 17:46:06.985+00
8730,RECURRING_SUBSCRIPTION,ON_DEMAND_SUBSCRIPTION,2025-10-23 18:18:36.507+00
6812,RECURRING_SUBSCRIPTION,RECURRING_SUBSCRIPTION,2025-10-23 18:35:09.227+00
6812,RECURRING_SUBSCRIPTION,RECURRING_SUBSCRIPTION,2025-10-23 18:37:03.976+00
8205,LEAD,WARM_LEAD,2025-10-23 18:40:20.91+00
8205,WARM_LEAD,RECURRING_SUBSCRIPTION,2025-10-23 18:40:35.879+00
8125,LEAD,WARM_LEAD,2025-10-23 19:01:37.139+00
8125,WARM_LEAD,RECURRING_SUBSCRIPTION,2025-10-23 19:01:45.674+00
8125,RECURRING_SUBSCRIPTION,RECURRING_SUBSCRIPTION,2025-10-23 19:07:17.174+00
1059,RECURRING_SUBSCRIPTION,FROZEN,2025-10-23 19:24:30.608+00
8094,LEAD,WARM_LEAD,2025-10-23 19:50:39.464+00
8094,WARM_LEAD,ON_DEMAND_SUBSCRIPTION,2025-10-23 19:50:45.96+00
8730,ON_DEMAND_SUBSCRIPTION,RECURRING_SUBSCRIPTION,2025-10-23 20:24:38.72+00
7994,LEAD,WARM_LEAD,2025-10-23 20:31:18.688+00
7994,WARM_LEAD,ON_DEMAND_SUBSCRIPTION,2025-10-23 20:31:38.509+00
7994,ON_DEMAND_SUBSCRIPTION,RECURRING_SUBSCRIPTION,2025-10-23 20:31:43.726+00
8280,LEAD,WARM_LEAD,2025-10-23 20:42:54.882+00
8280,WARM_LEAD,RECURRING_SUBSCRIPTION,2025-10-23 20:43:00.613+00
7994,RECURRING_SUBSCRIPTION,RECURRING_SUBSCRIPTION,2025-10-23 20:45:15.967+00
7994,RECURRING_SUBSCRIPTION,RECURRING_SUBSCRIPTION,2025-10-23 20:48:15.196+00
7994,RECURRING_SUBSCRIPTION,RECURRING_SUBSCRIPTION,2025-10-23 20:48:58.283+00
7044,RECURRING_SUBSCRIPTION,TRIAL,2025-10-23 20:53:16.415+00
7994,RECURRING_SUBSCRIPTION,RECURRING_SUBSCRIPTION,2025-10-23 20:54:12.311+00
7994,RECURRING_SUBSCRIPTION,RECURRING_SUBSCRIPTION,2025-10-23 20:55:28.839+00
7994,RECURRING_SUBSCRIPTION,RECURRING_SUBSCRIPTION,2025-10-23 20:56:16.958+00
7994,RECURRING_SUBSCRIPTION,RECURRING_SUBSCRIPTION,2025-10-23 20:56:47.765+00
8730,RECURRING_SUBSCRIPTION,RECURRING_SUBSCRIPTION,2025-10-23 21:03:10.254+00
7994,RECURRING_SUBSCRIPTION,RECURRING_SUBSCRIPTION,2025-10-23 21:32:15.425+00
7994,RECURRING_SUBSCRIPTION,RECURRING_SUBSCRIPTION,2025-10-23 21:34:44.905+00
7994,RECURRING_SUBSCRIPTION,RECURRING_SUBSCRIPTION,2025-10-23 21:34:46.735+00
7994,RECURRING_SUBSCRIPTION,RECURRING_SUBSCRIPTION,2025-10-23 21:35:17.778+00
7994,RECURRING_SUBSCRIPTION,RECURRING_SUBSCRIPTION,2025-10-23 21:44:04.116+00
7994,RECURRING_SUBSCRIPTION,RECURRING_SUBSCRIPTION,2025-10-23 21:45:05.828+00
8039,LEAD,WARM_LEAD,2025-10-23 22:52:04.01+00
8039,WARM_LEAD,ON_DEMAND_SUBSCRIPTION,2025-10-23 22:52:10.27+00
8039,ON_DEMAND_SUBSCRIPTION,RECURRING_SUBSCRIPTION,2025-10-24 00:33:35.044+00
8039,RECURRING_SUBSCRIPTION,ON_DEMAND_SUBSCRIPTION,2025-10-24 00:34:42.736+00
8903,LEAD,RECURRING_SUBSCRIPTION,2025-10-24 01:04:56.82+00
8536,LEAD,RECURRING_SUBSCRIPTION,2025-10-24 01:32:18.461+00
8874,RECURRING_SUBSCRIPTION,WARM_LEAD,2025-10-24 11:53:01.643+00
8280,RECURRING_SUBSCRIPTION,WARM_LEAD,2025-10-24 12:55:47.982+00
8320,RECURRING_SUBSCRIPTION,WARM_LEAD,2025-10-24 12:59:28.649+00
8584,LEAD,WARM_LEAD,2025-10-24 14:20:10.455+00
8584,WARM_LEAD,RECURRING_SUBSCRIPTION,2025-10-24 14:22:53.295+00
7971,LEAD,WARM_LEAD,2025-10-24 14:49:12.599+00
7971,WARM_LEAD,RECURRING_SUBSCRIPTION,2025-10-24 14:49:29.561+00
7971,RECURRING_SUBSCRIPTION,RECURRING_SUBSCRIPTION,2025-10-24 14:58:08.982+00
7971,RECURRING_SUBSCRIPTION,RECURRING_SUBSCRIPTION,2025-10-24 14:58:28.907+00
8889,LEAD,WARM_LEAD,2025-10-24 15:02:55.385+00
8889,WARM_LEAD,RECURRING_SUBSCRIPTION,2025-10-24 15:03:34.307+00
8582,LEAD,WARM_LEAD,2025-10-24 15:16:34.916+00
8582,WARM_LEAD,RECURRING_SUBSCRIPTION,2025-10-24 15:17:03.846+00
8582,RECURRING_SUBSCRIPTION,RECURRING_SUBSCRIPTION,2025-10-24 15:17:09.719+00
8582,RECURRING_SUBSCRIPTION,RECURRING_SUBSCRIPTION,2025-10-24 15:17:45.203+00
7967,LEAD,WARM_LEAD,2025-10-24 15:33:46.758+00
7967,WARM_LEAD,RECURRING_SUBSCRIPTION,2025-10-24 15:33:53.74+00
7945,LEAD,WARM_LEAD,2025-10-24 16:02:18.601+00
7945,WARM_LEAD,RECURRING_SUBSCRIPTION,2025-10-24 16:02:27.779+00
7945,RECURRING_SUBSCRIPTION,ON_DEMAND_SUBSCRIPTION,2025-10-24 16:02:49.961+00
8584,RECURRING_SUBSCRIPTION,RECURRING_SUBSCRIPTION,2025-10-24 16:32:52.872+00
7877,LEAD,WARM_LEAD,2025-10-24 16:57:48.064+00
7877,WARM_LEAD,ON_DEMAND_SUBSCRIPTION,2025-10-24 16:58:39.749+00
7877,ON_DEMAND_SUBSCRIPTION,RECURRING_SUBSCRIPTION,2025-10-24 17:08:56.616+00
8444,LEAD,WARM_LEAD,2025-10-24 18:11:09.482+00
8444,WARM_LEAD,RECURRING_SUBSCRIPTION,2025-10-24 18:11:17.125+00
7608,LEAD,WARM_LEAD,2025-10-24 19:33:42.263+00
7608,WARM_LEAD,RECURRING_SUBSCRIPTION,2025-10-24 19:34:21.378+00
8584,RECURRING_SUBSCRIPTION,WARM_LEAD,2025-10-24 20:09:40.04+00
7471,LEAD,WARM_LEAD,2025-10-24 20:16:36.478+00
7471,WARM_LEAD,ON_DEMAND_SUBSCRIPTION,2025-10-24 20:16:42.05+00
8039,ON_DEMAND_SUBSCRIPTION,WARM_LEAD,2025-10-24 20:26:30.897+00
6270,RECURRING_SUBSCRIPTION,WARM_LEAD,2025-10-24 20:30:13.305+00
7456,LEAD,WARM_LEAD,2025-10-24 20:31:14.343+00
7456,WARM_LEAD,RECURRING_SUBSCRIPTION,2025-10-24 20:32:44.217+00
2876,RECURRING_SUBSCRIPTION,WARM_LEAD,2025-10-24 20:36:57.1+00
7448,LEAD,WARM_LEAD,2025-10-24 20:48:47.843+00
7448,WARM_LEAD,ON_DEMAND_SUBSCRIPTION,2025-10-24 20:48:54.02+00
7411,LEAD,WARM_LEAD,2025-10-24 21:07:47.789+00
7411,WARM_LEAD,RECURRING_SUBSCRIPTION,2025-10-24 21:07:52.488+00
7411,RECURRING_SUBSCRIPTION,RECURRING_SUBSCRIPTION,2025-10-24 21:08:03.597+00
7116,LEAD,WARM_LEAD,2025-10-24 21:24:34.772+00
7116,WARM_LEAD,RECURRING_SUBSCRIPTION,2025-10-24 21:24:39.623+00
7295,LEAD,WARM_LEAD,2025-10-24 21:50:24.389+00
7116,RECURRING_SUBSCRIPTION,RECURRING_SUBSCRIPTION,2025-10-24 21:51:29.725+00
7116,RECURRING_SUBSCRIPTION,RECURRING_SUBSCRIPTION,2025-10-24 21:54:29.124+00
7116,RECURRING_SUBSCRIPTION,ON_DEMAND_SUBSCRIPTION,2025-10-24 21:54:37.046+00
7295,WARM_LEAD,ON_DEMAND_SUBSCRIPTION,2025-10-24 21:56:44.884+00
7295,ON_DEMAND_SUBSCRIPTION,RECURRING_SUBSCRIPTION,2025-10-24 22:00:14.748+00
7204,RECURRING_SUBSCRIPTION,WARM_LEAD,2025-10-24 22:03:00.876+00
8928,LEAD,RECURRING_SUBSCRIPTION,2025-10-24 23:57:48.565+00
2710,ON_DEMAND_SUBSCRIPTION,RECURRING_SUBSCRIPTION,2025-10-25 06:26:17.327+00
8925,LEAD,WARM_LEAD,2025-10-25 12:01:36.226+00
8582,RECURRING_SUBSCRIPTION,WARM_LEAD,2025-10-25 12:05:09.796+00
8920,LEAD,WARM_LEAD,2025-10-25 12:30:41.628+00
8920,WARM_LEAD,RECURRING_SUBSCRIPTION,2025-10-25 13:24:44.045+00
8920,RECURRING_SUBSCRIPTION,RECURRING_SUBSCRIPTION,2025-10-25 13:24:51.673+00
8920,RECURRING_SUBSCRIPTION,RECURRING_SUBSCRIPTION,2025-10-25 13:24:59.344+00
8920,RECURRING_SUBSCRIPTION,RECURRING_SUBSCRIPTION,2025-10-25 13:25:06.239+00
8886,LEAD,WARM_LEAD,2025-10-25 13:48:12.417+00
8886,WARM_LEAD,RECURRING_SUBSCRIPTION,2025-10-25 13:48:17.226+00
8920,RECURRING_SUBSCRIPTION,WARM_LEAD,2025-10-25 13:48:43.394+00
8002,ON_DEMAND_SUBSCRIPTION,RECURRING_SUBSCRIPTION,2025-10-25 14:01:36.391+00
8002,RECURRING_SUBSCRIPTION,ON_DEMAND_SUBSCRIPTION,2025-10-25 14:12:19.737+00
8002,ON_DEMAND_SUBSCRIPTION,RECURRING_SUBSCRIPTION,2025-10-25 14:19:41.846+00
5643,FREEMIUM,RECURRING_SUBSCRIPTION,2025-10-25 16:48:02.068+00
8925,WARM_LEAD,ON_DEMAND_SUBSCRIPTION,2025-10-25 17:58:50.11+00
8925,ON_DEMAND_SUBSCRIPTION,RECURRING_SUBSCRIPTION,2025-10-25 17:59:00.748+00
8939,LEAD,RECURRING_SUBSCRIPTION,2025-10-25 22:32:08.458+00
8584,WARM_LEAD,RECURRING_SUBSCRIPTION,2025-10-26 01:40:57.832+00
8584,RECURRING_SUBSCRIPTION,RECURRING_SUBSCRIPTION,2025-10-26 01:43:28.425+00
3959,TRIAL,ON_DEMAND_SUBSCRIPTION,2025-10-26 09:17:40.537+00
8911,LEAD,WARM_LEAD,2025-10-26 14:26:51.845+00
8157,LEAD,WARM_LEAD,2025-10-26 14:46:24.647+00
8157,WARM_LEAD,RECURRING_SUBSCRIPTION,2025-10-26 14:46:33.933+00
8157,RECURRING_SUBSCRIPTION,RECURRING_SUBSCRIPTION,2025-10-26 14:56:19.884+00
5101,FREEMIUM,RECURRING_SUBSCRIPTION,2025-10-26 14:58:24.418+00
8911,WARM_LEAD,RECURRING_SUBSCRIPTION,2025-10-26 15:33:09.824+00
8669,RECURRING_SUBSCRIPTION,RECURRING_SUBSCRIPTION,2025-10-26 15:46:45.752+00
7668,LEAD,RECURRING_SUBSCRIPTION,2025-10-26 18:32:21.337+00
7625,LEAD,RECURRING_SUBSCRIPTION,2025-10-27 01:33:09.371+00
8055,RECURRING_SUBSCRIPTION,TRIAL,2025-10-27 14:20:33.34+00
8952,LEAD,RECURRING_SUBSCRIPTION,2025-10-27 14:50:50.153+00
8952,RECURRING_SUBSCRIPTION,RECURRING_SUBSCRIPTION,2025-10-27 14:50:52.89+00
7731,LEAD,RECURRING_SUBSCRIPTION,2025-10-27 14:56:08.612+00
7308,LEAD,WARM_LEAD,2025-10-27 15:45:23.929+00
7295,RECURRING_SUBSCRIPTION,RECURRING_SUBSCRIPTION,2025-10-27 15:47:39.927+00
7295,RECURRING_SUBSCRIPTION,RECURRING_SUBSCRIPTION,2025-10-27 15:48:40.231+00
6985,LEAD,WARM_LEAD,2025-10-27 15:56:44.297+00
6985,WARM_LEAD,RECURRING_SUBSCRIPTION,2025-10-27 15:57:05.777+00
8955,LEAD,RECURRING_SUBSCRIPTION,2025-10-27 16:40:21.532+00
5381,CHURN,ON_DEMAND_SUBSCRIPTION,2025-10-27 16:56:17.432+00
7295,RECURRING_SUBSCRIPTION,RECURRING_SUBSCRIPTION,2025-10-27 17:16:05.658+00
1529,FREEMIUM,RECURRING_SUBSCRIPTION,2025-10-27 18:47:09.661+00
6935,RECURRING_SUBSCRIPTION,TRIAL,2025-10-27 19:12:42.282+00
8522,LEAD,WARM_LEAD,2025-10-27 22:57:09.01+00
8522,WARM_LEAD,RECURRING_SUBSCRIPTION,2025-10-27 22:57:29.367+00
8522,RECURRING_SUBSCRIPTION,RECURRING_SUBSCRIPTION,2025-10-27 23:05:32.725+00
8522,RECURRING_SUBSCRIPTION,RECURRING_SUBSCRIPTION,2025-10-27 23:06:58.918+00
6739,LEAD,WARM_LEAD,2025-10-27 23:28:57.254+00
6739,WARM_LEAD,RECURRING_SUBSCRIPTION,2025-10-27 23:33:02.376+00
8823,LEAD,WARM_LEAD,2025-10-28 09:10:12.549+00
8195,WARM_LEAD,TRIAL,2025-10-28 10:17:44.865+00
1788,CHURN,RECURRING_SUBSCRIPTION,2025-10-28 10:34:06.862+00
462,COLD_LEAD,WARM_LEAD,2025-10-28 11:50:09.943+00
8791,LEAD,WARM_LEAD,2025-10-28 15:18:42.954+00
8791,WARM_LEAD,RECURRING_SUBSCRIPTION,2025-10-28 15:19:41.039+00
8791,RECURRING_SUBSCRIPTION,RECURRING_SUBSCRIPTION,2025-10-28 15:20:19.7+00
8791,RECURRING_SUBSCRIPTION,WARM_LEAD,2025-10-28 15:23:18.385+00
8791,WARM_LEAD,LEAD,2025-10-28 15:24:28.944+00
7672,RECURRING_SUBSCRIPTION,TRIAL,2025-10-28 15:41:05.477+00
788,RECURRING_SUBSCRIPTION,RECURRING_SUBSCRIPTION,2025-10-28 18:48:58.092+00
8171,RECURRING_SUBSCRIPTION,WARM_LEAD,2025-10-28 20:12:41.758+00
8964,LEAD,WARM_LEAD,2025-10-28 21:02:15.428+00
8964,WARM_LEAD,RECURRING_SUBSCRIPTION,2025-10-28 21:04:38.961+00
8715,LEAD,WARM_LEAD,2025-10-28 21:59:23.639+00
8715,WARM_LEAD,RECURRING_SUBSCRIPTION,2025-10-28 22:03:54.507+00
399,CHURN,RECURRING_SUBSCRIPTION,2025-10-29 06:36:15.569+00
8951,LEAD,COLD_LEAD,2025-10-29 07:20:48.878+00
8691,RECURRING_SUBSCRIPTION,WARM_LEAD,2025-10-29 09:02:28.831+00
8197,WARM_LEAD,LEAD,2025-10-29 09:03:40.267+00
8507,WARM_LEAD,LEAD,2025-10-29 09:03:51.704+00
8505,WARM_LEAD,LEAD,2025-10-29 09:04:01.793+00
8691,WARM_LEAD,LEAD,2025-10-29 09:04:12.029+00
462,WARM_LEAD,LEAD,2025-10-29 09:05:08.855+00
8823,WARM_LEAD,LEAD,2025-10-29 09:05:43.619+00
399,RECURRING_SUBSCRIPTION,RECURRING_SUBSCRIPTION,2025-10-29 09:08:13.493+00
399,RECURRING_SUBSCRIPTION,RECURRING_SUBSCRIPTION,2025-10-29 09:10:19.151+00
399,RECURRING_SUBSCRIPTION,RECURRING_SUBSCRIPTION,2025-10-29 09:10:38.069+00
8823,LEAD,TRIAL,2025-10-29 10:08:37.26+00
8981,LEAD,RECURRING_SUBSCRIPTION,2025-10-29 12:07:56.129+00
8954,LEAD,WARM_LEAD,2025-10-29 13:05:15.348+00
8989,LEAD,RECURRING_SUBSCRIPTION,2025-10-29 13:20:39.046+00
8782,RECURRING_SUBSCRIPTION,WARM_LEAD,2025-10-29 14:58:51.952+00
8566,RECURRING_SUBSCRIPTION,TRIAL,2025-10-29 15:42:41.132+00
4096,RECURRING_SUBSCRIPTION,CHURN,2025-10-29 17:27:34.011+00
8797,RECURRING_SUBSCRIPTION,WARM_LEAD,2025-10-29 17:45:57.25+00
7992,RECURRING_SUBSCRIPTION,TRIAL,2025-10-29 20:40:30.101+00
8713,LEAD,WARM_LEAD,2025-10-29 21:49:31.125+00
8713,WARM_LEAD,RECURRING_SUBSCRIPTION,2025-10-29 21:49:41.751+00
8713,RECURRING_SUBSCRIPTION,ON_DEMAND_SUBSCRIPTION,2025-10-29 21:50:01.965+00
9003,LEAD,RECURRING_SUBSCRIPTION,2025-10-29 23:11:39.878+00
8024,LEAD,RECURRING_SUBSCRIPTION,2025-10-30 02:00:40.322+00
2773,RECURRING_SUBSCRIPTION,WARM_LEAD,2025-10-30 12:25:05.241+00
5101,RECURRING_SUBSCRIPTION,WARM_LEAD,2025-10-30 12:25:27.156+00
6390,RECURRING_SUBSCRIPTION,WARM_LEAD,2025-10-30 12:25:44.777+00
6739,RECURRING_SUBSCRIPTION,WARM_LEAD,2025-10-30 12:26:01.81+00
7967,RECURRING_SUBSCRIPTION,WARM_LEAD,2025-10-30 12:27:11.619+00
8157,RECURRING_SUBSCRIPTION,WARM_LEAD,2025-10-30 12:27:28.864+00
8178,RECURRING_SUBSCRIPTION,WARM_LEAD,2025-10-30 12:28:42.149+00
8873,RECURRING_SUBSCRIPTION,WARM_LEAD,2025-10-30 12:29:36.022+00
8964,RECURRING_SUBSCRIPTION,WARM_LEAD,2025-10-30 12:30:34.508+00
5217,RECURRING_SUBSCRIPTION,WARM_LEAD,2025-10-30 12:31:13.331+00
8786,RECURRING_SUBSCRIPTION,WARM_LEAD,2025-10-30 12:31:43.093+00
6814,RECURRING_SUBSCRIPTION,WARM_LEAD,2025-10-30 13:37:42.413+00
8713,ON_DEMAND_SUBSCRIPTION,RECURRING_SUBSCRIPTION,2025-10-30 14:09:36.236+00
8458,RECURRING_SUBSCRIPTION,WARM_LEAD,2025-10-30 15:52:42.329+00
7813,LEAD,WARM_LEAD,2025-10-30 16:13:29.112+00
7813,WARM_LEAD,RECURRING_SUBSCRIPTION,2025-10-30 16:14:25.757+00
7813,RECURRING_SUBSCRIPTION,RECURRING_SUBSCRIPTION,2025-10-30 16:16:31.336+00
8024,RECURRING_SUBSCRIPTION,TRIAL,2025-10-30 19:56:08.297+00
6803,RECURRING_SUBSCRIPTION,TRIAL,2025-10-30 20:24:51.827+00
9002,LEAD,WARM_LEAD,2025-10-30 22:43:03.033+00
9002,WARM_LEAD,RECURRING_SUBSCRIPTION,2025-10-30 23:36:47.991+00
8912,LEAD,WARM_LEAD,2025-10-31 00:17:49.27+00
8912,WARM_LEAD,RECURRING_SUBSCRIPTION,2025-10-31 00:18:42.78+00
7486,RECURRING_SUBSCRIPTION,CHURN,2025-10-31 12:55:08.67+00
2470,RECURRING_SUBSCRIPTION,TRIAL,2025-10-31 13:33:18.926+00
8880,LEAD,RECURRING_SUBSCRIPTION,2025-10-31 13:33:24.264+00
7964,LEAD,WARM_LEAD,2025-10-31 17:25:26.707+00
7964,WARM_LEAD,RECURRING_SUBSCRIPTION,2025-10-31 17:26:09.904+00
8649,RECURRING_SUBSCRIPTION,WARM_LEAD,2025-10-31 18:39:04.046+00
5997,RECURRING_SUBSCRIPTION,WARM_LEAD,2025-10-31 21:01:30.168+00
1745,RECURRING_SUBSCRIPTION,CHURN,2025-11-02 12:55:08.67+00
8961,LEAD,WARM_LEAD,2025-11-02 15:05:46.519+00
8132,ON_DEMAND_SUBSCRIPTION,CHURN,2025-11-02 16:59:04.527+00
9054,LEAD,RECURRING_SUBSCRIPTION,2025-11-02 20:15:05.899+00
9055,LEAD,RECURRING_SUBSCRIPTION,2025-11-03 00:21:24.576+00
9048,LEAD,RECURRING_SUBSCRIPTION,2025-11-03 00:37:48.999+00
8132,CHURN,TRIAL,2025-11-03 10:50:33.115+00
8132,TRIAL,WARM_LEAD,2025-11-03 10:56:55.954+00
9060,LEAD,RECURRING_SUBSCRIPTION,2025-11-03 11:04:43.201+00
8354,LEAD,RECURRING_SUBSCRIPTION,2025-11-03 13:46:37.986+00
2502,TRIAL,RECURRING_SUBSCRIPTION,2025-11-03 18:42:25.168+00
9052,LEAD,WARM_LEAD,2025-11-03 19:32:19.389+00
9052,WARM_LEAD,RECURRING_SUBSCRIPTION,2025-11-03 19:34:14.578+00
8466,RECURRING_SUBSCRIPTION,TRIAL,2025-11-03 20:07:05.635+00
7864,RECURRING_SUBSCRIPTION,RECURRING_SUBSCRIPTION,2025-11-03 20:20:41.808+00
6867,RECURRING_SUBSCRIPTION,TRIAL,2025-11-03 20:30:56.958+00
9074,LEAD,WARM_LEAD,2025-11-03 22:24:26.092+00
9074,WARM_LEAD,RECURRING_SUBSCRIPTION,2025-11-03 22:25:22.916+00
9074,RECURRING_SUBSCRIPTION,WARM_LEAD,2025-11-03 23:34:12.255+00
6950,WARM_LEAD,RECURRING_SUBSCRIPTION,2025-11-03 23:55:56.767+00
6950,RECURRING_SUBSCRIPTION,WARM_LEAD,2025-11-04 01:14:23.005+00
9066,LEAD,WARM_LEAD,2025-11-04 14:35:46.393+00
9066,WARM_LEAD,RECURRING_SUBSCRIPTION,2025-11-04 14:36:12.949+00
8586,RECURRING_SUBSCRIPTION,TRIAL,2025-11-04 18:56:09.97+00
8182,LEAD,RECURRING_SUBSCRIPTION,2025-11-04 22:58:26.706+00
9035,LEAD,WARM_LEAD,2025-11-04 23:29:58.471+00
9035,WARM_LEAD,RECURRING_SUBSCRIPTION,2025-11-04 23:34:17.929+00
9035,RECURRING_SUBSCRIPTION,RECURRING_SUBSCRIPTION,2025-11-04 23:35:01.005+00
9052,RECURRING_SUBSCRIPTION,WARM_LEAD,2025-11-05 01:15:45.415+00
8967,LEAD,WARM_LEAD,2025-11-05 09:37:26.787+00
9094,LEAD,RECURRING_SUBSCRIPTION,2025-11-05 12:10:55.628+00
8928,RECURRING_SUBSCRIPTION,TRIAL,2025-11-05 17:05:22.755+00
9078,LEAD,WARM_LEAD,2025-11-05 18:22:56.108+00
9025,LEAD,WARM_LEAD,2025-11-05 18:50:15.795+00
9025,WARM_LEAD,RECURRING_SUBSCRIPTION,2025-11-05 18:51:22.991+00
2876,WARM_LEAD,RECURRING_SUBSCRIPTION,2025-11-05 19:34:00.359+00
2876,RECURRING_SUBSCRIPTION,RECURRING_SUBSCRIPTION,2025-11-05 19:39:28.388+00
7149,LEAD,WARM_LEAD,2025-11-05 19:59:27.411+00
7149,WARM_LEAD,RECURRING_SUBSCRIPTION,2025-11-05 20:00:24.024+00
8346,RECURRING_SUBSCRIPTION,WARM_LEAD,2025-11-05 22:06:50.609+00
9025,RECURRING_SUBSCRIPTION,WARM_LEAD,2025-11-05 22:56:45.361+00
9082,LEAD,WARM_LEAD,2025-11-05 23:14:12.205+00
9082,WARM_LEAD,RECURRING_SUBSCRIPTION,2025-11-05 23:14:29.844+00
9082,RECURRING_SUBSCRIPTION,RECURRING_SUBSCRIPTION,2025-11-05 23:54:26.451+00
9082,RECURRING_SUBSCRIPTION,RECURRING_SUBSCRIPTION,2025-11-05 23:59:44.653+00
9044,LEAD,WARM_LEAD,2025-11-06 13:08:32.206+00
9129,LEAD,RECURRING_SUBSCRIPTION,2025-11-06 13:52:32.66+00
8727,LEAD,COLD_LEAD,2025-11-06 14:31:00.138+00
8744,LEAD,COLD_LEAD,2025-11-06 14:32:20.655+00
8787,LEAD,COLD_LEAD,2025-11-06 14:32:53.878+00
8792,LEAD,COLD_LEAD,2025-11-06 14:33:23.571+00
8795,LEAD,COLD_LEAD,2025-11-06 14:35:12.597+00
8808,LEAD,COLD_LEAD,2025-11-06 14:35:46.615+00
8825,LEAD,COLD_LEAD,2025-11-06 14:36:32.276+00
8843,LEAD,COLD_LEAD,2025-11-06 14:37:02.439+00
8883,LEAD,COLD_LEAD,2025-11-06 14:37:29.683+00
8884,LEAD,COLD_LEAD,2025-11-06 14:37:59.67+00
2386,TRIAL,RECURRING_SUBSCRIPTION,2025-11-06 15:46:41.231+00
7813,RECURRING_SUBSCRIPTION,WARM_LEAD,2025-11-06 16:11:48.112+00
6818,RECURRING_SUBSCRIPTION,RECURRING_SUBSCRIPTION,2025-11-06 16:42:19.614+00
8400,RECURRING_SUBSCRIPTION,WARM_LEAD,2025-11-06 17:17:30.174+00
6847,RECURRING_SUBSCRIPTION,RECURRING_SUBSCRIPTION,2025-11-06 17:22:18.016+00
9078,WARM_LEAD,RECURRING_SUBSCRIPTION,2025-11-06 18:08:25.053+00
5991,TRIAL,RECURRING_SUBSCRIPTION,2025-11-06 19:34:17.337+00
9026,LEAD,WARM_LEAD,2025-11-06 19:46:51.74+00
9026,WARM_LEAD,RECURRING_SUBSCRIPTION,2025-11-06 19:47:28.706+00
5991,RECURRING_SUBSCRIPTION,RECURRING_SUBSCRIPTION,2025-11-06 20:34:24.146+00
5991,RECURRING_SUBSCRIPTION,RECURRING_SUBSCRIPTION,2025-11-06 20:35:44.103+00
5991,RECURRING_SUBSCRIPTION,RECURRING_SUBSCRIPTION,2025-11-06 20:35:57.776+00
8496,RECURRING_SUBSCRIPTION,WARM_LEAD,2025-11-06 21:02:15.601+00
8400,WARM_LEAD,TRIAL,2025-11-06 21:48:33.355+00
7668,RECURRING_SUBSCRIPTION,WARM_LEAD,2025-11-06 22:10:54.872+00
4966,RECURRING_SUBSCRIPTION,CHURN,2025-11-06 22:16:41.429+00
8364,RECURRING_SUBSCRIPTION,TRIAL,2025-11-06 22:33:28.762+00
9078,RECURRING_SUBSCRIPTION,ON_DEMAND_SUBSCRIPTION,2025-11-06 23:20:57.913+00
9026,RECURRING_SUBSCRIPTION,RECURRING_SUBSCRIPTION,2025-11-07 01:34:30.108+00
7606,LEAD,RECURRING_SUBSCRIPTION,2025-11-07 11:36:44.102+00
7055,RECURRING_SUBSCRIPTION,TRIAL,2025-11-07 14:26:15.834+00
9162,LEAD,RECURRING_SUBSCRIPTION,2025-11-07 15:10:16.53+00
9166,LEAD,RECURRING_SUBSCRIPTION,2025-11-07 15:22:04.948+00
5991,RECURRING_SUBSCRIPTION,RECURRING_SUBSCRIPTION,2025-11-07 16:44:41.054+00
5991,RECURRING_SUBSCRIPTION,RECURRING_SUBSCRIPTION,2025-11-07 16:46:42.23+00
9168,LEAD,RECURRING_SUBSCRIPTION,2025-11-07 17:25:55.05+00
5991,RECURRING_SUBSCRIPTION,RECURRING_SUBSCRIPTION,2025-11-07 17:34:10.485+00
5991,RECURRING_SUBSCRIPTION,RECURRING_SUBSCRIPTION,2025-11-07 18:34:22.977+00
5991,RECURRING_SUBSCRIPTION,RECURRING_SUBSCRIPTION,2025-11-07 19:13:36.268+00
5991,RECURRING_SUBSCRIPTION,RECURRING_SUBSCRIPTION,2025-11-07 19:15:50.692+00
6471,RECURRING_SUBSCRIPTION,CHURN,2025-11-07 22:51:16.831+00
7977,LEAD,RECURRING_SUBSCRIPTION,2025-11-08 00:03:00.243+00
8960,LEAD,RECURRING_SUBSCRIPTION,2025-11-09 04:16:55.495+00
2406,CHURN,ON_DEMAND_SUBSCRIPTION,2025-11-09 15:14:53.557+00
9176,LEAD,WARM_LEAD,2025-11-09 15:16:42.044+00
6809,LEAD,RECURRING_SUBSCRIPTION,2025-11-09 17:05:09.267+00
9188,LEAD,RECURRING_SUBSCRIPTION,2025-11-10 01:14:20.652+00
9052,WARM_LEAD,RECURRING_SUBSCRIPTION,2025-11-10 11:49:13.601+00
1356,RECURRING_SUBSCRIPTION,CHURN,2025-11-10 13:43:24.224+00
9181,LEAD,WARM_LEAD,2025-11-10 15:11:42.522+00
9181,WARM_LEAD,RECURRING_SUBSCRIPTION,2025-11-10 15:12:20.32+00
8182,RECURRING_SUBSCRIPTION,WARM_LEAD,2025-11-10 15:28:12.438+00
8147,RECURRING_SUBSCRIPTION,WARM_LEAD,2025-11-10 15:32:39.054+00
9183,LEAD,WARM_LEAD,2025-11-10 16:14:51.189+00
9183,WARM_LEAD,ON_DEMAND_SUBSCRIPTION,2025-11-10 16:16:14.341+00
8128,RECURRING_SUBSCRIPTION,WARM_LEAD,2025-11-10 18:45:38.397+00
8128,WARM_LEAD,TRIAL,2025-11-10 18:46:37.175+00
8791,LEAD,WARM_LEAD,2025-11-10 19:54:49.625+00
8791,WARM_LEAD,RECURRING_SUBSCRIPTION,2025-11-10 19:56:51.497+00
8791,RECURRING_SUBSCRIPTION,RECURRING_SUBSCRIPTION,2025-11-10 19:57:16.746+00
8791,RECURRING_SUBSCRIPTION,RECURRING_SUBSCRIPTION,2025-11-10 20:03:51.959+00
8791,RECURRING_SUBSCRIPTION,WARM_LEAD,2025-11-10 20:06:19.685+00
8791,WARM_LEAD,RECURRING_SUBSCRIPTION,2025-11-10 20:17:33.284+00
8791,RECURRING_SUBSCRIPTION,WARM_LEAD,2025-11-10 20:33:34.782+00
8791,WARM_LEAD,LEAD,2025-11-10 20:33:46.434+00
5344,RECURRING_SUBSCRIPTION,CHURN,2025-11-10 21:41:45.759+00
9199,LEAD,RECURRING_SUBSCRIPTION,2025-11-10 22:06:10.037+00
9184,LEAD,WARM_LEAD,2025-11-10 23:19:38.61+00
9184,WARM_LEAD,RECURRING_SUBSCRIPTION,2025-11-10 23:19:46.104+00
9184,RECURRING_SUBSCRIPTION,WARM_LEAD,2025-11-10 23:35:58.561+00
7975,LEAD,WARM_LEAD,2025-11-10 23:57:39.617+00
7975,WARM_LEAD,RECURRING_SUBSCRIPTION,2025-11-10 23:58:15.675+00
9150,LEAD,WARM_LEAD,2025-11-11 01:10:52.67+00
9150,WARM_LEAD,RECURRING_SUBSCRIPTION,2025-11-11 01:12:10.923+00
9205,LEAD,RECURRING_SUBSCRIPTION,2025-11-11 13:09:31.855+00
757,RECURRING_SUBSCRIPTION,CHURN,2025-11-11 14:42:02.629+00
5991,RECURRING_SUBSCRIPTION,RECURRING_SUBSCRIPTION,2025-11-11 15:17:03.62+00
8641,RECURRING_SUBSCRIPTION,WARM_LEAD,2025-11-11 15:21:01.121+00
5593,RECURRING_SUBSCRIPTION,CHURN,2025-11-11 15:24:33.22+00
684,RECURRING_SUBSCRIPTION,CHURN,2025-11-11 15:26:28.129+00
9207,LEAD,WARM_LEAD,2025-11-11 17:50:48.965+00
9199,RECURRING_SUBSCRIPTION,WARM_LEAD,2025-11-11 17:53:36.909+00
8754,RECURRING_SUBSCRIPTION,WARM_LEAD,2025-11-11 19:00:11.173+00
7049,RECURRING_SUBSCRIPTION,TRIAL,2025-11-11 22:00:36.258+00
9217,LEAD,RECURRING_SUBSCRIPTION,2025-11-12 00:25:00.324+00
8793,LEAD,RECURRING_SUBSCRIPTION,2025-11-12 01:54:56.434+00
2976,TRIAL,RECURRING_SUBSCRIPTION,2025-11-12 11:24:57.39+00
8494,RECURRING_SUBSCRIPTION,WARM_LEAD,2025-11-12 13:49:27.559+00
9054,RECURRING_SUBSCRIPTION,WARM_LEAD,2025-11-12 14:09:07.699+00
8596,RECURRING_SUBSCRIPTION,TRIAL,2025-11-12 14:24:21.251+00
7948,LEAD,RECURRING_SUBSCRIPTION,2025-11-12 14:37:59.966+00
8190,LEAD,WARM_LEAD,2025-11-12 15:38:34.625+00
8190,WARM_LEAD,RECURRING_SUBSCRIPTION,2025-11-12 15:39:11.583+00
6830,RECURRING_SUBSCRIPTION,WARM_LEAD,2025-11-12 17:15:07.616+00
7653,RECURRING_SUBSCRIPTION,CHURN,2025-11-12 19:27:38.007+00
2910,FREEMIUM,RECURRING_SUBSCRIPTION,2025-11-12 19:55:33.677+00
6459,LEAD,WARM_LEAD,2025-11-12 20:00:28.89+00
6459,WARM_LEAD,RECURRING_SUBSCRIPTION,2025-11-12 20:00:54.432+00
9182,LEAD,WARM_LEAD,2025-11-12 20:08:55.477+00
9182,WARM_LEAD,RECURRING_SUBSCRIPTION,2025-11-12 20:09:13.542+00
95,FREEMIUM,RECURRING_SUBSCRIPTION,2025-11-12 20:52:21.699+00
95,RECURRING_SUBSCRIPTION,RECURRING_SUBSCRIPTION,2025-11-12 20:52:36.483+00
95,RECURRING_SUBSCRIPTION,WARM_LEAD,2025-11-12 21:12:11.627+00
6027,RECURRING_SUBSCRIPTION,WARM_LEAD,2025-11-12 21:21:11.017+00
9233,LEAD,WARM_LEAD,2025-11-12 23:54:31.382+00
9233,WARM_LEAD,RECURRING_SUBSCRIPTION,2025-11-12 23:54:40.334+00
9243,LEAD,RECURRING_SUBSCRIPTION,2025-11-13 01:39:37.064+00
7831,LEAD,RECURRING_SUBSCRIPTION,2025-11-13 04:07:55.5+00
2976,RECURRING_SUBSCRIPTION,TRIAL,2025-11-13 06:24:21.594+00
7233,RECURRING_SUBSCRIPTION,TRIAL,2025-11-13 15:10:22.483+00
5719,LEAD,WARM_LEAD,2025-11-13 16:37:54.993+00
5719,WARM_LEAD,RECURRING_SUBSCRIPTION,2025-11-13 16:38:06.499+00
5719,RECURRING_SUBSCRIPTION,RECURRING_SUBSCRIPTION,2025-11-13 16:38:37.505+00
5719,RECURRING_SUBSCRIPTION,RECURRING_SUBSCRIPTION,2025-11-13 16:54:23.313+00
9200,LEAD,WARM_LEAD,2025-11-13 17:00:01.914+00
9200,WARM_LEAD,RECURRING_SUBSCRIPTION,2025-11-13 17:02:31.774+00
651,FREEMIUM,RECURRING_SUBSCRIPTION,2025-11-13 17:30:53.883+00
6448,WARM_LEAD,RECURRING_SUBSCRIPTION,2025-11-13 17:35:16.271+00
5719,RECURRING_SUBSCRIPTION,RECURRING_SUBSCRIPTION,2025-11-13 18:00:25.64+00
8774,LEAD,WARM_LEAD,2025-11-13 18:08:43.934+00
8774,WARM_LEAD,ON_DEMAND_SUBSCRIPTION,2025-11-13 18:13:56.081+00
9225,LEAD,WARM_LEAD,2025-11-13 19:07:54.79+00
1186,LEAD,WARM_LEAD,2025-11-13 20:05:30.278+00
1186,WARM_LEAD,RECURRING_SUBSCRIPTION,2025-11-13 20:10:31.032+00
9225,WARM_LEAD,RECURRING_SUBSCRIPTION,2025-11-13 20:16:10.719+00
9225,RECURRING_SUBSCRIPTION,RECURRING_SUBSCRIPTION,2025-11-13 20:19:48.157+00
9225,RECURRING_SUBSCRIPTION,RECURRING_SUBSCRIPTION,2025-11-13 22:00:26.185+00
9225,RECURRING_SUBSCRIPTION,RECURRING_SUBSCRIPTION,2025-11-13 22:09:56.089+00
9225,RECURRING_SUBSCRIPTION,RECURRING_SUBSCRIPTION,2025-11-13 22:14:05.893+00
9135,LEAD,WARM_LEAD,2025-11-13 22:36:58.588+00
7925,RECURRING_SUBSCRIPTION,TRIAL,2025-11-13 22:37:01.032+00
9135,WARM_LEAD,RECURRING_SUBSCRIPTION,2025-11-13 22:37:26.31+00
9135,RECURRING_SUBSCRIPTION,RECURRING_SUBSCRIPTION,2025-11-13 22:40:20.343+00
5991,RECURRING_SUBSCRIPTION,RECURRING_SUBSCRIPTION,2025-11-13 22:52:59.748+00
2109,RECURRING_SUBSCRIPTION,TRIAL,2025-11-14 00:03:49.057+00
2584,RECURRING_SUBSCRIPTION,CHURN,2025-11-14 00:20:06.583+00
9227,LEAD,WARM_LEAD,2025-11-14 00:39:05.32+00
9227,WARM_LEAD,RECURRING_SUBSCRIPTION,2025-11-14 00:39:17.026+00
9227,RECURRING_SUBSCRIPTION,RECURRING_SUBSCRIPTION,2025-11-14 00:39:55.884+00
8569,ON_DEMAND_SUBSCRIPTION,RECURRING_SUBSCRIPTION,2025-11-14 14:17:23.876+00
6143,RECURRING_SUBSCRIPTION,WARM_LEAD,2025-11-14 15:09:06.694+00
6143,WARM_LEAD,TRIAL,2025-11-14 15:09:32.834+00
9225,RECURRING_SUBSCRIPTION,RECURRING_SUBSCRIPTION,2025-11-14 15:29:01.015+00
95,WARM_LEAD,RECURRING_SUBSCRIPTION,2025-11-14 16:19:39.515+00
8700,RECURRING_SUBSCRIPTION,TRIAL,2025-11-14 16:39:01.346+00
1596,RECURRING_SUBSCRIPTION,CHURN,2025-11-14 16:45:29.677+00
95,RECURRING_SUBSCRIPTION,RECURRING_SUBSCRIPTION,2025-11-14 16:48:12.899+00
95,RECURRING_SUBSCRIPTION,WARM_LEAD,2025-11-14 17:04:45.717+00
95,WARM_LEAD,RECURRING_SUBSCRIPTION,2025-11-14 17:07:50.341+00
9182,RECURRING_SUBSCRIPTION,RECURRING_SUBSCRIPTION,2025-11-14 17:08:29.603+00
9182,RECURRING_SUBSCRIPTION,RECURRING_SUBSCRIPTION,2025-11-14 17:12:19.522+00
9182,RECURRING_SUBSCRIPTION,RECURRING_SUBSCRIPTION,2025-11-14 17:16:16.863+00
9213,LEAD,RECURRING_SUBSCRIPTION,2025-11-14 17:45:53.688+00
8125,RECURRING_SUBSCRIPTION,RECURRING_SUBSCRIPTION,2025-11-14 18:25:26.405+00
8125,RECURRING_SUBSCRIPTION,RECURRING_SUBSCRIPTION,2025-11-14 18:25:36.303+00
9213,RECURRING_SUBSCRIPTION,RECURRING_SUBSCRIPTION,2025-11-14 21:38:14.418+00
9182,RECURRING_SUBSCRIPTION,RECURRING_SUBSCRIPTION,2025-11-14 23:10:00.31+00
9182,RECURRING_SUBSCRIPTION,RECURRING_SUBSCRIPTION,2025-11-14 23:10:39.442+00
9182,RECURRING_SUBSCRIPTION,RECURRING_SUBSCRIPTION,2025-11-14 23:56:50.04+00
5719,RECURRING_SUBSCRIPTION,WARM_LEAD,2025-11-15 01:33:35.412+00
9273,LEAD,RECURRING_SUBSCRIPTION,2025-11-15 17:14:52.5+00
5304,LEAD,RECURRING_SUBSCRIPTION,2025-11-16 02:05:04.435+00
9190,LEAD,WARM_LEAD,2025-11-16 07:56:14.995+00
9190,WARM_LEAD,TRIAL,2025-11-16 13:31:05.855+00
8691,LEAD,WARM_LEAD,2025-11-16 16:36:25.719+00
8691,WARM_LEAD,LEAD,2025-11-16 16:40:05.769+00
9230,LEAD,RECURRING_SUBSCRIPTION,2025-11-17 00:10:29.052+00
3695,CHURN,RECURRING_SUBSCRIPTION,2025-11-17 00:19:51.649+00
9289,LEAD,RECURRING_SUBSCRIPTION,2025-11-17 05:51:58.883+00
8672,RECURRING_SUBSCRIPTION,WARM_LEAD,2025-11-17 14:32:29.97+00
8666,RECURRING_SUBSCRIPTION,WARM_LEAD,2025-11-17 14:45:02.874+00
2361,RECURRING_SUBSCRIPTION,TRIAL,2025-11-17 15:09:10.549+00
9236,LEAD,WARM_LEAD,2025-11-17 15:09:44.011+00
9236,WARM_LEAD,RECURRING_SUBSCRIPTION,2025-11-17 15:09:59.022+00
9291,LEAD,RECURRING_SUBSCRIPTION,2025-11-17 15:22:57.577+00
8986,LEAD,WARM_LEAD,2025-11-17 15:27:23.697+00
8986,WARM_LEAD,RECURRING_SUBSCRIPTION,2025-11-17 15:27:38.518+00
9277,LEAD,WARM_LEAD,2025-11-17 16:47:30.535+00
9277,WARM_LEAD,RECURRING_SUBSCRIPTION,2025-11-17 16:48:20.435+00
8644,RECURRING_SUBSCRIPTION,ON_DEMAND_SUBSCRIPTION,2025-11-17 17:51:40.993+00
6523,LEAD,WARM_LEAD,2025-11-17 18:20:13.777+00
6523,WARM_LEAD,TRIAL,2025-11-17 18:25:42.836+00
6143,TRIAL,RECURRING_SUBSCRIPTION,2025-11-17 20:57:46.63+00
2154,FREEMIUM,RECURRING_SUBSCRIPTION,2025-11-17 20:59:19.163+00
8986,RECURRING_SUBSCRIPTION,ON_DEMAND_SUBSCRIPTION,2025-11-17 21:13:04.725+00
2154,RECURRING_SUBSCRIPTION,RECURRING_SUBSCRIPTION,2025-11-17 21:57:07.54+00
2154,RECURRING_SUBSCRIPTION,RECURRING_SUBSCRIPTION,2025-11-17 22:00:50.201+00
7303,LEAD,WARM_LEAD,2025-11-17 22:37:50.923+00
7303,WARM_LEAD,RECURRING_SUBSCRIPTION,2025-11-17 22:38:37.159+00
2154,RECURRING_SUBSCRIPTION,WARM_LEAD,2025-11-17 22:55:33.268+00
7303,RECURRING_SUBSCRIPTION,RECURRING_SUBSCRIPTION,2025-11-17 22:58:01.501+00
8263,RECURRING_SUBSCRIPTION,RECURRING_SUBSCRIPTION,2025-11-17 23:14:56.585+00
9292,LEAD,WARM_LEAD,2025-11-18 00:40:05.425+00
9292,WARM_LEAD,RECURRING_SUBSCRIPTION,2025-11-18 00:40:46.232+00
9213,RECURRING_SUBSCRIPTION,WARM_LEAD,2025-11-18 00:58:08.287+00
8789,RECURRING_SUBSCRIPTION,WARM_LEAD,2025-11-18 14:46:36.952+00
8478,RECURRING_SUBSCRIPTION,WARM_LEAD,2025-11-18 14:55:18.286+00
5332,RECURRING_SUBSCRIPTION,TRIAL,2025-11-18 14:57:29.84+00
8510,LEAD,WARM_LEAD,2025-11-18 14:58:18.406+00
8798,RECURRING_SUBSCRIPTION,WARM_LEAD,2025-11-18 15:27:42.825+00
8510,WARM_LEAD,RECURRING_SUBSCRIPTION,2025-11-18 16:00:59.766+00
8125,RECURRING_SUBSCRIPTION,RECURRING_SUBSCRIPTION,2025-11-18 18:13:24.45+00
8415,RECURRING_SUBSCRIPTION,WARM_LEAD,2025-11-18 18:15:51.841+00
2154,WARM_LEAD,RECURRING_SUBSCRIPTION,2025-11-18 18:21:50.629+00
2154,RECURRING_SUBSCRIPTION,RECURRING_SUBSCRIPTION,2025-11-18 18:33:37.892+00
8151,RECURRING_SUBSCRIPTION,TRIAL,2025-11-18 18:35:15.061+00
9318,LEAD,RECURRING_SUBSCRIPTION,2025-11-18 18:44:47.592+00
9292,RECURRING_SUBSCRIPTION,RECURRING_SUBSCRIPTION,2025-11-18 19:28:35.468+00
9292,RECURRING_SUBSCRIPTION,RECURRING_SUBSCRIPTION,2025-11-18 19:28:58.131+00
9292,RECURRING_SUBSCRIPTION,RECURRING_SUBSCRIPTION,2025-11-18 19:43:15.77+00
9292,RECURRING_SUBSCRIPTION,RECURRING_SUBSCRIPTION,2025-11-18 19:46:55.484+00
7714,RECURRING_SUBSCRIPTION,WARM_LEAD,2025-11-18 19:51:30.418+00
9292,RECURRING_SUBSCRIPTION,WARM_LEAD,2025-11-18 19:57:11.207+00
9318,RECURRING_SUBSCRIPTION,WARM_LEAD,2025-11-18 19:58:24.316+00
9292,WARM_LEAD,RECURRING_SUBSCRIPTION,2025-11-18 20:00:22.046+00
9314,LEAD,WARM_LEAD,2025-11-18 21:19:07.522+00
9314,WARM_LEAD,RECURRING_SUBSCRIPTION,2025-11-18 21:19:38.447+00
9314,RECURRING_SUBSCRIPTION,WARM_LEAD,2025-11-18 21:28:17.931+00
9314,WARM_LEAD,LEAD,2025-11-18 21:28:36.855+00
9297,LEAD,WARM_LEAD,2025-11-19 00:28:56.933+00
9297,WARM_LEAD,RECURRING_SUBSCRIPTION,2025-11-19 00:29:08.267+00
9297,RECURRING_SUBSCRIPTION,RECURRING_SUBSCRIPTION,2025-11-19 00:31:00.474+00
9297,RECURRING_SUBSCRIPTION,WARM_LEAD,2025-11-19 00:45:33.083+00
9313,LEAD,WARM_LEAD,2025-11-19 00:52:43.313+00
95,RECURRING_SUBSCRIPTION,TRIAL,2025-11-19 12:23:22.79+00
1186,RECURRING_SUBSCRIPTION,TRIAL,2025-11-19 12:23:44.059+00
6934,RECURRING_SUBSCRIPTION,RECURRING_SUBSCRIPTION,2025-11-19 12:51:17.872+00
2386,RECURRING_SUBSCRIPTION,TRIAL,2025-11-19 12:54:58.205+00
6505,RECURRING_SUBSCRIPTION,CHURN,2025-11-19 12:59:01.875+00
7212,RECURRING_SUBSCRIPTION,CHURN,2025-11-19 13:02:42.749+00
8263,RECURRING_SUBSCRIPTION,TRIAL,2025-11-19 13:10:21.522+00
6459,RECURRING_SUBSCRIPTION,WARM_LEAD,2025-11-19 14:28:30.493+00
9135,RECURRING_SUBSCRIPTION,WARM_LEAD,2025-11-19 14:28:51.697+00
9292,RECURRING_SUBSCRIPTION,WARM_LEAD,2025-11-19 14:29:45.469+00
8793,RECURRING_SUBSCRIPTION,WARM_LEAD,2025-11-19 14:35:46.213+00
9292,WARM_LEAD,RECURRING_SUBSCRIPTION,2025-11-19 14:36:35.447+00
8510,RECURRING_SUBSCRIPTION,WARM_LEAD,2025-11-19 14:40:00.914+00
9236,RECURRING_SUBSCRIPTION,WARM_LEAD,2025-11-19 14:40:37.962+00
9277,RECURRING_SUBSCRIPTION,WARM_LEAD,2025-11-19 14:40:55.284+00
9162,RECURRING_SUBSCRIPTION,WARM_LEAD,2025-11-19 14:44:04.205+00
9314,LEAD,WARM_LEAD,2025-11-19 15:34:39.872+00
9297,WARM_LEAD,RECURRING_SUBSCRIPTION,2025-11-19 15:39:56.315+00
9313,WARM_LEAD,RECURRING_SUBSCRIPTION,2025-11-19 17:18:36.207+00
8551,LEAD,WARM_LEAD,2025-11-19 17:48:16.978+00
8551,WARM_LEAD,RECURRING_SUBSCRIPTION,2025-11-19 17:49:17.101+00
8882,LEAD,WARM_LEAD,2025-11-19 17:52:28.91+00
8882,WARM_LEAD,ON_DEMAND_SUBSCRIPTION,2025-11-19 17:52:45.241+00
8882,ON_DEMAND_SUBSCRIPTION,RECURRING_SUBSCRIPTION,2025-11-19 17:53:09.308+00
8882,RECURRING_SUBSCRIPTION,RECURRING_SUBSCRIPTION,2025-11-19 17:53:18.981+00
8882,RECURRING_SUBSCRIPTION,WARM_LEAD,2025-11-19 17:55:07.081+00
2060,RECURRING_SUBSCRIPTION,CHURN,2025-11-19 18:28:50.866+00
6448,RECURRING_SUBSCRIPTION,WARM_LEAD,2025-11-19 18:39:54.514+00
7163,RECURRING_SUBSCRIPTION,ON_DEMAND_SUBSCRIPTION,2025-11-19 19:16:58.725+00
7671,RECURRING_SUBSCRIPTION,WARM_LEAD,2025-11-19 19:39:20.091+00
9320,LEAD,WARM_LEAD,2025-11-19 20:52:12.559+00
9320,WARM_LEAD,RECURRING_SUBSCRIPTION,2025-11-19 20:52:29.36+00
8551,RECURRING_SUBSCRIPTION,RECURRING_SUBSCRIPTION,2025-11-19 21:40:42.901+00
8551,RECURRING_SUBSCRIPTION,RECURRING_SUBSCRIPTION,2025-11-19 21:41:28.923+00
8510,WARM_LEAD,RECURRING_SUBSCRIPTION,2025-11-19 22:34:02.371+00
9175,LEAD,RECURRING_SUBSCRIPTION,2025-11-20 00:21:20.638+00
8510,RECURRING_SUBSCRIPTION,RECURRING_SUBSCRIPTION,2025-11-20 02:03:21.11+00
8510,RECURRING_SUBSCRIPTION,RECURRING_SUBSCRIPTION,2025-11-20 02:06:40.129+00
8510,RECURRING_SUBSCRIPTION,RECURRING_SUBSCRIPTION,2025-11-20 02:12:05.836+00
8965,LEAD,COLD_LEAD,2025-11-20 09:26:04.645+00
8979,LEAD,COLD_LEAD,2025-11-20 09:27:31.573+00
9017,LEAD,COLD_LEAD,2025-11-20 09:28:03.021+00
8524,LEAD,COLD_LEAD,2025-11-20 09:29:03.763+00
9036,LEAD,COLD_LEAD,2025-11-20 09:34:08.921+00
9046,LEAD,COLD_LEAD,2025-11-20 09:35:52.903+00
9049,LEAD,COLD_LEAD,2025-11-20 09:37:32.706+00
7639,LEAD,COLD_LEAD,2025-11-20 09:38:12.199+00
9061,LEAD,COLD_LEAD,2025-11-20 09:40:37.79+00
6934,RECURRING_SUBSCRIPTION,ON_DEMAND_SUBSCRIPTION,2025-11-20 11:30:30.451+00
9239,LEAD,RECURRING_SUBSCRIPTION,2025-11-20 12:45:17.782+00
2775,LEAD,WARM_LEAD,2025-11-20 13:08:31.664+00
9342,LEAD,RECURRING_SUBSCRIPTION,2025-11-20 13:11:10.541+00
2406,ON_DEMAND_SUBSCRIPTION,RECURRING_SUBSCRIPTION,2025-11-20 13:27:40.42+00
9353,LEAD,WARM_LEAD,2025-11-20 14:40:54.836+00
9353,WARM_LEAD,ON_DEMAND_SUBSCRIPTION,2025-11-20 14:41:25.947+00
9353,ON_DEMAND_SUBSCRIPTION,RECURRING_SUBSCRIPTION,2025-11-20 14:41:40.953+00
9353,RECURRING_SUBSCRIPTION,WARM_LEAD,2025-11-20 14:47:05.363+00
9353,WARM_LEAD,WARM_LEAD,2025-11-20 14:47:42.636+00
9353,WARM_LEAD,RECURRING_SUBSCRIPTION,2025-11-20 14:48:05.398+00
9360,LEAD,RECURRING_SUBSCRIPTION,2025-11-20 15:40:02.477+00
9353,RECURRING_SUBSCRIPTION,ON_DEMAND_SUBSCRIPTION,2025-11-20 17:01:46.292+00
9353,ON_DEMAND_SUBSCRIPTION,TRIAL,2025-11-20 17:11:38.123+00
9362,LEAD,WARM_LEAD,2025-11-20 18:40:24.652+00
9297,RECURRING_SUBSCRIPTION,WARM_LEAD,2025-11-20 18:47:27.07+00
9362,WARM_LEAD,TRIAL,2025-11-20 18:50:09.212+00
9362,TRIAL,RECURRING_SUBSCRIPTION,2025-11-20 18:50:41.602+00
9360,RECURRING_SUBSCRIPTION,WARM_LEAD,2025-11-20 19:07:51.408+00
8342,LEAD,RECURRING_SUBSCRIPTION,2025-11-20 19:49:15.367+00
4407,FREEMIUM,RECURRING_SUBSCRIPTION,2025-11-20 19:53:04.711+00
9320,RECURRING_SUBSCRIPTION,RECURRING_SUBSCRIPTION,2025-11-20 20:15:41.159+00
9320,RECURRING_SUBSCRIPTION,RECURRING_SUBSCRIPTION,2025-11-20 20:16:32.849+00
7324,WARM_LEAD,RECURRING_SUBSCRIPTION,2025-11-24 19:22:59.17+00
9320,RECURRING_SUBSCRIPTION,RECURRING_SUBSCRIPTION,2025-11-20 20:16:41.187+00
9320,RECURRING_SUBSCRIPTION,RECURRING_SUBSCRIPTION,2025-11-20 20:33:48.842+00
9320,RECURRING_SUBSCRIPTION,RECURRING_SUBSCRIPTION,2025-11-20 20:42:47.435+00
9320,RECURRING_SUBSCRIPTION,RECURRING_SUBSCRIPTION,2025-11-20 20:46:24.712+00
9365,LEAD,RECURRING_SUBSCRIPTION,2025-11-20 22:46:54.109+00
9217,RECURRING_SUBSCRIPTION,RECURRING_SUBSCRIPTION,2025-11-21 00:00:00.906+00
9273,RECURRING_SUBSCRIPTION,RECURRING_SUBSCRIPTION,2025-11-21 00:22:57.581+00
9320,RECURRING_SUBSCRIPTION,RECURRING_SUBSCRIPTION,2025-11-21 02:24:57.943+00
8414,WARM_LEAD,RECURRING_SUBSCRIPTION,2025-11-21 15:33:38.593+00
9292,RECURRING_SUBSCRIPTION,RECURRING_SUBSCRIPTION,2025-11-21 15:49:14.303+00
9292,RECURRING_SUBSCRIPTION,RECURRING_SUBSCRIPTION,2025-11-21 15:49:16.745+00
7914,WARM_LEAD,RECURRING_SUBSCRIPTION,2025-11-21 16:15:27.774+00
8713,RECURRING_SUBSCRIPTION,TRIAL,2025-11-21 17:09:04.81+00
6874,RECURRING_SUBSCRIPTION,TRIAL,2025-11-21 17:12:06.163+00
6839,RECURRING_SUBSCRIPTION,ON_DEMAND_SUBSCRIPTION,2025-11-21 17:16:57.828+00
6839,ON_DEMAND_SUBSCRIPTION,RECURRING_SUBSCRIPTION,2025-11-21 17:21:51.997+00
6839,RECURRING_SUBSCRIPTION,ON_DEMAND_SUBSCRIPTION,2025-11-21 17:21:53.701+00
7979,RECURRING_SUBSCRIPTION,CHURN,2025-11-21 17:38:01.854+00
9377,LEAD,RECURRING_SUBSCRIPTION,2025-11-21 18:30:57.716+00
9310,LEAD,WARM_LEAD,2025-11-21 18:32:51.005+00
8138,LEAD,WARM_LEAD,2025-11-21 18:44:59.804+00
8138,WARM_LEAD,RECURRING_SUBSCRIPTION,2025-11-21 18:45:26.7+00
8138,RECURRING_SUBSCRIPTION,RECURRING_SUBSCRIPTION,2025-11-21 18:49:09.192+00
8138,RECURRING_SUBSCRIPTION,RECURRING_SUBSCRIPTION,2025-11-21 19:02:21.104+00
2335,COLD_LEAD,RECURRING_SUBSCRIPTION,2025-11-21 19:13:58.674+00
9376,LEAD,WARM_LEAD,2025-11-21 20:58:12.239+00
9376,WARM_LEAD,RECURRING_SUBSCRIPTION,2025-11-21 21:06:59.664+00
2386,TRIAL,RECURRING_SUBSCRIPTION,2025-11-21 23:31:32.397+00
2386,RECURRING_SUBSCRIPTION,RECURRING_SUBSCRIPTION,2025-11-21 23:35:56.498+00
9384,LEAD,RECURRING_SUBSCRIPTION,2025-11-22 17:02:24.698+00
2386,RECURRING_SUBSCRIPTION,RECURRING_SUBSCRIPTION,2025-11-22 21:22:15.376+00
9369,LEAD,WARM_LEAD,2025-11-22 21:43:11.033+00
8195,TRIAL,RECURRING_SUBSCRIPTION,2025-11-23 08:28:20.432+00
9190,TRIAL,ON_DEMAND_SUBSCRIPTION,2025-11-23 09:43:45.313+00
3535,ON_DEMAND_SUBSCRIPTION,RECURRING_SUBSCRIPTION,2025-11-23 18:43:06.571+00
6993,LEAD,RECURRING_SUBSCRIPTION,2025-11-23 19:50:47.181+00
349,ON_DEMAND_SUBSCRIPTION,RECURRING_SUBSCRIPTION,2025-11-24 11:32:23.384+00
349,RECURRING_SUBSCRIPTION,ON_DEMAND_SUBSCRIPTION,2025-11-24 11:39:45.018+00
9243,RECURRING_SUBSCRIPTION,WARM_LEAD,2025-11-24 14:34:50.386+00
7437,RECURRING_SUBSCRIPTION,CHURN,2025-11-24 14:55:49.548+00
9292,RECURRING_SUBSCRIPTION,RECURRING_SUBSCRIPTION,2025-11-24 15:06:45.887+00
9292,RECURRING_SUBSCRIPTION,TRIAL,2025-11-24 15:09:29.724+00
7324,LEAD,WARM_LEAD,2025-11-24 15:28:32.472+00
7324,WARM_LEAD,RECURRING_SUBSCRIPTION,2025-11-24 15:29:07.219+00
7295,RECURRING_SUBSCRIPTION,TRIAL,2025-11-24 15:31:02.547+00
7324,RECURRING_SUBSCRIPTION,RECURRING_SUBSCRIPTION,2025-11-24 15:37:18.496+00
7324,RECURRING_SUBSCRIPTION,RECURRING_SUBSCRIPTION,2025-11-24 15:41:56.47+00
9411,RECURRING_SUBSCRIPTION,RECURRING_SUBSCRIPTION,2025-11-24 15:57:46.431+00
9236,WARM_LEAD,RECURRING_SUBSCRIPTION,2025-11-24 16:43:25.928+00
9411,LEAD,RECURRING_SUBSCRIPTION,2025-11-24 16:48:41.563+00
7324,RECURRING_SUBSCRIPTION,WARM_LEAD,2025-11-24 16:53:10.045+00
9397,LEAD,WARM_LEAD,2025-11-24 17:01:33.397+00
9397,WARM_LEAD,RECURRING_SUBSCRIPTION,2025-11-24 17:01:43.93+00
8447,RECURRING_SUBSCRIPTION,TRIAL,2025-11-24 18:51:18.549+00
9291,RECURRING_SUBSCRIPTION,TRIAL,2025-11-24 18:51:43.227+00
9415,LEAD,RECURRING_SUBSCRIPTION,2025-11-24 18:57:13.961+00
7149,RECURRING_SUBSCRIPTION,WARM_LEAD,2025-11-24 19:20:23.078+00
7753,RECURRING_SUBSCRIPTION,CHURN,2025-12-10 22:35:47.338+00
7324,RECURRING_SUBSCRIPTION,RECURRING_SUBSCRIPTION,2025-11-24 19:23:35.551+00
7324,RECURRING_SUBSCRIPTION,RECURRING_SUBSCRIPTION,2025-11-24 19:24:09.46+00
7324,RECURRING_SUBSCRIPTION,RECURRING_SUBSCRIPTION,2025-11-24 19:25:15.877+00
9409,LEAD,WARM_LEAD,2025-11-24 19:36:43.653+00
9409,WARM_LEAD,RECURRING_SUBSCRIPTION,2025-11-24 19:37:09.203+00
9409,RECURRING_SUBSCRIPTION,WARM_LEAD,2025-11-24 19:42:34.203+00
7324,RECURRING_SUBSCRIPTION,RECURRING_SUBSCRIPTION,2025-11-24 19:49:10.702+00
7324,RECURRING_SUBSCRIPTION,WARM_LEAD,2025-11-24 19:51:54.005+00
7877,RECURRING_SUBSCRIPTION,TRIAL,2025-11-24 21:40:14.824+00
9251,LEAD,WARM_LEAD,2025-11-24 22:28:50.066+00
9251,WARM_LEAD,RECURRING_SUBSCRIPTION,2025-11-24 22:29:46.687+00
9251,RECURRING_SUBSCRIPTION,RECURRING_SUBSCRIPTION,2025-11-24 22:29:58.099+00
9368,LEAD,WARM_LEAD,2025-11-24 22:37:02.527+00
7324,WARM_LEAD,LEAD,2025-11-24 22:47:54.408+00
9368,WARM_LEAD,RECURRING_SUBSCRIPTION,2025-11-24 22:52:56.003+00
9413,LEAD,WARM_LEAD,2025-11-24 23:13:56.615+00
9413,WARM_LEAD,RECURRING_SUBSCRIPTION,2025-11-24 23:14:07.622+00
3588,FREEMIUM,RECURRING_SUBSCRIPTION,2025-11-25 01:08:39.47+00
4869,FREEMIUM,RECURRING_SUBSCRIPTION,2025-11-25 04:28:21.843+00
91,RECURRING_SUBSCRIPTION,RECURRING_SUBSCRIPTION,2025-11-25 08:50:35.523+00
2607,COLD_LEAD,WARM_LEAD,2025-11-25 08:53:02.12+00
2607,WARM_LEAD,RECURRING_SUBSCRIPTION,2025-11-25 08:53:57.294+00
9017,COLD_LEAD,WARM_LEAD,2025-11-25 09:25:51.558+00
7273,TRIAL,RECURRING_SUBSCRIPTION,2025-11-25 10:28:58.747+00
7273,RECURRING_SUBSCRIPTION,TRIAL,2025-11-25 12:38:31.007+00
1885,RECURRING_SUBSCRIPTION,ON_DEMAND_SUBSCRIPTION,2025-11-25 13:24:56.764+00
8516,RECURRING_SUBSCRIPTION,RECURRING_SUBSCRIPTION,2025-11-25 13:28:45.781+00
1449,RECURRING_SUBSCRIPTION,RECURRING_SUBSCRIPTION,2025-11-25 13:32:43.216+00
1753,RECURRING_SUBSCRIPTION,CHURN,2025-11-25 13:59:07.842+00
2335,RECURRING_SUBSCRIPTION,RECURRING_SUBSCRIPTION,2025-11-25 14:08:00.262+00
2335,RECURRING_SUBSCRIPTION,RECURRING_SUBSCRIPTION,2025-11-25 14:09:21.548+00
2335,RECURRING_SUBSCRIPTION,RECURRING_SUBSCRIPTION,2025-11-25 14:14:47.575+00
2335,RECURRING_SUBSCRIPTION,RECURRING_SUBSCRIPTION,2025-11-25 14:17:25.295+00
2335,RECURRING_SUBSCRIPTION,WARM_LEAD,2025-11-25 14:29:25.786+00
122,ON_DEMAND_SUBSCRIPTION,RECURRING_SUBSCRIPTION,2025-11-25 14:31:22.733+00
9002,RECURRING_SUBSCRIPTION,TRIAL,2025-11-25 14:54:42.082+00
2876,RECURRING_SUBSCRIPTION,RECURRING_SUBSCRIPTION,2025-11-25 16:22:49.127+00
2876,RECURRING_SUBSCRIPTION,RECURRING_SUBSCRIPTION,2025-11-25 16:23:14.542+00
1753,CHURN,WARM_LEAD,2025-11-25 17:12:54.562+00
1753,WARM_LEAD,TRIAL,2025-11-25 17:14:12.013+00
2876,RECURRING_SUBSCRIPTION,RECURRING_SUBSCRIPTION,2025-11-25 17:24:30.1+00
8414,RECURRING_SUBSCRIPTION,WARM_LEAD,2025-11-25 17:41:39.569+00
9210,LEAD,WARM_LEAD,2025-11-25 17:43:28.485+00
9313,RECURRING_SUBSCRIPTION,WARM_LEAD,2025-11-25 17:44:34.62+00
9376,RECURRING_SUBSCRIPTION,WARM_LEAD,2025-11-25 17:44:59.078+00
7914,RECURRING_SUBSCRIPTION,WARM_LEAD,2025-11-25 18:04:13.541+00
3535,RECURRING_SUBSCRIPTION,ON_DEMAND_SUBSCRIPTION,2025-11-25 18:25:39.892+00
9201,LEAD,WARM_LEAD,2025-11-25 18:31:34.498+00
8903,RECURRING_SUBSCRIPTION,WARM_LEAD,2025-11-25 18:40:51.289+00
6502,ON_DEMAND_SUBSCRIPTION,RECURRING_SUBSCRIPTION,2025-11-25 19:02:34.718+00
6502,RECURRING_SUBSCRIPTION,RECURRING_SUBSCRIPTION,2025-11-25 19:02:54.82+00
1720,FREEMIUM,RECURRING_SUBSCRIPTION,2025-11-25 19:25:30.138+00
6969,RECURRING_SUBSCRIPTION,CHURN,2025-11-25 19:27:01.957+00
9251,RECURRING_SUBSCRIPTION,ON_DEMAND_SUBSCRIPTION,2025-11-25 19:44:55.248+00
9251,ON_DEMAND_SUBSCRIPTION,RECURRING_SUBSCRIPTION,2025-11-25 19:45:19.615+00
4898,FREEMIUM,RECURRING_SUBSCRIPTION,2025-11-25 20:17:42.801+00
9290,LEAD,RECURRING_SUBSCRIPTION,2025-11-25 21:21:55.688+00
9446,LEAD,RECURRING_SUBSCRIPTION,2025-11-25 21:24:46.47+00
2057,FREEMIUM,RECURRING_SUBSCRIPTION,2025-11-25 21:54:29.936+00
9440,LEAD,WARM_LEAD,2025-11-25 21:58:14.503+00
9440,WARM_LEAD,RECURRING_SUBSCRIPTION,2025-11-25 21:58:37.97+00
9440,RECURRING_SUBSCRIPTION,WARM_LEAD,2025-11-25 22:32:22.462+00
9440,WARM_LEAD,LEAD,2025-11-25 22:33:26.546+00
4898,RECURRING_SUBSCRIPTION,WARM_LEAD,2025-11-25 22:35:41.984+00
9440,LEAD,WARM_LEAD,2025-11-25 22:46:53.308+00
9440,WARM_LEAD,RECURRING_SUBSCRIPTION,2025-11-25 22:47:17.145+00
9440,RECURRING_SUBSCRIPTION,RECURRING_SUBSCRIPTION,2025-11-25 22:48:10.751+00
4134,FREEMIUM,RECURRING_SUBSCRIPTION,2025-11-25 23:12:00.67+00
9440,RECURRING_SUBSCRIPTION,RECURRING_SUBSCRIPTION,2025-11-25 23:16:17.103+00
2057,RECURRING_SUBSCRIPTION,RECURRING_SUBSCRIPTION,2025-11-25 23:43:27.138+00
7857,RECURRING_SUBSCRIPTION,ON_DEMAND_SUBSCRIPTION,2025-11-26 00:33:03.827+00
9348,LEAD,WARM_LEAD,2025-11-26 00:33:58.674+00
9348,WARM_LEAD,RECURRING_SUBSCRIPTION,2025-11-26 00:34:27.544+00
9348,RECURRING_SUBSCRIPTION,RECURRING_SUBSCRIPTION,2025-11-26 00:49:31.125+00
1720,RECURRING_SUBSCRIPTION,WARM_LEAD,2025-11-26 00:51:05.581+00
9348,RECURRING_SUBSCRIPTION,RECURRING_SUBSCRIPTION,2025-11-26 00:56:47.633+00
9436,LEAD,RECURRING_SUBSCRIPTION,2025-11-26 03:16:17.226+00
9457,LEAD,RECURRING_SUBSCRIPTION,2025-11-26 04:04:38.569+00
5445,TRIAL,RECURRING_SUBSCRIPTION,2025-11-26 09:35:28.993+00
5445,RECURRING_SUBSCRIPTION,TRIAL,2025-11-26 09:36:06.255+00
122,RECURRING_SUBSCRIPTION,TRIAL,2025-11-26 10:43:10.712+00
9465,LEAD,WARM_LEAD,2025-11-26 14:03:19.947+00
9465,WARM_LEAD,RECURRING_SUBSCRIPTION,2025-11-26 14:03:56.361+00
2596,TRIAL,ON_DEMAND_SUBSCRIPTION,2025-11-26 14:05:22.706+00
9465,RECURRING_SUBSCRIPTION,WARM_LEAD,2025-11-26 14:16:45.417+00
8811,RECURRING_SUBSCRIPTION,WARM_LEAD,2025-11-26 14:17:59.924+00
122,TRIAL,ON_DEMAND_SUBSCRIPTION,2025-11-26 14:51:19.858+00
8378,RECURRING_SUBSCRIPTION,RECURRING_SUBSCRIPTION,2025-11-26 15:30:39.153+00
8378,RECURRING_SUBSCRIPTION,RECURRING_SUBSCRIPTION,2025-11-26 15:31:03.023+00
8378,RECURRING_SUBSCRIPTION,RECURRING_SUBSCRIPTION,2025-11-26 15:36:19.919+00
8378,RECURRING_SUBSCRIPTION,RECURRING_SUBSCRIPTION,2025-11-26 15:36:43.147+00
9465,WARM_LEAD,RECURRING_SUBSCRIPTION,2025-11-26 16:17:11.109+00
9366,LEAD,RECURRING_SUBSCRIPTION,2025-11-26 16:41:35.361+00
9236,RECURRING_SUBSCRIPTION,WARM_LEAD,2025-11-26 16:47:14.541+00
2425,RECURRING_SUBSCRIPTION,CHURN,2025-11-26 16:48:36.228+00
9397,RECURRING_SUBSCRIPTION,WARM_LEAD,2025-11-26 16:50:41.419+00
9465,RECURRING_SUBSCRIPTION,WARM_LEAD,2025-11-26 16:52:15.529+00
8522,RECURRING_SUBSCRIPTION,TRIAL,2025-11-26 16:58:56.47+00
1885,ON_DEMAND_SUBSCRIPTION,RECURRING_SUBSCRIPTION,2025-11-26 17:15:00.87+00
9473,LEAD,RECURRING_SUBSCRIPTION,2025-11-26 17:42:38.774+00
9465,WARM_LEAD,TRIAL,2025-11-26 17:43:05.184+00
9447,LEAD,WARM_LEAD,2025-11-26 18:57:15.081+00
9447,WARM_LEAD,RECURRING_SUBSCRIPTION,2025-11-26 19:01:41.006+00
9447,RECURRING_SUBSCRIPTION,RECURRING_SUBSCRIPTION,2025-11-26 19:01:56.909+00
9447,RECURRING_SUBSCRIPTION,RECURRING_SUBSCRIPTION,2025-11-26 19:08:40.614+00
9436,RECURRING_SUBSCRIPTION,WARM_LEAD,2025-11-26 20:02:00.677+00
6502,RECURRING_SUBSCRIPTION,ON_DEMAND_SUBSCRIPTION,2025-11-26 20:10:53.173+00
1183,FREEMIUM,RECURRING_SUBSCRIPTION,2025-11-26 20:45:53.783+00
8712,LEAD,WARM_LEAD,2025-11-26 21:14:17.869+00
8712,WARM_LEAD,RECURRING_SUBSCRIPTION,2025-11-26 21:15:47.924+00
1451,FREEMIUM,RECURRING_SUBSCRIPTION,2025-11-26 21:29:17.757+00
8712,RECURRING_SUBSCRIPTION,RECURRING_SUBSCRIPTION,2025-11-26 21:34:21.553+00
7411,RECURRING_SUBSCRIPTION,ON_DEMAND_SUBSCRIPTION,2025-11-26 22:04:31.19+00
8193,ON_DEMAND_SUBSCRIPTION,RECURRING_SUBSCRIPTION,2025-11-26 22:27:04.704+00
5369,LEAD,WARM_LEAD,2025-11-26 22:29:25.824+00
5369,WARM_LEAD,RECURRING_SUBSCRIPTION,2025-11-26 22:29:46.573+00
9437,LEAD,RECURRING_SUBSCRIPTION,2025-11-26 23:17:54.167+00
5369,RECURRING_SUBSCRIPTION,WARM_LEAD,2025-11-27 00:57:51.1+00
7973,LEAD,RECURRING_SUBSCRIPTION,2025-11-27 01:11:51.419+00
9482,LEAD,RECURRING_SUBSCRIPTION,2025-11-27 07:53:46.202+00
7395,RECURRING_SUBSCRIPTION,CHURN,2025-11-27 08:15:46.765+00
9485,LEAD,RECURRING_SUBSCRIPTION,2025-11-27 12:08:15.26+00
9483,LEAD,RECURRING_SUBSCRIPTION,2025-11-27 12:13:40.243+00
9017,WARM_LEAD,RECURRING_SUBSCRIPTION,2025-11-27 13:57:32.235+00
8195,RECURRING_SUBSCRIPTION,RECURRING_SUBSCRIPTION,2025-11-27 14:06:02.633+00
3078,ON_DEMAND_SUBSCRIPTION,RECURRING_SUBSCRIPTION,2025-11-27 14:53:07.523+00
8823,TRIAL,RECURRING_SUBSCRIPTION,2025-11-27 15:05:08.167+00
8195,RECURRING_SUBSCRIPTION,ON_DEMAND_SUBSCRIPTION,2025-11-27 15:37:05.999+00
8823,RECURRING_SUBSCRIPTION,RECURRING_SUBSCRIPTION,2025-11-27 16:13:09.79+00
8823,RECURRING_SUBSCRIPTION,WARM_LEAD,2025-11-27 16:35:58.663+00
2976,TRIAL,RECURRING_SUBSCRIPTION,2025-11-27 16:54:43.772+00
2976,RECURRING_SUBSCRIPTION,RECURRING_SUBSCRIPTION,2025-11-27 16:56:29.046+00
8823,WARM_LEAD,TRIAL,2025-11-27 17:00:05.915+00
82,RECURRING_SUBSCRIPTION,ON_DEMAND_SUBSCRIPTION,2025-11-27 18:23:19.754+00
5499,LEAD,RECURRING_SUBSCRIPTION,2025-11-27 18:58:35.163+00
91,RECURRING_SUBSCRIPTION,RECURRING_SUBSCRIPTION,2025-11-28 13:35:14.341+00
6797,RECURRING_SUBSCRIPTION,CHURN,2025-11-28 14:10:19.063+00
9466,LEAD,WARM_LEAD,2025-11-28 14:24:15.682+00
9466,WARM_LEAD,ON_DEMAND_SUBSCRIPTION,2025-11-28 14:26:07.175+00
9166,RECURRING_SUBSCRIPTION,WARM_LEAD,2025-11-28 15:08:25.229+00
6870,LEAD,RECURRING_SUBSCRIPTION,2025-11-28 15:19:44.596+00
8981,RECURRING_SUBSCRIPTION,WARM_LEAD,2025-11-28 15:27:34.767+00
9465,TRIAL,RECURRING_SUBSCRIPTION,2025-11-28 16:05:56.142+00
7149,WARM_LEAD,TRIAL,2025-11-28 16:33:45.021+00
6200,RECURRING_SUBSCRIPTION,CHURN,2025-11-28 18:02:41.087+00
5010,FREEMIUM,RECURRING_SUBSCRIPTION,2025-11-28 20:50:50.137+00
9477,LEAD,WARM_LEAD,2025-11-28 21:57:01.708+00
9477,WARM_LEAD,RECURRING_SUBSCRIPTION,2025-11-28 21:57:16.529+00
7075,LEAD,WARM_LEAD,2025-11-28 22:53:02.332+00
7075,WARM_LEAD,RECURRING_SUBSCRIPTION,2025-11-28 22:53:13.392+00
5369,WARM_LEAD,RECURRING_SUBSCRIPTION,2025-11-28 23:29:41.944+00
9397,WARM_LEAD,RECURRING_SUBSCRIPTION,2025-11-28 23:56:37.584+00
9331,LEAD,WARM_LEAD,2025-11-29 00:06:01.146+00
9331,WARM_LEAD,ON_DEMAND_SUBSCRIPTION,2025-11-29 00:06:15.413+00
9331,ON_DEMAND_SUBSCRIPTION,RECURRING_SUBSCRIPTION,2025-11-29 00:06:32.338+00
9331,RECURRING_SUBSCRIPTION,WARM_LEAD,2025-11-29 00:07:53.217+00
9331,WARM_LEAD,LEAD,2025-11-29 00:08:08.972+00
7731,RECURRING_SUBSCRIPTION,TRIAL,2025-11-29 00:19:27.426+00
7234,RECURRING_SUBSCRIPTION,CHURN,2025-11-29 00:36:09.25+00
8712,RECURRING_SUBSCRIPTION,TRIAL,2025-11-29 00:41:55.059+00
6982,RECURRING_SUBSCRIPTION,TRIAL,2025-11-29 00:43:10.075+00
5512,LEAD,WARM_LEAD,2025-11-29 00:50:28.311+00
5512,WARM_LEAD,RECURRING_SUBSCRIPTION,2025-11-29 00:50:44.421+00
6870,RECURRING_SUBSCRIPTION,WARM_LEAD,2025-11-29 00:57:01.155+00
9501,LEAD,RECURRING_SUBSCRIPTION,2025-11-29 01:26:29.224+00
9152,LEAD,RECURRING_SUBSCRIPTION,2025-11-29 03:05:43.215+00
9505,LEAD,RECURRING_SUBSCRIPTION,2025-11-29 20:48:08.947+00
5445,TRIAL,RECURRING_SUBSCRIPTION,2025-11-30 07:23:18.821+00
5445,RECURRING_SUBSCRIPTION,RECURRING_SUBSCRIPTION,2025-11-30 07:24:53.482+00
9176,WARM_LEAD,ON_DEMAND_SUBSCRIPTION,2025-11-30 08:40:25.758+00
87,TRIAL,RECURRING_SUBSCRIPTION,2025-11-30 11:49:41.43+00
3166,TRIAL,RECURRING_SUBSCRIPTION,2025-11-30 11:51:37.173+00
87,RECURRING_SUBSCRIPTION,TRIAL,2025-11-30 12:02:53.839+00
7015,TRIAL,RECURRING_SUBSCRIPTION,2025-11-30 12:11:15.134+00
3166,RECURRING_SUBSCRIPTION,TRIAL,2025-11-30 12:13:35.346+00
7015,RECURRING_SUBSCRIPTION,TRIAL,2025-11-30 12:13:50.412+00
9462,LEAD,WARM_LEAD,2025-11-30 12:17:51.061+00
2775,WARM_LEAD,RECURRING_SUBSCRIPTION,2025-11-30 13:22:37.228+00
3166,TRIAL,RECURRING_SUBSCRIPTION,2025-11-30 13:35:09.146+00
3166,RECURRING_SUBSCRIPTION,RECURRING_SUBSCRIPTION,2025-11-30 13:36:35.694+00
3166,RECURRING_SUBSCRIPTION,TRIAL,2025-11-30 13:37:49.099+00
7009,LEAD,LEAD,2025-12-15 18:11:41.731+00
2775,RECURRING_SUBSCRIPTION,RECURRING_SUBSCRIPTION,2025-11-30 13:57:37.662+00
9193,LEAD,RECURRING_SUBSCRIPTION,2025-11-30 22:43:24.992+00
9361,LEAD,RECURRING_SUBSCRIPTION,2025-12-01 03:13:18.295+00
143,ON_DEMAND_SUBSCRIPTION,RECURRING_SUBSCRIPTION,2025-12-01 10:30:34.285+00
1622,COLD_LEAD,WARM_LEAD,2025-12-01 10:46:15.971+00
1622,WARM_LEAD,RECURRING_SUBSCRIPTION,2025-12-01 10:51:32.102+00
1622,RECURRING_SUBSCRIPTION,RECURRING_SUBSCRIPTION,2025-12-01 11:10:15.959+00
1622,RECURRING_SUBSCRIPTION,WARM_LEAD,2025-12-01 11:15:33.996+00
9283,LEAD,WARM_LEAD,2025-12-01 11:21:12.651+00
1451,RECURRING_SUBSCRIPTION,WARM_LEAD,2025-12-01 13:34:33.912+00
7075,RECURRING_SUBSCRIPTION,WARM_LEAD,2025-12-01 13:44:55.844+00
9251,RECURRING_SUBSCRIPTION,WARM_LEAD,2025-12-01 13:45:19.138+00
9397,RECURRING_SUBSCRIPTION,WARM_LEAD,2025-12-01 13:45:46.651+00
7035,RECURRING_SUBSCRIPTION,TRIAL,2025-12-01 13:46:10.233+00
9465,RECURRING_SUBSCRIPTION,WARM_LEAD,2025-12-01 13:46:23.339+00
876,ON_DEMAND_SUBSCRIPTION,RECURRING_SUBSCRIPTION,2025-12-01 13:57:24.608+00
1622,WARM_LEAD,RECURRING_SUBSCRIPTION,2025-12-01 13:59:27.569+00
1622,RECURRING_SUBSCRIPTION,RECURRING_SUBSCRIPTION,2025-12-01 13:59:35.699+00
9482,RECURRING_SUBSCRIPTION,WARM_LEAD,2025-12-01 14:28:18.297+00
5369,RECURRING_SUBSCRIPTION,RECURRING_SUBSCRIPTION,2025-12-01 14:29:08.877+00
1622,RECURRING_SUBSCRIPTION,WARM_LEAD,2025-12-01 14:34:25.711+00
876,RECURRING_SUBSCRIPTION,ON_DEMAND_SUBSCRIPTION,2025-12-01 14:35:02.648+00
7499,RECURRING_SUBSCRIPTION,CHURN,2025-12-01 14:42:23.207+00
8511,RECURRING_SUBSCRIPTION,TRIAL,2025-12-01 14:48:07.065+00
8193,RECURRING_SUBSCRIPTION,ON_DEMAND_SUBSCRIPTION,2025-12-01 14:51:24.947+00
8989,RECURRING_SUBSCRIPTION,WARM_LEAD,2025-12-01 15:52:59.401+00
9528,LEAD,WARM_LEAD,2025-12-01 16:40:08.26+00
9528,WARM_LEAD,RECURRING_SUBSCRIPTION,2025-12-01 16:40:21.633+00
7513,LEAD,RECURRING_SUBSCRIPTION,2025-12-01 17:18:59.026+00
1731,WARM_LEAD,RECURRING_SUBSCRIPTION,2025-12-01 18:27:50.048+00
7831,RECURRING_SUBSCRIPTION,WARM_LEAD,2025-12-01 18:40:35.273+00
2938,RECURRING_SUBSCRIPTION,RECURRING_SUBSCRIPTION,2025-12-01 18:50:56.152+00
9519,LEAD,WARM_LEAD,2025-12-01 19:06:00.829+00
9519,WARM_LEAD,RECURRING_SUBSCRIPTION,2025-12-01 19:06:13.627+00
9519,RECURRING_SUBSCRIPTION,WARM_LEAD,2025-12-01 19:11:04.988+00
9519,WARM_LEAD,LEAD,2025-12-01 19:11:47.271+00
9519,WARM_LEAD,LEAD,2025-12-01 19:11:47.323+00
9519,LEAD,LEAD,2025-12-01 19:11:47.639+00
9519,LEAD,LEAD,2025-12-01 19:11:48.685+00
2664,RECURRING_SUBSCRIPTION,RECURRING_SUBSCRIPTION,2025-12-01 19:23:15.252+00
9456,LEAD,WARM_LEAD,2025-12-01 19:27:04.695+00
9456,WARM_LEAD,RECURRING_SUBSCRIPTION,2025-12-01 19:27:13.072+00
2664,RECURRING_SUBSCRIPTION,RECURRING_SUBSCRIPTION,2025-12-01 19:27:14.487+00
2664,RECURRING_SUBSCRIPTION,RECURRING_SUBSCRIPTION,2025-12-01 19:29:22.114+00
9456,RECURRING_SUBSCRIPTION,RECURRING_SUBSCRIPTION,2025-12-01 19:29:54.529+00
9456,RECURRING_SUBSCRIPTION,WARM_LEAD,2025-12-01 19:35:02.04+00
9456,WARM_LEAD,LEAD,2025-12-01 19:35:22.104+00
2664,RECURRING_SUBSCRIPTION,RECURRING_SUBSCRIPTION,2025-12-01 19:47:24.777+00
2664,RECURRING_SUBSCRIPTION,RECURRING_SUBSCRIPTION,2025-12-01 20:03:16.156+00
2664,RECURRING_SUBSCRIPTION,RECURRING_SUBSCRIPTION,2025-12-01 20:10:25.031+00
2664,RECURRING_SUBSCRIPTION,RECURRING_SUBSCRIPTION,2025-12-01 20:12:59.939+00
2664,RECURRING_SUBSCRIPTION,RECURRING_SUBSCRIPTION,2025-12-01 20:13:38.921+00
492,RECURRING_SUBSCRIPTION,RECURRING_SUBSCRIPTION,2025-12-01 20:48:06.774+00
492,RECURRING_SUBSCRIPTION,RECURRING_SUBSCRIPTION,2025-12-01 20:48:26.883+00
492,RECURRING_SUBSCRIPTION,RECURRING_SUBSCRIPTION,2025-12-01 20:50:04.411+00
9519,LEAD,WARM_LEAD,2025-12-01 22:16:50.275+00
9523,LEAD,WARM_LEAD,2025-12-01 22:51:40.967+00
9523,WARM_LEAD,RECURRING_SUBSCRIPTION,2025-12-01 22:52:14.189+00
9523,RECURRING_SUBSCRIPTION,RECURRING_SUBSCRIPTION,2025-12-01 23:00:14.464+00
9542,LEAD,RECURRING_SUBSCRIPTION,2025-12-02 00:20:14.334+00
5828,FREEMIUM,RECURRING_SUBSCRIPTION,2025-12-02 00:35:36.623+00
7324,LEAD,RECURRING_SUBSCRIPTION,2025-12-02 06:20:27.629+00
1622,WARM_LEAD,RECURRING_SUBSCRIPTION,2025-12-02 08:35:55.119+00
1622,RECURRING_SUBSCRIPTION,RECURRING_SUBSCRIPTION,2025-12-02 08:36:20.911+00
1622,RECURRING_SUBSCRIPTION,RECURRING_SUBSCRIPTION,2025-12-02 08:36:40.574+00
1622,RECURRING_SUBSCRIPTION,RECURRING_SUBSCRIPTION,2025-12-02 08:37:07.099+00
63,ON_DEMAND_SUBSCRIPTION,RECURRING_SUBSCRIPTION,2025-12-02 08:47:39.237+00
8979,COLD_LEAD,WARM_LEAD,2025-12-02 09:05:12.807+00
8979,WARM_LEAD,RECURRING_SUBSCRIPTION,2025-12-02 09:06:43.475+00
9283,WARM_LEAD,RECURRING_SUBSCRIPTION,2025-12-02 09:08:42.271+00
9283,RECURRING_SUBSCRIPTION,WARM_LEAD,2025-12-02 09:16:38.504+00
1622,RECURRING_SUBSCRIPTION,WARM_LEAD,2025-12-02 09:17:55.231+00
8979,RECURRING_SUBSCRIPTION,WARM_LEAD,2025-12-02 10:32:19.901+00
8979,WARM_LEAD,RECURRING_SUBSCRIPTION,2025-12-02 11:08:06.749+00
8979,RECURRING_SUBSCRIPTION,WARM_LEAD,2025-12-02 15:25:25.754+00
9553,LEAD,RECURRING_SUBSCRIPTION,2025-12-02 15:59:18.047+00
8481,WARM_LEAD,RECURRING_SUBSCRIPTION,2025-12-02 16:19:16.049+00
8481,RECURRING_SUBSCRIPTION,RECURRING_SUBSCRIPTION,2025-12-02 16:26:37.694+00
9151,LEAD,WARM_LEAD,2025-12-02 16:55:23.809+00
9151,WARM_LEAD,RECURRING_SUBSCRIPTION,2025-12-02 16:55:36.88+00
9151,RECURRING_SUBSCRIPTION,RECURRING_SUBSCRIPTION,2025-12-02 16:55:52.765+00
9151,RECURRING_SUBSCRIPTION,WARM_LEAD,2025-12-02 16:59:13.394+00
3208,FREEMIUM,RECURRING_SUBSCRIPTION,2025-12-02 20:11:28.541+00
3208,RECURRING_SUBSCRIPTION,RECURRING_SUBSCRIPTION,2025-12-02 20:16:24.029+00
3208,RECURRING_SUBSCRIPTION,ON_DEMAND_SUBSCRIPTION,2025-12-02 20:23:29.701+00
3208,ON_DEMAND_SUBSCRIPTION,RECURRING_SUBSCRIPTION,2025-12-02 20:23:59.582+00
3208,RECURRING_SUBSCRIPTION,RECURRING_SUBSCRIPTION,2025-12-02 21:37:24.61+00
9557,LEAD,RECURRING_SUBSCRIPTION,2025-12-02 21:59:37.669+00
9397,WARM_LEAD,TRIAL,2025-12-02 22:48:56.849+00
8736,LEAD,WARM_LEAD,2025-12-03 02:58:34.64+00
8736,WARM_LEAD,RECURRING_SUBSCRIPTION,2025-12-03 02:59:06.581+00
8736,RECURRING_SUBSCRIPTION,WARM_LEAD,2025-12-03 03:00:06.105+00
8736,WARM_LEAD,LEAD,2025-12-03 03:00:22.412+00
9564,LEAD,RECURRING_SUBSCRIPTION,2025-12-03 05:35:16.374+00
599,ON_DEMAND_SUBSCRIPTION,RECURRING_SUBSCRIPTION,2025-12-03 08:30:42.329+00
9349,LEAD,RECURRING_SUBSCRIPTION,2025-12-03 12:38:36.186+00
9349,RECURRING_SUBSCRIPTION,RECURRING_SUBSCRIPTION,2025-12-03 12:38:39.025+00
8736,LEAD,WARM_LEAD,2025-12-03 14:14:23.36+00
8736,WARM_LEAD,RECURRING_SUBSCRIPTION,2025-12-03 14:14:42.646+00
8736,RECURRING_SUBSCRIPTION,RECURRING_SUBSCRIPTION,2025-12-03 14:16:35.734+00
9569,LEAD,WARM_LEAD,2025-12-03 14:35:02.434+00
9569,WARM_LEAD,RECURRING_SUBSCRIPTION,2025-12-03 14:35:29.639+00
9569,RECURRING_SUBSCRIPTION,WARM_LEAD,2025-12-03 14:36:33.882+00
9569,WARM_LEAD,LEAD,2025-12-03 14:39:20.741+00
9082,RECURRING_SUBSCRIPTION,TRIAL,2025-12-03 15:20:41.003+00
9538,LEAD,RECURRING_SUBSCRIPTION,2025-12-03 16:18:34.349+00
9459,LEAD,WARM_LEAD,2025-12-03 16:47:29.288+00
9459,WARM_LEAD,RECURRING_SUBSCRIPTION,2025-12-03 16:48:07.95+00
9459,RECURRING_SUBSCRIPTION,RECURRING_SUBSCRIPTION,2025-12-03 16:49:19.856+00
9459,RECURRING_SUBSCRIPTION,RECURRING_SUBSCRIPTION,2025-12-03 16:49:31.824+00
7001,RECURRING_SUBSCRIPTION,RECURRING_SUBSCRIPTION,2025-12-03 16:54:20.744+00
9459,RECURRING_SUBSCRIPTION,RECURRING_SUBSCRIPTION,2025-12-03 16:56:03.444+00
8736,RECURRING_SUBSCRIPTION,RECURRING_SUBSCRIPTION,2025-12-03 16:57:54.735+00
9571,LEAD,WARM_LEAD,2025-12-03 16:58:22.273+00
9571,WARM_LEAD,RECURRING_SUBSCRIPTION,2025-12-03 16:58:28.932+00
8736,RECURRING_SUBSCRIPTION,WARM_LEAD,2025-12-03 16:59:32.026+00
9459,RECURRING_SUBSCRIPTION,RECURRING_SUBSCRIPTION,2025-12-03 17:01:33.891+00
9555,LEAD,WARM_LEAD,2025-12-03 17:02:58.554+00
9555,WARM_LEAD,RECURRING_SUBSCRIPTION,2025-12-03 17:03:06.175+00
9558,LEAD,WARM_LEAD,2025-12-03 17:06:52.717+00
9459,RECURRING_SUBSCRIPTION,WARM_LEAD,2025-12-03 17:18:38.048+00
9551,LEAD,WARM_LEAD,2025-12-03 17:56:01.684+00
9551,WARM_LEAD,RECURRING_SUBSCRIPTION,2025-12-03 17:57:28.357+00
1535,RECURRING_SUBSCRIPTION,WARM_LEAD,2025-12-03 17:57:42.327+00
9333,LEAD,RECURRING_SUBSCRIPTION,2025-12-03 17:58:58.055+00
9551,RECURRING_SUBSCRIPTION,RECURRING_SUBSCRIPTION,2025-12-03 18:06:57.892+00
9551,RECURRING_SUBSCRIPTION,TRIAL,2025-12-03 18:17:46.156+00
7448,ON_DEMAND_SUBSCRIPTION,WARM_LEAD,2025-12-03 18:25:07.234+00
9320,RECURRING_SUBSCRIPTION,RECURRING_SUBSCRIPTION,2025-12-03 18:53:54.373+00
9320,RECURRING_SUBSCRIPTION,RECURRING_SUBSCRIPTION,2025-12-03 18:54:41.652+00
9320,RECURRING_SUBSCRIPTION,RECURRING_SUBSCRIPTION,2025-12-03 18:55:13.328+00
9572,LEAD,RECURRING_SUBSCRIPTION,2025-12-03 18:55:17.102+00
7977,RECURRING_SUBSCRIPTION,WARM_LEAD,2025-12-03 21:25:04.385+00
9502,LEAD,WARM_LEAD,2025-12-03 21:49:15.397+00
9502,WARM_LEAD,RECURRING_SUBSCRIPTION,2025-12-03 21:49:32.682+00
9506,LEAD,WARM_LEAD,2025-12-03 22:20:07.177+00
9506,WARM_LEAD,RECURRING_SUBSCRIPTION,2025-12-03 22:20:20.331+00
9502,RECURRING_SUBSCRIPTION,RECURRING_SUBSCRIPTION,2025-12-03 22:40:27.836+00
9333,RECURRING_SUBSCRIPTION,RECURRING_SUBSCRIPTION,2025-12-03 22:52:22.149+00
9333,RECURRING_SUBSCRIPTION,RECURRING_SUBSCRIPTION,2025-12-03 22:55:42.043+00
9506,RECURRING_SUBSCRIPTION,RECURRING_SUBSCRIPTION,2025-12-03 22:59:03.726+00
9498,LEAD,WARM_LEAD,2025-12-04 03:15:48.311+00
9498,WARM_LEAD,RECURRING_SUBSCRIPTION,2025-12-04 03:16:18.968+00
9498,RECURRING_SUBSCRIPTION,WARM_LEAD,2025-12-04 04:46:55.24+00
9498,WARM_LEAD,LEAD,2025-12-04 04:47:17.259+00
9288,LEAD,COLD_LEAD,2025-12-04 12:36:26.728+00
9510,LEAD,COLD_LEAD,2025-12-04 12:42:03.884+00
9510,COLD_LEAD,WARM_LEAD,2025-12-04 13:33:22.467+00
8580,RECURRING_SUBSCRIPTION,TRIAL,2025-12-04 13:39:39.904+00
9223,LEAD,WARM_LEAD,2025-12-04 13:40:13.551+00
9223,WARM_LEAD,TRIAL,2025-12-04 13:40:35.365+00
5991,RECURRING_SUBSCRIPTION,RECURRING_SUBSCRIPTION,2025-12-04 14:29:14.781+00
9559,LEAD,WARM_LEAD,2025-12-04 15:01:42.43+00
9559,WARM_LEAD,RECURRING_SUBSCRIPTION,2025-12-04 15:06:15.805+00
9597,LEAD,RECURRING_SUBSCRIPTION,2025-12-04 15:07:44.031+00
9559,RECURRING_SUBSCRIPTION,RECURRING_SUBSCRIPTION,2025-12-04 15:07:55.239+00
9559,RECURRING_SUBSCRIPTION,RECURRING_SUBSCRIPTION,2025-12-04 15:09:15.875+00
9598,LEAD,RECURRING_SUBSCRIPTION,2025-12-04 15:20:13.944+00
8736,WARM_LEAD,LEAD,2025-12-04 15:25:57.656+00
2938,RECURRING_SUBSCRIPTION,RECURRING_SUBSCRIPTION,2025-12-04 15:52:33.593+00
6897,RECURRING_SUBSCRIPTION,CHURN,2025-12-04 16:03:49.957+00
9498,LEAD,WARM_LEAD,2025-12-04 16:07:41.749+00
9498,WARM_LEAD,RECURRING_SUBSCRIPTION,2025-12-04 16:07:53.93+00
1461,TRIAL,ON_DEMAND_SUBSCRIPTION,2025-12-04 17:08:38.616+00
9603,LEAD,RECURRING_SUBSCRIPTION,2025-12-04 17:10:37.918+00
7267,LEAD,RECURRING_SUBSCRIPTION,2025-12-04 17:56:22.543+00
9583,LEAD,WARM_LEAD,2025-12-04 18:17:11.846+00
9583,WARM_LEAD,RECURRING_SUBSCRIPTION,2025-12-04 18:17:34.503+00
9590,LEAD,RECURRING_SUBSCRIPTION,2025-12-04 18:19:44.483+00
9596,LEAD,WARM_LEAD,2025-12-04 20:18:59.107+00
9596,RECURRING_SUBSCRIPTION,WARM_LEAD,2025-12-04 20:23:31.812+00
9596,WARM_LEAD,LEAD,2025-12-04 21:23:25.367+00
9596,WARM_LEAD,RECURRING_SUBSCRIPTION,2025-12-04 21:49:13.541+00
9596,RECURRING_SUBSCRIPTION,RECURRING_SUBSCRIPTION,2025-12-04 22:26:10.375+00
9590,RECURRING_SUBSCRIPTION,WARM_LEAD,2025-12-05 00:27:38.409+00
9578,WARM_LEAD,RECURRING_SUBSCRIPTION,2025-12-05 00:43:14.84+00
8957,LEAD,RECURRING_SUBSCRIPTION,2025-12-05 00:46:19.13+00
9588,WARM_LEAD,RECURRING_SUBSCRIPTION,2025-12-05 00:57:28.537+00
8736,RECURRING_SUBSCRIPTION,RECURRING_SUBSCRIPTION,2025-12-05 02:46:48.168+00
8736,RECURRING_SUBSCRIPTION,RECURRING_SUBSCRIPTION,2025-12-05 16:32:41.195+00
5648,FREEMIUM,RECURRING_SUBSCRIPTION,2025-12-08 20:08:51.428+00
9653,LEAD,RECURRING_SUBSCRIPTION,2025-12-08 20:29:31.27+00
7242,RECURRING_SUBSCRIPTION,RECURRING_SUBSCRIPTION,2025-12-08 21:51:10.501+00
7116,ON_DEMAND_SUBSCRIPTION,WARM_LEAD,2025-12-08 22:00:26.176+00
1727,COLD_LEAD,WARM_LEAD,2025-12-09 06:13:51.383+00
9491,LEAD,RECURRING_SUBSCRIPTION,2025-12-09 06:43:31.199+00
1299,COLD_LEAD,WARM_LEAD,2025-12-09 07:09:07.928+00
1727,WARM_LEAD,TRIAL,2025-12-09 10:45:23.32+00
2873,WARM_LEAD,TRIAL,2025-12-09 12:31:15.036+00
5048,FREEMIUM,RECURRING_SUBSCRIPTION,2025-12-09 15:36:39.749+00
303,RECURRING_SUBSCRIPTION,RECURRING_SUBSCRIPTION,2025-12-09 15:43:57.935+00
7973,RECURRING_SUBSCRIPTION,WARM_LEAD,2025-12-09 16:26:11.777+00
8246,RECURRING_SUBSCRIPTION,WARM_LEAD,2025-12-09 16:37:40.828+00
8483,RECURRING_SUBSCRIPTION,TRIAL,2025-12-09 17:21:53.385+00
8381,RECURRING_SUBSCRIPTION,TRIAL,2025-12-09 17:46:42.04+00
3190,RECURRING_SUBSCRIPTION,FROZEN,2025-12-09 17:51:23.329+00
9464,LEAD,WARM_LEAD,2025-12-09 18:50:49.48+00
9658,LEAD,WARM_LEAD,2025-12-09 18:53:29.8+00
9464,WARM_LEAD,RECURRING_SUBSCRIPTION,2025-12-09 18:54:03.67+00
9464,RECURRING_SUBSCRIPTION,RECURRING_SUBSCRIPTION,2025-12-09 18:54:14.259+00
9658,WARM_LEAD,WARM_LEAD,2025-12-09 18:55:22.72+00
9658,WARM_LEAD,RECURRING_SUBSCRIPTION,2025-12-09 18:55:40.237+00
9505,RECURRING_SUBSCRIPTION,WARM_LEAD,2025-12-09 19:02:08.731+00
9472,LEAD,WARM_LEAD,2025-12-09 19:05:31.357+00
2086,FREEMIUM,ON_DEMAND_SUBSCRIPTION,2025-12-09 19:14:02.096+00
9621,LEAD,WARM_LEAD,2025-12-09 19:14:45.463+00
9621,WARM_LEAD,RECURRING_SUBSCRIPTION,2025-12-09 19:15:02.619+00
6397,WARM_LEAD,ON_DEMAND_SUBSCRIPTION,2025-12-09 19:15:33.286+00
2520,FREEMIUM,ON_DEMAND_SUBSCRIPTION,2025-12-09 19:16:33.733+00
4012,FREEMIUM,ON_DEMAND_SUBSCRIPTION,2025-12-09 19:17:09.747+00
9227,RECURRING_SUBSCRIPTION,TRIAL,2025-12-09 19:20:07.891+00
2700,FREEMIUM,ON_DEMAND_SUBSCRIPTION,2025-12-09 19:20:55.985+00
3914,FREEMIUM,ON_DEMAND_SUBSCRIPTION,2025-12-09 19:21:56.667+00
4106,FREEMIUM,ON_DEMAND_SUBSCRIPTION,2025-12-09 19:22:24.615+00
4552,FREEMIUM,ON_DEMAND_SUBSCRIPTION,2025-12-09 19:22:50.499+00
7857,ON_DEMAND_SUBSCRIPTION,RECURRING_SUBSCRIPTION,2025-12-09 19:24:41.817+00
9491,RECURRING_SUBSCRIPTION,WARM_LEAD,2025-12-09 19:26:17.849+00
7205,WARM_LEAD,ON_DEMAND_SUBSCRIPTION,2025-12-09 19:28:38.703+00
2563,FREEMIUM,ON_DEMAND_SUBSCRIPTION,2025-12-09 19:29:14.932+00
6580,WARM_LEAD,ON_DEMAND_SUBSCRIPTION,2025-12-09 19:31:22.462+00
3096,FREEMIUM,ON_DEMAND_SUBSCRIPTION,2025-12-09 19:32:02.771+00
3973,FREEMIUM,ON_DEMAND_SUBSCRIPTION,2025-12-09 19:32:59.039+00
3053,FREEMIUM,ON_DEMAND_SUBSCRIPTION,2025-12-09 19:33:28.13+00
1681,FREEMIUM,ON_DEMAND_SUBSCRIPTION,2025-12-09 19:34:06.701+00
6390,WARM_LEAD,ON_DEMAND_SUBSCRIPTION,2025-12-09 19:35:29.13+00
4414,FREEMIUM,ON_DEMAND_SUBSCRIPTION,2025-12-09 19:37:52.003+00
7317,TRIAL,ON_DEMAND_SUBSCRIPTION,2025-12-09 19:38:45.304+00
2403,FREEMIUM,ON_DEMAND_SUBSCRIPTION,2025-12-09 19:39:36.156+00
7671,WARM_LEAD,ON_DEMAND_SUBSCRIPTION,2025-12-09 19:40:05.035+00
6499,WARM_LEAD,ON_DEMAND_SUBSCRIPTION,2025-12-09 19:40:44.419+00
1494,FREEMIUM,ON_DEMAND_SUBSCRIPTION,2025-12-09 19:43:00.635+00
6502,RECURRING_SUBSCRIPTION,RECURRING_SUBSCRIPTION,2025-12-09 19:43:03.257+00
100,FREEMIUM,ON_DEMAND_SUBSCRIPTION,2025-12-09 19:44:01.537+00
9640,LEAD,WARM_LEAD,2025-12-09 19:44:15.978+00
9640,WARM_LEAD,RECURRING_SUBSCRIPTION,2025-12-09 19:45:17.96+00
142,FREEMIUM,ON_DEMAND_SUBSCRIPTION,2025-12-09 19:47:42.207+00
9640,RECURRING_SUBSCRIPTION,WARM_LEAD,2025-12-09 19:48:01.474+00
2585,FREEMIUM,ON_DEMAND_SUBSCRIPTION,2025-12-09 19:48:33.177+00
3536,FREEMIUM,ON_DEMAND_SUBSCRIPTION,2025-12-09 19:48:56.173+00
2547,FREEMIUM,ON_DEMAND_SUBSCRIPTION,2025-12-09 19:49:17.831+00
4905,FREEMIUM,ON_DEMAND_SUBSCRIPTION,2025-12-09 19:49:42.672+00
790,FREEMIUM,ON_DEMAND_SUBSCRIPTION,2025-12-09 19:50:04.697+00
2912,FREEMIUM,ON_DEMAND_SUBSCRIPTION,2025-12-09 19:50:48.107+00
482,FREEMIUM,ON_DEMAND_SUBSCRIPTION,2025-12-09 19:51:20.256+00
4911,FREEMIUM,ON_DEMAND_SUBSCRIPTION,2025-12-09 19:51:44.352+00
5010,RECURRING_SUBSCRIPTION,WARM_LEAD,2025-12-09 20:09:22.21+00
8600,ON_DEMAND_SUBSCRIPTION,TRIAL,2025-12-09 20:14:03.515+00
1061,FREEMIUM,ON_DEMAND_SUBSCRIPTION,2025-12-09 20:15:11.197+00
841,FREEMIUM,ON_DEMAND_SUBSCRIPTION,2025-12-09 20:15:44.845+00
4649,FREEMIUM,ON_DEMAND_SUBSCRIPTION,2025-12-09 20:17:00.219+00
1834,WARM_LEAD,ON_DEMAND_SUBSCRIPTION,2025-12-09 20:19:00.121+00
5156,FREEMIUM,ON_DEMAND_SUBSCRIPTION,2025-12-09 20:20:08.778+00
9654,LEAD,WARM_LEAD,2025-12-09 21:04:27.156+00
9654,WARM_LEAD,RECURRING_SUBSCRIPTION,2025-12-09 21:04:52.068+00
9536,LEAD,WARM_LEAD,2025-12-09 21:05:14.726+00
9661,LEAD,RECURRING_SUBSCRIPTION,2025-12-09 21:15:07.61+00
9491,WARM_LEAD,RECURRING_SUBSCRIPTION,2025-12-09 21:53:09.338+00
5410,RECURRING_SUBSCRIPTION,FROZEN,2025-12-09 22:14:52.637+00
9650,RECURRING_SUBSCRIPTION,RECURRING_SUBSCRIPTION,2025-12-09 23:07:44.452+00
9611,WARM_LEAD,TRIAL,2025-12-09 23:43:22.702+00
5048,RECURRING_SUBSCRIPTION,RECURRING_SUBSCRIPTION,2025-12-09 23:54:02.728+00
5048,RECURRING_SUBSCRIPTION,RECURRING_SUBSCRIPTION,2025-12-09 23:54:13.198+00
3168,RECURRING_SUBSCRIPTION,RECURRING_SUBSCRIPTION,2025-12-09 23:57:58.046+00
6829,RECURRING_SUBSCRIPTION,CHURN,2025-12-10 00:25:57.726+00
2189,FREEMIUM,RECURRING_SUBSCRIPTION,2025-12-10 00:27:49.665+00
7241,RECURRING_SUBSCRIPTION,WARM_LEAD,2025-12-10 14:56:01.729+00
7241,WARM_LEAD,TRIAL,2025-12-10 14:56:30.077+00
7748,RECURRING_SUBSCRIPTION,CHURN,2025-12-10 15:32:30.081+00
9659,LEAD,WARM_LEAD,2025-12-10 15:34:53.928+00
9151,RECURRING_SUBSCRIPTION,WARM_LEAD,2025-12-10 15:36:44.186+00
9555,RECURRING_SUBSCRIPTION,WARM_LEAD,2025-12-10 15:37:16.292+00
9588,RECURRING_SUBSCRIPTION,WARM_LEAD,2025-12-10 15:37:47.365+00
9654,RECURRING_SUBSCRIPTION,WARM_LEAD,2025-12-10 15:38:18.136+00
9658,RECURRING_SUBSCRIPTION,WARM_LEAD,2025-12-10 15:38:41.485+00
5167,FREEMIUM,ON_DEMAND_SUBSCRIPTION,2025-12-10 16:35:53.811+00
1528,FREEMIUM,ON_DEMAND_SUBSCRIPTION,2025-12-10 16:36:30.467+00
1358,FREEMIUM,ON_DEMAND_SUBSCRIPTION,2025-12-10 16:36:50.544+00
2437,FREEMIUM,ON_DEMAND_SUBSCRIPTION,2025-12-10 16:37:12.124+00
2422,FREEMIUM,ON_DEMAND_SUBSCRIPTION,2025-12-10 16:37:30.492+00
4536,FREEMIUM,ON_DEMAND_SUBSCRIPTION,2025-12-10 16:37:55.692+00
2846,FREEMIUM,ON_DEMAND_SUBSCRIPTION,2025-12-10 16:38:22.076+00
4489,FREEMIUM,ON_DEMAND_SUBSCRIPTION,2025-12-10 16:38:45.943+00
3153,FREEMIUM,ON_DEMAND_SUBSCRIPTION,2025-12-10 16:39:44.322+00
9536,WARM_LEAD,RECURRING_SUBSCRIPTION,2025-12-10 16:48:17.02+00
9536,RECURRING_SUBSCRIPTION,TRIAL,2025-12-10 16:48:59.401+00
2124,FREEMIUM,ON_DEMAND_SUBSCRIPTION,2025-12-10 17:27:29.256+00
6340,WARM_LEAD,ON_DEMAND_SUBSCRIPTION,2025-12-10 17:28:10.741+00
2360,WARM_LEAD,ON_DEMAND_SUBSCRIPTION,2025-12-10 17:28:34.593+00
5213,FREEMIUM,ON_DEMAND_SUBSCRIPTION,2025-12-10 17:28:56.2+00
1753,TRIAL,ON_DEMAND_SUBSCRIPTION,2025-12-10 17:30:49.741+00
494,TRIAL,ON_DEMAND_SUBSCRIPTION,2025-12-10 17:32:06.921+00
6523,TRIAL,ON_DEMAND_SUBSCRIPTION,2025-12-10 17:32:53.834+00
2065,TRIAL,ON_DEMAND_SUBSCRIPTION,2025-12-10 17:34:34.464+00
6100,TRIAL,ON_DEMAND_SUBSCRIPTION,2025-12-10 17:35:32.814+00
5655,RECURRING_SUBSCRIPTION,ON_DEMAND_SUBSCRIPTION,2025-12-10 18:32:55.652+00
6597,ON_DEMAND_SUBSCRIPTION,RECURRING_SUBSCRIPTION,2025-12-10 18:52:32.116+00
9666,LEAD,RECURRING_SUBSCRIPTION,2025-12-10 20:20:17.51+00
6559,RECURRING_SUBSCRIPTION,TRIAL,2025-12-10 21:04:54.101+00
9369,WARM_LEAD,RECURRING_SUBSCRIPTION,2025-12-10 21:50:40.496+00
7857,RECURRING_SUBSCRIPTION,ON_DEMAND_SUBSCRIPTION,2025-12-10 22:15:01.316+00
6881,RECURRING_SUBSCRIPTION,RECURRING_SUBSCRIPTION,2025-12-10 22:24:50.786+00
2832,FREEMIUM,RECURRING_SUBSCRIPTION,2025-12-10 22:53:47.943+00
9658,WARM_LEAD,RECURRING_SUBSCRIPTION,2025-12-10 22:58:43.41+00
1731,RECURRING_SUBSCRIPTION,RECURRING_SUBSCRIPTION,2025-12-10 23:05:55.152+00
2189,RECURRING_SUBSCRIPTION,RECURRING_SUBSCRIPTION,2025-12-11 00:07:02.108+00
9577,LEAD,WARM_LEAD,2025-12-11 02:45:58.403+00
9577,WARM_LEAD,RECURRING_SUBSCRIPTION,2025-12-11 02:46:21.003+00
2214,ON_DEMAND_SUBSCRIPTION,RECURRING_SUBSCRIPTION,2025-12-11 06:21:03.762+00
1622,WARM_LEAD,RECURRING_SUBSCRIPTION,2025-12-11 12:32:53.083+00
610,RECURRING_SUBSCRIPTION,TRIAL,2025-12-11 15:24:22.806+00
9625,LEAD,WARM_LEAD,2025-12-11 15:32:43.309+00
2832,RECURRING_SUBSCRIPTION,WARM_LEAD,2025-12-11 16:04:49.01+00
8669,RECURRING_SUBSCRIPTION,TRIAL,2025-12-11 17:16:19.381+00
2722,TRIAL,ON_DEMAND_SUBSCRIPTION,2025-12-11 17:24:51.897+00
1744,TRIAL,ON_DEMAND_SUBSCRIPTION,2025-12-11 17:25:59.043+00
9665,LEAD,WARM_LEAD,2025-12-11 17:26:20.103+00
4709,FREEMIUM,ON_DEMAND_SUBSCRIPTION,2025-12-11 17:29:02.702+00
2761,FREEMIUM,ON_DEMAND_SUBSCRIPTION,2025-12-11 17:29:36.185+00
610,TRIAL,ON_DEMAND_SUBSCRIPTION,2025-12-11 17:33:42.256+00
8496,WARM_LEAD,ON_DEMAND_SUBSCRIPTION,2025-12-11 17:35:54.337+00
8475,TRIAL,ON_DEMAND_SUBSCRIPTION,2025-12-11 17:36:40.878+00
6362,TRIAL,ON_DEMAND_SUBSCRIPTION,2025-12-11 17:37:06.032+00
5720,WARM_LEAD,ON_DEMAND_SUBSCRIPTION,2025-12-11 17:38:11.906+00
7865,LEAD,WARM_LEAD,2025-12-11 17:53:44.309+00
8289,LEAD,WARM_LEAD,2025-12-11 18:48:01.366+00
8224,RECURRING_SUBSCRIPTION,TRIAL,2025-12-11 19:57:19.287+00
2555,RECURRING_SUBSCRIPTION,FROZEN,2025-12-11 20:49:04.61+00
9644,LEAD,WARM_LEAD,2025-12-11 21:07:57.987+00
5720,ON_DEMAND_SUBSCRIPTION,RECURRING_SUBSCRIPTION,2025-12-11 21:34:34.207+00
9092,LEAD,WARM_LEAD,2025-12-12 14:42:32.622+00
7951,RECURRING_SUBSCRIPTION,ON_DEMAND_SUBSCRIPTION,2025-12-12 15:50:05.712+00
8775,LEAD,WARM_LEAD,2025-12-12 16:09:11.062+00
8109,LEAD,WARM_LEAD,2025-12-12 16:36:13.978+00
8032,LEAD,WARM_LEAD,2025-12-12 17:00:52.292+00
9690,LEAD,WARM_LEAD,2025-12-12 18:02:04.673+00
9381,LEAD,WARM_LEAD,2025-12-12 19:29:08.427+00
8221,LEAD,WARM_LEAD,2025-12-12 19:47:40.392+00
9319,LEAD,WARM_LEAD,2025-12-12 19:52:50.266+00
9478,LEAD,WARM_LEAD,2025-12-12 21:07:55.743+00
9478,WARM_LEAD,ON_DEMAND_SUBSCRIPTION,2025-12-12 21:08:24.066+00
6354,LEAD,WARM_LEAD,2025-12-12 21:13:21.873+00
5822,FREEMIUM,RECURRING_SUBSCRIPTION,2025-12-13 04:08:12.102+00
9215,LEAD,RECURRING_SUBSCRIPTION,2025-12-13 16:20:30.493+00
7960,LEAD,RECURRING_SUBSCRIPTION,2025-12-13 18:14:53.392+00
9695,LEAD,RECURRING_SUBSCRIPTION,2025-12-14 01:38:04.105+00
8115,LEAD,RECURRING_SUBSCRIPTION,2025-12-14 14:47:49.747+00
9382,LEAD,RECURRING_SUBSCRIPTION,2025-12-14 22:16:22.068+00
9709,LEAD,RECURRING_SUBSCRIPTION,2025-12-15 02:36:14.64+00
8512,WARM_LEAD,RECURRING_SUBSCRIPTION,2025-12-15 12:36:25.783+00
9710,LEAD,WARM_LEAD,2025-12-15 15:58:29.327+00
9706,LEAD,WARM_LEAD,2025-12-15 16:09:46.361+00
4145,FREEMIUM,ON_DEMAND_SUBSCRIPTION,2025-12-15 17:20:54.429+00
7009,LEAD,WARM_LEAD,2025-12-15 18:07:08.763+00
7009,WARM_LEAD,LEAD,2025-12-15 18:11:39.658+00
9710,WARM_LEAD,TRIAL,2025-12-15 19:20:51.733+00
7975,RECURRING_SUBSCRIPTION,WARM_LEAD,2025-12-15 20:06:43.451+00
1622,RECURRING_SUBSCRIPTION,RECURRING_SUBSCRIPTION,2025-12-11 13:17:31.951+00
6597,RECURRING_SUBSCRIPTION,RECURRING_SUBSCRIPTION,2025-12-11 16:26:47.626+00
1731,RECURRING_SUBSCRIPTION,RECURRING_SUBSCRIPTION,2025-12-11 17:32:56.429+00
9658,RECURRING_SUBSCRIPTION,RECURRING_SUBSCRIPTION,2025-12-11 19:16:29.936+00
9317,LEAD,WARM_LEAD,2025-12-15 20:13:46.06+00
5735,RECURRING_SUBSCRIPTION,FROZEN,2025-12-15 21:04:04.846+00
9700,LEAD,WARM_LEAD,2025-12-15 22:27:00.682+00
9675,LEAD,RECURRING_SUBSCRIPTION,2025-12-16 00:11:59.468+00
9715,LEAD,RECURRING_SUBSCRIPTION,2025-12-16 01:39:34.893+00
5347,LEAD,RECURRING_SUBSCRIPTION,2025-12-16 13:37:35.054+00
9641,LEAD,RECURRING_SUBSCRIPTION,2025-12-16 14:03:19.487+00
9724,LEAD,WARM_LEAD,2025-12-16 14:39:12.211+00
7015,TRIAL,ON_DEMAND_SUBSCRIPTION,2025-12-16 14:50:20.023+00
9583,WARM_LEAD,TRIAL,2025-12-16 16:23:27.4+00
9325,LEAD,RECURRING_SUBSCRIPTION,2025-12-16 16:38:25.27+00
1727,TRIAL,ON_DEMAND_SUBSCRIPTION,2025-12-16 16:50:46.384+00
9666,RECURRING_SUBSCRIPTION,WARM_LEAD,2025-12-16 16:56:00.087+00
9577,RECURRING_SUBSCRIPTION,WARM_LEAD,2025-12-16 16:56:25.102+00
6790,RECURRING_SUBSCRIPTION,CHURN,2025-12-16 18:00:18.762+00
737,ON_DEMAND_SUBSCRIPTION,FROZEN,2025-12-16 18:04:07.447+00
8227,RECURRING_SUBSCRIPTION,CHURN,2025-12-16 18:43:10.594+00
9713,LEAD,WARM_LEAD,2025-12-16 19:14:13.855+00
9476,LEAD,WARM_LEAD,2025-12-16 19:17:57.637+00
9712,LEAD,WARM_LEAD,2025-12-16 19:48:42.082+00
9686,LEAD,WARM_LEAD,2025-12-16 19:59:18.848+00
9714,LEAD,WARM_LEAD,2025-12-16 20:18:07.408+00
9491,RECURRING_SUBSCRIPTION,WARM_LEAD,2025-12-16 21:03:31.153+00
9699,LEAD,WARM_LEAD,2025-12-16 21:19:12.303+00
5707,WARM_LEAD,TRIAL,2025-12-16 21:24:15.458+00
4145,RECURRING_SUBSCRIPTION,WARM_LEAD,2025-12-16 23:58:39.03+00
4318,FREEMIUM,RECURRING_SUBSCRIPTION,2025-12-17 00:48:56.741+00
230,RECURRING_SUBSCRIPTION,ON_DEMAND_SUBSCRIPTION,2025-12-17 10:13:09.545+00
9737,LEAD,RECURRING_SUBSCRIPTION,2025-12-17 14:03:13.639+00
9714,RECURRING_SUBSCRIPTION,WARM_LEAD,2025-12-17 14:22:30.996+00
3985,FREEMIUM,RECURRING_SUBSCRIPTION,2025-12-17 14:28:55.694+00
9738,LEAD,WARM_LEAD,2025-12-17 15:43:07.749+00
9738,WARM_LEAD,ON_DEMAND_SUBSCRIPTION,2025-12-17 15:43:57.604+00
7823,RECURRING_SUBSCRIPTION,ON_DEMAND_SUBSCRIPTION,2025-12-17 16:24:08.719+00
8823,TRIAL,ON_DEMAND_SUBSCRIPTION,2025-12-17 17:15:05.15+00
4145,WARM_LEAD,TRIAL,2025-12-17 18:27:00.011+00
9744,LEAD,WARM_LEAD,2025-12-17 20:05:47.374+00
9744,WARM_LEAD,ON_DEMAND_SUBSCRIPTION,2025-12-17 20:06:09.952+00
9744,ON_DEMAND_SUBSCRIPTION,TRIAL,2025-12-17 20:08:07.614+00
9745,LEAD,RECURRING_SUBSCRIPTION,2025-12-17 21:07:26.704+00
6583,ON_DEMAND_SUBSCRIPTION,RECURRING_SUBSCRIPTION,2025-12-18 04:28:21.129+00
9618,LEAD,WARM_LEAD,2025-12-18 10:37:43.815+00
9479,LEAD,WARM_LEAD,2025-12-18 15:10:52.673+00
9752,LEAD,RECURRING_SUBSCRIPTION,2025-12-18 15:20:58.019+00
9753,LEAD,RECURRING_SUBSCRIPTION,2025-12-18 15:23:46.102+00
9699,WARM_LEAD,TRIAL,2025-12-18 16:02:36.003+00
9699,TRIAL,ON_DEMAND_SUBSCRIPTION,2025-12-18 16:05:30.11+00
7058,LEAD,WARM_LEAD,2025-12-18 16:34:28.774+00
9530,LEAD,WARM_LEAD,2025-12-18 17:42:18.132+00
9744,TRIAL,ON_DEMAND_SUBSCRIPTION,2025-12-18 19:10:10.48+00
9221,RECURRING_SUBSCRIPTION,RECURRING_SUBSCRIPTION,2025-12-16 17:40:51.142+00
9325,RECURRING_SUBSCRIPTION,RECURRING_SUBSCRIPTION,2025-12-16 17:45:32.795+00
9325,RECURRING_SUBSCRIPTION,RECURRING_SUBSCRIPTION,2025-12-16 17:48:49.959+00
9221,RECURRING_SUBSCRIPTION,RECURRING_SUBSCRIPTION,2025-12-16 17:50:34.327+00
8028,RECURRING_SUBSCRIPTION,RECURRING_SUBSCRIPTION,2025-12-16 21:28:58.547+00
8028,RECURRING_SUBSCRIPTION,RECURRING_SUBSCRIPTION,2025-12-16 21:30:05.221+00
9479,WARM_LEAD,ON_DEMAND_SUBSCRIPTION,2025-12-18 19:10:42.13+00
8311,RECURRING_SUBSCRIPTION,WARM_LEAD,2025-12-18 19:15:37.997+00
9579,LEAD,RECURRING_SUBSCRIPTION,2025-12-18 22:32:11.417+00
9744,ON_DEMAND_SUBSCRIPTION,WARM_LEAD,2025-12-19 04:09:42.05+00
9756,LEAD,RECURRING_SUBSCRIPTION,2025-12-19 11:08:26.339+00
2710,RECURRING_SUBSCRIPTION,CHURN,2025-12-19 17:12:28.699+00
9725,LEAD,WARM_LEAD,2025-12-19 17:34:28.014+00
4722,FREEMIUM,ON_DEMAND_SUBSCRIPTION,2025-12-19 18:46:56.122+00
8205,RECURRING_SUBSCRIPTION,CHURN,2025-12-19 20:04:50.566+00
9757,LEAD,WARM_LEAD,2025-12-19 20:29:58.424+00
9755,LEAD,WARM_LEAD,2025-12-19 20:58:47.172+00
9679,LEAD,WARM_LEAD,2025-12-19 22:17:18.112+00
7378,LEAD,RECURRING_SUBSCRIPTION,2025-12-20 14:20:34.35+00
6455,COLD_LEAD,WARM_LEAD,2025-12-21 12:37:38.95+00
997,COLD_LEAD,WARM_LEAD,2025-12-21 16:13:43.558+00
9771,LEAD,RECURRING_SUBSCRIPTION,2025-12-22 00:05:18.558+00
9775,LEAD,WARM_LEAD,2025-12-22 09:07:28.573+00
8973,LEAD,WARM_LEAD,2025-12-22 12:48:29.605+00
8973,WARM_LEAD,WARM_LEAD,2025-12-22 13:03:21.805+00
9718,LEAD,RECURRING_SUBSCRIPTION,2025-12-22 13:30:29.338+00
9780,LEAD,RECURRING_SUBSCRIPTION,2025-12-22 15:16:23.309+00
9768,LEAD,WARM_LEAD,2025-12-22 15:17:20.258+00
6499,ON_DEMAND_SUBSCRIPTION,RECURRING_SUBSCRIPTION,2025-12-22 16:28:30.77+00
7419,LEAD,WARM_LEAD,2025-12-22 17:49:48.882+00
9683,LEAD,WARM_LEAD,2025-12-22 17:52:32.099+00
8221,WARM_LEAD,TRIAL,2025-12-22 17:57:18.041+00
9760,LEAD,RECURRING_SUBSCRIPTION,2025-12-22 18:09:21.384+00
7649,RECURRING_SUBSCRIPTION,TRIAL,2025-12-22 18:14:31.899+00
9782,LEAD,WARM_LEAD,2025-12-22 19:37:02.78+00
9782,WARM_LEAD,WARM_LEAD,2025-12-22 19:44:06.738+00
9433,LEAD,RECURRING_SUBSCRIPTION,2025-12-22 19:52:52.268+00
9501,RECURRING_SUBSCRIPTION,WARM_LEAD,2025-12-22 20:27:12.403+00
8862,LEAD,WARM_LEAD,2025-12-22 21:28:35.629+00
8682,LEAD,RECURRING_SUBSCRIPTION,2025-12-22 21:32:47.423+00
8862,WARM_LEAD,WARM_LEAD,2025-12-22 21:47:48.526+00
8862,WARM_LEAD,WARM_LEAD,2025-12-22 21:53:49.222+00
9704,LEAD,WARM_LEAD,2025-12-22 22:38:50.929+00
9782,WARM_LEAD,ON_DEMAND_SUBSCRIPTION,2025-12-22 23:16:52.458+00
6415,TRIAL,RECURRING_SUBSCRIPTION,2025-12-23 01:03:25.098+00
9774,LEAD,WARM_LEAD,2025-12-23 08:25:09.151+00
9774,WARM_LEAD,TRIAL,2025-12-23 15:23:22.108+00
1299,WARM_LEAD,TRIAL,2025-12-23 16:05:38.303+00
7012,LEAD,RECURRING_SUBSCRIPTION,2025-12-23 17:12:59.268+00
9801,LEAD,WARM_LEAD,2025-12-23 17:17:17.629+00
6798,RECURRING_SUBSCRIPTION,FROZEN,2025-12-23 19:27:01.739+00
9772,LEAD,WARM_LEAD,2025-12-23 19:39:32.571+00
2156,FREEMIUM,RECURRING_SUBSCRIPTION,2025-12-19 20:54:25.844+00
9679,WARM_LEAD,RECURRING_SUBSCRIPTION,2025-12-19 22:21:08.02+00
7058,RECURRING_SUBSCRIPTION,RECURRING_SUBSCRIPTION,2025-12-18 19:51:14.259+00
4722,RECURRING_SUBSCRIPTION,RECURRING_SUBSCRIPTION,2025-12-22 20:58:11.843+00
8170,RECURRING_SUBSCRIPTION,RECURRING_SUBSCRIPTION,2025-12-22 22:43:12.976+00
8979,RECURRING_SUBSCRIPTION,RECURRING_SUBSCRIPTION,2025-12-23 11:28:27.822+00
4722,ON_DEMAND_SUBSCRIPTION,RECURRING_SUBSCRIPTION,2025-12-22 20:47:06.826+00
8979,WARM_LEAD,RECURRING_SUBSCRIPTION,2025-12-23 11:27:05.665+00
8209,RECURRING_SUBSCRIPTION,FROZEN,2025-12-23 20:27:44.695+00
8003,RECURRING_SUBSCRIPTION,FROZEN,2025-12-23 20:28:05.099+00
7929,RECURRING_SUBSCRIPTION,CHURN,2025-12-23 21:17:17.728+00
853,COLD_LEAD,WARM_LEAD,2025-12-24 14:16:59.849+00
8138,RECURRING_SUBSCRIPTION,FROZEN,2025-12-24 18:18:31.799+00
9791,LEAD,WARM_LEAD,2025-12-25 09:24:49.115+00
9791,WARM_LEAD,TRIAL,2025-12-25 13:19:42.194+00
173,RECURRING_SUBSCRIPTION,ON_DEMAND_SUBSCRIPTION,2025-12-25 15:16:51.564+00
9730,LEAD,RECURRING_SUBSCRIPTION,2025-12-26 02:42:59.396+00
8862,WARM_LEAD,ON_DEMAND_SUBSCRIPTION,2025-12-26 16:41:41.564+00
9823,LEAD,WARM_LEAD,2025-12-26 16:51:03.075+00
7836,LEAD,WARM_LEAD,2025-12-26 17:56:05.064+00
9823,WARM_LEAD,WARM_LEAD,2025-12-26 17:59:55.821+00
9698,LEAD,WARM_LEAD,2025-12-26 18:34:12.225+00
3956,RECURRING_SUBSCRIPTION,CHURN,2025-12-26 23:24:25.012+00
9175,RECURRING_SUBSCRIPTION,WARM_LEAD,2025-12-26 23:33:34.794+00
4845,RECURRING_SUBSCRIPTION,CHURN,2025-12-27 00:06:08.814+00
8886,RECURRING_SUBSCRIPTION,TRIAL,2025-12-27 00:40:43.381+00
9832,LEAD,RECURRING_SUBSCRIPTION,2025-12-28 01:09:56.459+00
2649,ON_DEMAND_SUBSCRIPTION,CHURN,2025-12-28 09:28:52.518+00
9115,LEAD,RECURRING_SUBSCRIPTION,2025-12-28 15:11:24.432+00
7528,LEAD,RECURRING_SUBSCRIPTION,2025-12-28 19:27:07.049+00
9835,LEAD,WARM_LEAD,2025-12-29 10:11:25.268+00
6823,RECURRING_SUBSCRIPTION,TRIAL,2025-12-29 13:29:24.832+00
9706,WARM_LEAD,RECURRING_SUBSCRIPTION,2025-12-29 13:30:25.801+00
7431,RECURRING_SUBSCRIPTION,CHURN,2025-12-29 13:40:24.145+00
8073,RECURRING_SUBSCRIPTION,ON_DEMAND_SUBSCRIPTION,2025-12-29 13:42:46.417+00
9658,RECURRING_SUBSCRIPTION,CHURN,2025-12-29 13:49:42.573+00
9389,LEAD,WARM_LEAD,2025-12-29 14:51:41.126+00
9831,LEAD,WARM_LEAD,2025-12-29 15:17:34.078+00
9831,WARM_LEAD,WARM_LEAD,2025-12-29 15:19:38.048+00
9698,WARM_LEAD,ON_DEMAND_SUBSCRIPTION,2025-12-29 15:45:26.278+00
9698,ON_DEMAND_SUBSCRIPTION,TRIAL,2025-12-29 15:46:10.682+00
9476,WARM_LEAD,RECURRING_SUBSCRIPTION,2025-12-29 16:12:14.208+00
8201,RECURRING_SUBSCRIPTION,CHURN,2025-12-29 16:13:42.827+00
7131,LEAD,WARM_LEAD,2025-12-29 16:35:55.804+00
9301,LEAD,WARM_LEAD,2025-12-29 17:36:23.741+00
7235,LEAD,WARM_LEAD,2025-12-29 17:53:55.766+00
9182,RECURRING_SUBSCRIPTION,TRIAL,2025-12-29 18:24:21.815+00
2927,RECURRING_SUBSCRIPTION,CHURN,2025-12-29 19:11:16.529+00
9842,LEAD,RECURRING_SUBSCRIPTION,2025-12-29 19:49:48.118+00
9817,LEAD,WARM_LEAD,2025-12-29 20:07:17.816+00
7931,LEAD,WARM_LEAD,2025-12-29 21:20:19.085+00
9829,LEAD,WARM_LEAD,2025-12-29 22:01:33.667+00
7374,RECURRING_SUBSCRIPTION,ON_DEMAND_SUBSCRIPTION,2025-12-29 22:03:59.56+00
9610,RECURRING_SUBSCRIPTION,WARM_LEAD,2025-12-29 22:04:50.402+00
9829,WARM_LEAD,LEAD,2025-12-29 22:05:41.38+00
9829,LEAD,WARM_LEAD,2025-12-29 22:06:27.612+00
9829,WARM_LEAD,TRIAL,2025-12-29 22:29:10.426+00
2188,TRIAL,RECURRING_SUBSCRIPTION,2025-12-30 03:14:56.633+00
2323,TRIAL,ON_DEMAND_SUBSCRIPTION,2025-12-30 07:13:55.549+00
9835,WARM_LEAD,TRIAL,2025-12-30 11:08:02.926+00
9281,LEAD,RECURRING_SUBSCRIPTION,2025-12-30 13:54:39.916+00
1261,RECURRING_SUBSCRIPTION,CHURN,2025-12-30 14:09:56.365+00
9713,WARM_LEAD,RECURRING_SUBSCRIPTION,2025-12-30 14:29:59.306+00
1686,RECURRING_SUBSCRIPTION,CHURN,2025-12-30 14:44:16.083+00
9505,WARM_LEAD,ON_DEMAND_SUBSCRIPTION,2025-12-30 14:52:43.427+00
9836,LEAD,WARM_LEAD,2025-12-30 14:56:12.343+00
2669,FREEMIUM,RECURRING_SUBSCRIPTION,2025-12-30 22:50:37.613+00
8170,RECURRING_SUBSCRIPTION,RECURRING_SUBSCRIPTION,2025-12-23 21:33:22.07+00
2578,RECURRING_SUBSCRIPTION,RECURRING_SUBSCRIPTION,2025-12-29 13:27:53.098+00
1788,RECURRING_SUBSCRIPTION,ON_DEMAND_SUBSCRIPTION,2025-12-31 06:51:06.468+00
967,TRIAL,ON_DEMAND_SUBSCRIPTION,2025-12-31 09:36:48.63+00
9858,LEAD,RECURRING_SUBSCRIPTION,2026-01-01 00:51:32.727+00
486,RECURRING_SUBSCRIPTION,FROZEN,2026-01-01 04:34:35.932+00
9851,LEAD,WARM_LEAD,2026-01-01 10:54:39.059+00
9861,LEAD,RECURRING_SUBSCRIPTION,2026-01-01 13:59:12.214+00
2204,CHURN,RECURRING_SUBSCRIPTION,2026-01-01 14:38:05.29+00
853,WARM_LEAD,TRIAL,2026-01-01 15:37:01.676+00
6491,LEAD,WARM_LEAD,2026-01-01 15:46:51.771+00
6491,WARM_LEAD,ON_DEMAND_SUBSCRIPTION,2026-01-01 15:47:04.1+00
8685,LEAD,WARM_LEAD,2026-01-01 16:45:21.931+00
8685,WARM_LEAD,ON_DEMAND_SUBSCRIPTION,2026-01-01 16:45:35.603+00
9683,WARM_LEAD,RECURRING_SUBSCRIPTION,2026-01-01 17:41:02.111+00
9866,LEAD,RECURRING_SUBSCRIPTION,2026-01-01 19:52:35.935+00
4552,ON_DEMAND_SUBSCRIPTION,RECURRING_SUBSCRIPTION,2026-01-01 22:12:22.854+00
9115,RECURRING_SUBSCRIPTION,TRIAL,2026-01-01 23:55:05.612+00
2189,RECURRING_SUBSCRIPTION,WARM_LEAD,2026-01-02 02:11:10.806+00
8053,RECURRING_SUBSCRIPTION,CHURN,2026-01-02 13:25:02.116+00
9126,LEAD,RECURRING_SUBSCRIPTION,2026-01-02 15:11:05.956+00
9810,LEAD,RECURRING_SUBSCRIPTION,2026-01-02 15:28:56.162+00
9832,RECURRING_SUBSCRIPTION,WARM_LEAD,2026-01-02 16:00:35.956+00
6887,RECURRING_SUBSCRIPTION,TRIAL,2026-01-02 16:10:37.292+00
9575,LEAD,COLD_LEAD,2026-01-02 16:18:46.108+00
9575,COLD_LEAD,WARM_LEAD,2026-01-02 16:18:53.144+00
1022,RECURRING_SUBSCRIPTION,CHURN,2026-01-02 19:16:56.117+00
9867,LEAD,WARM_LEAD,2026-01-02 21:27:33.394+00
8190,RECURRING_SUBSCRIPTION,TRIAL,2026-01-02 21:39:25.217+00
6491,RECURRING_SUBSCRIPTION,WARM_LEAD,2026-01-02 22:25:12.863+00
1053,TRIAL,RECURRING_SUBSCRIPTION,2026-01-03 00:14:29.327+00
5828,RECURRING_SUBSCRIPTION,TRIAL,2026-01-03 02:42:19.277+00
6807,RECURRING_SUBSCRIPTION,TRIAL,2026-01-03 03:30:59.815+00
4698,RECURRING_SUBSCRIPTION,WARM_LEAD,2026-01-03 05:07:04.477+00
9813,LEAD,WARM_LEAD,2026-01-04 12:58:52.297+00
9805,LEAD,WARM_LEAD,2026-01-04 13:12:08.728+00
9788,LEAD,WARM_LEAD,2026-01-04 15:40:30.965+00
8261,RECURRING_SUBSCRIPTION,TRIAL,2026-01-05 15:03:09.369+00
7324,RECURRING_SUBSCRIPTION,WARM_LEAD,2026-01-05 15:11:38.698+00
9782,RECURRING_SUBSCRIPTION,WARM_LEAD,2026-01-05 15:39:35.16+00
6818,RECURRING_SUBSCRIPTION,CHURN,2026-01-05 16:32:01.307+00
2188,RECURRING_SUBSCRIPTION,TRIAL,2026-01-05 16:43:01.011+00
9491,RECURRING_SUBSCRIPTION,TRIAL,2026-01-05 17:30:50.752+00
9744,WARM_LEAD,TRIAL,2026-01-05 17:41:05.565+00
9744,TRIAL,TRIAL,2026-01-05 17:41:41.373+00
7876,RECURRING_SUBSCRIPTION,CHURN,2026-01-05 17:57:41.214+00
9680,LEAD,WARM_LEAD,2026-01-05 18:35:15.92+00
8567,RECURRING_SUBSCRIPTION,CHURN,2026-01-05 19:34:59.549+00
9367,LEAD,WARM_LEAD,2026-01-05 19:59:15.68+00
2188,TRIAL,RECURRING_SUBSCRIPTION,2026-01-05 20:12:12.674+00
9885,LEAD,WARM_LEAD,2026-01-05 20:16:02.246+00
8117,RECURRING_SUBSCRIPTION,CHURN,2026-01-05 21:01:00.354+00
9736,LEAD,WARM_LEAD,2026-01-05 21:41:02.67+00
9871,LEAD,WARM_LEAD,2026-01-05 21:54:39.04+00
9065,LEAD,RECURRING_SUBSCRIPTION,2026-01-06 01:34:29.087+00
7963,RECURRING_SUBSCRIPTION,RECURRING_SUBSCRIPTION,2025-12-31 20:05:30.813+00
6502,RECURRING_SUBSCRIPTION,RECURRING_SUBSCRIPTION,2026-01-05 21:09:51.542+00
8685,RECURRING_SUBSCRIPTION,RECURRING_SUBSCRIPTION,2026-01-02 17:23:07.869+00
9725,RECURRING_SUBSCRIPTION,RECURRING_SUBSCRIPTION,2026-01-02 19:05:24.339+00
6491,WARM_LEAD,RECURRING_SUBSCRIPTION,2026-01-02 22:26:51.189+00
8986,ON_DEMAND_SUBSCRIPTION,WARM_LEAD,2026-01-06 03:37:10.54+00
9814,LEAD,WARM_LEAD,2026-01-06 10:32:40.288+00
9822,LEAD,WARM_LEAD,2026-01-06 12:20:00.177+00
8544,RECURRING_SUBSCRIPTION,TRIAL,2026-01-06 12:32:36.665+00
9884,LEAD,WARM_LEAD,2026-01-06 14:13:49.462+00
9196,LEAD,RECURRING_SUBSCRIPTION,2026-01-06 14:39:40.678+00
9859,LEAD,WARM_LEAD,2026-01-06 15:11:55.138+00
9891,LEAD,WARM_LEAD,2026-01-06 15:38:06.913+00
9891,WARM_LEAD,TRIAL,2026-01-06 17:07:18.253+00
9859,WARM_LEAD,ON_DEMAND_SUBSCRIPTION,2026-01-06 17:26:21.159+00
9872,LEAD,WARM_LEAD,2026-01-06 18:52:21.817+00
9859,ON_DEMAND_SUBSCRIPTION,WARM_LEAD,2026-01-06 20:25:45.306+00
9728,LEAD,WARM_LEAD,2026-01-06 20:28:26.66+00
9863,LEAD,WARM_LEAD,2026-01-06 20:58:15.51+00
6841,LEAD,WARM_LEAD,2026-01-06 21:15:01.328+00
6841,WARM_LEAD,ON_DEMAND_SUBSCRIPTION,2026-01-06 21:15:14.162+00
9899,LEAD,RECURRING_SUBSCRIPTION,2026-01-07 01:34:18.681+00
9901,LEAD,RECURRING_SUBSCRIPTION,2026-01-07 02:10:04.673+00
71,RECURRING_SUBSCRIPTION,CHURN,2026-01-07 07:31:16.176+00
211,CHURN,TRIAL,2026-01-07 07:48:55.926+00
8814,LEAD,RECURRING_SUBSCRIPTION,2026-01-07 12:57:22.376+00
9900,LEAD,WARM_LEAD,2026-01-07 14:18:31.938+00
6424,RECURRING_SUBSCRIPTION,CHURN,2026-01-07 15:07:04.117+00
1569,RECURRING_SUBSCRIPTION,CHURN,2026-01-07 15:16:55.792+00
9883,LEAD,WARM_LEAD,2026-01-07 16:12:37.793+00
9883,WARM_LEAD,WARM_LEAD,2026-01-07 16:12:38.356+00
8597,WARM_LEAD,ON_DEMAND_SUBSCRIPTION,2026-01-07 17:09:34.92+00
1892,RECURRING_SUBSCRIPTION,CHURN,2026-01-07 17:22:08.494+00
9896,LEAD,RECURRING_SUBSCRIPTION,2026-01-07 18:13:33.633+00
7922,LEAD,WARM_LEAD,2026-01-07 18:27:32.97+00
5110,RECURRING_SUBSCRIPTION,WARM_LEAD,2026-01-07 18:51:58.973+00
9902,LEAD,WARM_LEAD,2026-01-07 19:21:22.826+00
8122,LEAD,WARM_LEAD,2026-01-07 19:42:54.663+00
7050,LEAD,WARM_LEAD,2026-01-07 21:35:56.498+00
7050,WARM_LEAD,ON_DEMAND_SUBSCRIPTION,2026-01-07 21:36:48.681+00
7717,RECURRING_SUBSCRIPTION,CHURN,2026-01-07 21:56:46.81+00
9446,RECURRING_SUBSCRIPTION,WARM_LEAD,2026-01-07 23:35:24.441+00
9906,LEAD,RECURRING_SUBSCRIPTION,2026-01-08 04:24:29.328+00
8889,RECURRING_SUBSCRIPTION,CHURN,2026-01-08 15:27:19.834+00
9494,LEAD,RECURRING_SUBSCRIPTION,2026-01-08 15:39:46.628+00
204,TRIAL,ON_DEMAND_SUBSCRIPTION,2026-01-08 15:55:48.664+00
9907,LEAD,WARM_LEAD,2026-01-08 16:07:02.865+00
9907,WARM_LEAD,TRIAL,2026-01-08 16:13:29.53+00
2903,RECURRING_SUBSCRIPTION,CHURN,2026-01-08 18:09:59.505+00
7175,WARM_LEAD,TRIAL,2026-01-08 20:03:06.392+00
8189,LEAD,WARM_LEAD,2026-01-08 20:13:50.235+00
7636,LEAD,WARM_LEAD,2026-01-08 20:20:05.322+00
7881,LEAD,WARM_LEAD,2026-01-08 20:53:25.068+00
7881,WARM_LEAD,ON_DEMAND_SUBSCRIPTION,2026-01-08 20:53:39.514+00
6837,LEAD,WARM_LEAD,2026-01-08 21:39:06.819+00
7508,RECURRING_SUBSCRIPTION,RECURRING_SUBSCRIPTION,2026-01-07 14:29:26.229+00
8682,RECURRING_SUBSCRIPTION,RECURRING_SUBSCRIPTION,2026-01-07 21:00:25.598+00
9649,RECURRING_SUBSCRIPTION,RECURRING_SUBSCRIPTION,2026-01-07 21:04:15.179+00
9649,RECURRING_SUBSCRIPTION,RECURRING_SUBSCRIPTION,2026-01-08 14:07:22.054+00
9831,RECURRING_SUBSCRIPTION,RECURRING_SUBSCRIPTION,2026-01-07 18:06:09.492+00
9831,RECURRING_SUBSCRIPTION,RECURRING_SUBSCRIPTION,2026-01-07 18:09:28.216+00
9831,RECURRING_SUBSCRIPTION,RECURRING_SUBSCRIPTION,2026-01-07 18:31:54.567+00
9803,LEAD,WARM_LEAD,2026-01-08 21:47:44.342+00
7456,RECURRING_SUBSCRIPTION,TRIAL,2026-01-08 21:51:05.788+00
7867,TRIAL,RECURRING_SUBSCRIPTION,2026-01-08 22:00:56.439+00
8523,LEAD,WARM_LEAD,2026-01-08 22:31:01.712+00
9389,RECURRING_SUBSCRIPTION,TRIAL,2026-01-09 00:51:28.702+00
7931,WARM_LEAD,RECURRING_SUBSCRIPTION,2026-01-09 01:07:50.342+00
9915,LEAD,WARM_LEAD,2026-01-09 16:49:48.259+00
9915,WARM_LEAD,ON_DEMAND_SUBSCRIPTION,2026-01-09 16:50:31.192+00
8165,LEAD,WARM_LEAD,2026-01-09 17:19:14.779+00
9783,LEAD,WARM_LEAD,2026-01-09 18:07:37.335+00
9783,WARM_LEAD,ON_DEMAND_SUBSCRIPTION,2026-01-09 18:08:15.28+00
6333,LEAD,WARM_LEAD,2026-01-09 18:31:01.267+00
2682,RECURRING_SUBSCRIPTION,WARM_LEAD,2026-01-09 18:44:12.822+00
9921,LEAD,WARM_LEAD,2026-01-09 20:19:59.435+00
9921,WARM_LEAD,ON_DEMAND_SUBSCRIPTION,2026-01-09 20:20:14.489+00
9922,LEAD,WARM_LEAD,2026-01-09 20:21:33.162+00
9924,LEAD,WARM_LEAD,2026-01-09 20:49:42.319+00
9924,WARM_LEAD,WARM_LEAD,2026-01-09 20:50:25.618+00
9301,WARM_LEAD,RECURRING_SUBSCRIPTION,2026-01-10 20:50:38.882+00
5445,RECURRING_SUBSCRIPTION,CHURN,2026-01-11 09:15:35.264+00
2618,COLD_LEAD,WARM_LEAD,2026-01-11 15:35:53.013+00
2618,WARM_LEAD,TRIAL,2026-01-11 15:46:07.396+00
9610,WARM_LEAD,RECURRING_SUBSCRIPTION,2026-01-11 17:00:19.526+00
2097,RECURRING_SUBSCRIPTION,CHURN,2026-01-12 09:02:39.021+00
9914,LEAD,WARM_LEAD,2026-01-12 13:56:44.94+00
9822,RECURRING_SUBSCRIPTION,WARM_LEAD,2026-01-12 14:12:28.597+00
9938,LEAD,WARM_LEAD,2026-01-12 14:23:52.123+00
9938,WARM_LEAD,ON_DEMAND_SUBSCRIPTION,2026-01-12 14:24:56.104+00
9945,LEAD,RECURRING_SUBSCRIPTION,2026-01-12 14:25:49.882+00
9938,ON_DEMAND_SUBSCRIPTION,TRIAL,2026-01-12 14:28:02.498+00
7931,RECURRING_SUBSCRIPTION,WARM_LEAD,2026-01-12 14:58:56.411+00
8911,RECURRING_SUBSCRIPTION,WARM_LEAD,2026-01-12 14:59:15.266+00
7652,RECURRING_SUBSCRIPTION,ON_DEMAND_SUBSCRIPTION,2026-01-12 16:37:44.294+00
9942,LEAD,WARM_LEAD,2026-01-12 16:49:21.79+00
7902,RECURRING_SUBSCRIPTION,CHURN,2026-01-12 17:27:41.136+00
247,LEAD,COLD_LEAD,2024-01-21 21:28:13.423+00
251,LEAD,COLD_LEAD,2024-01-21 21:28:49.961+00
408,LEAD,COLD_LEAD,2024-01-21 21:29:30.025+00
226,LEAD,COLD_LEAD,2024-01-21 21:29:56.937+00
229,LEAD,COLD_LEAD,2024-01-21 21:31:02.794+00
234,LEAD,COLD_LEAD,2024-01-21 21:33:18.368+00
497,LEAD,COLD_LEAD,2024-01-21 21:33:37.112+00
240,LEAD,COLD_LEAD,2024-01-21 21:34:12.15+00
241,LEAD,COLD_LEAD,2024-01-21 21:34:41.327+00
242,LEAD,COLD_LEAD,2024-01-21 21:35:04.153+00
244,LEAD,COLD_LEAD,2024-01-21 21:35:26.546+00
245,LEAD,COLD_LEAD,2024-01-21 21:36:05.222+00
256,LEAD,COLD_LEAD,2024-01-21 21:36:25.458+00
252,LEAD,COLD_LEAD,2024-01-21 21:36:47.84+00
276,LEAD,COLD_LEAD,2024-01-21 21:37:30.213+00
279,LEAD,COLD_LEAD,2024-01-21 21:38:32.439+00
9939,LEAD,WARM_LEAD,2026-01-12 17:50:49.376+00
9835,TRIAL,RECURRING_SUBSCRIPTION,2026-01-12 17:52:22.271+00
7299,WARM_LEAD,ON_DEMAND_SUBSCRIPTION,2026-01-12 18:07:31.885+00
7504,LEAD,WARM_LEAD,2026-01-12 20:14:55.826+00
7504,WARM_LEAD,ON_DEMAND_SUBSCRIPTION,2026-01-12 20:15:14.313+00
9872,WARM_LEAD,TRIAL,2026-01-12 20:55:03.414+00
9281,RECURRING_SUBSCRIPTION,WARM_LEAD,2026-01-12 21:09:47.767+00
9947,LEAD,WARM_LEAD,2026-01-12 21:14:27.544+00
9925,LEAD,WARM_LEAD,2026-01-12 22:01:52.378+00
748,RECURRING_SUBSCRIPTION,ON_DEMAND_SUBSCRIPTION,2026-01-12 22:51:19.574+00
9690,RECURRING_SUBSCRIPTION,WARM_LEAD,2026-01-12 22:55:34.198+00
6993,RECURRING_SUBSCRIPTION,TRIAL,2026-01-12 23:08:53.437+00
1966,RECURRING_SUBSCRIPTION,CHURN,2026-01-12 23:11:00.696+00
8321,RECURRING_SUBSCRIPTION,CHURN,2026-01-12 23:45:15.207+00
9961,LEAD,RECURRING_SUBSCRIPTION,2026-01-13 00:12:25.518+00
9946,LEAD,WARM_LEAD,2026-01-13 00:34:10.462+00
2556,TRIAL,RECURRING_SUBSCRIPTION,2026-01-13 00:45:32.778+00
9953,LEAD,WARM_LEAD,2026-01-13 01:04:21.813+00
533,CHURN,RECURRING_SUBSCRIPTION,2026-01-13 06:30:48.862+00
9835,RECURRING_SUBSCRIPTION,TRIAL,2026-01-13 10:07:57.461+00
6444,RECURRING_SUBSCRIPTION,CHURN,2026-01-13 15:10:25.669+00
9972,LEAD,RECURRING_SUBSCRIPTION,2026-01-13 15:50:35.171+00
7489,RECURRING_SUBSCRIPTION,TRIAL,2026-01-13 16:42:24.121+00
533,RECURRING_SUBSCRIPTION,WARM_LEAD,2026-01-13 16:59:51.267+00
9970,LEAD,WARM_LEAD,2026-01-13 18:16:17.517+00
9379,LEAD,WARM_LEAD,2026-01-13 18:52:02.033+00
9728,WARM_LEAD,ON_DEMAND_SUBSCRIPTION,2026-01-13 18:57:46.408+00
9379,WARM_LEAD,TRIAL,2026-01-13 19:01:15.244+00
9974,LEAD,WARM_LEAD,2026-01-13 20:25:44.645+00
9974,WARM_LEAD,TRIAL,2026-01-13 20:35:33.194+00
8170,RECURRING_SUBSCRIPTION,CHURN,2026-01-13 22:07:12.246+00
9919,LEAD,WARM_LEAD,2026-01-13 22:31:39.246+00
9919,WARM_LEAD,ON_DEMAND_SUBSCRIPTION,2026-01-13 22:31:45.961+00
1045,RECURRING_SUBSCRIPTION,CHURN,2026-01-14 00:22:04.581+00
8260,RECURRING_SUBSCRIPTION,CHURN,2026-01-14 01:21:56.153+00
9977,LEAD,WARM_LEAD,2026-01-14 17:22:42.306+00
9939,RECURRING_SUBSCRIPTION,RECURRING_SUBSCRIPTION,2026-01-12 18:56:14.915+00
6491,ON_DEMAND_SUBSCRIPTION,RECURRING_SUBSCRIPTION,2026-01-02 22:19:14.682+00
4145,ON_DEMAND_SUBSCRIPTION,RECURRING_SUBSCRIPTION,2025-12-15 17:40:26.129+00
1978,RECURRING_SUBSCRIPTION,RECURRING_SUBSCRIPTION,2026-01-13 17:07:25.465+00
853,TRIAL,RECURRING_SUBSCRIPTION,2026-01-12 12:43:50.944+00
1727,ON_DEMAND_SUBSCRIPTION,RECURRING_SUBSCRIPTION,2025-12-18 09:43:21.396+00
2682,TRIAL,RECURRING_SUBSCRIPTION,2026-01-09 18:13:17.589+00
3107,FREE_TRIAL,RECURRING_SUBSCRIPTION,2026-01-06 22:40:55.841+00
4698,FREE_TRIAL,RECURRING_SUBSCRIPTION,2025-12-23 21:07:15.199+00
5058,FREE_TRIAL,RECURRING_SUBSCRIPTION,2026-01-06 23:19:39.504+00
9213,WARM_LEAD,RECURRING_SUBSCRIPTION,2026-01-09 00:28:52.992+00
9389,WARM_LEAD,RECURRING_SUBSCRIPTION,2025-12-29 15:19:02.254+00
9491,WARM_LEAD,RECURRING_SUBSCRIPTION,2025-12-16 22:04:06.992+00
9618,WARM_LEAD,RECURRING_SUBSCRIPTION,2025-12-24 20:13:15.945+00
9714,WARM_LEAD,RECURRING_SUBSCRIPTION,2025-12-16 20:19:39.556+00
9728,ON_DEMAND_SUBSCRIPTION,RECURRING_SUBSCRIPTION,2026-01-13 19:50:31.791+00
9788,WARM_LEAD,RECURRING_SUBSCRIPTION,2026-01-08 21:52:46.287+00
9803,WARM_LEAD,RECURRING_SUBSCRIPTION,2026-01-08 21:48:26.157+00
9805,WARM_LEAD,RECURRING_SUBSCRIPTION,2026-01-08 21:44:57.415+00
9813,WARM_LEAD,RECURRING_SUBSCRIPTION,2026-01-08 21:50:53.261+00
9814,WARM_LEAD,RECURRING_SUBSCRIPTION,2026-01-08 21:58:35.814+00
9822,WARM_LEAD,RECURRING_SUBSCRIPTION,2026-01-08 21:54:41.135+00
9835,TRIAL,RECURRING_SUBSCRIPTION,2026-01-14 08:07:40.859+00
8811,WARM_LEAD,RECURRING_SUBSCRIPTION,2025-12-16 10:53:32.343+00
7058,WARM_LEAD,RECURRING_SUBSCRIPTION,2025-12-18 16:51:44.328+00
7175,TRIAL,RECURRING_SUBSCRIPTION,2026-01-08 20:06:20.789+00
7299,ON_DEMAND_SUBSCRIPTION,RECURRING_SUBSCRIPTION,2026-01-12 18:07:58.367+00
8685,ON_DEMAND_SUBSCRIPTION,RECURRING_SUBSCRIPTION,2026-01-01 20:18:32.446+00
8775,WARM_LEAD,RECURRING_SUBSCRIPTION,2025-12-12 16:13:36.703+00
9151,WARM_LEAD,RECURRING_SUBSCRIPTION,2026-01-05 17:57:03.833+00
9530,WARM_LEAD,RECURRING_SUBSCRIPTION,2025-12-18 17:48:52.715+00
9575,WARM_LEAD,RECURRING_SUBSCRIPTION,2026-01-02 17:06:31.283+00
9625,WARM_LEAD,RECURRING_SUBSCRIPTION,2025-12-11 17:00:59.932+00
9690,WARM_LEAD,RECURRING_SUBSCRIPTION,2025-12-12 19:04:04.242+00
9783,ON_DEMAND_SUBSCRIPTION,RECURRING_SUBSCRIPTION,2026-01-09 18:19:44.146+00
9831,WARM_LEAD,RECURRING_SUBSCRIPTION,2026-01-07 17:52:49.489+00
9948,LEAD,WARM_LEAD,2026-01-14 17:51:13.748+00
8071,RECURRING_SUBSCRIPTION,TRIAL,2026-01-14 17:54:56.931+00
86,LEAD,COLD_LEAD,2024-01-04 11:11:32.838+00
9,LEAD,COLD_LEAD,2024-01-04 11:11:41.462+00
70,LEAD,COLD_LEAD,2024-01-04 11:11:56.451+00
91,LEAD,COLD_LEAD,2024-01-05 09:11:24.332+00
113,LEAD,COLD_LEAD,2024-01-05 09:11:53.21+00
69,LEAD,COLD_LEAD,2024-01-05 09:13:15.417+00
30,LEAD,COLD_LEAD,2024-01-05 09:13:23.677+00
33,LEAD,COLD_LEAD,2024-01-05 09:13:34.474+00
37,LEAD,COLD_LEAD,2024-01-05 09:14:10.867+00
416,LEAD,COLD_LEAD,2024-01-05 09:14:37.248+00
374,LEAD,COLD_LEAD,2024-01-05 09:15:39.065+00
374,COLD_LEAD,COLD_LEAD,2024-01-05 09:16:35.904+00
274,LEAD,COLD_LEAD,2024-01-05 09:16:54.116+00
333,LEAD,COLD_LEAD,2024-01-05 09:18:07.731+00
207,RECURRING_SUBSCRIPTION,CHURN,2024-01-07 19:59:48.292+00
525,LEAD,COLD_LEAD,2024-01-10 16:46:46.763+00
528,LEAD,COLD_LEAD,2024-01-10 16:47:16.365+00
529,LEAD,COLD_LEAD,2024-01-10 16:49:28.541+00
530,LEAD,COLD_LEAD,2024-01-10 17:11:55.566+00
387,RECURRING_SUBSCRIPTION,CHURN,2024-01-10 18:30:04.758+00
82,RECURRING_SUBSCRIPTION,CHURN,2024-01-10 18:31:19.758+00
115,RECURRING_SUBSCRIPTION,CHURN,2024-01-11 17:05:31.086+00
544,LEAD,COLD_LEAD,2024-01-16 12:23:47.433+00
546,LEAD,COLD_LEAD,2024-01-16 12:38:10.852+00
395,RECURRING_SUBSCRIPTION,CHURN,2024-01-17 12:17:32.66+00
390,RECURRING_SUBSCRIPTION,CHURN,2024-01-17 12:18:08.81+00
409,LEAD,COLD_LEAD,2024-01-17 12:44:17.739+00
200,LEAD,COLD_LEAD,2024-01-17 12:47:07.765+00
137,LEAD,COLD_LEAD,2024-01-17 12:56:03.555+00
250,LEAD,COLD_LEAD,2024-01-17 13:48:15.671+00
129,LEAD,COLD_LEAD,2024-01-17 13:49:15.175+00
298,LEAD,COLD_LEAD,2024-01-17 14:08:14.88+00
395,RECURRING_SUBSCRIPTION,CHURN,2024-01-18 19:51:33.729+00
61,LEAD,COLD_LEAD,2024-01-21 09:13:24.54+00
76,LEAD,COLD_LEAD,2024-01-21 21:03:11.321+00
258,LEAD,COLD_LEAD,2024-01-21 21:05:59.832+00
87,LEAD,COLD_LEAD,2024-01-21 21:08:38.703+00
134,LEAD,COLD_LEAD,2024-01-21 21:10:26.527+00
220,LEAD,COLD_LEAD,2024-01-21 21:11:59.097+00
249,LEAD,COLD_LEAD,2024-01-21 21:12:24.988+00
83,LEAD,COLD_LEAD,2024-01-21 21:12:39.107+00
203,LEAD,COLD_LEAD,2024-01-21 21:13:16.277+00
186,LEAD,COLD_LEAD,2024-01-21 21:13:42.566+00
153,LEAD,COLD_LEAD,2024-01-21 21:14:24.799+00
205,LEAD,COLD_LEAD,2024-01-21 21:14:45.77+00
210,LEAD,COLD_LEAD,2024-01-21 21:15:23.102+00
329,LEAD,COLD_LEAD,2024-01-21 21:15:58.769+00
222,LEAD,COLD_LEAD,2024-01-21 21:16:23.69+00
216,LEAD,COLD_LEAD,2024-01-21 21:16:46.027+00
224,LEAD,COLD_LEAD,2024-01-21 21:17:13.438+00
462,LEAD,COLD_LEAD,2024-01-21 21:19:19.631+00
462,COLD_LEAD,COLD_LEAD,2024-01-21 21:19:34.7+00
165,LEAD,COLD_LEAD,2024-01-21 21:19:52.579+00
144,LEAD,COLD_LEAD,2024-01-21 21:20:20.191+00
175,LEAD,COLD_LEAD,2024-01-21 21:20:49.074+00
177,LEAD,COLD_LEAD,2024-01-21 21:21:10.494+00
193,LEAD,COLD_LEAD,2024-01-21 21:21:35.97+00
178,LEAD,COLD_LEAD,2024-01-21 21:22:03.096+00
180,LEAD,COLD_LEAD,2024-01-21 21:22:30.176+00
188,LEAD,COLD_LEAD,2024-01-21 21:22:56.284+00
192,LEAD,COLD_LEAD,2024-01-21 21:25:04.534+00
197,LEAD,COLD_LEAD,2024-01-21 21:25:34.702+00
197,COLD_LEAD,COLD_LEAD,2024-01-21 21:26:20.642+00
202,LEAD,COLD_LEAD,2024-01-21 21:27:02.56+00
202,COLD_LEAD,COLD_LEAD,2024-01-21 21:27:21.573+00
215,LEAD,COLD_LEAD,2024-01-21 21:27:42.602+00
9925,WARM_LEAD,RECURRING_SUBSCRIPTION,2026-01-12 22:20:54.624+00
9939,WARM_LEAD,RECURRING_SUBSCRIPTION,2026-01-12 18:26:29.094+00
9947,WARM_LEAD,RECURRING_SUBSCRIPTION,2026-01-12 21:27:57.25+00
9977,WARM_LEAD,RECURRING_SUBSCRIPTION,2026-01-14 17:47:11.425+00
338,LEAD,COLD_LEAD,2024-01-21 21:39:12.166+00
474,LEAD,COLD_LEAD,2024-01-23 21:08:14.263+00
576,LEAD,COLD_LEAD,2024-01-23 21:08:27.447+00
574,LEAD,COLD_LEAD,2024-01-23 21:08:41.183+00
266,LEAD,COLD_LEAD,2024-01-23 21:09:21.418+00
271,LEAD,COLD_LEAD,2024-01-23 21:09:31.71+00
267,LEAD,COLD_LEAD,2024-01-23 21:09:45.01+00
566,LEAD,COLD_LEAD,2024-01-23 21:10:07.236+00
570,LEAD,COLD_LEAD,2024-01-23 21:10:27.609+00
507,LEAD,COLD_LEAD,2024-01-23 21:10:41.835+00
285,LEAD,COLD_LEAD,2024-01-23 21:10:56.646+00
424,LEAD,COLD_LEAD,2024-01-23 21:11:09.21+00
411,LEAD,COLD_LEAD,2024-01-23 21:12:07.804+00
403,LEAD,COLD_LEAD,2024-01-23 21:12:22.124+00
367,LEAD,COLD_LEAD,2024-01-23 21:12:35.974+00
561,LEAD,COLD_LEAD,2024-01-23 21:12:52.701+00
402,LEAD,COLD_LEAD,2024-01-23 21:13:07.971+00
206,RECURRING_SUBSCRIPTION,CHURN,2024-01-31 14:01:48.46+00
612,LEAD,COLD_LEAD,2024-02-01 12:48:53.435+00
613,LEAD,COLD_LEAD,2024-02-01 12:49:13.521+00
233,RECURRING_SUBSCRIPTION,CHURN,2024-02-05 09:48:36.183+00
281,RECURRING_SUBSCRIPTION,CHURN,2024-02-05 09:58:56.263+00
510,RECURRING_SUBSCRIPTION,CHURN,2024-02-06 17:58:32.785+00
417,RECURRING_SUBSCRIPTION,CHURN,2024-02-18 12:49:46.871+00
315,RECURRING_SUBSCRIPTION,CHURN,2024-02-19 10:43:20.277+00
636,LEAD,COLD_LEAD,2024-02-26 07:55:05.149+00
690,LEAD,COLD_LEAD,2024-02-26 07:58:56.052+00
577,LEAD,COLD_LEAD,2024-02-26 07:59:46.753+00
208,RECURRING_SUBSCRIPTION,FROZEN,2024-02-26 14:22:43.308+00
63,RECURRING_SUBSCRIPTION,FROZEN,2024-02-26 14:22:58.534+00
96,RECURRING_SUBSCRIPTION,FROZEN,2024-02-26 14:23:29.417+00
17,RECURRING_SUBSCRIPTION,FROZEN,2024-02-26 14:24:54.78+00
539,LEAD,COLD_LEAD,2024-02-28 11:20:00.446+00
665,LEAD,COLD_LEAD,2024-02-28 11:20:54.137+00
63,RECURRING_SUBSCRIPTION,FROZEN,2024-03-04 17:47:48.412+00
714,LEAD,COLD_LEAD,2024-03-04 20:52:50.775+00
689,LEAD,COLD_LEAD,2024-03-04 20:53:40.175+00
208,FROZEN,CHURN,2024-03-06 08:53:17.3+00
757,LEAD,COLD_LEAD,2024-03-13 17:10:08.058+00
729,LEAD,COLD_LEAD,2024-03-13 17:11:09.001+00
729,COLD_LEAD,COLD_LEAD,2024-03-13 17:11:20.425+00
784,LEAD,COLD_LEAD,2024-03-17 18:12:34.448+00
63,RECURRING_SUBSCRIPTION,FROZEN,2024-03-19 08:39:20.792+00
25,ON_DEMAND_SUBSCRIPTION,FROZEN,2024-03-19 08:40:59.3+00
80,FROZEN,CHURN,2024-03-19 13:09:11.04+00
96,FROZEN,CHURN,2024-03-19 13:25:17.712+00
19,FROZEN,CHURN,2024-03-19 13:26:04.187+00
17,FROZEN,CHURN,2024-03-19 13:26:56.129+00
92,FROZEN,CHURN,2024-03-19 13:27:39.748+00
254,FROZEN,CHURN,2024-03-19 13:28:06.57+00
166,FROZEN,CHURN,2024-03-19 13:28:35.558+00
185,FROZEN,CHURN,2024-03-19 13:28:57.843+00
170,FROZEN,CHURN,2024-03-19 13:29:26.701+00
282,FROZEN,CHURN,2024-03-19 13:29:49.569+00
63,FROZEN,CHURN,2024-03-19 13:30:13.431+00
295,FROZEN,CHURN,2024-03-19 14:05:56.669+00
785,LEAD,COLD_LEAD,2024-03-21 12:50:36.543+00
823,LEAD,COLD_LEAD,2024-03-26 06:58:31.213+00
228,LEAD,COLD_LEAD,2024-03-26 06:58:42.473+00
811,LEAD,COLD_LEAD,2024-03-26 06:59:44.933+00
810,LEAD,COLD_LEAD,2024-03-26 06:59:58.239+00
799,LEAD,COLD_LEAD,2024-03-26 08:11:28.311+00
777,LEAD,COLD_LEAD,2024-03-26 08:11:48.395+00
730,LEAD,COLD_LEAD,2024-03-26 08:12:03.127+00
718,LEAD,COLD_LEAD,2024-03-26 08:12:12.838+00
109,LEAD,COLD_LEAD,2024-03-26 08:12:26.187+00
803,LEAD,COLD_LEAD,2024-03-26 08:17:23.675+00
837,LEAD,COLD_LEAD,2024-03-27 17:48:59.897+00
281,TRIAL,CHURN,2024-03-28 21:08:04.889+00
236,RECURRING_SUBSCRIPTION,FROZEN,2024-04-01 13:19:40.94+00
752,RECURRING_SUBSCRIPTION,FROZEN,2024-04-01 15:55:26.755+00
132,LEAD,COLD_LEAD,2024-04-02 06:35:20.097+00
861,LEAD,COLD_LEAD,2024-04-02 06:40:35.708+00
435,RECURRING_SUBSCRIPTION,FROZEN,2024-04-06 16:28:36.113+00
420,RECURRING_SUBSCRIPTION,CHURN,2024-04-07 10:51:23.459+00
327,RECURRING_SUBSCRIPTION,FROZEN,2024-04-07 12:44:01.979+00
327,FROZEN,CHURN,2024-04-07 12:46:14.792+00
939,LEAD,COLD_LEAD,2024-04-08 21:49:10.749+00
508,RECURRING_SUBSCRIPTION,CHURN,2024-04-09 11:02:03.096+00
169,RECURRING_SUBSCRIPTION,CHURN,2024-04-10 13:37:39.878+00
169,CHURN,FROZEN,2024-04-10 15:50:58.446+00
974,LEAD,COLD_LEAD,2024-04-11 09:11:06.125+00
388,RECURRING_SUBSCRIPTION,CHURN,2024-04-11 12:06:44.062+00
978,LEAD,COLD_LEAD,2024-04-11 16:14:58.662+00
907,LEAD,COLD_LEAD,2024-04-14 10:50:23.738+00
997,LEAD,COLD_LEAD,2024-04-14 10:50:30.338+00
838,LEAD,COLD_LEAD,2024-04-14 15:30:48.337+00
839,LEAD,COLD_LEAD,2024-04-14 15:31:05.642+00
853,LEAD,COLD_LEAD,2024-04-14 15:31:17.746+00
876,LEAD,COLD_LEAD,2024-04-14 15:31:25.501+00
903,LEAD,COLD_LEAD,2024-04-14 15:31:36.014+00
905,LEAD,COLD_LEAD,2024-04-14 15:31:44.66+00
920,LEAD,COLD_LEAD,2024-04-14 15:31:53.266+00
929,LEAD,COLD_LEAD,2024-04-14 15:32:02.065+00
958,LEAD,COLD_LEAD,2024-04-14 15:32:10.601+00
977,LEAD,COLD_LEAD,2024-04-14 15:32:17.629+00
1006,LEAD,COLD_LEAD,2024-04-14 15:32:25.409+00
851,LEAD,COLD_LEAD,2024-04-14 15:34:55.157+00
860,LEAD,COLD_LEAD,2024-04-14 15:35:02.315+00
885,LEAD,COLD_LEAD,2024-04-14 15:35:10.276+00
891,LEAD,COLD_LEAD,2024-04-14 15:35:17.645+00
909,LEAD,COLD_LEAD,2024-04-14 15:35:25.123+00
914,LEAD,COLD_LEAD,2024-04-14 15:35:38.597+00
922,LEAD,COLD_LEAD,2024-04-14 15:35:49.357+00
950,LEAD,COLD_LEAD,2024-04-14 15:40:32.592+00
979,LEAD,COLD_LEAD,2024-04-14 15:40:52.925+00
963,LEAD,COLD_LEAD,2024-04-14 15:46:17.953+00
1007,LEAD,COLD_LEAD,2024-04-14 15:46:25.82+00
1008,LEAD,COLD_LEAD,2024-04-14 15:46:35.343+00
1009,LEAD,COLD_LEAD,2024-04-14 15:46:45.888+00
115,TRIAL,CHURN,2024-04-14 16:18:43.432+00
19,RECURRING_SUBSCRIPTION,CHURN,2024-04-17 07:37:45.645+00
19,RECURRING_SUBSCRIPTION,CHURN,2024-04-17 07:41:12.137+00
19,RECURRING_SUBSCRIPTION,CHURN,2024-04-18 16:03:36.633+00
1036,LEAD,COLD_LEAD,2024-04-21 17:21:10.065+00
63,RECURRING_SUBSCRIPTION,CHURN,2024-04-24 09:28:59.674+00
143,RECURRING_SUBSCRIPTION,CHURN,2024-04-26 10:18:11.51+00
964,LEAD,COLD_LEAD,2024-04-30 08:40:29.012+00
1060,LEAD,COLD_LEAD,2024-04-30 08:40:36.664+00
231,RECURRING_SUBSCRIPTION,CHURN,2024-04-30 15:01:13.396+00
19,RECURRING_SUBSCRIPTION,CHURN,2024-04-30 16:06:20.958+00
331,ON_DEMAND_SUBSCRIPTION,TRIAL,2024-05-02 10:18:37.317+00
102,RECURRING_SUBSCRIPTION,TRIAL,2024-05-02 14:50:16.228+00
1112,LEAD,COLD_LEAD,2024-05-02 15:08:42.868+00
805,RECURRING_SUBSCRIPTION,TRIAL,2024-05-02 17:22:31.49+00
169,FROZEN,CHURN,2024-05-03 07:13:29.004+00
550,RECURRING_SUBSCRIPTION,TRIAL,2024-05-05 07:09:24.712+00
366,ON_DEMAND_SUBSCRIPTION,TRIAL,2024-05-05 15:51:47.263+00
1026,LEAD,COLD_LEAD,2024-05-07 09:27:48.123+00
1024,LEAD,COLD_LEAD,2024-05-07 09:31:33.065+00
1056,LEAD,COLD_LEAD,2024-05-07 09:57:10.281+00
1104,LEAD,COLD_LEAD,2024-05-07 10:03:27.237+00
1150,LEAD,COLD_LEAD,2024-05-07 10:04:57.421+00
1186,LEAD,COLD_LEAD,2024-05-08 09:06:30.028+00
381,RECURRING_SUBSCRIPTION,CHURN,2024-05-08 09:09:53.915+00
1175,LEAD,COLD_LEAD,2024-05-08 09:48:09.031+00
1227,LEAD,COLD_LEAD,2024-05-15 17:52:10.738+00
223,RECURRING_SUBSCRIPTION,CHURN,2024-05-19 09:34:10.128+00
1239,LEAD,COLD_LEAD,2024-05-19 12:32:30.073+00
967,RECURRING_SUBSCRIPTION,TRIAL,2024-05-20 08:56:14.889+00
223,CHURN,TRIAL,2024-05-20 09:26:08.788+00
690,RECURRING_SUBSCRIPTION,CHURN,2024-05-20 14:15:18.76+00
130,RECURRING_SUBSCRIPTION,CHURN,2024-05-20 17:21:43.38+00
68,RECURRING_SUBSCRIPTION,CHURN,2024-05-20 17:22:27.658+00
1241,LEAD,COLD_LEAD,2024-05-21 13:29:15.702+00
365,RECURRING_SUBSCRIPTION,CHURN,2024-05-22 13:21:38.478+00
1233,WARM_LEAD,TRIAL,2024-05-22 14:03:05.015+00
1245,LEAD,COLD_LEAD,2024-05-22 15:01:13.051+00
1251,WARM_LEAD,TRIAL,2024-05-23 11:36:20.433+00
733,RECURRING_SUBSCRIPTION,TRIAL,2024-05-23 13:14:20.537+00
1036,WARM_LEAD,TRIAL,2024-05-23 13:16:47.377+00
1248,LEAD,COLD_LEAD,2024-05-24 15:44:30.338+00
1200,LEAD,COLD_LEAD,2024-05-26 07:13:38.473+00
1032,LEAD,COLD_LEAD,2024-05-26 07:14:48.251+00
1135,LEAD,COLD_LEAD,2024-05-26 07:15:22.3+00
1030,LEAD,COLD_LEAD,2024-05-26 07:16:46.676+00
1031,LEAD,COLD_LEAD,2024-05-26 07:17:36.525+00
1035,LEAD,COLD_LEAD,2024-05-26 07:18:59.798+00
1037,LEAD,COLD_LEAD,2024-05-26 07:19:07.275+00
1048,LEAD,COLD_LEAD,2024-05-26 07:19:47.628+00
1090,LEAD,COLD_LEAD,2024-05-26 07:21:15.936+00
1167,LEAD,COLD_LEAD,2024-05-26 07:23:39.161+00
1179,LEAD,COLD_LEAD,2024-05-26 07:25:06.609+00
1187,LEAD,COLD_LEAD,2024-05-26 07:25:57.618+00
1163,LEAD,COLD_LEAD,2024-05-26 07:28:42.376+00
1234,LEAD,COLD_LEAD,2024-05-26 10:10:17.746+00
1050,LEAD,COLD_LEAD,2024-05-26 10:16:03.258+00
1203,LEAD,COLD_LEAD,2024-05-26 10:53:42.758+00
1232,LEAD,COLD_LEAD,2024-05-26 11:09:47.741+00
752,RECURRING_SUBSCRIPTION,CHURN,2024-05-26 14:58:56.862+00
63,CHURN,TRIAL,2024-05-28 11:12:20.833+00
1265,LEAD,COLD_LEAD,2024-05-28 11:15:47.999+00
63,TRIAL,CHURN,2024-05-28 11:38:37.916+00
883,RECURRING_SUBSCRIPTION,CHURN,2024-05-29 16:34:34.456+00
1276,WARM_LEAD,TRIAL,2024-05-30 16:41:45.431+00
849,ON_DEMAND_SUBSCRIPTION,TRIAL,2024-06-02 10:02:14.06+00
721,RECURRING_SUBSCRIPTION,CHURN,2024-06-02 10:08:09.043+00
1192,LEAD,COLD_LEAD,2024-06-02 14:40:23.738+00
1219,LEAD,COLD_LEAD,2024-06-02 15:34:08.11+00
1164,LEAD,COLD_LEAD,2024-06-02 15:35:12.405+00
677,RECURRING_SUBSCRIPTION,TRIAL,2024-06-03 09:21:41.277+00
711,CHURN,TRIAL,2024-06-05 13:57:01.563+00
726,CHURN,TRIAL,2024-06-05 13:57:46.521+00
457,CHURN,TRIAL,2024-06-05 13:59:33.481+00
551,CHURN,TRIAL,2024-06-05 13:59:46.011+00
282,CHURN,TRIAL,2024-06-05 14:03:34.113+00
4,RECURRING_SUBSCRIPTION,CHURN,2024-06-09 09:49:36.991+00
133,RECURRING_SUBSCRIPTION,CHURN,2024-06-13 13:06:33.653+00
1381,LEAD,COLD_LEAD,2024-06-13 15:58:27.231+00
1382,LEAD,COLD_LEAD,2024-06-13 15:58:35.08+00
1388,LEAD,COLD_LEAD,2024-06-16 16:33:12.425+00
1390,LEAD,COLD_LEAD,2024-06-17 08:53:47.241+00
1390,COLD_LEAD,COLD_LEAD,2024-06-17 08:59:52.665+00
209,RECURRING_SUBSCRIPTION,CHURN,2024-06-17 11:44:53.51+00
1209,LEAD,COLD_LEAD,2024-06-17 13:21:24.726+00
1237,LEAD,COLD_LEAD,2024-06-17 13:21:32.163+00
1259,LEAD,COLD_LEAD,2024-06-17 13:21:45.186+00
1402,LEAD,COLD_LEAD,2024-06-17 22:45:58.387+00
234,WARM_LEAD,TRIAL,2024-06-18 10:48:44.979+00
1376,RECURRING_SUBSCRIPTION,TRIAL,2024-06-18 11:41:13.904+00
1412,LEAD,COLD_LEAD,2024-06-18 15:13:53.718+00
1420,RECURRING_SUBSCRIPTION,TRIAL,2024-06-19 11:17:50.128+00
545,ON_DEMAND_SUBSCRIPTION,TRIAL,2024-06-19 16:56:35.768+00
557,ON_DEMAND_SUBSCRIPTION,TRIAL,2024-06-19 16:56:48.339+00
648,ON_DEMAND_SUBSCRIPTION,TRIAL,2024-06-19 16:57:54.647+00
703,ON_DEMAND_SUBSCRIPTION,TRIAL,2024-06-20 08:34:55.265+00
330,RECURRING_SUBSCRIPTION,CHURN,2024-06-20 12:08:30.904+00
1410,RECURRING_SUBSCRIPTION,TRIAL,2024-06-20 13:13:58.725+00
735,ON_DEMAND_SUBSCRIPTION,TRIAL,2024-06-21 09:35:27.841+00
292,RECURRING_SUBSCRIPTION,TRIAL,2024-06-22 12:19:26.338+00
1438,RECURRING_SUBSCRIPTION,TRIAL,2024-06-23 12:56:47.588+00
749,ON_DEMAND_SUBSCRIPTION,TRIAL,2024-06-24 09:00:46.758+00
1159,ON_DEMAND_SUBSCRIPTION,TRIAL,2024-06-24 09:02:37.888+00
554,CHURN,TRIAL,2024-06-24 09:16:55.807+00
1392,LEAD,COLD_LEAD,2024-06-25 08:41:03.187+00
1426,LEAD,COLD_LEAD,2024-06-25 08:41:23.481+00
753,ON_DEMAND_SUBSCRIPTION,TRIAL,2024-06-26 09:00:49.012+00
288,WARM_LEAD,TRIAL,2024-06-26 13:39:19.913+00
1465,LEAD,COLD_LEAD,2024-06-27 11:41:44.212+00
697,RECURRING_SUBSCRIPTION,TRIAL,2024-06-28 14:00:32.22+00
1472,LEAD,COLD_LEAD,2024-06-28 19:03:20.674+00
1471,LEAD,COLD_LEAD,2024-06-28 19:03:35.089+00
738,ON_DEMAND_SUBSCRIPTION,TRIAL,2024-07-01 14:33:39.301+00
770,ON_DEMAND_SUBSCRIPTION,TRIAL,2024-07-01 14:33:55.384+00
1444,RECURRING_SUBSCRIPTION,TRIAL,2024-07-02 12:17:21.726+00
138,RECURRING_SUBSCRIPTION,CHURN,2024-07-03 14:11:26.956+00
1503,WARM_LEAD,TRIAL,2024-07-04 14:15:48.658+00
1510,LEAD,COLD_LEAD,2024-07-07 11:14:57.794+00
1504,LEAD,COLD_LEAD,2024-07-07 11:51:45.422+00
1518,WARM_LEAD,TRIAL,2024-07-07 13:35:55.258+00
1503,RECURRING_SUBSCRIPTION,TRIAL,2024-07-08 07:06:37.878+00
1418,LEAD,COLD_LEAD,2024-07-08 15:19:33.72+00
665,ON_DEMAND_SUBSCRIPTION,TRIAL,2024-07-09 06:18:56.356+00
1438,RECURRING_SUBSCRIPTION,TRIAL,2024-07-09 11:37:13.448+00
82,RECURRING_SUBSCRIPTION,TRIAL,2024-07-11 09:30:48.224+00
1304,LEAD,COLD_LEAD,2024-07-15 14:52:42.565+00
1480,LEAD,COLD_LEAD,2024-07-15 15:47:42.884+00
1445,LEAD,COLD_LEAD,2024-07-15 15:48:54.848+00
1623,LEAD,COLD_LEAD,2024-07-15 15:49:29.262+00
1610,LEAD,COLD_LEAD,2024-07-15 15:49:47.079+00
1410,LEAD,COLD_LEAD,2024-07-15 15:54:12.498+00
1385,LEAD,COLD_LEAD,2024-07-15 15:54:34.001+00
1602,LEAD,COLD_LEAD,2024-07-15 16:04:24.037+00
2331,RECURRING_SUBSCRIPTION,WARM_LEAD,2024-12-26 11:46:06.225+00
2848,WARM_LEAD,TRIAL,2025-01-01 19:26:42.919+00
1643,LEAD,COLD_LEAD,2024-07-17 13:44:05.624+00
455,RECURRING_SUBSCRIPTION,CHURN,2024-07-18 16:13:30.918+00
74,RECURRING_SUBSCRIPTION,TRIAL,2024-07-20 17:02:48.344+00
1674,LEAD,COLD_LEAD,2024-07-22 09:49:42.154+00
1468,WARM_LEAD,TRIAL,2024-07-22 14:57:18.039+00
1692,LEAD,COLD_LEAD,2024-07-24 07:56:20.54+00
1696,LEAD,COLD_LEAD,2024-07-25 15:55:42.176+00
1695,LEAD,COLD_LEAD,2024-07-25 15:55:48.516+00
1681,LEAD,COLD_LEAD,2024-07-25 15:57:32.273+00
929,RECURRING_SUBSCRIPTION,TRIAL,2024-07-27 18:50:01.642+00
1703,RECURRING_SUBSCRIPTION,TRIAL,2024-07-28 09:50:45.36+00
63,CHURN,TRIAL,2024-07-29 09:16:45.648+00
231,RECURRING_SUBSCRIPTION,CHURN,2024-07-29 12:05:18.09+00
1702,WARM_LEAD,TRIAL,2024-07-29 13:24:34.088+00
11,RECURRING_SUBSCRIPTION,TRIAL,2024-07-31 17:58:07.638+00
1262,RECURRING_SUBSCRIPTION,TRIAL,2024-08-03 09:49:43.995+00
1234,WARM_LEAD,TRIAL,2024-08-05 12:36:42.66+00
1757,LEAD,COLD_LEAD,2024-08-05 13:18:03.616+00
1278,WARM_LEAD,COLD_LEAD,2024-08-07 14:43:13.079+00
498,RECURRING_SUBSCRIPTION,CHURN,2024-08-08 09:28:28.897+00
234,RECURRING_SUBSCRIPTION,TRIAL,2024-08-08 09:33:33.217+00
345,RECURRING_SUBSCRIPTION,CHURN,2024-08-08 09:43:45.213+00
345,CHURN,CHURN,2024-08-08 09:43:46.784+00
1862,LEAD,COLD_LEAD,2024-08-12 09:57:58.848+00
734,RECURRING_SUBSCRIPTION,CHURN,2024-08-15 10:14:45.218+00
734,CHURN,CHURN,2024-08-15 10:15:11.44+00
734,CHURN,CHURN,2024-08-15 10:15:12.358+00
25,FROZEN,CHURN,2024-08-18 12:03:56.937+00
1704,RECURRING_SUBSCRIPTION,WARM_LEAD,2024-08-19 05:40:00.653+00
17,RECURRING_SUBSCRIPTION,CHURN,2024-08-19 09:27:36.858+00
17,CHURN,CHURN,2024-08-19 09:27:38.576+00
1328,RECURRING_SUBSCRIPTION,TRIAL,2024-08-20 09:48:14.822+00
1233,RECURRING_SUBSCRIPTION,TRIAL,2024-08-21 14:09:51.314+00
1978,LEAD,COLD_LEAD,2024-08-26 16:35:08.429+00
1980,LEAD,COLD_LEAD,2024-08-26 16:37:22.362+00
1519,WARM_LEAD,LEAD,2024-08-27 09:37:32.676+00
284,RECURRING_SUBSCRIPTION,CHURN,2024-08-31 17:19:56.697+00
2013,RECURRING_SUBSCRIPTION,WARM_LEAD,2024-09-02 11:45:21.172+00
1164,WARM_LEAD,TRIAL,2024-09-03 09:26:26.663+00
498,RECURRING_SUBSCRIPTION,CHURN,2024-09-03 14:06:51.147+00
75,RECURRING_SUBSCRIPTION,CHURN,2024-09-17 08:13:33.416+00
227,RECURRING_SUBSCRIPTION,CHURN,2024-09-17 08:26:51.637+00
255,RECURRING_SUBSCRIPTION,CHURN,2024-09-17 08:29:35.511+00
272,RECURRING_SUBSCRIPTION,CHURN,2024-02-15 08:31:23.417+00
1536,RECURRING_SUBSCRIPTION,TRIAL,2024-09-18 14:04:08.897+00
2147,RECURRING_SUBSCRIPTION,TRIAL,2024-09-19 08:27:20.952+00
1855,WARM_LEAD,LEAD,2024-09-23 09:57:39.603+00
1855,LEAD,LEAD,2024-09-23 09:57:40.86+00
1978,WARM_LEAD,TRIAL,2024-09-24 09:57:49.094+00
334,RECURRING_SUBSCRIPTION,CHURN,2024-09-25 09:27:51.574+00
2228,LEAD,COLD_LEAD,2024-09-25 11:51:50.426+00
21,RECURRING_SUBSCRIPTION,CHURN,2024-10-07 07:51:50.245+00
2234,WARM_LEAD,TRIAL,2024-10-07 09:21:28.194+00
1733,RECURRING_SUBSCRIPTION,TRIAL,2024-10-07 17:24:01.823+00
2013,RECURRING_SUBSCRIPTION,TRIAL,2024-10-08 07:21:32.795+00
11,RECURRING_SUBSCRIPTION,CHURN,2024-10-09 06:25:11.976+00
549,RECURRING_SUBSCRIPTION,CHURN,2024-10-09 14:33:11.56+00
979,RECURRING_SUBSCRIPTION,WARM_LEAD,2024-10-09 23:20:05.218+00
67,RECURRING_SUBSCRIPTION,CHURN,2024-10-16 20:39:32.765+00
72,ON_DEMAND_SUBSCRIPTION,CHURN,2024-10-20 09:48:33.579+00
2247,RECURRING_SUBSCRIPTION,WARM_LEAD,2024-10-20 15:21:36.177+00
2372,WARM_LEAD,TRIAL,2024-10-22 08:18:31.173+00
2370,RECURRING_SUBSCRIPTION,WARM_LEAD,2024-10-22 11:14:15.531+00
2268,RECURRING_SUBSCRIPTION,TRIAL,2024-10-22 17:14:46.097+00
2328,RECURRING_SUBSCRIPTION,TRIAL,2024-10-27 12:16:50.481+00
2459,WARM_LEAD,TRIAL,2024-10-28 12:46:16.601+00
15,RECURRING_SUBSCRIPTION,CHURN,2024-11-07 10:10:27.599+00
2459,RECURRING_SUBSCRIPTION,WARM_LEAD,2024-11-07 10:35:27.413+00
2459,WARM_LEAD,LEAD,2024-11-07 10:35:36.224+00
2459,LEAD,LEAD,2024-11-07 10:35:37.405+00
1410,RECURRING_SUBSCRIPTION,WARM_LEAD,2024-11-07 11:43:30.337+00
1410,WARM_LEAD,LEAD,2024-11-07 11:43:41.679+00
1855,LEAD,COLD_LEAD,2024-11-10 12:19:43.957+00
1855,COLD_LEAD,COLD_LEAD,2024-11-10 12:19:47.019+00
1855,COLD_LEAD,COLD_LEAD,2024-11-10 12:19:48.578+00
1855,COLD_LEAD,COLD_LEAD,2024-11-10 12:19:48.727+00
1855,COLD_LEAD,COLD_LEAD,2024-11-10 12:19:48.858+00
2327,LEAD,COLD_LEAD,2024-11-10 13:02:05.686+00
2327,COLD_LEAD,COLD_LEAD,2024-11-10 13:02:07.563+00
2327,COLD_LEAD,COLD_LEAD,2024-11-10 13:02:08.529+00
2327,COLD_LEAD,COLD_LEAD,2024-11-10 13:02:08.669+00
2269,WARM_LEAD,TRIAL,2024-11-10 15:33:34.436+00
1410,WARM_LEAD,TRIAL,2024-11-10 16:01:42.418+00
2516,RECURRING_SUBSCRIPTION,WARM_LEAD,2024-11-11 10:05:34.665+00
2600,RECURRING_SUBSCRIPTION,TRIAL,2024-11-17 13:51:47.788+00
2476,RECURRING_SUBSCRIPTION,WARM_LEAD,2024-11-17 16:19:09.168+00
2512,RECURRING_SUBSCRIPTION,TRIAL,2024-11-18 14:23:03.4+00
2476,RECURRING_SUBSCRIPTION,LEAD,2024-11-19 12:57:10.236+00
2476,WARM_LEAD,TRIAL,2024-11-20 11:47:14.791+00
2512,RECURRING_SUBSCRIPTION,WARM_LEAD,2024-11-20 12:12:39.757+00
2247,LEAD,COLD_LEAD,2024-11-20 13:38:04.364+00
2642,RECURRING_SUBSCRIPTION,WARM_LEAD,2024-11-20 13:53:15.909+00
2438,RECURRING_SUBSCRIPTION,TRIAL,2024-11-21 13:33:47.695+00
2672,RECURRING_SUBSCRIPTION,TRIAL,2024-11-25 12:17:16.844+00
2544,WARM_LEAD,TRIAL,2024-11-27 09:28:32.382+00
601,RECURRING_SUBSCRIPTION,CHURN,2024-11-27 15:34:46.696+00
2693,WARM_LEAD,TRIAL,2024-11-27 17:27:10.357+00
2544,RECURRING_SUBSCRIPTION,WARM_LEAD,2024-11-28 08:36:24.776+00
2697,RECURRING_SUBSCRIPTION,TRIAL,2024-11-28 10:22:12.918+00
2715,WARM_LEAD,TRIAL,2024-12-05 10:54:05.987+00
2724,RECURRING_SUBSCRIPTION,TRIAL,2024-12-08 16:16:51.161+00
1297,RECURRING_SUBSCRIPTION,TRIAL,2024-12-15 12:07:10.861+00
1237,WARM_LEAD,TRIAL,2024-12-16 19:08:31.389+00
2805,WARM_LEAD,TRIAL,2024-12-18 15:40:30.731+00
2821,RECURRING_SUBSCRIPTION,TRIAL,2024-12-23 15:38:38.976+00
631,RECURRING_SUBSCRIPTION,CHURN,2024-12-25 14:16:58.108+00
2331,WARM_LEAD,LEAD,2024-12-26 11:59:43.708+00
2331,LEAD,LEAD,2024-12-26 11:59:44.78+00
796,FROZEN,CHURN,2025-01-05 17:49:43.912+00
2874,LEAD,COLD_LEAD,2025-01-08 19:33:08.72+00
2877,WARM_LEAD,LEAD,2025-01-09 10:01:53.164+00
2877,LEAD,LEAD,2025-01-09 10:01:54.483+00
2928,WARM_LEAD,TRIAL,2025-01-12 12:11:43.734+00
2865,WARM_LEAD,TRIAL,2025-01-12 12:29:13.908+00
2196,WARM_LEAD,TRIAL,2025-01-12 12:49:34.494+00
548,RECURRING_SUBSCRIPTION,CHURN,2025-01-12 12:56:10.247+00
1009,RECURRING_SUBSCRIPTION,CHURN,2025-01-18 11:18:00.189+00
82,RECURRING_SUBSCRIPTION,CHURN,2025-01-22 11:38:51.82+00
246,RECURRING_SUBSCRIPTION,CHURN,2025-01-22 13:37:34.446+00
2668,WARM_LEAD,LEAD,2025-01-26 11:30:58.841+00
2253,RECURRING_SUBSCRIPTION,CHURN,2025-01-26 12:38:38.697+00
1331,RECURRING_SUBSCRIPTION,CHURN,2025-01-26 13:55:57.839+00
2323,WARM_LEAD,TRIAL,2025-01-27 10:09:56.057+00
2439,RECURRING_SUBSCRIPTION,WARM_LEAD,2025-01-27 11:17:28.233+00
2544,RECURRING_SUBSCRIPTION,WARM_LEAD,2025-01-27 12:33:05.773+00
1668,WARM_LEAD,TRIAL,2025-01-27 15:06:33.135+00
2990,RECURRING_SUBSCRIPTION,WARM_LEAD,2025-01-30 10:30:13.502+00
2931,WARM_LEAD,TRIAL,2025-02-02 08:38:39.535+00
2841,RECURRING_SUBSCRIPTION,TRIAL,2025-02-02 09:05:39.711+00
1668,RECURRING_SUBSCRIPTION,WARM_LEAD,2025-02-03 10:49:18.171+00
1904,RECURRING_SUBSCRIPTION,CHURN,2025-02-05 11:28:42.721+00
2701,WARM_LEAD,TRIAL,2025-02-05 12:20:09.911+00
2788,WARM_LEAD,TRIAL,2025-02-06 14:45:32.385+00
3036,RECURRING_SUBSCRIPTION,WARM_LEAD,2025-02-06 16:25:30.206+00
3051,WARM_LEAD,TRIAL,2025-02-09 13:35:20.51+00
3083,WARM_LEAD,TRIAL,2025-02-09 15:38:52.809+00
3083,TRIAL,RECURRING_SUBSCRIPTION,2025-02-09 15:47:56.623+00
3083,RECURRING_SUBSCRIPTION,WARM_LEAD,2025-02-09 15:48:05.112+00
3078,LEAD,COLD_LEAD,2025-02-09 15:55:05.638+00
2955,WARM_LEAD,TRIAL,2025-02-09 16:26:19.24+00
2955,TRIAL,RECURRING_SUBSCRIPTION,2025-02-09 16:36:48.782+00
2955,RECURRING_SUBSCRIPTION,WARM_LEAD,2025-02-09 16:36:58.766+00
3083,WARM_LEAD,TRIAL,2025-02-09 17:06:15.222+00
3083,TRIAL,RECURRING_SUBSCRIPTION,2025-02-09 17:16:20.526+00
3083,RECURRING_SUBSCRIPTION,WARM_LEAD,2025-02-09 17:16:31.157+00
2406,RECURRING_SUBSCRIPTION,TRIAL,2025-02-12 14:14:57.796+00
2406,TRIAL,RECURRING_SUBSCRIPTION,2025-02-12 14:15:25.435+00
3028,WARM_LEAD,TRIAL,2025-02-12 14:16:36.343+00
3078,WARM_LEAD,TRIAL,2025-02-12 15:33:47.776+00
1304,WARM_LEAD,TRIAL,2025-02-16 12:54:43.563+00
1304,TRIAL,RECURRING_SUBSCRIPTION,2025-02-16 13:42:11.88+00
1733,TRIAL,ON_DEMAND_SUBSCRIPTION,2025-02-17 12:02:37.16+00
3131,WARM_LEAD,TRIAL,2025-02-17 12:32:25.036+00
3158,WARM_LEAD,RECURRING_SUBSCRIPTION,2025-02-23 12:59:09.068+00
122,RECURRING_SUBSCRIPTION,RECURRING_SUBSCRIPTION,2025-02-25 13:06:27.458+00
610,RECURRING_SUBSCRIPTION,RECURRING_SUBSCRIPTION,2025-02-25 13:10:08.162+00
15,ON_DEMAND_SUBSCRIPTION,RECURRING_SUBSCRIPTION,2025-02-25 14:07:35.328+00
15,RECURRING_SUBSCRIPTION,ON_DEMAND_SUBSCRIPTION,2025-02-25 14:07:56.59+00
15,ON_DEMAND_SUBSCRIPTION,RECURRING_SUBSCRIPTION,2025-02-25 14:08:52.157+00
15,RECURRING_SUBSCRIPTION,RECURRING_SUBSCRIPTION,2025-02-25 14:22:34.543+00
15,RECURRING_SUBSCRIPTION,ON_DEMAND_SUBSCRIPTION,2025-02-25 14:22:42.528+00
2788,TRIAL,RECURRING_SUBSCRIPTION,2025-02-26 14:37:05.45+00
35,RECURRING_SUBSCRIPTION,CHURN,2025-02-26 14:44:03.409+00
1611,WARM_LEAD,RECURRING_SUBSCRIPTION,2025-02-26 15:04:15.229+00
136,ON_DEMAND_SUBSCRIPTION,RECURRING_SUBSCRIPTION,2025-02-27 09:00:20.371+00
8948,LEAD,WARM_LEAD,2026-03-09 03:40:54.227+00
11096,LEAD,WARM_LEAD,2026-05-02 20:25:01.544+00
2444,RECURRING_SUBSCRIPTION,RECURRING_SUBSCRIPTION,2025-03-02 22:25:01.118+00
1651,RECURRING_SUBSCRIPTION,CHURN,2025-03-04 09:47:08.199+00
2372,RECURRING_SUBSCRIPTION,FROZEN,2025-03-04 09:57:46.054+00
2372,FROZEN,RECURRING_SUBSCRIPTION,2025-03-06 10:05:26.379+00
475,FREE_TRIAL,RECURRING_SUBSCRIPTION,2025-03-10 11:46:55.217+00
475,RECURRING_SUBSCRIPTION,RECURRING_SUBSCRIPTION,2025-03-10 11:47:03.994+00
475,RECURRING_SUBSCRIPTION,RECURRING_SUBSCRIPTION,2025-03-10 11:47:14.264+00
475,RECURRING_SUBSCRIPTION,RECURRING_SUBSCRIPTION,2025-03-10 11:47:35.286+00
475,RECURRING_SUBSCRIPTION,RECURRING_SUBSCRIPTION,2025-03-10 11:48:03.345+00
3090,RECURRING_SUBSCRIPTION,RECURRING_SUBSCRIPTION,2025-03-13 06:49:19.261+00
3090,RECURRING_SUBSCRIPTION,RECURRING_SUBSCRIPTION,2025-03-13 06:49:49.509+00
3090,RECURRING_SUBSCRIPTION,RECURRING_SUBSCRIPTION,2025-03-13 06:55:54.932+00
3905,WARM_LEAD,RECURRING_SUBSCRIPTION,2025-03-19 14:12:33.101+00
475,RECURRING_SUBSCRIPTION,RECURRING_SUBSCRIPTION,2025-03-19 14:44:09.727+00
1186,FREE_TRIAL,RECURRING_SUBSCRIPTION,2025-04-01 14:21:05.295+00
475,RECURRING_SUBSCRIPTION,RECURRING_SUBSCRIPTION,2025-04-15 10:29:15.957+00
5502,WARM_LEAD,RECURRING_SUBSCRIPTION,2025-04-30 18:24:24.651+00
5502,RECURRING_SUBSCRIPTION,RECURRING_SUBSCRIPTION,2025-04-30 18:24:45.388+00
5502,RECURRING_SUBSCRIPTION,RECURRING_SUBSCRIPTION,2025-04-30 18:25:09.622+00
5502,RECURRING_SUBSCRIPTION,RECURRING_SUBSCRIPTION,2025-04-30 18:25:22.639+00
5750,LEAD,RECURRING_SUBSCRIPTION,2025-05-20 07:09:19.095+00
6118,WARM_LEAD,RECURRING_SUBSCRIPTION,2025-05-28 12:37:35.391+00
2632,RECURRING_SUBSCRIPTION,RECURRING_SUBSCRIPTION,2025-06-12 14:02:12.453+00
2632,RECURRING_SUBSCRIPTION,RECURRING_SUBSCRIPTION,2025-06-12 14:03:25.367+00
2632,RECURRING_SUBSCRIPTION,RECURRING_SUBSCRIPTION,2025-06-12 14:10:10.04+00
6439,FREEMIUM,RECURRING_SUBSCRIPTION,2025-07-08 07:38:20.229+00
6758,WARM_LEAD,RECURRING_SUBSCRIPTION,2025-07-28 07:59:18.271+00
475,FREEMIUM,RECURRING_SUBSCRIPTION,2025-07-28 16:22:18.793+00
475,RECURRING_SUBSCRIPTION,RECURRING_SUBSCRIPTION,2025-08-06 15:54:02.231+00
7107,WARM_LEAD,RECURRING_SUBSCRIPTION,2025-08-11 16:35:08.242+00
473,RECURRING_SUBSCRIPTION,RECURRING_SUBSCRIPTION,2025-09-09 12:07:51.594+00
8131,RECURRING_SUBSCRIPTION,RECURRING_SUBSCRIPTION,2025-09-18 14:37:13.414+00
8129,RECURRING_SUBSCRIPTION,RECURRING_SUBSCRIPTION,2025-09-18 14:38:20.214+00
8010,RECURRING_SUBSCRIPTION,RECURRING_SUBSCRIPTION,2025-09-22 08:40:22.55+00
8010,RECURRING_SUBSCRIPTION,RECURRING_SUBSCRIPTION,2025-09-22 08:41:20.882+00
8010,RECURRING_SUBSCRIPTION,RECURRING_SUBSCRIPTION,2025-09-22 08:41:31.801+00
8483,WARM_LEAD,RECURRING_SUBSCRIPTION,2025-10-06 22:29:17.653+00
8811,WARM_LEAD,RECURRING_SUBSCRIPTION,2025-10-19 10:41:45.515+00
8811,RECURRING_SUBSCRIPTION,RECURRING_SUBSCRIPTION,2025-10-19 10:41:58.506+00
8811,RECURRING_SUBSCRIPTION,RECURRING_SUBSCRIPTION,2025-10-19 10:42:06.028+00
8811,RECURRING_SUBSCRIPTION,RECURRING_SUBSCRIPTION,2025-10-19 10:42:19.53+00
8811,RECURRING_SUBSCRIPTION,RECURRING_SUBSCRIPTION,2025-10-19 11:20:30.159+00
8811,RECURRING_SUBSCRIPTION,RECURRING_SUBSCRIPTION,2025-10-19 11:20:36.572+00
8811,RECURRING_SUBSCRIPTION,RECURRING_SUBSCRIPTION,2025-10-19 11:20:47.9+00
8811,RECURRING_SUBSCRIPTION,RECURRING_SUBSCRIPTION,2025-10-19 11:20:51.908+00
8811,RECURRING_SUBSCRIPTION,RECURRING_SUBSCRIPTION,2025-10-19 11:24:35.536+00
8811,RECURRING_SUBSCRIPTION,RECURRING_SUBSCRIPTION,2025-10-19 11:24:46.143+00
8811,RECURRING_SUBSCRIPTION,RECURRING_SUBSCRIPTION,2025-10-19 11:24:56.561+00
8811,RECURRING_SUBSCRIPTION,RECURRING_SUBSCRIPTION,2025-10-19 11:25:03.081+00
8811,RECURRING_SUBSCRIPTION,RECURRING_SUBSCRIPTION,2025-10-19 11:25:14.805+00
8811,RECURRING_SUBSCRIPTION,RECURRING_SUBSCRIPTION,2025-10-19 11:25:20.384+00
8811,RECURRING_SUBSCRIPTION,RECURRING_SUBSCRIPTION,2025-10-19 11:26:38.184+00
8811,RECURRING_SUBSCRIPTION,ON_DEMAND_SUBSCRIPTION,2025-10-19 11:26:51.692+00
8811,ON_DEMAND_SUBSCRIPTION,RECURRING_SUBSCRIPTION,2025-10-19 11:26:59.997+00
8811,RECURRING_SUBSCRIPTION,RECURRING_SUBSCRIPTION,2025-10-19 11:27:09.703+00
8732,RECURRING_SUBSCRIPTION,RECURRING_SUBSCRIPTION,2025-10-19 11:34:17.353+00
8732,RECURRING_SUBSCRIPTION,RECURRING_SUBSCRIPTION,2025-10-19 11:34:31.593+00
8813,LEAD,RECURRING_SUBSCRIPTION,2025-10-19 11:40:01.697+00
8813,RECURRING_SUBSCRIPTION,RECURRING_SUBSCRIPTION,2025-10-19 11:40:08.373+00
5396,RECURRING_SUBSCRIPTION,TRIAL,2025-11-04 09:28:52.337+00
2792,RECURRING_SUBSCRIPTION,TRIAL,2025-11-04 09:29:40.759+00
5619,RECURRING_SUBSCRIPTION,TRIAL,2025-11-04 09:30:14.063+00
2923,ON_DEMAND_SUBSCRIPTION,TRIAL,2025-11-04 09:30:47.93+00
3069,RECURRING_SUBSCRIPTION,TRIAL,2025-11-04 09:31:18.766+00
6231,RECURRING_SUBSCRIPTION,TRIAL,2025-11-04 09:31:38.079+00
5702,RECURRING_SUBSCRIPTION,TRIAL,2025-11-04 09:33:04.161+00
6218,RECURRING_SUBSCRIPTION,TRIAL,2025-11-04 09:33:28.964+00
2803,ON_DEMAND_SUBSCRIPTION,TRIAL,2025-11-04 09:33:51.421+00
2814,ON_DEMAND_SUBSCRIPTION,TRIAL,2025-11-04 09:35:10.414+00
2884,ON_DEMAND_SUBSCRIPTION,TRIAL,2025-11-04 09:35:40.451+00
2797,RECURRING_SUBSCRIPTION,TRIAL,2025-11-04 09:36:16.819+00
6114,RECURRING_SUBSCRIPTION,TRIAL,2025-11-04 09:38:05.361+00
5676,RECURRING_SUBSCRIPTION,TRIAL,2025-11-04 10:46:57.386+00
2879,RECURRING_SUBSCRIPTION,TRIAL,2025-11-04 10:48:21.944+00
2798,ON_DEMAND_SUBSCRIPTION,TRIAL,2025-11-04 11:43:14.753+00
2859,RECURRING_SUBSCRIPTION,TRIAL,2025-11-04 11:43:48.982+00
2970,ON_DEMAND_SUBSCRIPTION,TRIAL,2025-11-04 11:44:29.394+00
2964,RECURRING_SUBSCRIPTION,TRIAL,2025-11-04 11:45:12.031+00
2986,RECURRING_SUBSCRIPTION,TRIAL,2025-11-04 11:45:46.782+00
5565,RECURRING_SUBSCRIPTION,TRIAL,2025-11-04 11:46:54.993+00
5704,RECURRING_SUBSCRIPTION,TRIAL,2025-11-04 11:47:26.777+00
3065,RECURRING_SUBSCRIPTION,TRIAL,2025-11-04 11:49:22.597+00
6512,RECURRING_SUBSCRIPTION,TRIAL,2025-11-04 11:50:17.543+00
6222,RECURRING_SUBSCRIPTION,TRIAL,2025-11-04 11:50:54.693+00
3118,RECURRING_SUBSCRIPTION,TRIAL,2025-11-04 11:51:37.154+00
6536,RECURRING_SUBSCRIPTION,TRIAL,2025-11-04 11:52:27.257+00
6511,RECURRING_SUBSCRIPTION,TRIAL,2025-11-04 11:52:57.108+00
2801,RECURRING_SUBSCRIPTION,TRIAL,2025-11-04 11:53:28.961+00
2887,CHURN,TRIAL,2025-11-04 13:59:04.118+00
2930,CHURN,TRIAL,2025-11-04 13:59:44.851+00
2809,CHURN,TRIAL,2025-11-04 14:00:22.344+00
8015,WARM_LEAD,RECURRING_SUBSCRIPTION,2025-11-12 09:58:47.562+00
5196,TRIAL,RECURRING_SUBSCRIPTION,2025-11-13 13:31:02.09+00
5196,RECURRING_SUBSCRIPTION,TRIAL,2025-11-13 13:31:46.016+00
9411,WARM_LEAD,RECURRING_SUBSCRIPTION,2025-11-24 15:51:06.144+00
7866,RECURRING_SUBSCRIPTION,RECURRING_SUBSCRIPTION,2025-12-12 16:52:09.879+00
9725,WARM_LEAD,RECURRING_SUBSCRIPTION,2025-12-22 13:25:08.027+00
9782,ON_DEMAND_SUBSCRIPTION,RECURRING_SUBSCRIPTION,2025-12-22 23:33:48.302+00
7924,RECURRING_SUBSCRIPTION,RECURRING_SUBSCRIPTION,2026-01-08 22:01:30.693+00
7899,RECURRING_SUBSCRIPTION,RECURRING_SUBSCRIPTION,2026-01-08 22:09:11.694+00
9506,RECURRING_SUBSCRIPTION,RECURRING_SUBSCRIPTION,2026-01-09 00:21:57.824+00
8115,RECURRING_SUBSCRIPTION,RECURRING_SUBSCRIPTION,2026-01-09 00:38:23.658+00
9756,RECURRING_SUBSCRIPTION,RECURRING_SUBSCRIPTION,2026-01-09 00:43:18.68+00
7994,RECURRING_SUBSCRIPTION,RECURRING_SUBSCRIPTION,2026-01-09 01:01:12.221+00
9831,RECURRING_SUBSCRIPTION,RECURRING_SUBSCRIPTION,2026-01-09 01:10:57.005+00
9831,RECURRING_SUBSCRIPTION,RECURRING_SUBSCRIPTION,2026-01-09 01:11:40.964+00
9225,RECURRING_SUBSCRIPTION,RECURRING_SUBSCRIPTION,2026-01-09 01:41:51.576+00
9253,LEAD,WARM_LEAD,2026-03-19 04:12:33.517+00
9225,RECURRING_SUBSCRIPTION,RECURRING_SUBSCRIPTION,2026-01-09 01:49:26.185+00
9213,RECURRING_SUBSCRIPTION,RECURRING_SUBSCRIPTION,2026-01-09 02:10:34.581+00
9745,RECURRING_SUBSCRIPTION,RECURRING_SUBSCRIPTION,2026-01-09 02:17:02.769+00
9333,RECURRING_SUBSCRIPTION,RECURRING_SUBSCRIPTION,2026-01-09 19:07:26.922+00
7926,RECURRING_SUBSCRIPTION,RECURRING_SUBSCRIPTION,2026-01-12 13:47:10.824+00
5110,FREE_TRIAL,RECURRING_SUBSCRIPTION,2026-01-06 23:42:45.745+00
9851,WARM_LEAD,RECURRING_SUBSCRIPTION,2026-01-01 14:53:53.902+00
9859,WARM_LEAD,RECURRING_SUBSCRIPTION,2026-01-07 14:22:43.752+00
9902,WARM_LEAD,RECURRING_SUBSCRIPTION,2026-01-07 22:01:36.068+00
9946,WARM_LEAD,RECURRING_SUBSCRIPTION,2026-01-13 00:41:39.935+00
9953,WARM_LEAD,RECURRING_SUBSCRIPTION,2026-01-13 01:06:45.882+00
9948,WARM_LEAD,RECURRING_SUBSCRIPTION,2026-01-14 17:54:35.941+00
9290,RECURRING_SUBSCRIPTION,ON_DEMAND_SUBSCRIPTION,2026-01-14 18:19:36.264+00
8215,RECURRING_SUBSCRIPTION,CHURN,2026-01-14 18:23:57.288+00
8775,RECURRING_SUBSCRIPTION,ON_DEMAND_SUBSCRIPTION,2026-01-14 18:38:49.712+00
9970,WARM_LEAD,RECURRING_SUBSCRIPTION,2026-01-14 18:42:34.74+00
9970,WARM_LEAD,RECURRING_SUBSCRIPTION,2026-01-14 18:42:35.411+00
2385,RECURRING_SUBSCRIPTION,CHURN,2026-01-14 19:20:22.449+00
3101,RECURRING_SUBSCRIPTION,CHURN,2026-01-14 19:23:34.82+00
7821,RECURRING_SUBSCRIPTION,CHURN,2026-01-14 19:28:14.515+00
2192,RECURRING_SUBSCRIPTION,CHURN,2026-01-14 19:36:26.52+00
9515,LEAD,WARM_LEAD,2026-01-14 19:57:30.13+00
9515,WARM_LEAD,ON_DEMAND_SUBSCRIPTION,2026-01-14 19:59:36.247+00
2192,CHURN,CHURN,2026-01-14 20:01:13.077+00
9437,RECURRING_SUBSCRIPTION,TRIAL,2026-01-14 21:08:18.846+00
9476,RECURRING_SUBSCRIPTION,RECURRING_SUBSCRIPTION,2026-01-14 21:27:16.818+00
6238,LEAD,WARM_LEAD,2026-01-14 21:35:08.92+00
9974,TRIAL,ON_DEMAND_SUBSCRIPTION,2026-01-14 21:56:44.029+00
7925,RECURRING_SUBSCRIPTION,FROZEN,2026-01-14 22:01:23.779+00
9324,LEAD,WARM_LEAD,2026-01-14 22:22:50.9+00
9347,LEAD,WARM_LEAD,2026-01-14 23:12:54.436+00
9988,LEAD,RECURRING_SUBSCRIPTION,2026-01-15 01:09:20.382+00
6723,RECURRING_SUBSCRIPTION,CHURN,2026-01-15 01:42:16.501+00
7960,RECURRING_SUBSCRIPTION,TRIAL,2026-01-15 01:51:45.462+00
9342,RECURRING_SUBSCRIPTION,TRIAL,2026-01-15 02:29:50.077+00
7925,FROZEN,RECURRING_SUBSCRIPTION,2026-01-15 14:24:59.781+00
6970,RECURRING_SUBSCRIPTION,CHURN,2026-01-15 14:24:59.944+00
9046,COLD_LEAD,WARM_LEAD,2026-01-15 14:32:41.131+00
9046,WARM_LEAD,TRIAL,2026-01-15 14:33:07.573+00
7666,RECURRING_SUBSCRIPTION,CHURN,2026-01-15 14:51:03.124+00
9999,LEAD,RECURRING_SUBSCRIPTION,2026-01-15 14:51:50.719+00
8124,RECURRING_SUBSCRIPTION,CHURN,2026-01-15 15:52:55.403+00
9168,RECURRING_SUBSCRIPTION,ON_DEMAND_SUBSCRIPTION,2026-01-15 17:16:33.882+00
6318,LEAD,WARM_LEAD,2026-01-15 17:27:14.601+00
9756,RECURRING_SUBSCRIPTION,WARM_LEAD,2026-01-15 17:36:05.143+00
1244,ON_DEMAND_SUBSCRIPTION,WARM_LEAD,2026-01-15 17:57:52.71+00
9958,LEAD,WARM_LEAD,2026-01-15 18:21:21.577+00
7306,LEAD,WARM_LEAD,2026-01-15 19:20:07.67+00
7975,WARM_LEAD,ON_DEMAND_SUBSCRIPTION,2026-01-15 19:41:47.473+00
10005,LEAD,RECURRING_SUBSCRIPTION,2026-01-15 20:06:25.391+00
7975,ON_DEMAND_SUBSCRIPTION,RECURRING_SUBSCRIPTION,2026-01-15 20:18:13.563+00
8170,CHURN,ON_DEMAND_SUBSCRIPTION,2026-01-15 20:18:46.518+00
7975,RECURRING_SUBSCRIPTION,RECURRING_SUBSCRIPTION,2026-01-15 20:23:35.51+00
7957,LEAD,WARM_LEAD,2026-01-15 20:27:50.854+00
7957,WARM_LEAD,TRIAL,2026-01-15 20:32:25.881+00
9781,LEAD,WARM_LEAD,2026-01-15 21:27:50.149+00
9781,WARM_LEAD,TRIAL,2026-01-15 21:29:22.002+00
7989,LEAD,WARM_LEAD,2026-01-15 22:57:34.758+00
7989,WARM_LEAD,ON_DEMAND_SUBSCRIPTION,2026-01-15 22:57:43.916+00
10014,LEAD,WARM_LEAD,2026-01-16 13:26:23.694+00
10014,WARM_LEAD,ON_DEMAND_SUBSCRIPTION,2026-01-16 13:27:26.196+00
6616,LEAD,WARM_LEAD,2026-01-16 15:56:55.564+00
9761,LEAD,WARM_LEAD,2026-01-16 17:02:51.266+00
9722,LEAD,WARM_LEAD,2026-01-16 17:05:25.024+00
8892,RECURRING_SUBSCRIPTION,RECURRING_SUBSCRIPTION,2026-01-16 17:20:31.303+00
1845,RECURRING_SUBSCRIPTION,WARM_LEAD,2026-01-16 18:02:34.915+00
10027,LEAD,WARM_LEAD,2026-01-16 18:19:48.494+00
9933,LEAD,WARM_LEAD,2026-01-16 18:27:55.514+00
9933,WARM_LEAD,RECURRING_SUBSCRIPTION,2026-01-16 18:50:33.215+00
5648,RECURRING_SUBSCRIPTION,ON_DEMAND_SUBSCRIPTION,2026-01-16 18:52:47.88+00
8170,ON_DEMAND_SUBSCRIPTION,RECURRING_SUBSCRIPTION,2026-01-16 18:55:31.01+00
7902,CHURN,TRIAL,2026-01-16 19:42:51.812+00
8134,RECURRING_SUBSCRIPTION,ON_DEMAND_SUBSCRIPTION,2026-01-16 19:43:24.171+00
9378,LEAD,WARM_LEAD,2026-01-16 20:31:44.572+00
9378,WARM_LEAD,TRIAL,2026-01-16 20:33:17.26+00
8215,CHURN,RECURRING_SUBSCRIPTION,2026-01-16 23:00:41.748+00
2470,TRIAL,ON_DEMAND_SUBSCRIPTION,2026-01-17 00:43:39.555+00
10034,LEAD,RECURRING_SUBSCRIPTION,2026-01-17 05:52:57.249+00
10042,LEAD,RECURRING_SUBSCRIPTION,2026-01-17 15:37:58.426+00
10043,LEAD,RECURRING_SUBSCRIPTION,2026-01-17 15:38:35.02+00
196,CHURN,RECURRING_SUBSCRIPTION,2026-01-18 10:51:12.772+00
7965,RECURRING_SUBSCRIPTION,CHURN,2026-01-18 14:18:05.611+00
10056,LEAD,RECURRING_SUBSCRIPTION,2026-01-18 21:58:34.877+00
9969,LEAD,RECURRING_SUBSCRIPTION,2026-01-19 02:49:04.995+00
9947,RECURRING_SUBSCRIPTION,RECURRING_SUBSCRIPTION,2026-01-19 14:43:58.871+00
10071,LEAD,TRIAL,2026-01-19 15:01:32.55+00
9218,LEAD,WARM_LEAD,2026-01-19 16:19:37.402+00
9218,WARM_LEAD,ON_DEMAND_SUBSCRIPTION,2026-01-19 16:21:39.115+00
9218,ON_DEMAND_SUBSCRIPTION,RECURRING_SUBSCRIPTION,2026-01-19 16:33:28.705+00
2423,RECURRING_SUBSCRIPTION,CHURN,2026-01-19 16:45:11.484+00
8589,LEAD,WARM_LEAD,2026-01-19 16:47:49.382+00
7267,RECURRING_SUBSCRIPTION,TRIAL,2026-01-19 17:04:41.344+00
9652,LEAD,RECURRING_SUBSCRIPTION,2026-01-19 17:26:26.432+00
8168,WARM_LEAD,RECURRING_SUBSCRIPTION,2026-01-19 18:57:10.924+00
10007,LEAD,WARM_LEAD,2026-01-19 20:05:25.319+00
10007,WARM_LEAD,TRIAL,2026-01-19 20:06:22.137+00
8029,RECURRING_SUBSCRIPTION,CHURN,2026-01-19 20:25:20.6+00
8540,RECURRING_SUBSCRIPTION,CHURN,2026-01-19 20:31:20.419+00
9737,RECURRING_SUBSCRIPTION,TRIAL,2026-01-19 20:35:19.333+00
10049,LEAD,WARM_LEAD,2026-01-19 20:55:51.386+00
10054,LEAD,WARM_LEAD,2026-01-19 21:26:38.175+00
7902,TRIAL,RECURRING_SUBSCRIPTION,2026-01-19 21:51:06.258+00
2678,RECURRING_SUBSCRIPTION,FROZEN,2026-01-19 21:52:52.963+00
6182,RECURRING_SUBSCRIPTION,CHURN,2026-01-19 22:30:58.738+00
554,ON_DEMAND_SUBSCRIPTION,RECURRING_SUBSCRIPTION,2026-01-19 23:49:38.923+00
7842,LEAD,RECURRING_SUBSCRIPTION,2026-01-20 03:51:11.938+00
1681,ON_DEMAND_SUBSCRIPTION,RECURRING_SUBSCRIPTION,2026-01-20 12:32:53.803+00
10049,WARM_LEAD,WARM_LEAD,2026-01-20 13:33:25.118+00
2644,RECURRING_SUBSCRIPTION,CHURN,2026-01-20 15:03:51.627+00
3107,RECURRING_SUBSCRIPTION,TRIAL,2026-01-20 15:58:23.91+00
10090,LEAD,RECURRING_SUBSCRIPTION,2026-01-20 17:35:30.027+00
9458,LEAD,WARM_LEAD,2026-01-20 17:41:43.136+00
10073,LEAD,WARM_LEAD,2026-01-20 17:50:39.091+00
9947,RECURRING_SUBSCRIPTION,WARM_LEAD,2026-01-20 17:52:16.344+00
10031,LEAD,WARM_LEAD,2026-01-20 18:03:09.913+00
2188,RECURRING_SUBSCRIPTION,CHURN,2026-01-20 18:13:44.16+00
10026,LEAD,WARM_LEAD,2026-01-20 18:25:20.363+00
9523,RECURRING_SUBSCRIPTION,WARM_LEAD,2026-01-20 18:40:14.751+00
10065,LEAD,WARM_LEAD,2026-01-20 19:10:43.087+00
7304,RECURRING_SUBSCRIPTION,TRIAL,2026-01-20 19:28:53.407+00
10065,WARM_LEAD,RECURRING_SUBSCRIPTION,2026-01-20 19:38:32.894+00
10002,LEAD,WARM_LEAD,2026-01-20 20:12:00.081+00
9102,LEAD,WARM_LEAD,2026-01-20 20:19:09.757+00
10002,WARM_LEAD,RECURRING_SUBSCRIPTION,2026-01-20 20:24:30.205+00
6254,RECURRING_SUBSCRIPTION,CHURN,2026-01-20 20:29:00.089+00
7576,RECURRING_SUBSCRIPTION,CHURN,2026-01-20 21:52:29.488+00
5362,RECURRING_SUBSCRIPTION,CHURN,2026-01-20 22:03:27.068+00
2433,RECURRING_SUBSCRIPTION,CHURN,2026-01-20 22:10:30.986+00
7902,RECURRING_SUBSCRIPTION,CHURN,2026-01-21 03:37:39.526+00
196,RECURRING_SUBSCRIPTION,ON_DEMAND_SUBSCRIPTION,2026-01-21 11:46:07.3+00
10125,LEAD,WARM_LEAD,2026-01-21 12:18:46.261+00
10002,RECURRING_SUBSCRIPTION,WARM_LEAD,2026-01-21 14:36:06.244+00
10116,LEAD,WARM_LEAD,2026-01-21 15:34:12.399+00
7943,COLD_LEAD,WARM_LEAD,2026-01-21 16:09:27.024+00
8588,RECURRING_SUBSCRIPTION,WARM_LEAD,2026-01-21 17:38:42.128+00
9247,LEAD,WARM_LEAD,2026-01-21 19:26:15.632+00
9247,WARM_LEAD,WARM_LEAD,2026-01-21 19:26:52.787+00
9247,WARM_LEAD,TRIAL,2026-01-21 19:29:26.937+00
10137,LEAD,WARM_LEAD,2026-01-21 19:57:07.439+00
10085,LEAD,WARM_LEAD,2026-01-21 21:23:02.838+00
9388,LEAD,WARM_LEAD,2026-01-21 21:35:37.582+00
9388,WARM_LEAD,RECURRING_SUBSCRIPTION,2026-01-21 21:39:36.281+00
8108,WARM_LEAD,LEAD,2026-01-21 22:22:11.024+00
3378,FREEMIUM,RECURRING_SUBSCRIPTION,2026-01-21 22:43:53.497+00
10157,LEAD,RECURRING_SUBSCRIPTION,2026-01-22 03:33:47.077+00
9489,LEAD,RECURRING_SUBSCRIPTION,2026-01-22 04:00:00.291+00
9046,TRIAL,RECURRING_SUBSCRIPTION,2026-01-22 09:55:46.17+00
9046,RECURRING_SUBSCRIPTION,RECURRING_SUBSCRIPTION,2026-01-22 11:36:17.651+00
204,ON_DEMAND_SUBSCRIPTION,RECURRING_SUBSCRIPTION,2026-01-22 12:01:11.287+00
2204,RECURRING_SUBSCRIPTION,WARM_LEAD,2026-01-22 12:25:35.598+00
10152,LEAD,WARM_LEAD,2026-01-22 14:09:15.126+00
10152,WARM_LEAD,TRIAL,2026-01-22 14:29:40.111+00
10116,WARM_LEAD,RECURRING_SUBSCRIPTION,2026-01-22 15:45:16.313+00
8597,ON_DEMAND_SUBSCRIPTION,TRIAL,2026-01-22 16:02:02.268+00
10169,LEAD,RECURRING_SUBSCRIPTION,2026-01-22 16:16:30.939+00
9980,LEAD,WARM_LEAD,2026-01-22 16:21:42.274+00
9980,WARM_LEAD,TRIAL,2026-01-22 16:22:40.522+00
10045,LEAD,WARM_LEAD,2026-01-22 16:32:46.873+00
10045,WARM_LEAD,TRIAL,2026-01-22 16:35:43.751+00
10186,LEAD,RECURRING_SUBSCRIPTION,2026-01-22 17:00:42.262+00
10175,LEAD,WARM_LEAD,2026-01-22 17:02:29.334+00
10182,LEAD,RECURRING_SUBSCRIPTION,2026-01-22 17:04:08.008+00
10182,RECURRING_SUBSCRIPTION,RECURRING_SUBSCRIPTION,2026-01-22 17:12:33.142+00
9260,LEAD,WARM_LEAD,2026-01-22 18:26:10.234+00
4722,RECURRING_SUBSCRIPTION,WARM_LEAD,2026-01-22 18:30:09.758+00
9260,WARM_LEAD,LEAD,2026-01-22 18:33:10.072+00
9277,WARM_LEAD,LEAD,2026-01-22 18:34:40.322+00
10003,LEAD,RECURRING_SUBSCRIPTION,2026-01-22 18:50:49.815+00
9645,LEAD,WARM_LEAD,2026-01-22 19:22:40.329+00
8829,RECURRING_SUBSCRIPTION,WARM_LEAD,2026-01-22 19:58:25.062+00
10170,LEAD,WARM_LEAD,2026-01-22 20:29:23.76+00
10166,LEAD,WARM_LEAD,2026-01-22 21:52:46.541+00
10202,LEAD,WARM_LEAD,2026-01-22 23:13:35.754+00
10202,WARM_LEAD,RECURRING_SUBSCRIPTION,2026-01-22 23:19:08.323+00
10132,LEAD,WARM_LEAD,2026-01-23 00:09:53.929+00
10132,WARM_LEAD,ON_DEMAND_SUBSCRIPTION,2026-01-23 00:16:50.26+00
10178,LEAD,WARM_LEAD,2026-01-23 13:33:37.52+00
10178,WARM_LEAD,ON_DEMAND_SUBSCRIPTION,2026-01-23 13:40:49.095+00
10128,LEAD,WARM_LEAD,2026-01-23 13:54:57.375+00
10128,WARM_LEAD,RECURRING_SUBSCRIPTION,2026-01-23 14:32:32.984+00
10224,LEAD,RECURRING_SUBSCRIPTION,2026-01-23 14:46:29.936+00
9645,WARM_LEAD,RECURRING_SUBSCRIPTION,2026-01-23 14:47:04.033+00
2214,RECURRING_SUBSCRIPTION,CHURN,2026-01-23 15:42:03.994+00
8793,WARM_LEAD,LEAD,2026-01-23 15:56:18.236+00
2204,WARM_LEAD,ON_DEMAND_SUBSCRIPTION,2026-01-23 17:09:02.299+00
10057,LEAD,WARM_LEAD,2026-01-23 19:10:42.958+00
10057,WARM_LEAD,TRIAL,2026-01-23 19:15:12.603+00
10049,WARM_LEAD,LEAD,2026-01-23 19:32:29.924+00
9653,RECURRING_SUBSCRIPTION,WARM_LEAD,2026-01-23 19:54:04.428+00
9503,LEAD,WARM_LEAD,2026-01-23 20:16:33.562+00
9503,WARM_LEAD,TRIAL,2026-01-23 20:20:52.695+00
10031,WARM_LEAD,LEAD,2026-01-23 20:46:21.573+00
7175,RECURRING_SUBSCRIPTION,WARM_LEAD,2026-01-23 22:17:26.416+00
10059,LEAD,RECURRING_SUBSCRIPTION,2026-01-23 22:46:38.392+00
10152,TRIAL,RECURRING_SUBSCRIPTION,2026-01-23 23:35:28.479+00
10198,LEAD,WARM_LEAD,2026-01-24 00:25:06.097+00
1061,ON_DEMAND_SUBSCRIPTION,RECURRING_SUBSCRIPTION,2026-01-24 17:25:06.037+00
10245,LEAD,RECURRING_SUBSCRIPTION,2026-01-24 19:33:45.755+00
10242,LEAD,RECURRING_SUBSCRIPTION,2026-01-24 19:47:49.635+00
10195,LEAD,WARM_LEAD,2026-01-24 21:20:48.613+00
10195,WARM_LEAD,ON_DEMAND_SUBSCRIPTION,2026-01-24 21:22:09.562+00
10239,LEAD,WARM_LEAD,2026-01-24 22:46:22.904+00
10237,LEAD,WARM_LEAD,2026-01-24 23:00:11.841+00
10237,WARM_LEAD,ON_DEMAND_SUBSCRIPTION,2026-01-24 23:01:24.413+00
9046,RECURRING_SUBSCRIPTION,RECURRING_SUBSCRIPTION,2026-01-25 11:05:25.04+00
10253,LEAD,RECURRING_SUBSCRIPTION,2026-01-25 13:26:39.006+00
10255,LEAD,RECURRING_SUBSCRIPTION,2026-01-25 14:01:12.948+00
10007,TRIAL,RECURRING_SUBSCRIPTION,2026-01-25 18:47:34.475+00
10259,LEAD,RECURRING_SUBSCRIPTION,2026-01-25 18:59:13.356+00
9996,LEAD,RECURRING_SUBSCRIPTION,2026-01-25 20:55:25.361+00
276,COLD_LEAD,WARM_LEAD,2026-01-26 11:51:43.036+00
10011,LEAD,WARM_LEAD,2026-01-26 12:03:15.307+00
10265,LEAD,RECURRING_SUBSCRIPTION,2026-01-26 12:04:43.308+00
10011,WARM_LEAD,TRIAL,2026-01-26 12:15:17.098+00
10243,LEAD,WARM_LEAD,2026-01-26 14:34:48.434+00
9530,RECURRING_SUBSCRIPTION,FROZEN,2026-01-26 16:36:51.326+00
9734,LEAD,WARM_LEAD,2026-01-26 16:45:08.368+00
7012,RECURRING_SUBSCRIPTION,TRIAL,2026-01-26 16:46:53.374+00
10269,LEAD,WARM_LEAD,2026-01-26 17:17:04.228+00
10269,WARM_LEAD,RECURRING_SUBSCRIPTION,2026-01-26 17:33:14.818+00
9961,RECURRING_SUBSCRIPTION,RECURRING_SUBSCRIPTION,2026-01-26 18:23:14.047+00
9734,WARM_LEAD,TRIAL,2026-01-26 18:45:26.928+00
10184,LEAD,WARM_LEAD,2026-01-26 19:48:35.817+00
10110,LEAD,WARM_LEAD,2026-01-26 20:12:05.903+00
10110,WARM_LEAD,RECURRING_SUBSCRIPTION,2026-01-26 20:20:55.513+00
10125,WARM_LEAD,TRIAL,2026-01-26 20:53:15.788+00
6837,WARM_LEAD,RECURRING_SUBSCRIPTION,2026-01-26 21:47:10.347+00
9932,LEAD,WARM_LEAD,2026-01-26 23:14:00.695+00
9932,WARM_LEAD,TRIAL,2026-01-26 23:14:39.506+00
7577,RECURRING_SUBSCRIPTION,CHURN,2026-01-27 03:57:06.757+00
8551,RECURRING_SUBSCRIPTION,CHURN,2026-01-27 04:49:27.195+00
2378,RECURRING_SUBSCRIPTION,CHURN,2026-01-27 09:30:05.395+00
2556,RECURRING_SUBSCRIPTION,TRIAL,2026-01-27 09:34:51.708+00
2698,RECURRING_SUBSCRIPTION,TRIAL,2026-01-27 09:40:07.032+00
3164,RECURRING_SUBSCRIPTION,CHURN,2026-01-27 09:47:08.992+00
6913,RECURRING_SUBSCRIPTION,CHURN,2026-01-27 10:01:52.238+00
7506,RECURRING_SUBSCRIPTION,CHURN,2026-01-27 10:13:14.21+00
7715,RECURRING_SUBSCRIPTION,CHURN,2026-01-27 10:22:35.594+00
8732,RECURRING_SUBSCRIPTION,TRIAL,2026-01-27 13:46:31.076+00
95,TRIAL,ON_DEMAND_SUBSCRIPTION,2026-01-27 13:46:50.205+00
787,RECURRING_SUBSCRIPTION,CHURN,2026-01-27 14:52:00.146+00
10277,LEAD,RECURRING_SUBSCRIPTION,2026-01-27 14:59:26.521+00
9361,RECURRING_SUBSCRIPTION,ON_DEMAND_SUBSCRIPTION,2026-01-27 15:34:52.4+00
3606,FREEMIUM,RECURRING_SUBSCRIPTION,2026-01-27 16:35:46.016+00
5991,RECURRING_SUBSCRIPTION,ON_DEMAND_SUBSCRIPTION,2026-01-27 16:54:26.344+00
10272,LEAD,WARM_LEAD,2026-01-27 17:22:32.818+00
3985,RECURRING_SUBSCRIPTION,TRIAL,2026-01-27 17:36:20.843+00
8839,ON_DEMAND_SUBSCRIPTION,WARM_LEAD,2026-01-27 17:51:03.145+00
8839,WARM_LEAD,ON_DEMAND_SUBSCRIPTION,2026-01-27 17:53:36.08+00
8839,ON_DEMAND_SUBSCRIPTION,RECURRING_SUBSCRIPTION,2026-01-27 17:55:02.708+00
10287,LEAD,RECURRING_SUBSCRIPTION,2026-01-27 18:01:48.593+00
9988,RECURRING_SUBSCRIPTION,RECURRING_SUBSCRIPTION,2026-01-27 18:57:34.403+00
10113,LEAD,WARM_LEAD,2026-01-27 18:58:33.668+00
9977,RECURRING_SUBSCRIPTION,RECURRING_SUBSCRIPTION,2026-01-27 20:25:26.979+00
9948,RECURRING_SUBSCRIPTION,RECURRING_SUBSCRIPTION,2026-01-27 20:38:57.346+00
9946,RECURRING_SUBSCRIPTION,RECURRING_SUBSCRIPTION,2026-01-27 20:45:56.245+00
9925,RECURRING_SUBSCRIPTION,RECURRING_SUBSCRIPTION,2026-01-27 20:48:51.402+00
9953,RECURRING_SUBSCRIPTION,RECURRING_SUBSCRIPTION,2026-01-27 20:55:05.432+00
10065,RECURRING_SUBSCRIPTION,RECURRING_SUBSCRIPTION,2026-01-27 20:59:02.403+00
9615,LEAD,WARM_LEAD,2026-01-27 21:22:12.192+00
2250,CHURN,ON_DEMAND_SUBSCRIPTION,2026-01-27 21:53:21.299+00
10113,WARM_LEAD,RECURRING_SUBSCRIPTION,2026-01-27 22:11:32.832+00
7664,RECURRING_SUBSCRIPTION,WARM_LEAD,2026-01-27 22:34:47.081+00
10113,RECURRING_SUBSCRIPTION,RECURRING_SUBSCRIPTION,2026-01-28 00:11:56.44+00
9804,LEAD,RECURRING_SUBSCRIPTION,2026-01-28 03:19:53.405+00
8040,LEAD,WARM_LEAD,2026-01-28 10:24:39.805+00
9983,LEAD,RECURRING_SUBSCRIPTION,2026-01-28 12:45:41.082+00
8925,RECURRING_SUBSCRIPTION,WARM_LEAD,2026-01-28 13:17:44.929+00
9076,LEAD,WARM_LEAD,2026-01-28 15:57:50.676+00
9076,WARM_LEAD,TRIAL,2026-01-28 16:42:55.372+00
8393,RECURRING_SUBSCRIPTION,TRIAL,2026-01-28 17:02:22.354+00
10175,WARM_LEAD,RECURRING_SUBSCRIPTION,2026-01-28 17:37:53.233+00
8395,RECURRING_SUBSCRIPTION,CHURN,2026-01-28 17:46:56.858+00
2315,CHURN,RECURRING_SUBSCRIPTION,2026-01-28 19:25:16.014+00
10113,RECURRING_SUBSCRIPTION,RECURRING_SUBSCRIPTION,2026-01-28 20:35:17.162+00
10307,LEAD,WARM_LEAD,2026-01-28 21:04:56.364+00
9855,LEAD,WARM_LEAD,2026-01-28 21:36:08.602+00
10277,RECURRING_SUBSCRIPTION,ON_DEMAND_SUBSCRIPTION,2026-01-28 21:44:40.054+00
9618,RECURRING_SUBSCRIPTION,WARM_LEAD,2026-01-28 21:56:53.727+00
9855,WARM_LEAD,RECURRING_SUBSCRIPTION,2026-01-28 22:23:43.319+00
10053,LEAD,WARM_LEAD,2026-01-28 22:29:34.934+00
10293,LEAD,WARM_LEAD,2026-01-28 22:47:27.93+00
10293,WARM_LEAD,RECURRING_SUBSCRIPTION,2026-01-28 22:51:07.587+00
10315,LEAD,RECURRING_SUBSCRIPTION,2026-01-29 03:43:35.958+00
8891,LEAD,RECURRING_SUBSCRIPTION,2026-01-29 13:50:40.022+00
10243,WARM_LEAD,TRIAL,2026-01-29 13:52:46.734+00
10320,LEAD,WARM_LEAD,2026-01-29 14:35:41.318+00
7963,RECURRING_SUBSCRIPTION,CHURN,2026-01-29 14:45:01.879+00
10257,LEAD,WARM_LEAD,2026-01-29 15:06:03.595+00
7640,RECURRING_SUBSCRIPTION,TRIAL,2026-01-29 15:12:00.337+00
10327,LEAD,RECURRING_SUBSCRIPTION,2026-01-29 15:48:43.572+00
10328,LEAD,RECURRING_SUBSCRIPTION,2026-01-29 15:49:54.024+00
9969,RECURRING_SUBSCRIPTION,RECURRING_SUBSCRIPTION,2026-01-29 16:23:17.325+00
10329,LEAD,RECURRING_SUBSCRIPTION,2026-01-29 16:34:14.31+00
10328,RECURRING_SUBSCRIPTION,RECURRING_SUBSCRIPTION,2026-01-29 16:45:41.39+00
7925,RECURRING_SUBSCRIPTION,CHURN,2026-01-29 17:21:53.234+00
10326,LEAD,WARM_LEAD,2026-01-29 17:37:00.511+00
8955,RECURRING_SUBSCRIPTION,WARM_LEAD,2026-01-29 17:40:48.694+00
10053,WARM_LEAD,RECURRING_SUBSCRIPTION,2026-01-29 18:16:55.979+00
1529,RECURRING_SUBSCRIPTION,CHURN,2026-01-29 19:37:59.345+00
10326,WARM_LEAD,RECURRING_SUBSCRIPTION,2026-01-29 20:51:38.994+00
10340,LEAD,RECURRING_SUBSCRIPTION,2026-01-29 21:10:22.037+00
10303,LEAD,RECURRING_SUBSCRIPTION,2026-01-29 21:25:21.635+00
7030,LEAD,WARM_LEAD,2026-01-29 22:12:34.059+00
9433,RECURRING_SUBSCRIPTION,WARM_LEAD,2026-01-29 22:13:14.317+00
10329,RECURRING_SUBSCRIPTION,RECURRING_SUBSCRIPTION,2026-01-29 23:11:14.237+00
10315,RECURRING_SUBSCRIPTION,RECURRING_SUBSCRIPTION,2026-01-30 14:55:36.646+00
9596,RECURRING_SUBSCRIPTION,TRIAL,2026-01-30 15:04:23.111+00
10306,LEAD,RECURRING_SUBSCRIPTION,2026-01-30 15:31:03.058+00
10361,LEAD,RECURRING_SUBSCRIPTION,2026-01-30 15:31:40.246+00
10348,LEAD,WARM_LEAD,2026-01-30 15:36:42.038+00
10043,RECURRING_SUBSCRIPTION,TRIAL,2026-01-30 15:49:16.366+00
4145,TRIAL,RECURRING_SUBSCRIPTION,2026-01-30 15:57:42.453+00
10317,LEAD,WARM_LEAD,2026-01-30 15:59:04.439+00
10317,WARM_LEAD,TRIAL,2026-01-30 15:59:56.776+00
10306,RECURRING_SUBSCRIPTION,WARM_LEAD,2026-01-30 16:40:58.681+00
9946,RECURRING_SUBSCRIPTION,WARM_LEAD,2026-01-30 17:10:19.599+00
9946,WARM_LEAD,RECURRING_SUBSCRIPTION,2026-01-30 17:12:16.993+00
10306,WARM_LEAD,RECURRING_SUBSCRIPTION,2026-01-30 17:18:08.086+00
10176,LEAD,RECURRING_SUBSCRIPTION,2026-01-30 17:24:39.844+00
10352,LEAD,WARM_LEAD,2026-01-30 18:16:14.379+00
8380,LEAD,WARM_LEAD,2026-01-30 19:19:46.547+00
8380,WARM_LEAD,WARM_LEAD,2026-01-30 19:19:55.932+00
8380,WARM_LEAD,WARM_LEAD,2026-01-30 19:19:57.068+00
8380,WARM_LEAD,WARM_LEAD,2026-01-30 19:34:50.991+00
8380,WARM_LEAD,RECURRING_SUBSCRIPTION,2026-01-30 19:39:11.401+00
8380,RECURRING_SUBSCRIPTION,RECURRING_SUBSCRIPTION,2026-01-30 20:01:28.813+00
6802,LEAD,RECURRING_SUBSCRIPTION,2026-01-30 20:34:05.043+00
10363,LEAD,WARM_LEAD,2026-01-30 20:45:53.967+00
10363,WARM_LEAD,WARM_LEAD,2026-01-30 20:45:54.511+00
7011,RECURRING_SUBSCRIPTION,RECURRING_SUBSCRIPTION,2026-01-30 21:29:11.519+00
7614,LEAD,WARM_LEAD,2026-01-30 23:04:00.965+00
7614,WARM_LEAD,WARM_LEAD,2026-01-30 23:04:03.076+00
10372,LEAD,RECURRING_SUBSCRIPTION,2026-01-31 00:33:50.671+00
5822,RECURRING_SUBSCRIPTION,WARM_LEAD,2026-01-31 03:52:27.199+00
7324,WARM_LEAD,RECURRING_SUBSCRIPTION,2026-01-31 04:39:37.077+00
10377,LEAD,RECURRING_SUBSCRIPTION,2026-01-31 11:14:44.982+00
276,WARM_LEAD,TRIAL,2026-02-01 11:08:09.383+00
9728,RECURRING_SUBSCRIPTION,WARM_LEAD,2026-02-01 11:14:51.197+00
10386,LEAD,TRIAL,2026-02-01 15:14:35.836+00
7943,WARM_LEAD,TRIAL,2026-02-01 18:46:07.133+00
7902,CHURN,RECURRING_SUBSCRIPTION,2026-02-01 22:07:46.929+00
2425,CHURN,RECURRING_SUBSCRIPTION,2026-02-01 22:49:46.703+00
10388,LEAD,RECURRING_SUBSCRIPTION,2026-02-02 00:09:37.053+00
10154,LEAD,RECURRING_SUBSCRIPTION,2026-02-02 14:19:57.096+00
6357,COLD_LEAD,WARM_LEAD,2026-02-02 14:22:07.636+00
7104,LEAD,WARM_LEAD,2026-02-02 14:22:31.314+00
7104,WARM_LEAD,WARM_LEAD,2026-02-02 14:22:31.849+00
7104,WARM_LEAD,RECURRING_SUBSCRIPTION,2026-02-02 14:33:06.668+00
10393,LEAD,WARM_LEAD,2026-02-02 14:35:17.467+00
10393,WARM_LEAD,WARM_LEAD,2026-02-02 14:35:18.845+00
1326,ON_DEMAND_SUBSCRIPTION,TRIAL,2026-02-02 15:38:52.966+00
3378,RECURRING_SUBSCRIPTION,WARM_LEAD,2026-02-02 15:44:36.299+00
2040,RECURRING_SUBSCRIPTION,ON_DEMAND_SUBSCRIPTION,2026-02-02 15:59:59.041+00
10393,WARM_LEAD,RECURRING_SUBSCRIPTION,2026-02-02 16:02:06.621+00
6429,ON_DEMAND_SUBSCRIPTION,TRIAL,2026-02-02 16:29:04.128+00
9218,RECURRING_SUBSCRIPTION,RECURRING_SUBSCRIPTION,2026-02-02 16:57:16.748+00
6795,RECURRING_SUBSCRIPTION,ON_DEMAND_SUBSCRIPTION,2026-02-02 17:28:34.139+00
8206,LEAD,WARM_LEAD,2026-02-02 18:17:20.717+00
10396,LEAD,RECURRING_SUBSCRIPTION,2026-02-02 19:51:17.961+00
10397,LEAD,RECURRING_SUBSCRIPTION,2026-02-02 20:34:08.645+00
9557,RECURRING_SUBSCRIPTION,TRIAL,2026-02-02 22:48:03.621+00
10398,LEAD,WARM_LEAD,2026-02-03 00:08:37.825+00
10398,WARM_LEAD,ON_DEMAND_SUBSCRIPTION,2026-02-03 00:08:59.952+00
10398,ON_DEMAND_SUBSCRIPTION,RECURRING_SUBSCRIPTION,2026-02-03 01:47:10.874+00
8699,RECURRING_SUBSCRIPTION,CHURN,2026-02-03 04:39:18.089+00
2444,RECURRING_SUBSCRIPTION,CHURN,2026-02-03 10:16:01.474+00
496,RECURRING_SUBSCRIPTION,RECURRING_SUBSCRIPTION,2026-02-03 13:34:48.837+00
7943,TRIAL,RECURRING_SUBSCRIPTION,2026-02-03 13:54:23.086+00
496,RECURRING_SUBSCRIPTION,RECURRING_SUBSCRIPTION,2026-02-03 14:03:38.313+00
10303,RECURRING_SUBSCRIPTION,WARM_LEAD,2026-02-03 14:59:44.651+00
2580,RECURRING_SUBSCRIPTION,CHURN,2026-02-03 17:13:18.361+00
10103,LEAD,WARM_LEAD,2026-02-03 18:13:02.658+00
9922,WARM_LEAD,RECURRING_SUBSCRIPTION,2026-02-03 19:13:28.526+00
10231,LEAD,WARM_LEAD,2026-02-03 19:15:14.694+00
10231,WARM_LEAD,WARM_LEAD,2026-02-03 19:15:16.577+00
9065,RECURRING_SUBSCRIPTION,WARM_LEAD,2026-02-03 19:36:27.386+00
10406,LEAD,RECURRING_SUBSCRIPTION,2026-02-03 19:40:14.901+00
10114,LEAD,WARM_LEAD,2026-02-03 19:53:22.477+00
8730,RECURRING_SUBSCRIPTION,WARM_LEAD,2026-02-03 19:54:31.496+00
10114,WARM_LEAD,ON_DEMAND_SUBSCRIPTION,2026-02-03 19:57:28.349+00
10114,ON_DEMAND_SUBSCRIPTION,RECURRING_SUBSCRIPTION,2026-02-03 20:00:29.747+00
10114,RECURRING_SUBSCRIPTION,ON_DEMAND_SUBSCRIPTION,2026-02-03 20:01:59.964+00
10114,ON_DEMAND_SUBSCRIPTION,RECURRING_SUBSCRIPTION,2026-02-03 20:07:19.191+00
9233,RECURRING_SUBSCRIPTION,ON_DEMAND_SUBSCRIPTION,2026-02-03 20:12:52.075+00
5373,RECURRING_SUBSCRIPTION,WARM_LEAD,2026-02-03 20:21:19.602+00
7379,LEAD,WARM_LEAD,2026-02-03 20:28:40.716+00
7379,WARM_LEAD,WARM_LEAD,2026-02-03 20:28:42.749+00
5470,WARM_LEAD,TRIAL,2026-02-03 21:29:54.66+00
7665,RECURRING_SUBSCRIPTION,ON_DEMAND_SUBSCRIPTION,2026-02-03 21:35:45.076+00
10231,WARM_LEAD,RECURRING_SUBSCRIPTION,2026-02-03 21:57:03.12+00
8465,RECURRING_SUBSCRIPTION,CHURN,2026-02-03 22:25:40.913+00
7379,WARM_LEAD,RECURRING_SUBSCRIPTION,2026-02-03 23:05:09.084+00
9958,WARM_LEAD,ON_DEMAND_SUBSCRIPTION,2026-02-04 00:33:02.873+00
9781,TRIAL,RECURRING_SUBSCRIPTION,2026-02-04 05:48:15.89+00
9805,RECURRING_SUBSCRIPTION,RECURRING_SUBSCRIPTION,2026-02-04 07:44:54.456+00
9679,RECURRING_SUBSCRIPTION,WARM_LEAD,2026-02-04 10:59:17.035+00
10011,TRIAL,RECURRING_SUBSCRIPTION,2026-02-04 11:11:16.934+00
2710,CHURN,TRIAL,2026-02-04 14:06:38.057+00
10409,LEAD,RECURRING_SUBSCRIPTION,2026-02-04 14:57:55.205+00
6676,LEAD,RECURRING_SUBSCRIPTION,2026-02-04 15:24:12.741+00
5355,RECURRING_SUBSCRIPTION,CHURN,2026-02-04 15:53:37.789+00
7850,LEAD,WARM_LEAD,2026-02-04 16:34:21.098+00
7850,WARM_LEAD,WARM_LEAD,2026-02-04 16:34:23.387+00
8957,RECURRING_SUBSCRIPTION,RECURRING_SUBSCRIPTION,2026-02-04 17:21:31.044+00
2896,RECURRING_SUBSCRIPTION,ON_DEMAND_SUBSCRIPTION,2026-02-04 17:28:17.621+00
1731,RECURRING_SUBSCRIPTION,RECURRING_SUBSCRIPTION,2026-02-04 18:09:44.838+00
10412,LEAD,WARM_LEAD,2026-02-04 18:40:51.864+00
10412,WARM_LEAD,WARM_LEAD,2026-02-04 18:40:54.45+00
7867,RECURRING_SUBSCRIPTION,ON_DEMAND_SUBSCRIPTION,2026-02-04 20:09:43.742+00
8329,LEAD,WARM_LEAD,2026-02-04 20:17:52.451+00
8329,WARM_LEAD,WARM_LEAD,2026-02-04 20:17:53.786+00
9046,RECURRING_SUBSCRIPTION,RECURRING_SUBSCRIPTION,2026-02-04 20:42:00.886+00
10383,LEAD,WARM_LEAD,2026-02-04 20:46:29.68+00
10383,WARM_LEAD,RECURRING_SUBSCRIPTION,2026-02-04 20:56:25.848+00
9494,RECURRING_SUBSCRIPTION,WARM_LEAD,2026-02-04 21:18:20.368+00
6676,RECURRING_SUBSCRIPTION,WARM_LEAD,2026-02-04 21:45:59.166+00
6676,WARM_LEAD,RECURRING_SUBSCRIPTION,2026-02-04 21:46:40.86+00
9494,WARM_LEAD,TRIAL,2026-02-04 21:51:05.049+00
6335,LEAD,RECURRING_SUBSCRIPTION,2026-02-04 22:27:26.43+00
9366,RECURRING_SUBSCRIPTION,WARM_LEAD,2026-02-05 14:37:20.043+00
253,RECURRING_SUBSCRIPTION,RECURRING_SUBSCRIPTION,2026-02-05 14:39:08.292+00
5373,WARM_LEAD,TRIAL,2026-02-05 14:39:40.903+00
6809,RECURRING_SUBSCRIPTION,ON_DEMAND_SUBSCRIPTION,2026-02-05 15:26:24.113+00
5512,RECURRING_SUBSCRIPTION,RECURRING_SUBSCRIPTION,2026-02-05 15:43:56.737+00
10381,LEAD,RECURRING_SUBSCRIPTION,2026-02-05 16:26:41.782+00
10381,RECURRING_SUBSCRIPTION,RECURRING_SUBSCRIPTION,2026-02-05 17:20:05.758+00
9597,RECURRING_SUBSCRIPTION,CHURN,2026-02-05 17:57:52.162+00
8555,RECURRING_SUBSCRIPTION,CHURN,2026-02-05 18:19:58.372+00
5373,TRIAL,ON_DEMAND_SUBSCRIPTION,2026-02-05 18:22:52.123+00
5373,ON_DEMAND_SUBSCRIPTION,CHURN,2026-02-05 18:23:59.806+00
2710,TRIAL,ON_DEMAND_SUBSCRIPTION,2026-02-05 18:26:02.043+00
2710,ON_DEMAND_SUBSCRIPTION,CHURN,2026-02-05 18:26:31.38+00
10426,LEAD,WARM_LEAD,2026-02-05 18:33:53.874+00
10426,WARM_LEAD,WARM_LEAD,2026-02-05 18:33:54.529+00
8704,RECURRING_SUBSCRIPTION,CHURN,2026-02-05 19:11:21.734+00
3076,ON_DEMAND_SUBSCRIPTION,RECURRING_SUBSCRIPTION,2026-02-05 19:24:00.892+00
9703,LEAD,WARM_LEAD,2026-02-05 19:58:07.479+00
9685,LEAD,WARM_LEAD,2026-02-05 20:42:22.055+00
7899,RECURRING_SUBSCRIPTION,RECURRING_SUBSCRIPTION,2026-02-05 21:06:08.285+00
9126,RECURRING_SUBSCRIPTION,RECURRING_SUBSCRIPTION,2026-02-05 21:11:23.827+00
10381,RECURRING_SUBSCRIPTION,RECURRING_SUBSCRIPTION,2026-02-05 21:16:42.062+00
9685,WARM_LEAD,RECURRING_SUBSCRIPTION,2026-02-05 21:48:14.463+00
9703,WARM_LEAD,RECURRING_SUBSCRIPTION,2026-02-05 22:01:34.854+00
10431,LEAD,RECURRING_SUBSCRIPTION,2026-02-05 23:07:05.675+00
10170,WARM_LEAD,RECURRING_SUBSCRIPTION,2026-02-06 04:30:25.388+00
9703,RECURRING_SUBSCRIPTION,WARM_LEAD,2026-02-06 15:09:59.847+00
9703,WARM_LEAD,LEAD,2026-02-06 15:10:57.403+00
9703,LEAD,WARM_LEAD,2026-02-06 15:12:20.34+00
8376,LEAD,WARM_LEAD,2026-02-06 15:16:33.447+00
8376,WARM_LEAD,TRIAL,2026-02-06 15:17:07.938+00
9703,WARM_LEAD,RECURRING_SUBSCRIPTION,2026-02-06 15:25:08.299+00
9703,RECURRING_SUBSCRIPTION,RECURRING_SUBSCRIPTION,2026-02-06 15:45:28.591+00
9760,RECURRING_SUBSCRIPTION,ON_DEMAND_SUBSCRIPTION,2026-02-06 16:24:24.328+00
9987,LEAD,WARM_LEAD,2026-02-06 17:14:16.06+00
9987,WARM_LEAD,WARM_LEAD,2026-02-06 17:14:17.154+00
9875,LEAD,WARM_LEAD,2026-02-06 18:09:09.13+00
9875,WARM_LEAD,COLD_LEAD,2026-02-06 18:19:02.799+00
6158,WARM_LEAD,TRIAL,2026-02-06 18:32:25.876+00
8169,LEAD,WARM_LEAD,2026-02-06 18:51:19.21+00
8169,WARM_LEAD,WARM_LEAD,2026-02-06 18:51:19.991+00
7384,LEAD,WARM_LEAD,2026-02-06 19:12:20.696+00
3076,RECURRING_SUBSCRIPTION,CHURN,2026-02-06 20:14:51.693+00
10231,RECURRING_SUBSCRIPTION,WARM_LEAD,2026-02-06 20:40:22.779+00
853,RECURRING_SUBSCRIPTION,RECURRING_SUBSCRIPTION,2026-02-07 11:42:26.619+00
8540,CHURN,RECURRING_SUBSCRIPTION,2026-02-07 17:09:19.535+00
10490,LEAD,RECURRING_SUBSCRIPTION,2026-02-07 17:37:21.004+00
4708,FREEMIUM,RECURRING_SUBSCRIPTION,2026-02-07 17:50:29.86+00
6791,LEAD,RECURRING_SUBSCRIPTION,2026-02-08 02:27:13.895+00
1664,COLD_LEAD,WARM_LEAD,2026-02-08 11:22:37.11+00
3056,COLD_LEAD,WARM_LEAD,2026-02-08 12:37:55.635+00
10499,LEAD,RECURRING_SUBSCRIPTION,2026-02-08 14:52:41.472+00
8040,WARM_LEAD,TRIAL,2026-02-08 15:22:13.017+00
10149,LEAD,RECURRING_SUBSCRIPTION,2026-02-08 22:04:57.73+00
8501,COLD_LEAD,WARM_LEAD,2026-02-09 09:29:34.284+00
8501,WARM_LEAD,WARM_LEAD,2026-02-09 09:29:35.233+00
253,RECURRING_SUBSCRIPTION,CHURN,2026-02-09 12:00:20.303+00
8501,WARM_LEAD,TRIAL,2026-02-09 12:42:46.375+00
2955,COLD_LEAD,RECURRING_SUBSCRIPTION,2026-02-09 12:50:10.112+00
3056,WARM_LEAD,TRIAL,2026-02-09 13:00:45.895+00
10394,LEAD,WARM_LEAD,2026-02-09 16:06:50.061+00
10394,WARM_LEAD,RECURRING_SUBSCRIPTION,2026-02-09 16:13:53.882+00
10542,LEAD,WARM_LEAD,2026-02-09 16:57:10.226+00
10542,WARM_LEAD,ON_DEMAND_SUBSCRIPTION,2026-02-09 16:57:20.262+00
3102,RECURRING_SUBSCRIPTION,CHURN,2026-02-09 18:07:06.674+00
10549,LEAD,WARM_LEAD,2026-02-09 19:03:34.312+00
10252,LEAD,RECURRING_SUBSCRIPTION,2026-02-09 19:29:18.9+00
10549,WARM_LEAD,RECURRING_SUBSCRIPTION,2026-02-09 19:57:32.215+00
9866,RECURRING_SUBSCRIPTION,TRIAL,2026-02-09 20:36:06.251+00
10151,LEAD,WARM_LEAD,2026-02-09 21:32:07.314+00
10287,RECURRING_SUBSCRIPTION,TRIAL,2026-02-09 21:34:50.205+00
10477,LEAD,WARM_LEAD,2026-02-09 21:46:06.948+00
10477,WARM_LEAD,WARM_LEAD,2026-02-09 21:46:08.03+00
9896,RECURRING_SUBSCRIPTION,RECURRING_SUBSCRIPTION,2026-02-09 22:07:46.923+00
10555,LEAD,TRIAL,2026-02-09 22:23:18.349+00
9695,RECURRING_SUBSCRIPTION,ON_DEMAND_SUBSCRIPTION,2026-02-09 22:41:01.747+00
10534,LEAD,WARM_LEAD,2026-02-09 22:45:54.654+00
10042,RECURRING_SUBSCRIPTION,TRIAL,2026-02-09 22:48:22.464+00
10411,LEAD,WARM_LEAD,2026-02-09 22:58:09.631+00
10411,WARM_LEAD,ON_DEMAND_SUBSCRIPTION,2026-02-09 22:58:20.524+00
10477,WARM_LEAD,ON_DEMAND_SUBSCRIPTION,2026-02-09 23:01:29.016+00
8715,RECURRING_SUBSCRIPTION,CHURN,2026-02-09 23:48:12.212+00
7524,RECURRING_SUBSCRIPTION,CHURN,2026-02-09 23:50:16.215+00
10534,WARM_LEAD,RECURRING_SUBSCRIPTION,2026-02-10 01:13:26.112+00
10551,LEAD,TRIAL,2026-02-10 03:46:45.349+00
10204,LEAD,WARM_LEAD,2026-02-10 10:50:12.43+00
10380,LEAD,WARM_LEAD,2026-02-10 12:18:57.515+00
22,COLD_LEAD,WARM_LEAD,2026-02-10 12:33:31.948+00
22,WARM_LEAD,WARM_LEAD,2026-02-10 12:33:33.74+00
1905,COLD_LEAD,WARM_LEAD,2026-02-10 13:24:39.451+00
10477,ON_DEMAND_SUBSCRIPTION,WARM_LEAD,2026-02-10 15:11:41.628+00
10411,ON_DEMAND_SUBSCRIPTION,WARM_LEAD,2026-02-10 15:12:59.523+00
10542,ON_DEMAND_SUBSCRIPTION,WARM_LEAD,2026-02-10 15:13:23.955+00
10565,LEAD,WARM_LEAD,2026-02-10 16:23:56.313+00
10565,WARM_LEAD,WARM_LEAD,2026-02-10 16:23:56.563+00
10242,RECURRING_SUBSCRIPTION,WARM_LEAD,2026-02-10 16:24:48.927+00
10018,LEAD,WARM_LEAD,2026-02-10 16:42:28.774+00
7378,RECURRING_SUBSCRIPTION,ON_DEMAND_SUBSCRIPTION,2026-02-10 16:43:45.747+00
9759,LEAD,WARM_LEAD,2026-02-10 17:51:07.888+00
10398,RECURRING_SUBSCRIPTION,RECURRING_SUBSCRIPTION,2026-02-10 18:26:45.31+00
10383,RECURRING_SUBSCRIPTION,WARM_LEAD,2026-02-10 18:35:41.242+00
9542,RECURRING_SUBSCRIPTION,RECURRING_SUBSCRIPTION,2026-02-10 18:40:07.394+00
9204,LEAD,WARM_LEAD,2026-02-10 19:04:00.529+00
9204,WARM_LEAD,WARM_LEAD,2026-02-10 19:04:02.539+00
9204,WARM_LEAD,TRIAL,2026-02-10 19:04:43.673+00
10374,LEAD,WARM_LEAD,2026-02-10 19:12:06.233+00
10374,WARM_LEAD,WARM_LEAD,2026-02-10 19:12:07.063+00
10568,LEAD,RECURRING_SUBSCRIPTION,2026-02-10 20:32:07.313+00
9653,WARM_LEAD,RECURRING_SUBSCRIPTION,2026-02-10 20:43:54.564+00
10082,LEAD,WARM_LEAD,2026-02-10 21:25:22.605+00
9625,RECURRING_SUBSCRIPTION,CHURN,2026-02-10 21:38:59.682+00
10477,WARM_LEAD,RECURRING_SUBSCRIPTION,2026-02-10 22:06:59.313+00
10210,LEAD,WARM_LEAD,2026-02-10 22:16:50.836+00
10210,WARM_LEAD,WARM_LEAD,2026-02-10 22:16:52.896+00
2425,RECURRING_SUBSCRIPTION,CHURN,2026-02-10 22:23:39.133+00
10154,RECURRING_SUBSCRIPTION,WARM_LEAD,2026-02-10 23:00:57.281+00
10491,LEAD,WARM_LEAD,2026-02-11 00:02:11.521+00
10491,WARM_LEAD,WARM_LEAD,2026-02-11 00:02:14.241+00
4387,FREEMIUM,RECURRING_SUBSCRIPTION,2026-02-11 01:41:47.373+00
22,WARM_LEAD,TRIAL,2026-02-11 08:23:24.235+00
10359,LEAD,WARM_LEAD,2026-02-11 13:11:05.389+00
10575,LEAD,WARM_LEAD,2026-02-11 15:06:01.58+00
10575,WARM_LEAD,ON_DEMAND_SUBSCRIPTION,2026-02-11 15:06:34.93+00
7927,RECURRING_SUBSCRIPTION,ON_DEMAND_SUBSCRIPTION,2026-02-11 15:19:48.106+00
10491,WARM_LEAD,RECURRING_SUBSCRIPTION,2026-02-11 15:43:02.49+00
8113,RECURRING_SUBSCRIPTION,CHURN,2026-02-11 16:32:44.126+00
10571,LEAD,WARM_LEAD,2026-02-11 16:56:15.679+00
8240,LEAD,WARM_LEAD,2026-02-11 17:07:51.841+00
10371,LEAD,WARM_LEAD,2026-02-11 17:53:51.447+00
10371,WARM_LEAD,WARM_LEAD,2026-02-11 17:53:53.197+00
8472,RECURRING_SUBSCRIPTION,CHURN,2026-02-11 18:03:13.989+00
10371,WARM_LEAD,TRIAL,2026-02-11 18:40:59.472+00
10231,WARM_LEAD,RECURRING_SUBSCRIPTION,2026-02-11 18:51:13.826+00
9986,LEAD,WARM_LEAD,2026-02-11 18:54:13.019+00
9114,LEAD,RECURRING_SUBSCRIPTION,2026-02-11 19:13:25.844+00
5058,RECURRING_SUBSCRIPTION,ON_DEMAND_SUBSCRIPTION,2026-02-11 20:30:05.029+00
6597,RECURRING_SUBSCRIPTION,FROZEN,2026-02-11 21:10:42.348+00
10035,LEAD,WARM_LEAD,2026-02-11 22:30:32.015+00
10035,WARM_LEAD,TRIAL,2026-02-11 22:31:59.947+00
9781,RECURRING_SUBSCRIPTION,ON_DEMAND_SUBSCRIPTION,2026-02-11 23:05:23.187+00
9768,WARM_LEAD,RECURRING_SUBSCRIPTION,2026-02-12 00:10:01.839+00
9960,LEAD,WARM_LEAD,2026-02-12 05:38:52.062+00
10567,LEAD,WARM_LEAD,2026-02-12 09:45:05.62+00
10567,WARM_LEAD,TRIAL,2026-02-12 10:19:41.394+00
10575,ON_DEMAND_SUBSCRIPTION,WARM_LEAD,2026-02-12 13:53:40.65+00
10575,WARM_LEAD,LEAD,2026-02-12 13:55:15.108+00
5707,TRIAL,ON_DEMAND_SUBSCRIPTION,2026-02-12 14:40:08.676+00
8585,RECURRING_SUBSCRIPTION,CHURN,2026-02-12 15:26:26.088+00
7971,RECURRING_SUBSCRIPTION,CHURN,2026-02-12 15:50:42.277+00
7931,WARM_LEAD,RECURRING_SUBSCRIPTION,2026-02-12 16:13:35.658+00
10245,RECURRING_SUBSCRIPTION,RECURRING_SUBSCRIPTION,2026-02-12 16:30:34.452+00
10555,TRIAL,ON_DEMAND_SUBSCRIPTION,2026-02-12 16:58:16.248+00
2876,RECURRING_SUBSCRIPTION,CHURN,2026-02-12 17:28:11.02+00
545,FREEMIUM,WARM_LEAD,2026-02-12 18:18:36.25+00
545,WARM_LEAD,TRIAL,2026-02-12 18:19:20.217+00
10205,LEAD,WARM_LEAD,2026-02-12 19:22:01.39+00
10205,WARM_LEAD,RECURRING_SUBSCRIPTION,2026-02-12 19:26:36.454+00
10583,LEAD,WARM_LEAD,2026-02-12 19:42:44.137+00
10583,WARM_LEAD,WARM_LEAD,2026-02-12 19:42:45.052+00
10583,WARM_LEAD,ON_DEMAND_SUBSCRIPTION,2026-02-12 19:42:55.976+00
10103,WARM_LEAD,RECURRING_SUBSCRIPTION,2026-02-12 20:16:33.123+00
10035,TRIAL,RECURRING_SUBSCRIPTION,2026-02-12 21:50:07.201+00
8597,TRIAL,RECURRING_SUBSCRIPTION,2026-02-12 22:48:29.56+00
8121,LEAD,WARM_LEAD,2026-02-12 23:03:36.094+00
9964,LEAD,WARM_LEAD,2026-02-13 05:19:40.678+00
9964,WARM_LEAD,TRIAL,2026-02-13 14:23:38.486+00
10584,LEAD,WARM_LEAD,2026-02-13 14:43:49.997+00
10584,WARM_LEAD,WARM_LEAD,2026-02-13 14:43:51.53+00
9948,RECURRING_SUBSCRIPTION,ON_DEMAND_SUBSCRIPTION,2026-02-13 16:56:57.128+00
10211,LEAD,WARM_LEAD,2026-02-13 17:03:59.809+00
10584,WARM_LEAD,RECURRING_SUBSCRIPTION,2026-02-13 17:14:40.581+00
9896,RECURRING_SUBSCRIPTION,RECURRING_SUBSCRIPTION,2026-02-13 17:24:15.696+00
10378,LEAD,WARM_LEAD,2026-02-13 18:21:26.967+00
10378,WARM_LEAD,WARM_LEAD,2026-02-13 18:21:28.932+00
10378,WARM_LEAD,RECURRING_SUBSCRIPTION,2026-02-13 18:27:17.943+00
10363,WARM_LEAD,TRIAL,2026-02-13 20:40:52.196+00
8536,RECURRING_SUBSCRIPTION,CHURN,2026-02-13 20:59:57.306+00
2502,RECURRING_SUBSCRIPTION,CHURN,2026-02-13 21:18:32.04+00
7614,WARM_LEAD,LEAD,2026-02-13 22:12:36.011+00
1053,RECURRING_SUBSCRIPTION,CHURN,2026-02-13 22:41:48.67+00
9360,WARM_LEAD,ON_DEMAND_SUBSCRIPTION,2026-02-14 00:29:06.506+00
9360,ON_DEMAND_SUBSCRIPTION,WARM_LEAD,2026-02-14 00:39:08.355+00
9360,WARM_LEAD,ON_DEMAND_SUBSCRIPTION,2026-02-14 00:39:39.885+00
9964,TRIAL,RECURRING_SUBSCRIPTION,2026-02-14 03:42:27.629+00
10593,LEAD,RECURRING_SUBSCRIPTION,2026-02-14 07:16:16.268+00
10234,LEAD,RECURRING_SUBSCRIPTION,2026-02-15 03:27:17.077+00
1191,COLD_LEAD,WARM_LEAD,2026-02-15 10:53:41.046+00
1905,WARM_LEAD,TRIAL,2026-02-15 13:54:53.977+00
7228,LEAD,WARM_LEAD,2026-02-15 16:46:29.159+00
10611,LEAD,WARM_LEAD,2026-02-16 04:54:22.076+00
7902,RECURRING_SUBSCRIPTION,CHURN,2026-02-16 13:47:59.276+00
3168,RECURRING_SUBSCRIPTION,TRIAL,2026-02-16 14:17:09.313+00
7385,COLD_LEAD,WARM_LEAD,2026-02-16 14:18:30.136+00
8342,RECURRING_SUBSCRIPTION,ON_DEMAND_SUBSCRIPTION,2026-02-16 15:27:37.461+00
8540,RECURRING_SUBSCRIPTION,ON_DEMAND_SUBSCRIPTION,2026-02-16 16:20:40.119+00
10601,LEAD,WARM_LEAD,2026-02-16 17:14:00.077+00
10601,WARM_LEAD,ON_DEMAND_SUBSCRIPTION,2026-02-16 17:14:25.071+00
4821,RECURRING_SUBSCRIPTION,CHURN,2026-02-16 17:35:45.667+00
10610,LEAD,WARM_LEAD,2026-02-16 18:08:45.966+00
10610,WARM_LEAD,WARM_LEAD,2026-02-16 18:08:47.049+00
10597,LEAD,WARM_LEAD,2026-02-16 19:50:34.557+00
10418,LEAD,WARM_LEAD,2026-02-16 20:56:03.093+00
9987,WARM_LEAD,RECURRING_SUBSCRIPTION,2026-02-16 21:19:59.51+00
8444,RECURRING_SUBSCRIPTION,TRIAL,2026-02-16 22:08:17.359+00
5304,RECURRING_SUBSCRIPTION,CHURN,2026-02-16 23:18:47.103+00
1016,RECURRING_SUBSCRIPTION,RECURRING_SUBSCRIPTION,2026-02-16 23:28:15.719+00
10613,LEAD,WARM_LEAD,2026-02-17 00:35:44.446+00
10613,WARM_LEAD,WARM_LEAD,2026-02-17 00:35:44.93+00
8040,TRIAL,RECURRING_SUBSCRIPTION,2026-02-17 09:15:13.254+00
2669,RECURRING_SUBSCRIPTION,WARM_LEAD,2026-02-17 13:30:13.611+00
10234,RECURRING_SUBSCRIPTION,TRIAL,2026-02-17 13:58:16.716+00
10224,RECURRING_SUBSCRIPTION,WARM_LEAD,2026-02-17 13:59:47.03+00
8770,LEAD,WARM_LEAD,2026-02-17 14:20:09.74+00
10613,WARM_LEAD,ON_DEMAND_SUBSCRIPTION,2026-02-17 15:21:29.287+00
10613,ON_DEMAND_SUBSCRIPTION,RECURRING_SUBSCRIPTION,2026-02-17 15:27:45.356+00
7632,RECURRING_SUBSCRIPTION,WARM_LEAD,2026-02-17 16:29:03.286+00
10619,LEAD,WARM_LEAD,2026-02-17 16:30:33.588+00
10619,WARM_LEAD,WARM_LEAD,2026-02-17 16:30:34.373+00
10619,WARM_LEAD,TRIAL,2026-02-17 16:56:00.264+00
10056,RECURRING_SUBSCRIPTION,RECURRING_SUBSCRIPTION,2026-02-17 17:21:00.303+00
7828,RECURRING_SUBSCRIPTION,RECURRING_SUBSCRIPTION,2026-02-17 17:39:04.956+00
7828,RECURRING_SUBSCRIPTION,RECURRING_SUBSCRIPTION,2026-02-17 17:40:20.589+00
7828,RECURRING_SUBSCRIPTION,RECURRING_SUBSCRIPTION,2026-02-17 17:41:48.695+00
8249,RECURRING_SUBSCRIPTION,RECURRING_SUBSCRIPTION,2026-02-17 17:56:11.733+00
449,RECURRING_SUBSCRIPTION,CHURN,2026-02-17 18:24:51.088+00
9598,RECURRING_SUBSCRIPTION,ON_DEMAND_SUBSCRIPTION,2026-02-17 18:33:15.758+00
6525,RECURRING_SUBSCRIPTION,ON_DEMAND_SUBSCRIPTION,2026-02-17 19:43:10.592+00
8770,WARM_LEAD,RECURRING_SUBSCRIPTION,2026-02-17 20:01:05.487+00
9388,RECURRING_SUBSCRIPTION,TRIAL,2026-02-17 20:41:56.524+00
10622,LEAD,WARM_LEAD,2026-02-17 21:40:36.109+00
10622,WARM_LEAD,WARM_LEAD,2026-02-17 21:40:37.557+00
10622,WARM_LEAD,TRIAL,2026-02-17 21:52:29.195+00
9877,LEAD,WARM_LEAD,2026-02-17 22:09:46.111+00
10626,LEAD,WARM_LEAD,2026-02-18 01:19:29.461+00
10630,LEAD,RECURRING_SUBSCRIPTION,2026-02-18 10:35:45.285+00
10612,LEAD,WARM_LEAD,2026-02-18 11:15:53.177+00
10612,WARM_LEAD,TRIAL,2026-02-18 11:38:57.756+00
1664,WARM_LEAD,ON_DEMAND_SUBSCRIPTION,2026-02-18 14:08:52.922+00
581,RECURRING_SUBSCRIPTION,CHURN,2026-02-18 14:56:34.751+00
581,CHURN,CHURN,2026-02-18 14:59:03.374+00
581,CHURN,CHURN,2026-02-18 15:01:09.175+00
581,CHURN,CHURN,2026-02-18 15:04:50.795+00
581,CHURN,CHURN,2026-02-18 15:05:55.253+00
10152,RECURRING_SUBSCRIPTION,WARM_LEAD,2026-02-18 15:19:13.589+00
479,RECURRING_SUBSCRIPTION,CHURN,2026-02-18 15:57:51.846+00
9896,RECURRING_SUBSCRIPTION,TRIAL,2026-02-18 16:42:38.396+00
10633,LEAD,WARM_LEAD,2026-02-18 17:13:53.012+00
4900,RECURRING_SUBSCRIPTION,RECURRING_SUBSCRIPTION,2026-02-18 17:15:28.2+00
9877,WARM_LEAD,RECURRING_SUBSCRIPTION,2026-02-18 18:11:59.91+00
9273,RECURRING_SUBSCRIPTION,ON_DEMAND_SUBSCRIPTION,2026-02-18 18:36:39.179+00
10638,LEAD,WARM_LEAD,2026-02-18 19:23:59.424+00
10638,WARM_LEAD,WARM_LEAD,2026-02-18 19:24:01.253+00
10638,WARM_LEAD,ON_DEMAND_SUBSCRIPTION,2026-02-18 19:30:21.301+00
10639,LEAD,RECURRING_SUBSCRIPTION,2026-02-18 20:09:39.842+00
100,ON_DEMAND_SUBSCRIPTION,CHURN,2026-02-18 21:18:35.243+00
10638,ON_DEMAND_SUBSCRIPTION,RECURRING_SUBSCRIPTION,2026-02-18 21:23:59.113+00
10447,LEAD,RECURRING_SUBSCRIPTION,2026-02-18 23:57:06.872+00
10644,LEAD,WARM_LEAD,2026-02-19 01:10:06.739+00
10631,LEAD,WARM_LEAD,2026-02-19 09:05:58.811+00
10631,WARM_LEAD,TRIAL,2026-02-19 09:49:19.068+00
7385,WARM_LEAD,TRIAL,2026-02-19 11:29:54.199+00
10646,LEAD,WARM_LEAD,2026-02-19 13:58:18.539+00
10646,WARM_LEAD,WARM_LEAD,2026-02-19 13:58:18.803+00
10646,WARM_LEAD,ON_DEMAND_SUBSCRIPTION,2026-02-19 13:59:47.28+00
8498,RECURRING_SUBSCRIPTION,CHURN,2026-02-19 14:37:39.159+00
7962,RECURRING_SUBSCRIPTION,ON_DEMAND_SUBSCRIPTION,2026-02-19 14:41:32.503+00
10649,LEAD,WARM_LEAD,2026-02-19 15:25:28.072+00
10647,LEAD,WARM_LEAD,2026-02-19 15:28:18.267+00
10647,WARM_LEAD,ON_DEMAND_SUBSCRIPTION,2026-02-19 15:28:39.534+00
10625,LEAD,WARM_LEAD,2026-02-19 15:37:41.635+00
10447,RECURRING_SUBSCRIPTION,TRIAL,2026-02-19 15:53:11.667+00
10652,LEAD,RECURRING_SUBSCRIPTION,2026-02-19 17:02:57.974+00
6339,LEAD,WARM_LEAD,2026-02-19 17:10:33.219+00
6339,WARM_LEAD,RECURRING_SUBSCRIPTION,2026-02-19 17:18:24.627+00
2570,FREEMIUM,RECURRING_SUBSCRIPTION,2026-02-19 17:27:08.228+00
10661,LEAD,WARM_LEAD,2026-02-19 17:50:13.198+00
11233,LEAD,WARM_LEAD,2026-03-19 07:02:06.233+00
8380,RECURRING_SUBSCRIPTION,TRIAL,2026-02-19 18:09:32.683+00
8329,WARM_LEAD,RECURRING_SUBSCRIPTION,2026-02-19 18:14:05.528+00
10624,LEAD,WARM_LEAD,2026-02-19 18:37:35.211+00
10103,RECURRING_SUBSCRIPTION,WARM_LEAD,2026-02-19 18:52:29.011+00
10666,LEAD,WARM_LEAD,2026-02-19 19:25:08.247+00
10666,WARM_LEAD,WARM_LEAD,2026-02-19 19:25:08.407+00
10666,WARM_LEAD,RECURRING_SUBSCRIPTION,2026-02-19 19:25:44.413+00
10666,RECURRING_SUBSCRIPTION,RECURRING_SUBSCRIPTION,2026-02-19 19:27:13.255+00
4038,FREEMIUM,RECURRING_SUBSCRIPTION,2026-02-19 21:11:14.468+00
10488,LEAD,WARM_LEAD,2026-02-19 22:47:38.273+00
10670,LEAD,WARM_LEAD,2026-02-19 22:50:43.921+00
8533,LEAD,WARM_LEAD,2026-02-19 23:45:28.959+00
5726,LEAD,WARM_LEAD,2026-02-20 03:32:02.156+00
10671,LEAD,WARM_LEAD,2026-02-20 13:24:46.879+00
10650,LEAD,RECURRING_SUBSCRIPTION,2026-02-20 13:36:32.949+00
6491,RECURRING_SUBSCRIPTION,CHURN,2026-02-20 13:36:47.881+00
10306,RECURRING_SUBSCRIPTION,ON_DEMAND_SUBSCRIPTION,2026-02-20 15:18:19.099+00
449,CHURN,RECURRING_SUBSCRIPTION,2026-02-20 15:21:19.722+00
10667,LEAD,WARM_LEAD,2026-02-20 15:33:12.726+00
10334,LEAD,RECURRING_SUBSCRIPTION,2026-02-20 15:33:51.998+00
10374,WARM_LEAD,RECURRING_SUBSCRIPTION,2026-02-20 15:35:35.301+00
10613,RECURRING_SUBSCRIPTION,RECURRING_SUBSCRIPTION,2026-02-20 15:59:15.872+00
10667,WARM_LEAD,TRIAL,2026-02-20 16:10:39.811+00
10058,LEAD,WARM_LEAD,2026-02-20 16:45:57.45+00
10058,WARM_LEAD,LEAD,2026-02-20 17:04:23.351+00
10058,LEAD,WARM_LEAD,2026-02-20 17:04:52.349+00
6397,ON_DEMAND_SUBSCRIPTION,RECURRING_SUBSCRIPTION,2026-02-20 17:22:16.763+00
10675,LEAD,WARM_LEAD,2026-02-20 17:32:05.521+00
6719,RECURRING_SUBSCRIPTION,RECURRING_SUBSCRIPTION,2026-02-20 17:44:59.796+00
5283,RECURRING_SUBSCRIPTION,ON_DEMAND_SUBSCRIPTION,2026-02-20 18:05:50.613+00
7484,LEAD,WARM_LEAD,2026-02-20 19:10:14.737+00
7832,RECURRING_SUBSCRIPTION,RECURRING_SUBSCRIPTION,2026-02-20 19:21:21.952+00
6397,RECURRING_SUBSCRIPTION,ON_DEMAND_SUBSCRIPTION,2026-02-20 19:35:49.963+00
9982,LEAD,WARM_LEAD,2026-02-20 19:55:59.479+00
9982,WARM_LEAD,WARM_LEAD,2026-02-20 19:56:01.357+00
10679,LEAD,WARM_LEAD,2026-02-20 20:21:19.508+00
10679,WARM_LEAD,WARM_LEAD,2026-02-20 20:21:19.653+00
10679,WARM_LEAD,WARM_LEAD,2026-02-20 20:21:19.704+00
10679,WARM_LEAD,WARM_LEAD,2026-02-20 20:21:19.736+00
10679,WARM_LEAD,WARM_LEAD,2026-02-20 20:21:19.768+00
10679,WARM_LEAD,WARM_LEAD,2026-02-20 20:21:19.793+00
10679,WARM_LEAD,ON_DEMAND_SUBSCRIPTION,2026-02-20 20:22:28.119+00
10679,ON_DEMAND_SUBSCRIPTION,RECURRING_SUBSCRIPTION,2026-02-20 20:25:23.884+00
9982,WARM_LEAD,RECURRING_SUBSCRIPTION,2026-02-20 20:38:28.383+00
10677,LEAD,WARM_LEAD,2026-02-20 21:02:21.561+00
6502,RECURRING_SUBSCRIPTION,RECURRING_SUBSCRIPTION,2026-02-20 21:28:55.165+00
10677,WARM_LEAD,TRIAL,2026-02-20 21:50:43.481+00
5243,RECURRING_SUBSCRIPTION,CHURN,2026-02-20 22:14:27.604+00
9473,RECURRING_SUBSCRIPTION,RECURRING_SUBSCRIPTION,2026-02-20 22:18:12.829+00
10067,LEAD,WARM_LEAD,2026-02-20 22:23:41.271+00
8807,RECURRING_SUBSCRIPTION,CHURN,2026-02-21 01:12:08.517+00
8003,FROZEN,RECURRING_SUBSCRIPTION,2026-02-21 01:28:07.858+00
10688,LEAD,RECURRING_SUBSCRIPTION,2026-02-21 18:27:58.587+00
9942,WARM_LEAD,RECURRING_SUBSCRIPTION,2026-02-21 20:43:26.268+00
5301,LEAD,WARM_LEAD,2026-02-21 20:49:28.914+00
5301,WARM_LEAD,WARM_LEAD,2026-02-21 20:49:30.234+00
10694,LEAD,WARM_LEAD,2026-02-22 02:33:24.028+00
10695,LEAD,WARM_LEAD,2026-02-22 04:04:19.563+00
757,CHURN,ON_DEMAND_SUBSCRIPTION,2026-02-22 09:45:47.981+00
1905,TRIAL,RECURRING_SUBSCRIPTION,2026-02-22 15:14:04.458+00
10654,LEAD,RECURRING_SUBSCRIPTION,2026-02-22 16:25:51.618+00
10691,LEAD,WARM_LEAD,2026-02-22 17:56:45.491+00
10425,LEAD,RECURRING_SUBSCRIPTION,2026-02-22 18:31:48.636+00
10697,LEAD,WARM_LEAD,2026-02-22 19:15:16.881+00
10251,LEAD,RECURRING_SUBSCRIPTION,2026-02-23 00:26:45.608+00
8682,RECURRING_SUBSCRIPTION,RECURRING_SUBSCRIPTION,2026-02-23 00:40:02.998+00
9922,RECURRING_SUBSCRIPTION,RECURRING_SUBSCRIPTION,2026-02-23 01:00:44.115+00
7994,RECURRING_SUBSCRIPTION,RECURRING_SUBSCRIPTION,2026-02-23 01:10:23.047+00
9652,RECURRING_SUBSCRIPTION,RECURRING_SUBSCRIPTION,2026-02-23 02:20:23.214+00
9674,LEAD,WARM_LEAD,2026-02-23 03:30:19.752+00
10351,LEAD,WARM_LEAD,2026-02-23 03:34:49.149+00
10703,LEAD,WARM_LEAD,2026-02-23 07:28:06.362+00
9858,RECURRING_SUBSCRIPTION,RECURRING_SUBSCRIPTION,2026-02-23 13:23:39.963+00
9115,TRIAL,RECURRING_SUBSCRIPTION,2026-02-23 14:29:14.539+00
10478,LEAD,WARM_LEAD,2026-02-23 15:41:38.065+00
10556,LEAD,WARM_LEAD,2026-02-23 15:48:56.057+00
10556,WARM_LEAD,WARM_LEAD,2026-02-23 15:48:57.191+00
8685,RECURRING_SUBSCRIPTION,TRIAL,2026-02-23 16:45:32.5+00
5659,RECURRING_SUBSCRIPTION,RECURRING_SUBSCRIPTION,2026-02-23 16:46:05.699+00
10695,WARM_LEAD,TRIAL,2026-02-23 17:13:59.472+00
7199,LEAD,WARM_LEAD,2026-02-23 17:27:38.49+00
10327,RECURRING_SUBSCRIPTION,WARM_LEAD,2026-02-23 17:58:34.117+00
6591,LEAD,WARM_LEAD,2026-02-23 18:58:28.919+00
10699,LEAD,WARM_LEAD,2026-02-23 19:20:44.588+00
1191,WARM_LEAD,RECURRING_SUBSCRIPTION,2026-02-23 19:40:37.894+00
10642,LEAD,WARM_LEAD,2026-02-23 19:46:32.756+00
10393,RECURRING_SUBSCRIPTION,RECURRING_SUBSCRIPTION,2026-02-23 20:20:34.68+00
6591,WARM_LEAD,RECURRING_SUBSCRIPTION,2026-02-23 20:25:43.592+00
10393,RECURRING_SUBSCRIPTION,RECURRING_SUBSCRIPTION,2026-02-23 20:47:38.563+00
8179,LEAD,WARM_LEAD,2026-02-23 20:52:01.675+00
10410,LEAD,WARM_LEAD,2026-02-23 21:25:42.097+00
6423,RECURRING_SUBSCRIPTION,CHURN,2026-02-23 21:26:21.689+00
9649,RECURRING_SUBSCRIPTION,RECURRING_SUBSCRIPTION,2026-02-23 21:33:39.631+00
9877,RECURRING_SUBSCRIPTION,RECURRING_SUBSCRIPTION,2026-02-23 21:43:41.179+00
10397,RECURRING_SUBSCRIPTION,RECURRING_SUBSCRIPTION,2026-02-23 21:49:40.952+00
10199,LEAD,WARM_LEAD,2026-02-23 22:22:16.661+00
10199,WARM_LEAD,TRIAL,2026-02-23 22:23:38.692+00
10472,LEAD,WARM_LEAD,2026-02-23 22:50:59.568+00
10707,LEAD,RECURRING_SUBSCRIPTION,2026-02-24 01:45:11.413+00
10717,LEAD,WARM_LEAD,2026-02-24 02:28:40.674+00
10719,LEAD,WARM_LEAD,2026-02-24 02:52:06.827+00
1310,COLD_LEAD,WARM_LEAD,2026-02-24 08:44:27.556+00
3561,COLD_LEAD,WARM_LEAD,2026-02-24 08:52:49.605+00
10706,LEAD,WARM_LEAD,2026-02-24 09:10:23.331+00
2697,RECURRING_SUBSCRIPTION,CHURN,2026-02-24 13:35:33.458+00
276,TRIAL,RECURRING_SUBSCRIPTION,2026-02-24 13:54:38.786+00
1310,WARM_LEAD,TRIAL,2026-02-24 15:21:53.809+00
2851,COLD_LEAD,WARM_LEAD,2026-02-24 15:24:49.533+00
7625,RECURRING_SUBSCRIPTION,TRIAL,2026-02-24 15:27:22.057+00
10725,LEAD,RECURRING_SUBSCRIPTION,2026-02-24 15:46:17.422+00
10726,LEAD,RECURRING_SUBSCRIPTION,2026-02-24 15:52:09.199+00
2081,RECURRING_SUBSCRIPTION,ON_DEMAND_SUBSCRIPTION,2026-02-24 16:18:43.173+00
6112,LEAD,WARM_LEAD,2026-02-24 16:35:14.857+00
1214,CHURN,RECURRING_SUBSCRIPTION,2026-02-24 16:37:43.441+00
8215,RECURRING_SUBSCRIPTION,CHURN,2026-02-24 17:34:42.455+00
383,ON_DEMAND_SUBSCRIPTION,CHURN,2026-02-24 18:22:34.055+00
9831,RECURRING_SUBSCRIPTION,RECURRING_SUBSCRIPTION,2026-02-24 19:25:32.897+00
10668,LEAD,RECURRING_SUBSCRIPTION,2026-02-24 19:49:45.247+00
9362,RECURRING_SUBSCRIPTION,CHURN,2026-02-24 20:00:06.893+00
10633,WARM_LEAD,TRIAL,2026-02-24 20:01:12.784+00
10728,LEAD,RECURRING_SUBSCRIPTION,2026-02-24 20:50:13.145+00
6256,TRIAL,RECURRING_SUBSCRIPTION,2026-02-24 21:37:04.439+00
7975,RECURRING_SUBSCRIPTION,RECURRING_SUBSCRIPTION,2026-02-24 21:51:41.398+00
8115,RECURRING_SUBSCRIPTION,RECURRING_SUBSCRIPTION,2026-02-24 21:54:20.052+00
10231,RECURRING_SUBSCRIPTION,RECURRING_SUBSCRIPTION,2026-02-24 22:02:27.045+00
10733,LEAD,WARM_LEAD,2026-02-24 22:04:18.869+00
10733,WARM_LEAD,RECURRING_SUBSCRIPTION,2026-02-24 22:07:59.563+00
10733,RECURRING_SUBSCRIPTION,RECURRING_SUBSCRIPTION,2026-02-24 22:21:06.232+00
10733,RECURRING_SUBSCRIPTION,RECURRING_SUBSCRIPTION,2026-02-24 22:22:05.71+00
489,RECURRING_SUBSCRIPTION,CHURN,2026-02-24 22:27:33.363+00
5843,RECURRING_SUBSCRIPTION,CHURN,2026-02-24 22:30:56.931+00
10270,LEAD,WARM_LEAD,2026-02-24 22:46:05.271+00
10672,LEAD,WARM_LEAD,2026-02-24 22:49:09.428+00
1191,RECURRING_SUBSCRIPTION,RECURRING_SUBSCRIPTION,2026-02-25 08:13:49.704+00
10706,WARM_LEAD,TRIAL,2026-02-25 12:41:08.1+00
8501,TRIAL,RECURRING_SUBSCRIPTION,2026-02-25 13:02:35.749+00
10937,LEAD,WARM_LEAD,2026-02-25 14:22:41.794+00
9709,RECURRING_SUBSCRIPTION,CHURN,2026-02-25 15:04:19.336+00
10373,LEAD,RECURRING_SUBSCRIPTION,2026-02-25 16:24:24.446+00
10653,LEAD,RECURRING_SUBSCRIPTION,2026-02-25 16:50:19.944+00
11052,LEAD,WARM_LEAD,2026-02-25 17:01:22.587+00
10642,WARM_LEAD,RECURRING_SUBSCRIPTION,2026-02-25 17:04:24.104+00
10717,WARM_LEAD,TRIAL,2026-02-25 17:19:51.305+00
7061,RECURRING_SUBSCRIPTION,CHURN,2026-02-25 17:21:36.2+00
11053,LEAD,WARM_LEAD,2026-02-25 17:26:56.79+00
11051,LEAD,RECURRING_SUBSCRIPTION,2026-02-25 17:30:38.69+00
9986,WARM_LEAD,ON_DEMAND_SUBSCRIPTION,2026-02-25 18:51:36.403+00
4758,FREEMIUM,ON_DEMAND_SUBSCRIPTION,2026-02-25 19:04:15.434+00
11056,LEAD,WARM_LEAD,2026-02-25 19:21:59.764+00
11056,WARM_LEAD,RECURRING_SUBSCRIPTION,2026-02-25 19:29:49.228+00
9831,RECURRING_SUBSCRIPTION,RECURRING_SUBSCRIPTION,2026-02-25 20:28:29.106+00
10672,WARM_LEAD,TRIAL,2026-02-25 21:01:02.975+00
9698,TRIAL,ON_DEMAND_SUBSCRIPTION,2026-02-25 21:24:39.938+00
9536,TRIAL,ON_DEMAND_SUBSCRIPTION,2026-02-25 22:02:44.738+00
6987,LEAD,RECURRING_SUBSCRIPTION,2026-02-26 05:21:52.684+00
10189,LEAD,WARM_LEAD,2026-02-26 05:38:10.153+00
211,TRIAL,RECURRING_SUBSCRIPTION,2026-02-26 15:27:45.875+00
9825,LEAD,WARM_LEAD,2026-02-26 17:24:28.622+00
8142,RECURRING_SUBSCRIPTION,RECURRING_SUBSCRIPTION,2026-02-26 17:26:38.884+00
7725,RECURRING_SUBSCRIPTION,CHURN,2026-02-26 17:51:21.905+00
11069,LEAD,RECURRING_SUBSCRIPTION,2026-02-26 18:01:38.577+00
10110,RECURRING_SUBSCRIPTION,RECURRING_SUBSCRIPTION,2026-02-26 18:22:30.354+00
651,RECURRING_SUBSCRIPTION,TRIAL,2026-02-26 18:27:03.315+00
11067,LEAD,WARM_LEAD,2026-02-26 19:02:06.235+00
11067,WARM_LEAD,WARM_LEAD,2026-02-26 19:02:07.528+00
11067,WARM_LEAD,TRIAL,2026-02-26 19:05:24.018+00
8168,RECURRING_SUBSCRIPTION,TRIAL,2026-02-26 19:40:10.834+00
10573,LEAD,WARM_LEAD,2026-02-26 20:07:03.654+00
11059,LEAD,WARM_LEAD,2026-02-26 20:29:44.812+00
7299,RECURRING_SUBSCRIPTION,WARM_LEAD,2026-02-26 21:02:28.152+00
10937,WARM_LEAD,TRIAL,2026-02-26 21:38:03.837+00
6502,RECURRING_SUBSCRIPTION,RECURRING_SUBSCRIPTION,2026-02-26 21:55:17.077+00
11069,RECURRING_SUBSCRIPTION,RECURRING_SUBSCRIPTION,2026-02-26 23:10:00.991+00
10702,LEAD,RECURRING_SUBSCRIPTION,2026-02-27 01:29:47.953+00
11075,LEAD,RECURRING_SUBSCRIPTION,2026-02-27 13:27:46.055+00
10641,LEAD,WARM_LEAD,2026-02-27 13:44:48.838+00
8721,RECURRING_SUBSCRIPTION,WARM_LEAD,2026-02-27 14:22:06.09+00
2188,CHURN,ON_DEMAND_SUBSCRIPTION,2026-02-27 15:25:38.44+00
7474,RECURRING_SUBSCRIPTION,ON_DEMAND_SUBSCRIPTION,2026-02-27 16:14:09.776+00
10671,WARM_LEAD,TRIAL,2026-02-27 17:32:27.95+00
11084,LEAD,RECURRING_SUBSCRIPTION,2026-02-27 18:19:04.936+00
11083,LEAD,WARM_LEAD,2026-02-27 18:24:58.918+00
1279,RECURRING_SUBSCRIPTION,ON_DEMAND_SUBSCRIPTION,2026-02-27 18:34:32.487+00
11079,LEAD,WARM_LEAD,2026-02-27 18:40:00.812+00
11079,WARM_LEAD,WARM_LEAD,2026-02-27 18:40:02.164+00
11085,LEAD,WARM_LEAD,2026-02-27 18:45:37.218+00
9653,RECURRING_SUBSCRIPTION,RECURRING_SUBSCRIPTION,2026-02-27 18:55:12.768+00
11079,WARM_LEAD,TRIAL,2026-02-27 18:57:39.416+00
3067,RECURRING_SUBSCRIPTION,CHURN,2026-02-27 19:04:14.728+00
9653,RECURRING_SUBSCRIPTION,ON_DEMAND_SUBSCRIPTION,2026-02-27 19:14:26.071+00
9653,ON_DEMAND_SUBSCRIPTION,RECURRING_SUBSCRIPTION,2026-02-27 19:15:09.746+00
6874,TRIAL,ON_DEMAND_SUBSCRIPTION,2026-02-27 20:16:28.131+00
6812,RECURRING_SUBSCRIPTION,RECURRING_SUBSCRIPTION,2026-02-27 20:57:37.184+00
11077,LEAD,WARM_LEAD,2026-02-27 22:51:01.81+00
456,RECURRING_SUBSCRIPTION,CHURN,2026-03-25 16:17:16.295+00
10703,WARM_LEAD,RECURRING_SUBSCRIPTION,2026-02-28 03:55:57.719+00
8665,LEAD,WARM_LEAD,2026-02-28 14:29:12.646+00
11066,LEAD,WARM_LEAD,2026-02-28 15:56:18.06+00
10047,LEAD,WARM_LEAD,2026-02-28 16:23:13.072+00
10606,LEAD,WARM_LEAD,2026-02-28 16:30:39.087+00
10867,LEAD,WARM_LEAD,2026-02-28 17:18:35.712+00
1963,ON_DEMAND_SUBSCRIPTION,RECURRING_SUBSCRIPTION,2026-02-28 17:33:18.015+00
8665,WARM_LEAD,RECURRING_SUBSCRIPTION,2026-02-28 19:54:07.145+00
9449,LEAD,WARM_LEAD,2026-02-28 21:00:15.341+00
8182,WARM_LEAD,RECURRING_SUBSCRIPTION,2026-02-28 23:40:04.791+00
9841,LEAD,WARM_LEAD,2026-03-01 01:20:18.616+00
1954,TRIAL,RECURRING_SUBSCRIPTION,2026-03-01 04:00:14.206+00
2955,RECURRING_SUBSCRIPTION,TRIAL,2026-03-01 09:58:03.91+00
2955,TRIAL,ON_DEMAND_SUBSCRIPTION,2026-03-01 09:58:50.638+00
11094,LEAD,RECURRING_SUBSCRIPTION,2026-03-01 16:39:35.527+00
10263,LEAD,WARM_LEAD,2026-03-01 17:50:41.57+00
9456,LEAD,WARM_LEAD,2026-03-02 00:29:29.887+00
9174,LEAD,WARM_LEAD,2026-03-02 01:08:02.544+00
10179,LEAD,WARM_LEAD,2026-03-02 04:50:27.547+00
9718,RECURRING_SUBSCRIPTION,ON_DEMAND_SUBSCRIPTION,2026-03-02 14:53:55.664+00
10374,RECURRING_SUBSCRIPTION,TRIAL,2026-03-02 15:19:45.012+00
10448,LEAD,RECURRING_SUBSCRIPTION,2026-03-02 15:50:17.566+00
6215,CHURN,RECURRING_SUBSCRIPTION,2026-03-02 17:09:54.956+00
10448,RECURRING_SUBSCRIPTION,WARM_LEAD,2026-03-02 17:14:47.358+00
6215,RECURRING_SUBSCRIPTION,RECURRING_SUBSCRIPTION,2026-03-02 17:17:44.686+00
10736,LEAD,WARM_LEAD,2026-03-02 17:22:45.354+00
10736,WARM_LEAD,TRIAL,2026-03-02 17:33:23.027+00
9111,LEAD,WARM_LEAD,2026-03-02 18:03:57.178+00
10713,LEAD,WARM_LEAD,2026-03-02 18:14:10.783+00
8168,TRIAL,RECURRING_SUBSCRIPTION,2026-03-02 18:23:06.99+00
8761,LEAD,WARM_LEAD,2026-03-02 18:54:28.441+00
8756,RECURRING_SUBSCRIPTION,ON_DEMAND_SUBSCRIPTION,2026-03-02 18:59:04.02+00
6812,RECURRING_SUBSCRIPTION,RECURRING_SUBSCRIPTION,2026-03-02 19:14:56.476+00
8556,RECURRING_SUBSCRIPTION,ON_DEMAND_SUBSCRIPTION,2026-03-02 19:18:30.903+00
9384,RECURRING_SUBSCRIPTION,CHURN,2026-03-02 19:20:44.872+00
8023,LEAD,WARM_LEAD,2026-03-02 20:28:11.364+00
7714,WARM_LEAD,RECURRING_SUBSCRIPTION,2026-03-02 21:13:17.866+00
8832,LEAD,WARM_LEAD,2026-03-02 21:28:34.281+00
10639,RECURRING_SUBSCRIPTION,RECURRING_SUBSCRIPTION,2026-03-02 21:30:36.157+00
445,RECURRING_SUBSCRIPTION,RECURRING_SUBSCRIPTION,2026-03-02 21:43:41.313+00
164,RECURRING_SUBSCRIPTION,CHURN,2026-03-03 00:00:05.505+00
11112,LEAD,WARM_LEAD,2026-03-03 00:23:08.712+00
8756,ON_DEMAND_SUBSCRIPTION,RECURRING_SUBSCRIPTION,2026-03-03 03:16:15.787+00
10157,RECURRING_SUBSCRIPTION,ON_DEMAND_SUBSCRIPTION,2026-03-03 13:58:18.931+00
7132,RECURRING_SUBSCRIPTION,CHURN,2026-03-03 14:09:59.238+00
8756,RECURRING_SUBSCRIPTION,ON_DEMAND_SUBSCRIPTION,2026-03-03 14:24:29.345+00
8162,RECURRING_SUBSCRIPTION,RECURRING_SUBSCRIPTION,2026-03-03 15:07:55.067+00
11114,LEAD,WARM_LEAD,2026-03-03 15:32:19.496+00
10716,LEAD,WARM_LEAD,2026-03-03 16:05:56.222+00
7902,CHURN,RECURRING_SUBSCRIPTION,2026-03-03 16:31:57.89+00
6707,ON_DEMAND_SUBSCRIPTION,CHURN,2026-03-03 18:39:11.458+00
11117,LEAD,WARM_LEAD,2026-03-03 18:49:52.744+00
11117,WARM_LEAD,ON_DEMAND_SUBSCRIPTION,2026-03-03 18:50:35.382+00
11117,ON_DEMAND_SUBSCRIPTION,WARM_LEAD,2026-03-03 19:07:21.83+00
9062,LEAD,WARM_LEAD,2026-03-03 19:48:17.697+00
8531,RECURRING_SUBSCRIPTION,TRIAL,2026-03-03 20:08:37.658+00
11119,LEAD,WARM_LEAD,2026-03-03 20:34:28.058+00
7836,WARM_LEAD,TRIAL,2026-03-03 20:41:52.181+00
7320,RECURRING_SUBSCRIPTION,CHURN,2026-03-03 20:42:08.232+00
7520,RECURRING_SUBSCRIPTION,CHURN,2026-03-03 21:27:15.358+00
2155,RECURRING_SUBSCRIPTION,CHURN,2026-03-03 21:38:11.062+00
2155,CHURN,CHURN,2026-03-03 21:39:30.267+00
2155,CHURN,CHURN,2026-03-03 21:41:00.948+00
2042,RECURRING_SUBSCRIPTION,CHURN,2026-03-03 21:41:09.39+00
2155,CHURN,CHURN,2026-03-03 21:48:23.352+00
9879,LEAD,WARM_LEAD,2026-03-03 21:51:44.781+00
3904,RECURRING_SUBSCRIPTION,CHURN,2026-03-03 22:08:10.375+00
9062,WARM_LEAD,TRIAL,2026-03-03 22:10:11.818+00
9062,TRIAL,TRIAL,2026-03-03 22:10:15.555+00
3904,CHURN,CHURN,2026-03-03 22:10:28.673+00
11118,LEAD,WARM_LEAD,2026-03-03 22:42:09.092+00
11120,LEAD,RECURRING_SUBSCRIPTION,2026-03-03 22:53:16.185+00
10446,LEAD,WARM_LEAD,2026-03-04 13:43:51.174+00
9745,RECURRING_SUBSCRIPTION,CHURN,2026-03-04 13:57:39.077+00
9745,CHURN,CHURN,2026-03-04 13:59:05.608+00
9745,CHURN,CHURN,2026-03-04 14:00:51.795+00
9745,CHURN,CHURN,2026-03-04 14:04:27.494+00
9745,CHURN,CHURN,2026-03-04 14:07:56.186+00
8826,RECURRING_SUBSCRIPTION,CHURN,2026-03-04 14:48:22.291+00
7622,RECURRING_SUBSCRIPTION,TRIAL,2026-03-04 15:31:25.258+00
1369,ON_DEMAND_SUBSCRIPTION,WARM_LEAD,2026-03-04 15:38:38.071+00
8688,ON_DEMAND_SUBSCRIPTION,WARM_LEAD,2026-03-04 15:43:55.319+00
1280,ON_DEMAND_SUBSCRIPTION,WARM_LEAD,2026-03-04 15:46:16.329+00
7907,RECURRING_SUBSCRIPTION,TRIAL,2026-03-04 15:49:15.537+00
8728,ON_DEMAND_SUBSCRIPTION,WARM_LEAD,2026-03-04 15:53:35.003+00
9457,RECURRING_SUBSCRIPTION,CHURN,2026-03-04 16:04:01.767+00
2383,RECURRING_SUBSCRIPTION,ON_DEMAND_SUBSCRIPTION,2026-03-04 16:26:54.634+00
7518,RECURRING_SUBSCRIPTION,CHURN,2026-03-04 16:49:27.1+00
10741,LEAD,WARM_LEAD,2026-03-04 16:54:18.559+00
1183,RECURRING_SUBSCRIPTION,CHURN,2026-03-04 19:48:00.787+00
5744,RECURRING_SUBSCRIPTION,CHURN,2026-03-04 21:17:54.436+00
8125,RECURRING_SUBSCRIPTION,ON_DEMAND_SUBSCRIPTION,2026-03-04 21:44:08.034+00
10575,LEAD,WARM_LEAD,2026-03-04 21:50:55.04+00
9376,WARM_LEAD,RECURRING_SUBSCRIPTION,2026-03-05 03:07:44.5+00
11137,LEAD,WARM_LEAD,2026-03-05 13:58:54.024+00
11137,WARM_LEAD,WARM_LEAD,2026-03-05 13:58:55.369+00
10246,LEAD,WARM_LEAD,2026-03-05 14:05:24.188+00
11144,LEAD,RECURRING_SUBSCRIPTION,2026-03-05 14:55:58.38+00
2570,RECURRING_SUBSCRIPTION,WARM_LEAD,2026-03-05 16:12:57.268+00
11132,LEAD,WARM_LEAD,2026-03-05 16:23:26.787+00
11132,WARM_LEAD,WARM_LEAD,2026-03-05 16:23:27.225+00
10650,RECURRING_SUBSCRIPTION,TRIAL,2026-03-05 17:05:45.689+00
6001,ON_DEMAND_SUBSCRIPTION,WARM_LEAD,2026-03-05 17:15:42.08+00
11108,LEAD,WARM_LEAD,2026-03-05 17:45:18.004+00
8179,WARM_LEAD,RECURRING_SUBSCRIPTION,2026-03-05 18:36:19.208+00
10399,LEAD,WARM_LEAD,2026-03-05 18:39:21.43+00
10399,WARM_LEAD,ON_DEMAND_SUBSCRIPTION,2026-03-05 18:42:09.108+00
10399,ON_DEMAND_SUBSCRIPTION,RECURRING_SUBSCRIPTION,2026-03-05 18:50:25.626+00
9879,WARM_LEAD,RECURRING_SUBSCRIPTION,2026-03-05 22:00:57.73+00
11151,LEAD,WARM_LEAD,2026-03-05 22:11:14.085+00
11151,WARM_LEAD,TRIAL,2026-03-05 22:17:06.982+00
10645,LEAD,WARM_LEAD,2026-03-05 23:57:41.065+00
7864,RECURRING_SUBSCRIPTION,TRIAL,2026-03-06 07:27:48.964+00
11143,LEAD,WARM_LEAD,2026-03-06 14:52:43.913+00
11143,WARM_LEAD,WARM_LEAD,2026-03-06 14:52:45.783+00
10445,LEAD,WARM_LEAD,2026-03-06 16:28:03.545+00
9382,RECURRING_SUBSCRIPTION,TRIAL,2026-03-06 17:35:08.139+00
9348,RECURRING_SUBSCRIPTION,CHURN,2026-03-06 18:50:45.777+00
2154,RECURRING_SUBSCRIPTION,ON_DEMAND_SUBSCRIPTION,2026-03-06 19:00:03.709+00
492,RECURRING_SUBSCRIPTION,CHURN,2026-03-06 19:15:15.474+00
11093,LEAD,WARM_LEAD,2026-03-06 20:34:00.828+00
2584,CHURN,RECURRING_SUBSCRIPTION,2026-03-06 21:01:22.145+00
1302,ON_DEMAND_SUBSCRIPTION,CHURN,2026-03-06 21:38:41.746+00
1302,CHURN,CHURN,2026-03-06 21:41:08.11+00
8286,LEAD,WARM_LEAD,2026-03-06 22:42:08.762+00
8291,LEAD,WARM_LEAD,2026-03-06 23:53:51.26+00
8286,WARM_LEAD,RECURRING_SUBSCRIPTION,2026-03-06 23:57:12.862+00
11011,LEAD,WARM_LEAD,2026-03-07 00:27:50.691+00
1686,CHURN,RECURRING_SUBSCRIPTION,2026-03-07 22:03:30.932+00
9084,LEAD,RECURRING_SUBSCRIPTION,2026-03-07 23:51:46.802+00
11168,LEAD,WARM_LEAD,2026-03-08 05:15:32.37+00
748,ON_DEMAND_SUBSCRIPTION,RECURRING_SUBSCRIPTION,2026-02-22 16:57:45.196+00
9938,TRIAL,RECURRING_SUBSCRIPTION,2026-03-08 14:45:44.968+00
10689,LEAD,RECURRING_SUBSCRIPTION,2026-03-08 16:29:34.906+00
11161,LEAD,WARM_LEAD,2026-03-08 19:05:02.442+00
11083,WARM_LEAD,RECURRING_SUBSCRIPTION,2026-03-09 05:30:50.707+00
11166,LEAD,WARM_LEAD,2026-03-09 14:11:36.379+00
10613,RECURRING_SUBSCRIPTION,RECURRING_SUBSCRIPTION,2026-03-09 14:35:56.581+00
3045,TRIAL,ON_DEMAND_SUBSCRIPTION,2026-03-09 14:52:34.968+00
3045,ON_DEMAND_SUBSCRIPTION,RECURRING_SUBSCRIPTION,2026-03-09 14:54:01.271+00
1845,WARM_LEAD,TRIAL,2026-03-09 14:56:26.582+00
3045,RECURRING_SUBSCRIPTION,ON_DEMAND_SUBSCRIPTION,2026-03-09 15:07:12.128+00
6359,LEAD,WARM_LEAD,2026-03-09 15:25:33.538+00
11103,LEAD,WARM_LEAD,2026-03-09 15:33:11.68+00
6820,LEAD,WARM_LEAD,2026-03-09 16:12:34.058+00
9718,ON_DEMAND_SUBSCRIPTION,WARM_LEAD,2026-03-09 16:17:53.926+00
8583,LEAD,WARM_LEAD,2026-03-09 17:13:14.561+00
11171,LEAD,WARM_LEAD,2026-03-09 17:22:19.756+00
11171,WARM_LEAD,WARM_LEAD,2026-03-09 17:22:20.388+00
9861,RECURRING_SUBSCRIPTION,TRIAL,2026-03-09 17:26:41.616+00
11171,WARM_LEAD,TRIAL,2026-03-09 17:29:28.929+00
10312,LEAD,WARM_LEAD,2026-03-09 18:44:24.049+00
10628,LEAD,WARM_LEAD,2026-03-09 19:20:20.159+00
9333,RECURRING_SUBSCRIPTION,CHURN,2026-03-09 19:44:38.656+00
9084,RECURRING_SUBSCRIPTION,WARM_LEAD,2026-03-09 19:51:34.252+00
11175,LEAD,WARM_LEAD,2026-03-09 20:14:21.268+00
2354,FREEMIUM,RECURRING_SUBSCRIPTION,2026-03-09 21:03:33.835+00
10613,RECURRING_SUBSCRIPTION,RECURRING_SUBSCRIPTION,2026-03-09 21:23:21.702+00
7931,RECURRING_SUBSCRIPTION,CHURN,2026-03-09 22:19:19.584+00
11176,LEAD,WARM_LEAD,2026-03-09 23:22:38.221+00
11127,LEAD,WARM_LEAD,2026-03-10 00:32:37.43+00
11177,LEAD,WARM_LEAD,2026-03-10 00:50:37.75+00
10681,LEAD,WARM_LEAD,2026-03-10 03:03:15.417+00
8770,RECURRING_SUBSCRIPTION,TRIAL,2026-03-10 14:33:47.196+00
7814,WARM_LEAD,ON_DEMAND_SUBSCRIPTION,2026-03-10 14:36:32.538+00
9979,LEAD,WARM_LEAD,2026-03-10 15:12:17.426+00
1815,RECURRING_SUBSCRIPTION,CHURN,2026-03-10 15:49:10.223+00
5369,RECURRING_SUBSCRIPTION,RECURRING_SUBSCRIPTION,2026-03-10 17:11:43.48+00
10106,LEAD,WARM_LEAD,2026-03-10 20:24:15.324+00
10106,WARM_LEAD,TRIAL,2026-03-10 20:36:46.093+00
10557,LEAD,WARM_LEAD,2026-03-10 22:32:23.517+00
10319,LEAD,WARM_LEAD,2026-03-10 23:19:03.529+00
9424,LEAD,WARM_LEAD,2026-03-11 11:12:59.452+00
7931,CHURN,ON_DEMAND_SUBSCRIPTION,2026-03-11 13:20:03.746+00
6375,COLD_LEAD,WARM_LEAD,2026-03-11 13:52:03.187+00
6448,WARM_LEAD,RECURRING_SUBSCRIPTION,2026-03-11 14:44:57.574+00
10269,RECURRING_SUBSCRIPTION,ON_DEMAND_SUBSCRIPTION,2026-03-11 14:55:11.444+00
9876,LEAD,WARM_LEAD,2026-03-11 14:58:19.393+00
9876,WARM_LEAD,RECURRING_SUBSCRIPTION,2026-03-11 15:19:29.767+00
10234,TRIAL,ON_DEMAND_SUBSCRIPTION,2026-03-11 15:37:51.71+00
7864,TRIAL,ON_DEMAND_SUBSCRIPTION,2026-03-11 15:54:50.496+00
6850,RECURRING_SUBSCRIPTION,CHURN,2026-03-11 16:52:52.564+00
9515,ON_DEMAND_SUBSCRIPTION,WARM_LEAD,2026-03-11 16:54:02.445+00
9515,WARM_LEAD,LEAD,2026-03-11 16:54:24.204+00
10252,RECURRING_SUBSCRIPTION,TRIAL,2026-03-11 17:04:14.999+00
9218,RECURRING_SUBSCRIPTION,ON_DEMAND_SUBSCRIPTION,2026-03-11 17:11:42.306+00
10347,LEAD,WARM_LEAD,2026-03-11 18:01:52.686+00
10557,WARM_LEAD,TRIAL,2026-03-11 18:25:18.079+00
10433,LEAD,WARM_LEAD,2026-03-11 18:48:48.431+00
10265,RECURRING_SUBSCRIPTION,TRIAL,2026-03-11 18:49:46.825+00
8839,RECURRING_SUBSCRIPTION,ON_DEMAND_SUBSCRIPTION,2026-03-11 18:56:39.47+00
11185,LEAD,WARM_LEAD,2026-03-11 19:47:18.927+00
11185,WARM_LEAD,WARM_LEAD,2026-03-11 19:47:20.7+00
11185,WARM_LEAD,RECURRING_SUBSCRIPTION,2026-03-11 20:08:29.986+00
6987,RECURRING_SUBSCRIPTION,ON_DEMAND_SUBSCRIPTION,2026-03-11 22:11:30.152+00
10643,LEAD,WARM_LEAD,2026-03-12 02:37:01.07+00
6140,LEAD,RECURRING_SUBSCRIPTION,2026-03-12 03:36:33.866+00
2775,RECURRING_SUBSCRIPTION,CHURN,2026-03-12 08:27:28.497+00
2406,RECURRING_SUBSCRIPTION,CHURN,2026-03-12 11:05:54.738+00
10562,LEAD,WARM_LEAD,2026-03-12 12:21:27.83+00
6375,WARM_LEAD,TRIAL,2026-03-12 15:11:39.453+00
9950,LEAD,WARM_LEAD,2026-03-12 15:37:02.073+00
2397,RECURRING_SUBSCRIPTION,CHURN,2026-03-12 16:36:18.507+00
11180,LEAD,WARM_LEAD,2026-03-12 22:00:38.77+00
10330,LEAD,WARM_LEAD,2026-03-13 01:51:02.417+00
10161,LEAD,WARM_LEAD,2026-03-13 07:25:38.338+00
11108,WARM_LEAD,TRIAL,2026-03-13 12:51:51.265+00
9472,WARM_LEAD,ON_DEMAND_SUBSCRIPTION,2026-03-13 15:19:58.035+00
11193,LEAD,RECURRING_SUBSCRIPTION,2026-03-13 15:58:16.095+00
6499,RECURRING_SUBSCRIPTION,CHURN,2026-03-13 17:31:27.137+00
10160,LEAD,WARM_LEAD,2026-03-13 17:45:05.949+00
10251,RECURRING_SUBSCRIPTION,TRIAL,2026-03-13 18:51:30.419+00
11197,LEAD,WARM_LEAD,2026-03-13 19:11:18.072+00
10125,TRIAL,ON_DEMAND_SUBSCRIPTION,2026-03-13 19:35:28.084+00
6901,TRIAL,RECURRING_SUBSCRIPTION,2026-03-14 14:46:00.679+00
9861,TRIAL,RECURRING_SUBSCRIPTION,2026-03-14 15:07:00.102+00
5733,LEAD,RECURRING_SUBSCRIPTION,2026-03-14 19:17:45.116+00
9418,LEAD,WARM_LEAD,2026-03-14 21:52:52.881+00
9418,WARM_LEAD,RECURRING_SUBSCRIPTION,2026-03-14 21:54:02.406+00
9086,LEAD,WARM_LEAD,2026-03-15 04:32:38.154+00
10656,LEAD,WARM_LEAD,2026-03-15 05:44:34.595+00
6658,RECURRING_SUBSCRIPTION,CHURN,2026-03-15 11:43:23.189+00
6142,RECURRING_SUBSCRIPTION,RECURRING_SUBSCRIPTION,2026-03-15 12:18:26.86+00
8543,LEAD,WARM_LEAD,2026-03-15 15:38:39.433+00
492,CHURN,RECURRING_SUBSCRIPTION,2026-03-15 15:45:54.758+00
11203,LEAD,WARM_LEAD,2026-03-15 16:23:14.142+00
7106,LEAD,WARM_LEAD,2026-03-15 17:12:18.98+00
7511,LEAD,WARM_LEAD,2026-03-15 19:02:08.379+00
7511,WARM_LEAD,RECURRING_SUBSCRIPTION,2026-03-15 19:14:17.994+00
11206,LEAD,WARM_LEAD,2026-03-15 21:11:00.801+00
10706,TRIAL,RECURRING_SUBSCRIPTION,2026-03-16 14:00:59.465+00
10706,RECURRING_SUBSCRIPTION,RECURRING_SUBSCRIPTION,2026-03-16 14:03:08.774+00
10706,RECURRING_SUBSCRIPTION,RECURRING_SUBSCRIPTION,2026-03-16 14:05:05.206+00
11204,LEAD,WARM_LEAD,2026-03-16 14:11:38.953+00
11204,WARM_LEAD,ON_DEMAND_SUBSCRIPTION,2026-03-16 15:03:10.366+00
11204,ON_DEMAND_SUBSCRIPTION,WARM_LEAD,2026-03-16 15:09:52.891+00
2147,RECURRING_SUBSCRIPTION,RECURRING_SUBSCRIPTION,2026-03-16 15:32:28.306+00
11209,LEAD,WARM_LEAD,2026-03-16 15:42:06.632+00
11202,LEAD,WARM_LEAD,2026-03-16 15:54:20.413+00
11202,WARM_LEAD,WARM_LEAD,2026-03-16 15:54:22.306+00
11202,WARM_LEAD,TRIAL,2026-03-16 15:54:58.863+00
8569,RECURRING_SUBSCRIPTION,CHURN,2026-03-16 16:03:25.05+00
10409,RECURRING_SUBSCRIPTION,TRIAL,2026-03-16 16:06:10.352+00
11205,LEAD,WARM_LEAD,2026-03-16 16:26:35.957+00
10110,RECURRING_SUBSCRIPTION,RECURRING_SUBSCRIPTION,2026-03-16 17:08:19.614+00
10102,LEAD,WARM_LEAD,2026-03-16 20:06:24.929+00
10102,WARM_LEAD,WARM_LEAD,2026-03-16 20:06:26.128+00
9869,LEAD,WARM_LEAD,2026-03-16 20:34:22.684+00
9869,WARM_LEAD,WARM_LEAD,2026-03-16 20:35:15.772+00
9869,WARM_LEAD,WARM_LEAD,2026-03-16 20:35:17.174+00
10102,WARM_LEAD,TRIAL,2026-03-16 20:58:41.021+00
9869,WARM_LEAD,RECURRING_SUBSCRIPTION,2026-03-16 21:17:51.087+00
11083,RECURRING_SUBSCRIPTION,WARM_LEAD,2026-03-16 21:32:34.483+00
7713,RECURRING_SUBSCRIPTION,CHURN,2026-03-16 21:47:41.882+00
5390,RECURRING_SUBSCRIPTION,CHURN,2026-03-16 22:13:20.578+00
7317,ON_DEMAND_SUBSCRIPTION,RECURRING_SUBSCRIPTION,2026-03-16 23:43:54.86+00
11120,RECURRING_SUBSCRIPTION,TRIAL,2026-03-17 00:06:06.253+00
11210,LEAD,WARM_LEAD,2026-03-17 01:59:23.64+00
11214,LEAD,RECURRING_SUBSCRIPTION,2026-03-17 11:26:03.853+00
11215,LEAD,WARM_LEAD,2026-03-17 11:43:30.439+00
11215,WARM_LEAD,RECURRING_SUBSCRIPTION,2026-03-17 11:49:47.331+00
11219,LEAD,WARM_LEAD,2026-03-17 13:21:32.089+00
11049,LEAD,WARM_LEAD,2026-03-17 13:36:37.34+00
11220,LEAD,WARM_LEAD,2026-03-17 13:45:11.007+00
10691,WARM_LEAD,RECURRING_SUBSCRIPTION,2026-03-17 14:23:51.874+00
7669,LEAD,WARM_LEAD,2026-03-17 14:43:42.254+00
11222,LEAD,WARM_LEAD,2026-03-17 14:48:50.987+00
10691,RECURRING_SUBSCRIPTION,RECURRING_SUBSCRIPTION,2026-03-17 15:24:56.525+00
11223,LEAD,WARM_LEAD,2026-03-17 15:24:59.932+00
9997,LEAD,WARM_LEAD,2026-03-17 16:23:59.589+00
11313,LEAD,WARM_LEAD,2026-03-25 16:18:07.777+00
11814,LEAD,WARM_LEAD,2026-05-02 22:20:48.844+00
11196,LEAD,WARM_LEAD,2026-03-17 16:33:42.977+00
11196,WARM_LEAD,WARM_LEAD,2026-03-17 16:33:43.402+00
9709,CHURN,RECURRING_SUBSCRIPTION,2026-03-17 16:33:58.637+00
11196,WARM_LEAD,WARM_LEAD,2026-03-17 16:34:15.51+00
11196,WARM_LEAD,WARM_LEAD,2026-03-17 16:34:17.526+00
10269,ON_DEMAND_SUBSCRIPTION,RECURRING_SUBSCRIPTION,2026-03-17 17:08:06.042+00
11225,LEAD,WARM_LEAD,2026-03-17 17:15:49.082+00
11225,WARM_LEAD,WARM_LEAD,2026-03-17 17:15:50.229+00
10294,LEAD,WARM_LEAD,2026-03-17 18:25:24.657+00
6523,ON_DEMAND_SUBSCRIPTION,RECURRING_SUBSCRIPTION,2026-03-17 18:28:36.868+00
11199,LEAD,WARM_LEAD,2026-03-17 18:49:50.581+00
11196,WARM_LEAD,LEAD,2026-03-17 19:15:03.027+00
11196,LEAD,LEAD,2026-03-17 19:15:05.414+00
11196,LEAD,WARM_LEAD,2026-03-17 19:15:20.863+00
10387,LEAD,WARM_LEAD,2026-03-17 20:02:34.844+00
10387,WARM_LEAD,WARM_LEAD,2026-03-17 20:02:36.261+00
2675,RECURRING_SUBSCRIPTION,RECURRING_SUBSCRIPTION,2026-03-17 20:04:07.24+00
10111,LEAD,WARM_LEAD,2026-03-17 20:24:57.128+00
3190,FROZEN,RECURRING_SUBSCRIPTION,2026-03-17 20:50:36.273+00
9151,RECURRING_SUBSCRIPTION,CHURN,2026-03-17 23:14:02.861+00
11092,LEAD,WARM_LEAD,2026-03-17 23:52:37.408+00
11229,LEAD,WARM_LEAD,2026-03-18 04:19:58.932+00
11194,LEAD,WARM_LEAD,2026-03-18 12:57:58.95+00
623,RECURRING_SUBSCRIPTION,CHURN,2026-03-18 14:41:35.322+00
623,CHURN,CHURN,2026-03-18 14:43:28.39+00
623,CHURN,CHURN,2026-03-18 14:44:30.988+00
11084,RECURRING_SUBSCRIPTION,WARM_LEAD,2026-03-18 14:54:24.971+00
623,CHURN,CHURN,2026-03-18 15:17:27.539+00
623,CHURN,CHURN,2026-03-18 15:18:52.784+00
1572,RECURRING_SUBSCRIPTION,CHURN,2026-03-18 15:55:02.739+00
7324,RECURRING_SUBSCRIPTION,CHURN,2026-03-18 15:57:34.896+00
4985,RECURRING_SUBSCRIPTION,RECURRING_SUBSCRIPTION,2026-03-18 15:58:31.598+00
1790,RECURRING_SUBSCRIPTION,CHURN,2026-03-18 16:00:46.409+00
5000,RECURRING_SUBSCRIPTION,TRIAL,2026-03-18 16:01:56.349+00
1790,CHURN,CHURN,2026-03-18 16:02:27.084+00
7324,CHURN,TRIAL,2026-03-18 16:03:04.412+00
1790,CHURN,CHURN,2026-03-18 16:08:46.169+00
1790,CHURN,CHURN,2026-03-18 16:11:28.327+00
1790,CHURN,CHURN,2026-03-18 16:13:01.385+00
7556,RECURRING_SUBSCRIPTION,CHURN,2026-03-18 16:15:50.525+00
7556,CHURN,CHURN,2026-03-18 16:19:21.149+00
7948,RECURRING_SUBSCRIPTION,CHURN,2026-03-18 16:29:46.08+00
3019,RECURRING_SUBSCRIPTION,RECURRING_SUBSCRIPTION,2026-03-18 16:33:23.361+00
10111,WARM_LEAD,RECURRING_SUBSCRIPTION,2026-03-18 16:37:33.875+00
8510,RECURRING_SUBSCRIPTION,CHURN,2026-03-18 16:40:59.978+00
8804,RECURRING_SUBSCRIPTION,CHURN,2026-03-18 16:54:28.794+00
9415,RECURRING_SUBSCRIPTION,CHURN,2026-03-18 16:59:15.477+00
9415,CHURN,CHURN,2026-03-18 17:21:59.838+00
9519,RECURRING_SUBSCRIPTION,CHURN,2026-03-18 17:27:01.039+00
9519,CHURN,TRIAL,2026-03-18 17:30:15.78+00
11060,LEAD,WARM_LEAD,2026-03-18 17:41:26.024+00
6397,ON_DEMAND_SUBSCRIPTION,RECURRING_SUBSCRIPTION,2026-03-18 18:13:15.528+00
8405,RECURRING_SUBSCRIPTION,CHURN,2026-03-18 18:30:11.605+00
11224,LEAD,WARM_LEAD,2026-03-18 19:14:52.39+00
11224,WARM_LEAD,WARM_LEAD,2026-03-18 19:14:54.22+00
11224,WARM_LEAD,RECURRING_SUBSCRIPTION,2026-03-18 19:38:07.738+00
10225,LEAD,WARM_LEAD,2026-03-18 19:46:38.222+00
10225,WARM_LEAD,RECURRING_SUBSCRIPTION,2026-03-18 19:48:58.816+00
6397,RECURRING_SUBSCRIPTION,RECURRING_SUBSCRIPTION,2026-03-18 20:52:38.691+00
10048,LEAD,WARM_LEAD,2026-03-18 21:08:51.865+00
9993,LEAD,WARM_LEAD,2026-03-18 23:55:58.516+00
9993,WARM_LEAD,WARM_LEAD,2026-03-18 23:55:58.91+00
9930,LEAD,WARM_LEAD,2026-03-19 00:07:23.559+00
9003,RECURRING_SUBSCRIPTION,CHURN,2026-03-19 00:19:16.426+00
9993,WARM_LEAD,TRIAL,2026-03-19 00:34:50.768+00
11231,LEAD,WARM_LEAD,2026-03-19 02:12:03.147+00
6415,RECURRING_SUBSCRIPTION,TRIAL,2026-03-19 11:15:22.223+00
6673,RECURRING_SUBSCRIPTION,CHURN,2026-03-19 11:18:32.667+00
6673,CHURN,CHURN,2026-03-19 11:20:08.727+00
10175,RECURRING_SUBSCRIPTION,TRIAL,2026-03-19 13:20:35.291+00
1905,RECURRING_SUBSCRIPTION,WARM_LEAD,2026-03-19 13:53:18.532+00
1905,WARM_LEAD,TRIAL,2026-03-19 13:53:43.741+00
9920,LEAD,WARM_LEAD,2026-03-19 14:17:42.124+00
6985,RECURRING_SUBSCRIPTION,CHURN,2026-03-19 14:36:57.254+00
6985,CHURN,CHURN,2026-03-19 14:38:40.871+00
4977,RECURRING_SUBSCRIPTION,CHURN,2026-03-19 14:42:31.282+00
8292,LEAD,WARM_LEAD,2026-03-19 14:55:12.751+00
8292,WARM_LEAD,WARM_LEAD,2026-03-19 14:55:13.285+00
11240,LEAD,RECURRING_SUBSCRIPTION,2026-03-19 15:35:48.076+00
7964,RECURRING_SUBSCRIPTION,CHURN,2026-03-19 15:58:21.331+00
11241,LEAD,RECURRING_SUBSCRIPTION,2026-03-19 15:59:18.704+00
8292,WARM_LEAD,RECURRING_SUBSCRIPTION,2026-03-19 16:16:43.064+00
9412,LEAD,WARM_LEAD,2026-03-19 16:21:06.672+00
7620,RECURRING_SUBSCRIPTION,CHURN,2026-03-19 16:55:10.773+00
9274,LEAD,WARM_LEAD,2026-03-19 17:09:45.847+00
9274,WARM_LEAD,WARM_LEAD,2026-03-19 17:09:46.085+00
1780,TRIAL,RECURRING_SUBSCRIPTION,2026-03-19 17:53:41.558+00
11239,LEAD,WARM_LEAD,2026-03-19 18:28:20.588+00
6448,RECURRING_SUBSCRIPTION,WARM_LEAD,2026-03-19 18:35:02.328+00
11060,WARM_LEAD,TRIAL,2026-03-19 18:36:48.919+00
11239,WARM_LEAD,TRIAL,2026-03-19 18:37:01.365+00
9999,RECURRING_SUBSCRIPTION,ON_DEMAND_SUBSCRIPTION,2026-03-19 19:30:05.528+00
9325,RECURRING_SUBSCRIPTION,ON_DEMAND_SUBSCRIPTION,2026-03-19 20:02:29.629+00
9558,WARM_LEAD,TRIAL,2026-03-19 21:37:27.082+00
11247,LEAD,WARM_LEAD,2026-03-20 04:04:36.205+00
11248,LEAD,RECURRING_SUBSCRIPTION,2026-03-20 13:27:59.047+00
11180,WARM_LEAD,TRIAL,2026-03-20 13:31:14.497+00
2343,RECURRING_SUBSCRIPTION,RECURRING_SUBSCRIPTION,2026-03-20 13:39:27.697+00
9365,RECURRING_SUBSCRIPTION,CHURN,2026-03-20 15:37:16.42+00
11243,LEAD,WARM_LEAD,2026-03-20 16:04:55.693+00
11251,LEAD,WARM_LEAD,2026-03-20 16:53:37.156+00
11242,LEAD,WARM_LEAD,2026-03-20 18:38:52.884+00
11242,WARM_LEAD,WARM_LEAD,2026-03-20 18:38:55.145+00
11253,LEAD,WARM_LEAD,2026-03-20 22:37:03.348+00
9185,LEAD,RECURRING_SUBSCRIPTION,2026-03-21 14:38:20.312+00
11261,LEAD,WARM_LEAD,2026-03-21 18:58:46.182+00
11231,WARM_LEAD,RECURRING_SUBSCRIPTION,2026-03-21 19:50:08.467+00
10729,LEAD,WARM_LEAD,2026-03-21 21:28:11.438+00
11259,LEAD,WARM_LEAD,2026-03-22 13:49:15.915+00
11267,LEAD,WARM_LEAD,2026-03-22 16:04:41.013+00
8501,RECURRING_SUBSCRIPTION,TRIAL,2026-03-22 16:27:17.096+00
10976,LEAD,WARM_LEAD,2026-03-22 16:30:43.833+00
2555,FROZEN,RECURRING_SUBSCRIPTION,2026-03-22 20:16:49.343+00
11268,LEAD,RECURRING_SUBSCRIPTION,2026-03-22 21:02:22.131+00
11245,LEAD,WARM_LEAD,2026-03-22 21:24:36.604+00
11264,LEAD,WARM_LEAD,2026-03-22 22:50:59.18+00
6533,LEAD,RECURRING_SUBSCRIPTION,2026-03-22 23:44:45.886+00
9697,LEAD,WARM_LEAD,2026-03-23 04:36:11.865+00
3056,TRIAL,ON_DEMAND_SUBSCRIPTION,2026-03-23 06:28:40.947+00
87,RECURRING_SUBSCRIPTION,FROZEN,2026-03-23 10:02:48.492+00
63,RECURRING_SUBSCRIPTION,FROZEN,2026-03-23 10:03:02.206+00
8577,RECURRING_SUBSCRIPTION,FROZEN,2026-03-23 10:03:41.207+00
7670,RECURRING_SUBSCRIPTION,FROZEN,2026-03-23 10:03:57.314+00
9851,RECURRING_SUBSCRIPTION,FROZEN,2026-03-23 10:05:18.017+00
2553,RECURRING_SUBSCRIPTION,CHURN,2026-03-23 10:05:49.38+00
204,RECURRING_SUBSCRIPTION,FROZEN,2026-03-23 10:07:32.094+00
1449,RECURRING_SUBSCRIPTION,FROZEN,2026-03-23 12:54:07.2+00
10706,RECURRING_SUBSCRIPTION,RECURRING_SUBSCRIPTION,2026-03-23 13:05:50.589+00
9326,LEAD,WARM_LEAD,2026-03-23 13:41:05.697+00
10160,WARM_LEAD,TRIAL,2026-03-23 14:51:33.395+00
10048,WARM_LEAD,RECURRING_SUBSCRIPTION,2026-03-23 15:44:47.596+00
9185,RECURRING_SUBSCRIPTION,WARM_LEAD,2026-03-23 16:21:56.535+00
9185,WARM_LEAD,RECURRING_SUBSCRIPTION,2026-03-23 16:28:06.627+00
10091,LEAD,WARM_LEAD,2026-03-23 16:57:52.495+00
11272,LEAD,WARM_LEAD,2026-03-23 17:00:03.713+00
11273,LEAD,RECURRING_SUBSCRIPTION,2026-03-23 17:07:44.172+00
11275,LEAD,RECURRING_SUBSCRIPTION,2026-03-23 17:26:10.871+00
11277,LEAD,RECURRING_SUBSCRIPTION,2026-03-23 17:27:00.378+00
9641,RECURRING_SUBSCRIPTION,CHURN,2026-03-23 17:30:40.755+00
11280,LEAD,WARM_LEAD,2026-03-23 18:00:02.766+00
7924,RECURRING_SUBSCRIPTION,RECURRING_SUBSCRIPTION,2026-03-23 18:08:52.677+00
11280,WARM_LEAD,TRIAL,2026-03-23 18:30:12.342+00
11243,WARM_LEAD,RECURRING_SUBSCRIPTION,2026-03-23 19:12:47.762+00
11283,LEAD,WARM_LEAD,2026-03-23 20:08:49.886+00
11278,LEAD,WARM_LEAD,2026-03-23 20:30:57.367+00
11278,WARM_LEAD,RECURRING_SUBSCRIPTION,2026-03-23 20:34:57.937+00
11260,LEAD,WARM_LEAD,2026-03-23 20:45:06.666+00
11260,WARM_LEAD,WARM_LEAD,2026-03-23 20:52:05.89+00
11200,LEAD,WARM_LEAD,2026-03-23 21:49:26.937+00
8394,RECURRING_SUBSCRIPTION,CHURN,2026-03-23 23:33:10.632+00
11289,LEAD,WARM_LEAD,2026-03-24 02:35:40.162+00
11290,LEAD,WARM_LEAD,2026-03-24 02:41:37.975+00
11293,LEAD,WARM_LEAD,2026-03-24 12:15:57.588+00
7471,ON_DEMAND_SUBSCRIPTION,WARM_LEAD,2026-03-24 12:35:54.961+00
11294,LEAD,WARM_LEAD,2026-03-24 13:13:45.95+00
9528,RECURRING_SUBSCRIPTION,CHURN,2026-03-24 13:17:53.811+00
7819,RECURRING_SUBSCRIPTION,CHURN,2026-03-24 14:36:54.469+00
9603,RECURRING_SUBSCRIPTION,TRIAL,2026-03-24 14:37:53.102+00
11295,LEAD,WARM_LEAD,2026-03-24 15:31:17.263+00
11056,RECURRING_SUBSCRIPTION,TRIAL,2026-03-24 15:39:49.658+00
11256,LEAD,WARM_LEAD,2026-03-24 15:55:59.61+00
11291,LEAD,WARM_LEAD,2026-03-24 15:58:37.806+00
11262,LEAD,WARM_LEAD,2026-03-24 16:25:16.722+00
7842,RECURRING_SUBSCRIPTION,RECURRING_SUBSCRIPTION,2026-03-24 17:04:38.956+00
11300,LEAD,WARM_LEAD,2026-03-24 17:24:44.774+00
11299,LEAD,RECURRING_SUBSCRIPTION,2026-03-24 17:24:52.38+00
11288,LEAD,WARM_LEAD,2026-03-24 17:41:24.864+00
10153,LEAD,WARM_LEAD,2026-03-24 17:56:16.554+00
5659,RECURRING_SUBSCRIPTION,RECURRING_SUBSCRIPTION,2026-03-24 18:10:14.852+00
11195,LEAD,WARM_LEAD,2026-03-24 18:11:24.937+00
231,RECURRING_SUBSCRIPTION,CHURN,2026-03-24 18:22:37.852+00
11254,LEAD,WARM_LEAD,2026-03-24 18:25:00.068+00
11254,WARM_LEAD,WARM_LEAD,2026-03-24 18:25:00.548+00
11254,WARM_LEAD,TRIAL,2026-03-24 18:49:54.268+00
11301,LEAD,WARM_LEAD,2026-03-24 19:17:30.168+00
11301,WARM_LEAD,WARM_LEAD,2026-03-24 19:17:31.686+00
5659,RECURRING_SUBSCRIPTION,RECURRING_SUBSCRIPTION,2026-03-24 19:43:14.546+00
10406,RECURRING_SUBSCRIPTION,CHURN,2026-03-24 19:44:41.184+00
11279,LEAD,WARM_LEAD,2026-03-24 19:46:27.114+00
11279,WARM_LEAD,WARM_LEAD,2026-03-24 19:46:28.757+00
10642,RECURRING_SUBSCRIPTION,CHURN,2026-03-24 19:49:25.424+00
11279,WARM_LEAD,RECURRING_SUBSCRIPTION,2026-03-24 19:50:32.714+00
11302,LEAD,WARM_LEAD,2026-03-24 20:38:23.548+00
11295,WARM_LEAD,TRIAL,2026-03-24 21:14:50.567+00
11298,LEAD,WARM_LEAD,2026-03-24 21:20:39.248+00
7471,WARM_LEAD,TRIAL,2026-03-24 21:47:57.066+00
8519,WARM_LEAD,RECURRING_SUBSCRIPTION,2026-03-24 22:09:47.473+00
143,RECURRING_SUBSCRIPTION,CHURN,2026-03-25 09:50:56.952+00
9934,LEAD,WARM_LEAD,2026-03-25 10:17:48.45+00
11306,LEAD,WARM_LEAD,2026-03-25 10:29:22.646+00
2598,RECURRING_SUBSCRIPTION,CHURN,2026-03-25 11:13:41.373+00
16,RECURRING_SUBSCRIPTION,RECURRING_SUBSCRIPTION,2026-03-25 11:31:33.46+00
11308,LEAD,WARM_LEAD,2026-03-25 12:56:23.124+00
9831,RECURRING_SUBSCRIPTION,RECURRING_SUBSCRIPTION,2026-03-25 13:31:13.701+00
7315,RECURRING_SUBSCRIPTION,CHURN,2026-03-25 13:45:52.019+00
7998,LEAD,WARM_LEAD,2026-03-25 13:55:50.658+00
7998,WARM_LEAD,RECURRING_SUBSCRIPTION,2026-03-25 14:07:53.946+00
10586,LEAD,WARM_LEAD,2026-03-25 15:11:43.815+00
10586,WARM_LEAD,WARM_LEAD,2026-03-25 15:11:45.185+00
2557,FREEMIUM,ON_DEMAND_SUBSCRIPTION,2026-03-25 15:22:32.419+00
10724,LEAD,WARM_LEAD,2026-03-25 17:31:07.654+00
10684,LEAD,WARM_LEAD,2026-03-25 17:44:08.631+00
10684,WARM_LEAD,WARM_LEAD,2026-03-25 17:44:10.015+00
11315,LEAD,WARM_LEAD,2026-03-25 18:12:43.219+00
11265,LEAD,RECURRING_SUBSCRIPTION,2026-03-25 18:20:20.032+00
8164,LEAD,WARM_LEAD,2026-03-25 20:14:43.667+00
11316,LEAD,WARM_LEAD,2026-03-25 22:08:47.16+00
7960,TRIAL,ON_DEMAND_SUBSCRIPTION,2026-03-26 00:41:39.821+00
1622,RECURRING_SUBSCRIPTION,CHURN,2026-03-26 09:39:16.959+00
1978,RECURRING_SUBSCRIPTION,CHURN,2026-03-26 09:45:29.598+00
11318,LEAD,WARM_LEAD,2026-03-26 11:45:39.453+00
10729,WARM_LEAD,TRIAL,2026-03-26 13:50:00.385+00
11301,WARM_LEAD,RECURRING_SUBSCRIPTION,2026-03-26 15:27:12.509+00
10714,LEAD,WARM_LEAD,2026-03-26 15:53:53.248+00
9318,WARM_LEAD,LEAD,2026-03-26 20:22:24.517+00
8862,ON_DEMAND_SUBSCRIPTION,WARM_LEAD,2026-03-26 20:35:43.73+00
9318,LEAD,RECURRING_SUBSCRIPTION,2026-03-26 20:48:57.894+00
10096,LEAD,RECURRING_SUBSCRIPTION,2026-03-27 01:17:00.772+00
8665,RECURRING_SUBSCRIPTION,ON_DEMAND_SUBSCRIPTION,2026-03-27 01:47:28.648+00
10724,WARM_LEAD,RECURRING_SUBSCRIPTION,2026-03-27 13:43:34.716+00
779,RECURRING_SUBSCRIPTION,RECURRING_SUBSCRIPTION,2026-03-27 13:44:47.151+00
10490,RECURRING_SUBSCRIPTION,ON_DEMAND_SUBSCRIPTION,2026-03-27 14:35:40.674+00
11323,LEAD,WARM_LEAD,2026-03-27 15:38:15.334+00
11323,WARM_LEAD,LEAD,2026-03-27 15:39:47.933+00
8822,LEAD,WARM_LEAD,2026-03-27 15:57:06.95+00
8475,ON_DEMAND_SUBSCRIPTION,RECURRING_SUBSCRIPTION,2026-03-27 16:00:40.242+00
8822,WARM_LEAD,RECURRING_SUBSCRIPTION,2026-03-27 19:26:18.617+00
8822,RECURRING_SUBSCRIPTION,WARM_LEAD,2026-03-27 20:54:34.14+00
10499,RECURRING_SUBSCRIPTION,TRIAL,2026-03-27 21:34:44.218+00
11334,LEAD,WARM_LEAD,2026-03-28 14:41:44.464+00
11335,LEAD,WARM_LEAD,2026-03-28 15:17:24.544+00
11338,LEAD,WARM_LEAD,2026-03-28 19:03:00.399+00
11340,LEAD,WARM_LEAD,2026-03-28 20:47:00.42+00
733,RECURRING_SUBSCRIPTION,CHURN,2026-03-29 09:02:13.91+00
1633,RECURRING_SUBSCRIPTION,CHURN,2026-03-29 09:02:27.15+00
599,RECURRING_SUBSCRIPTION,FROZEN,2026-03-29 10:04:53.821+00
288,RECURRING_SUBSCRIPTION,FROZEN,2026-03-29 10:47:37.499+00
11344,LEAD,WARM_LEAD,2026-03-29 12:04:24.55+00
11344,WARM_LEAD,RECURRING_SUBSCRIPTION,2026-03-29 12:05:29.764+00
521,RECURRING_SUBSCRIPTION,CHURN,2026-03-29 13:32:36.896+00
11347,LEAD,WARM_LEAD,2026-03-29 15:20:06.928+00
11341,LEAD,RECURRING_SUBSCRIPTION,2026-03-29 15:28:15.201+00
521,CHURN,TRIAL,2026-03-29 15:55:04.35+00
9788,RECURRING_SUBSCRIPTION,CHURN,2026-03-29 16:07:23.934+00
11349,LEAD,WARM_LEAD,2026-03-29 20:06:20.026+00
11348,LEAD,WARM_LEAD,2026-03-29 20:33:21.299+00
2745,RECURRING_SUBSCRIPTION,CHURN,2026-03-30 00:00:03.957+00
11351,LEAD,WARM_LEAD,2026-03-30 01:26:21.749+00
2745,CHURN,TRIAL,2026-03-30 05:05:04.016+00
11309,LEAD,WARM_LEAD,2026-03-30 09:09:09.801+00
11352,LEAD,WARM_LEAD,2026-03-30 09:23:55.432+00
9803,RECURRING_SUBSCRIPTION,CHURN,2026-03-30 10:45:02.822+00
549,RECURRING_SUBSCRIPTION,RECURRING_SUBSCRIPTION,2026-03-30 11:57:11.264+00
10326,RECURRING_SUBSCRIPTION,TRIAL,2026-03-30 14:17:15.348+00
11335,WARM_LEAD,TRIAL,2026-03-30 14:47:57.492+00
9066,RECURRING_SUBSCRIPTION,ON_DEMAND_SUBSCRIPTION,2026-03-30 14:57:36.755+00
7860,RECURRING_SUBSCRIPTION,RECURRING_SUBSCRIPTION,2026-03-30 15:14:43.551+00
7860,RECURRING_SUBSCRIPTION,RECURRING_SUBSCRIPTION,2026-03-30 15:18:22.09+00
11356,LEAD,WARM_LEAD,2026-03-30 15:40:39.015+00
9590,RECURRING_SUBSCRIPTION,TRIAL,2026-03-30 15:51:08.583+00
11357,LEAD,WARM_LEAD,2026-03-30 16:32:15.891+00
10393,RECURRING_SUBSCRIPTION,RECURRING_SUBSCRIPTION,2026-03-30 17:33:10.015+00
11342,LEAD,WARM_LEAD,2026-03-30 20:03:29.087+00
11244,LEAD,WARM_LEAD,2026-03-30 21:28:28.374+00
9805,RECURRING_SUBSCRIPTION,CHURN,2026-03-31 00:00:05.304+00
9788,CHURN,CHURN,2026-03-31 00:00:05.307+00
9788,CHURN,CHURN,2026-03-31 00:00:05.307+00
9803,CHURN,CHURN,2026-03-31 00:00:05.307+00
9805,RECURRING_SUBSCRIPTION,CHURN,2026-03-31 00:00:05.308+00
9803,CHURN,CHURN,2026-03-31 00:00:05.432+00
7511,RECURRING_SUBSCRIPTION,TRIAL,2026-03-31 01:00:59.376+00
11364,LEAD,WARM_LEAD,2026-03-31 01:32:22.854+00
7866,RECURRING_SUBSCRIPTION,CHURN,2026-03-31 02:35:13.211+00
9731,LEAD,WARM_LEAD,2026-03-31 05:13:12.496+00
1485,RECURRING_SUBSCRIPTION,CHURN,2026-03-31 08:35:22.52+00
9813,RECURRING_SUBSCRIPTION,FROZEN,2026-03-31 09:14:30.041+00
11355,LEAD,WARM_LEAD,2026-03-31 09:19:48.413+00
11355,WARM_LEAD,TRIAL,2026-03-31 09:33:11.222+00
11309,WARM_LEAD,TRIAL,2026-03-31 09:36:37.178+00
9448,LEAD,WARM_LEAD,2026-03-31 14:49:18.207+00
11363,LEAD,WARM_LEAD,2026-03-31 14:53:41.21+00
10378,RECURRING_SUBSCRIPTION,CHURN,2026-03-31 15:34:53.873+00
10378,CHURN,TRIAL,2026-03-31 15:35:20.41+00
7751,RECURRING_SUBSCRIPTION,ON_DEMAND_SUBSCRIPTION,2026-03-31 15:39:24.802+00
9810,RECURRING_SUBSCRIPTION,RECURRING_SUBSCRIPTION,2026-03-31 16:45:01.485+00
11362,LEAD,WARM_LEAD,2026-03-31 16:45:33.176+00
8584,RECURRING_SUBSCRIPTION,RECURRING_SUBSCRIPTION,2026-03-31 16:45:51.23+00
8584,RECURRING_SUBSCRIPTION,RECURRING_SUBSCRIPTION,2026-03-31 16:47:52.199+00
9810,RECURRING_SUBSCRIPTION,RECURRING_SUBSCRIPTION,2026-03-31 16:49:16.365+00
1182,CHURN,ON_DEMAND_SUBSCRIPTION,2026-03-31 18:24:49.529+00
1182,ON_DEMAND_SUBSCRIPTION,CHURN,2026-03-31 18:27:13.21+00
9613,RECURRING_SUBSCRIPTION,ON_DEMAND_SUBSCRIPTION,2026-03-31 20:08:21.705+00
9622,LEAD,WARM_LEAD,2026-03-31 22:10:34.857+00
10810,LEAD,WARM_LEAD,2026-04-01 00:30:50.167+00
11367,LEAD,WARM_LEAD,2026-04-01 01:10:51.07+00
11368,LEAD,WARM_LEAD,2026-04-01 02:25:44.136+00
1219,COLD_LEAD,WARM_LEAD,2026-04-01 05:16:22.873+00
10810,WARM_LEAD,TRIAL,2026-04-01 13:21:28.392+00
11372,LEAD,WARM_LEAD,2026-04-01 14:31:07.043+00
9938,RECURRING_SUBSCRIPTION,RECURRING_SUBSCRIPTION,2026-04-01 14:34:57.592+00
10128,RECURRING_SUBSCRIPTION,RECURRING_SUBSCRIPTION,2026-04-01 14:51:13.113+00
11185,RECURRING_SUBSCRIPTION,RECURRING_SUBSCRIPTION,2026-04-01 14:56:30.249+00
9505,ON_DEMAND_SUBSCRIPTION,TRIAL,2026-04-01 15:28:48.431+00
1214,RECURRING_SUBSCRIPTION,CHURN,2026-04-01 15:31:42.188+00
7999,RECURRING_SUBSCRIPTION,RECURRING_SUBSCRIPTION,2026-04-01 15:34:09.964+00
10056,RECURRING_SUBSCRIPTION,RECURRING_SUBSCRIPTION,2026-04-01 15:47:29.529+00
10340,RECURRING_SUBSCRIPTION,RECURRING_SUBSCRIPTION,2026-04-01 15:51:50.117+00
11299,RECURRING_SUBSCRIPTION,RECURRING_SUBSCRIPTION,2026-04-01 15:54:31.798+00
10096,RECURRING_SUBSCRIPTION,RECURRING_SUBSCRIPTION,2026-04-01 15:57:01.053+00
9988,RECURRING_SUBSCRIPTION,RECURRING_SUBSCRIPTION,2026-04-01 16:03:26.213+00
9768,RECURRING_SUBSCRIPTION,RECURRING_SUBSCRIPTION,2026-04-01 16:06:06.824+00
8722,LEAD,WARM_LEAD,2026-04-01 16:16:00.867+00
10399,RECURRING_SUBSCRIPTION,RECURRING_SUBSCRIPTION,2026-04-01 16:18:47.342+00
8682,RECURRING_SUBSCRIPTION,RECURRING_SUBSCRIPTION,2026-04-01 16:40:20.288+00
9476,RECURRING_SUBSCRIPTION,RECURRING_SUBSCRIPTION,2026-04-01 16:52:29.891+00
11373,LEAD,RECURRING_SUBSCRIPTION,2026-04-01 16:56:03.914+00
9477,RECURRING_SUBSCRIPTION,RECURRING_SUBSCRIPTION,2026-04-01 16:57:33.526+00
9477,RECURRING_SUBSCRIPTION,RECURRING_SUBSCRIPTION,2026-04-01 16:58:43.963+00
10090,RECURRING_SUBSCRIPTION,RECURRING_SUBSCRIPTION,2026-04-01 17:56:06.941+00
10704,LEAD,WARM_LEAD,2026-04-01 18:20:30.367+00
10495,LEAD,WARM_LEAD,2026-04-01 18:53:11.81+00
9783,RECURRING_SUBSCRIPTION,ON_DEMAND_SUBSCRIPTION,2026-04-01 19:26:02.135+00
10495,WARM_LEAD,RECURRING_SUBSCRIPTION,2026-04-01 19:36:57.39+00
11375,LEAD,WARM_LEAD,2026-04-01 19:42:04.234+00
11375,WARM_LEAD,TRIAL,2026-04-01 20:17:20.267+00
9647,RECURRING_SUBSCRIPTION,RECURRING_SUBSCRIPTION,2026-04-02 13:51:49.464+00
11301,RECURRING_SUBSCRIPTION,RECURRING_SUBSCRIPTION,2026-04-02 15:29:08.578+00
10688,RECURRING_SUBSCRIPTION,ON_DEMAND_SUBSCRIPTION,2026-04-02 16:14:29.346+00
11383,LEAD,WARM_LEAD,2026-04-02 16:54:04.643+00
9861,RECURRING_SUBSCRIPTION,RECURRING_SUBSCRIPTION,2026-04-02 16:58:12.799+00
7303,RECURRING_SUBSCRIPTION,ON_DEMAND_SUBSCRIPTION,2026-04-02 17:16:08.255+00
11381,LEAD,WARM_LEAD,2026-04-02 17:18:54.068+00
7317,RECURRING_SUBSCRIPTION,RECURRING_SUBSCRIPTION,2026-04-02 17:41:12.889+00
7317,RECURRING_SUBSCRIPTION,RECURRING_SUBSCRIPTION,2026-04-02 17:48:50.291+00
11386,LEAD,WARM_LEAD,2026-04-02 17:51:33.126+00
11378,LEAD,WARM_LEAD,2026-04-02 18:36:54.261+00
11378,WARM_LEAD,ON_DEMAND_SUBSCRIPTION,2026-04-02 18:38:03.84+00
10534,RECURRING_SUBSCRIPTION,RECURRING_SUBSCRIPTION,2026-04-02 20:16:09.757+00
10110,RECURRING_SUBSCRIPTION,RECURRING_SUBSCRIPTION,2026-04-02 20:31:56.884+00
11314,LEAD,WARM_LEAD,2026-04-03 02:55:10.582+00
11314,WARM_LEAD,RECURRING_SUBSCRIPTION,2026-04-03 03:20:34.195+00
5706,LEAD,WARM_LEAD,2026-04-03 12:57:20.554+00
11394,LEAD,WARM_LEAD,2026-04-03 13:05:21.46+00
11394,WARM_LEAD,RECURRING_SUBSCRIPTION,2026-04-03 13:06:48.08+00
11381,WARM_LEAD,RECURRING_SUBSCRIPTION,2026-04-03 14:33:44.585+00
5310,RECURRING_SUBSCRIPTION,CHURN,2026-04-03 15:32:58.917+00
2555,RECURRING_SUBSCRIPTION,CHURN,2026-04-03 16:18:12.172+00
11393,LEAD,WARM_LEAD,2026-04-03 16:18:49.466+00
8668,ON_DEMAND_SUBSCRIPTION,WARM_LEAD,2026-04-03 16:24:12.527+00
1133,RECURRING_SUBSCRIPTION,CHURN,2026-04-03 16:26:17.872+00
6781,ON_DEMAND_SUBSCRIPTION,WARM_LEAD,2026-04-03 16:33:31.831+00
7604,ON_DEMAND_SUBSCRIPTION,WARM_LEAD,2026-04-03 16:35:04.411+00
10176,RECURRING_SUBSCRIPTION,RECURRING_SUBSCRIPTION,2026-04-03 17:38:31.786+00
10652,RECURRING_SUBSCRIPTION,TRIAL,2026-04-03 18:45:24.154+00
5262,FREEMIUM,RECURRING_SUBSCRIPTION,2026-04-03 18:56:13.471+00
10477,RECURRING_SUBSCRIPTION,CHURN,2026-04-03 20:04:57.224+00
10370,LEAD,WARM_LEAD,2026-04-03 23:14:59.816+00
11399,LEAD,WARM_LEAD,2026-04-04 12:09:23.163+00
66,RECURRING_SUBSCRIPTION,CHURN,2026-04-05 09:40:53.002+00
8979,RECURRING_SUBSCRIPTION,CHURN,2026-04-05 10:14:12.77+00
11410,LEAD,WARM_LEAD,2026-04-05 16:52:27.359+00
6232,LEAD,RECURRING_SUBSCRIPTION,2026-04-05 21:38:14.762+00
2584,RECURRING_SUBSCRIPTION,CHURN,2026-04-06 12:55:56.326+00
9804,RECURRING_SUBSCRIPTION,ON_DEMAND_SUBSCRIPTION,2026-04-06 13:14:36.157+00
10176,RECURRING_SUBSCRIPTION,CHURN,2026-04-06 13:42:57.244+00
324,RECURRING_SUBSCRIPTION,RECURRING_SUBSCRIPTION,2026-04-06 14:46:58.184+00
10491,RECURRING_SUBSCRIPTION,RECURRING_SUBSCRIPTION,2026-04-06 16:01:53.216+00
10245,RECURRING_SUBSCRIPTION,RECURRING_SUBSCRIPTION,2026-04-06 16:05:35.423+00
11423,LEAD,WARM_LEAD,2026-04-06 17:04:13.506+00
9055,RECURRING_SUBSCRIPTION,CHURN,2026-04-06 17:44:24.227+00
11419,LEAD,WARM_LEAD,2026-04-06 19:49:27.259+00
11419,WARM_LEAD,TRIAL,2026-04-06 19:55:56.957+00
11429,LEAD,WARM_LEAD,2026-04-06 23:16:49.832+00
11430,LEAD,WARM_LEAD,2026-04-07 00:54:45.94+00
9320,RECURRING_SUBSCRIPTION,CHURN,2026-04-07 12:22:05.01+00
11365,TRIAL,RECURRING_SUBSCRIPTION,2026-04-07 12:41:58.595+00
10733,RECURRING_SUBSCRIPTION,CHURN,2026-04-07 13:15:40.654+00
8804,CHURN,RECURRING_SUBSCRIPTION,2026-04-07 13:39:57.236+00
10702,RECURRING_SUBSCRIPTION,WARM_LEAD,2026-04-07 14:55:30.03+00
11402,LEAD,WARM_LEAD,2026-04-07 15:27:32.612+00
11402,WARM_LEAD,TRIAL,2026-04-07 15:32:16.747+00
5499,RECURRING_SUBSCRIPTION,TRIAL,2026-04-07 15:46:51.558+00
10170,RECURRING_SUBSCRIPTION,CHURN,2026-04-07 16:16:41.143+00
6718,RECURRING_SUBSCRIPTION,CHURN,2026-04-07 16:56:28.98+00
11436,LEAD,WARM_LEAD,2026-04-07 16:57:53.506+00
9193,RECURRING_SUBSCRIPTION,ON_DEMAND_SUBSCRIPTION,2026-04-07 16:58:19.683+00
11435,LEAD,WARM_LEAD,2026-04-07 17:14:49.317+00
11432,LEAD,WARM_LEAD,2026-04-07 18:11:30.768+00
11435,WARM_LEAD,RECURRING_SUBSCRIPTION,2026-04-07 18:22:52.284+00
11427,LEAD,WARM_LEAD,2026-04-07 19:40:11.84+00
11427,WARM_LEAD,TRIAL,2026-04-07 19:44:00.653+00
11387,LEAD,WARM_LEAD,2026-04-07 21:08:40.68+00
11387,WARM_LEAD,TRIAL,2026-04-07 21:24:51.464+00
11365,RECURRING_SUBSCRIPTION,RECURRING_SUBSCRIPTION,2026-04-07 21:31:46.232+00
11437,LEAD,WARM_LEAD,2026-04-08 02:07:36.237+00
11438,LEAD,WARM_LEAD,2026-04-08 13:14:12.775+00
8839,ON_DEMAND_SUBSCRIPTION,WARM_LEAD,2026-04-08 13:28:52.376+00
4318,RECURRING_SUBSCRIPTION,ON_DEMAND_SUBSCRIPTION,2026-04-08 13:48:21.79+00
10269,RECURRING_SUBSCRIPTION,RECURRING_SUBSCRIPTION,2026-04-08 14:17:31.624+00
11440,LEAD,WARM_LEAD,2026-04-08 14:19:00.213+00
9842,RECURRING_SUBSCRIPTION,RECURRING_SUBSCRIPTION,2026-04-08 16:02:50.193+00
2077,FREEMIUM,RECURRING_SUBSCRIPTION,2026-04-08 16:22:49.741+00
11358,LEAD,WARM_LEAD,2026-04-08 16:30:19.563+00
10111,RECURRING_SUBSCRIPTION,RECURRING_SUBSCRIPTION,2026-04-08 17:08:43.389+00
9715,RECURRING_SUBSCRIPTION,RECURRING_SUBSCRIPTION,2026-04-08 17:13:39.557+00
4186,FREEMIUM,RECURRING_SUBSCRIPTION,2026-04-08 17:15:40.632+00
10110,RECURRING_SUBSCRIPTION,RECURRING_SUBSCRIPTION,2026-04-08 17:37:36.126+00
6352,RECURRING_SUBSCRIPTION,CHURN,2026-04-08 18:24:36.422+00
11442,LEAD,WARM_LEAD,2026-04-08 18:43:27.878+00
9996,RECURRING_SUBSCRIPTION,RECURRING_SUBSCRIPTION,2026-04-08 19:50:28.409+00
11394,RECURRING_SUBSCRIPTION,RECURRING_SUBSCRIPTION,2026-04-08 19:54:20.767+00
10328,RECURRING_SUBSCRIPTION,RECURRING_SUBSCRIPTION,2026-04-08 20:05:21.836+00
7846,RECURRING_SUBSCRIPTION,RECURRING_SUBSCRIPTION,2026-04-08 20:07:49.961+00
4186,RECURRING_SUBSCRIPTION,WARM_LEAD,2026-04-08 20:52:10.701+00
11240,RECURRING_SUBSCRIPTION,WARM_LEAD,2026-04-08 21:13:55.939+00
4186,WARM_LEAD,RECURRING_SUBSCRIPTION,2026-04-08 21:19:11.477+00
11355,TRIAL,RECURRING_SUBSCRIPTION,2026-04-09 06:26:36.074+00
11446,LEAD,WARM_LEAD,2026-04-09 09:07:50.811+00
10706,RECURRING_SUBSCRIPTION,CHURN,2026-04-09 12:21:18.838+00
1978,CHURN,TRIAL,2026-04-09 13:50:09.6+00
11344,RECURRING_SUBSCRIPTION,RECURRING_SUBSCRIPTION,2026-04-09 14:20:38.554+00
8168,RECURRING_SUBSCRIPTION,CHURN,2026-04-09 14:23:26.066+00
9476,RECURRING_SUBSCRIPTION,RECURRING_SUBSCRIPTION,2026-04-09 14:42:59.855+00
7317,RECURRING_SUBSCRIPTION,RECURRING_SUBSCRIPTION,2026-04-09 14:59:46.925+00
9339,LEAD,WARM_LEAD,2026-04-09 15:33:33.844+00
7856,RECURRING_SUBSCRIPTION,CHURN,2026-04-09 16:31:17.408+00
8313,RECURRING_SUBSCRIPTION,CHURN,2026-04-09 16:53:13.994+00
11444,LEAD,WARM_LEAD,2026-04-09 17:09:19.899+00
79,RECURRING_SUBSCRIPTION,CHURN,2026-04-09 17:36:06.252+00
2976,RECURRING_SUBSCRIPTION,CHURN,2026-04-09 17:40:44.794+00
11445,LEAD,WARM_LEAD,2026-04-09 17:42:30.017+00
9115,RECURRING_SUBSCRIPTION,TRIAL,2026-04-09 17:47:21.283+00
11423,WARM_LEAD,TRIAL,2026-04-09 19:44:08.393+00
9964,RECURRING_SUBSCRIPTION,CHURN,2026-04-09 20:00:07.509+00
8534,RECURRING_SUBSCRIPTION,CHURN,2026-04-09 20:10:25.433+00
11376,LEAD,WARM_LEAD,2026-04-09 20:10:38.964+00
9643,LEAD,WARM_LEAD,2026-04-09 20:19:04.953+00
11445,WARM_LEAD,TRIAL,2026-04-09 20:56:42.79+00
10499,TRIAL,RECURRING_SUBSCRIPTION,2026-04-09 21:13:11.845+00
7444,RECURRING_SUBSCRIPTION,ON_DEMAND_SUBSCRIPTION,2026-04-09 22:07:06.914+00
9188,RECURRING_SUBSCRIPTION,CHURN,2026-04-09 22:16:12.802+00
9035,RECURRING_SUBSCRIPTION,CHURN,2026-04-09 23:22:40.233+00
8839,WARM_LEAD,RECURRING_SUBSCRIPTION,2026-04-10 09:40:38.152+00
9946,RECURRING_SUBSCRIPTION,RECURRING_SUBSCRIPTION,2026-04-10 11:46:25.109+00
9925,RECURRING_SUBSCRIPTION,RECURRING_SUBSCRIPTION,2026-04-10 11:50:43.753+00
10065,RECURRING_SUBSCRIPTION,RECURRING_SUBSCRIPTION,2026-04-10 11:53:10.017+00
9477,RECURRING_SUBSCRIPTION,RECURRING_SUBSCRIPTION,2026-04-10 11:57:16.883+00
11144,RECURRING_SUBSCRIPTION,RECURRING_SUBSCRIPTION,2026-04-10 11:59:26.066+00
10048,RECURRING_SUBSCRIPTION,RECURRING_SUBSCRIPTION,2026-04-10 12:03:23.579+00
9972,RECURRING_SUBSCRIPTION,RECURRING_SUBSCRIPTION,2026-04-10 12:06:02.415+00
11279,RECURRING_SUBSCRIPTION,RECURRING_SUBSCRIPTION,2026-04-10 12:08:01.868+00
10329,RECURRING_SUBSCRIPTION,RECURRING_SUBSCRIPTION,2026-04-10 12:20:15.33+00
9961,RECURRING_SUBSCRIPTION,RECURRING_SUBSCRIPTION,2026-04-10 12:26:15.206+00
8669,TRIAL,ON_DEMAND_SUBSCRIPTION,2026-04-10 13:49:45.305+00
11458,LEAD,WARM_LEAD,2026-04-10 15:01:21.537+00
11458,WARM_LEAD,RECURRING_SUBSCRIPTION,2026-04-10 15:04:11.108+00
5659,RECURRING_SUBSCRIPTION,CHURN,2026-04-10 16:30:47.058+00
11297,LEAD,WARM_LEAD,2026-04-10 16:37:51.62+00
11464,LEAD,WARM_LEAD,2026-04-10 17:13:57.551+00
10402,LEAD,WARM_LEAD,2026-04-10 17:17:38.394+00
10402,WARM_LEAD,RECURRING_SUBSCRIPTION,2026-04-10 17:19:09.312+00
10402,RECURRING_SUBSCRIPTION,TRIAL,2026-04-10 17:23:08.057+00
10402,TRIAL,RECURRING_SUBSCRIPTION,2026-04-10 17:30:29.711+00
115,RECURRING_SUBSCRIPTION,CHURN,2026-04-24 06:39:49.182+00
10402,RECURRING_SUBSCRIPTION,RECURRING_SUBSCRIPTION,2026-04-10 17:32:23.112+00
11423,TRIAL,WARM_LEAD,2026-04-10 18:06:34.009+00
11423,WARM_LEAD,WARM_LEAD,2026-04-10 18:06:35.289+00
11466,LEAD,WARM_LEAD,2026-04-10 18:45:30.429+00
11405,LEAD,WARM_LEAD,2026-04-10 20:01:22.916+00
11405,WARM_LEAD,TRIAL,2026-04-10 20:05:13.668+00
11466,WARM_LEAD,RECURRING_SUBSCRIPTION,2026-04-10 20:18:37.209+00
11226,LEAD,WARM_LEAD,2026-04-11 01:54:45.941+00
11467,LEAD,WARM_LEAD,2026-04-11 01:56:52.249+00
11474,LEAD,WARM_LEAD,2026-04-11 16:12:39.22+00
10234,ON_DEMAND_SUBSCRIPTION,RECURRING_SUBSCRIPTION,2026-04-11 23:04:38.865+00
11481,LEAD,RECURRING_SUBSCRIPTION,2026-04-12 01:48:34.189+00
2553,CHURN,RECURRING_SUBSCRIPTION,2026-04-12 13:46:45.754+00
6945,COLD_LEAD,WARM_LEAD,2026-04-12 14:13:52.718+00
11497,LEAD,WARM_LEAD,2026-04-12 14:47:58.254+00
11502,LEAD,WARM_LEAD,2026-04-12 16:21:42.763+00
11499,LEAD,WARM_LEAD,2026-04-12 16:37:52.442+00
11503,LEAD,WARM_LEAD,2026-04-12 16:48:53.97+00
11504,LEAD,WARM_LEAD,2026-04-12 16:51:03.963+00
11506,LEAD,WARM_LEAD,2026-04-12 17:07:38.734+00
11512,LEAD,WARM_LEAD,2026-04-12 22:04:38.894+00
2342,FREEMIUM,RECURRING_SUBSCRIPTION,2026-04-13 00:01:30.718+00
7252,RECURRING_SUBSCRIPTION,CHURN,2026-04-13 07:02:39.787+00
6945,WARM_LEAD,TRIAL,2026-04-13 08:21:30.581+00
11514,LEAD,WARM_LEAD,2026-04-13 13:22:18.145+00
11451,LEAD,WARM_LEAD,2026-04-13 14:02:42.558+00
10737,LEAD,WARM_LEAD,2026-04-13 14:13:45.926+00
11451,WARM_LEAD,RECURRING_SUBSCRIPTION,2026-04-13 14:15:19.321+00
9977,RECURRING_SUBSCRIPTION,RECURRING_SUBSCRIPTION,2026-04-13 14:20:06.43+00
9953,RECURRING_SUBSCRIPTION,RECURRING_SUBSCRIPTION,2026-04-13 14:21:30.818+00
10059,RECURRING_SUBSCRIPTION,RECURRING_SUBSCRIPTION,2026-04-13 14:23:37.398+00
11521,LEAD,RECURRING_SUBSCRIPTION,2026-04-13 14:26:23.115+00
10399,RECURRING_SUBSCRIPTION,RECURRING_SUBSCRIPTION,2026-04-13 14:31:03.081+00
11530,LEAD,WARM_LEAD,2026-04-13 15:27:35.049+00
11533,LEAD,RECURRING_SUBSCRIPTION,2026-04-13 15:49:02.972+00
1770,RECURRING_SUBSCRIPTION,CHURN,2026-04-13 16:34:14.376+00
10597,WARM_LEAD,TRIAL,2026-04-13 17:23:27.498+00
386,RECURRING_SUBSCRIPTION,RECURRING_SUBSCRIPTION,2026-04-13 18:03:55.1+00
7004,LEAD,WARM_LEAD,2026-04-13 18:41:37.877+00
1059,FROZEN,RECURRING_SUBSCRIPTION,2026-04-13 19:04:17.403+00
6460,RECURRING_SUBSCRIPTION,ON_DEMAND_SUBSCRIPTION,2026-04-13 19:22:21.337+00
10077,LEAD,WARM_LEAD,2026-04-13 20:39:24.35+00
9953,RECURRING_SUBSCRIPTION,RECURRING_SUBSCRIPTION,2026-04-13 21:02:53.78+00
9977,RECURRING_SUBSCRIPTION,RECURRING_SUBSCRIPTION,2026-04-13 21:10:00.412+00
11231,RECURRING_SUBSCRIPTION,RECURRING_SUBSCRIPTION,2026-04-13 21:17:36.082+00
11541,LEAD,WARM_LEAD,2026-04-14 00:05:04.786+00
9368,RECURRING_SUBSCRIPTION,RECURRING_SUBSCRIPTION,2026-04-14 01:52:21.637+00
9489,RECURRING_SUBSCRIPTION,RECURRING_SUBSCRIPTION,2026-04-14 02:30:12.197+00
11545,LEAD,WARM_LEAD,2026-04-14 02:32:46.038+00
11231,RECURRING_SUBSCRIPTION,RECURRING_SUBSCRIPTION,2026-04-14 03:02:19.446+00
11536,LEAD,WARM_LEAD,2026-04-14 03:08:51.659+00
10334,RECURRING_SUBSCRIPTION,RECURRING_SUBSCRIPTION,2026-04-14 03:10:54.15+00
10638,RECURRING_SUBSCRIPTION,RECURRING_SUBSCRIPTION,2026-04-14 03:29:47.73+00
6475,LEAD,WARM_LEAD,2026-04-14 04:44:37.26+00
11289,WARM_LEAD,RECURRING_SUBSCRIPTION,2026-04-14 04:51:02.672+00
1304,RECURRING_SUBSCRIPTION,CHURN,2026-04-14 05:11:36.689+00
11355,RECURRING_SUBSCRIPTION,FROZEN,2026-04-14 06:45:04.413+00
211,RECURRING_SUBSCRIPTION,CHURN,2026-04-14 09:57:34.678+00
339,RECURRING_SUBSCRIPTION,CHURN,2026-04-14 10:32:31.322+00
10011,RECURRING_SUBSCRIPTION,FROZEN,2026-04-14 11:22:23.207+00
601,RECURRING_SUBSCRIPTION,CHURN,2026-04-14 12:50:33.607+00
9814,RECURRING_SUBSCRIPTION,FROZEN,2026-04-14 13:50:43.618+00
11486,LEAD,RECURRING_SUBSCRIPTION,2026-04-14 13:59:51.927+00
11566,LEAD,WARM_LEAD,2026-04-14 14:42:57.964+00
11564,LEAD,WARM_LEAD,2026-04-14 15:18:11.367+00
7714,RECURRING_SUBSCRIPTION,TRIAL,2026-04-14 15:25:51.086+00
11151,TRIAL,ON_DEMAND_SUBSCRIPTION,2026-04-14 15:30:17.324+00
717,RECURRING_SUBSCRIPTION,ON_DEMAND_SUBSCRIPTION,2026-04-14 16:10:33.359+00
8826,CHURN,ON_DEMAND_SUBSCRIPTION,2026-04-14 16:18:03.233+00
5720,RECURRING_SUBSCRIPTION,ON_DEMAND_SUBSCRIPTION,2026-04-14 16:59:34.992+00
9230,RECURRING_SUBSCRIPTION,RECURRING_SUBSCRIPTION,2026-04-14 17:26:26.798+00
9810,RECURRING_SUBSCRIPTION,TRIAL,2026-04-14 17:48:52.462+00
3208,RECURRING_SUBSCRIPTION,RECURRING_SUBSCRIPTION,2026-04-14 17:59:46.153+00
10340,RECURRING_SUBSCRIPTION,ON_DEMAND_SUBSCRIPTION,2026-04-14 18:51:47.661+00
2442,RECURRING_SUBSCRIPTION,CHURN,2026-04-14 19:15:25.528+00
6176,RECURRING_SUBSCRIPTION,CHURN,2026-04-14 19:18:46.115+00
10111,RECURRING_SUBSCRIPTION,TRIAL,2026-04-14 21:14:35.284+00
11577,LEAD,WARM_LEAD,2026-04-14 23:00:17.002+00
11458,RECURRING_SUBSCRIPTION,RECURRING_SUBSCRIPTION,2026-04-15 00:38:44.635+00
9473,RECURRING_SUBSCRIPTION,RECURRING_SUBSCRIPTION,2026-04-15 00:45:42.7+00
9768,RECURRING_SUBSCRIPTION,RECURRING_SUBSCRIPTION,2026-04-15 00:47:57.911+00
9969,RECURRING_SUBSCRIPTION,RECURRING_SUBSCRIPTION,2026-04-15 00:52:29.205+00
10234,RECURRING_SUBSCRIPTION,RECURRING_SUBSCRIPTION,2026-04-15 00:53:11.24+00
10234,RECURRING_SUBSCRIPTION,RECURRING_SUBSCRIPTION,2026-04-15 00:54:06.325+00
11279,RECURRING_SUBSCRIPTION,RECURRING_SUBSCRIPTION,2026-04-15 01:03:28.202+00
10329,RECURRING_SUBSCRIPTION,RECURRING_SUBSCRIPTION,2026-04-15 01:03:58.676+00
9464,RECURRING_SUBSCRIPTION,RECURRING_SUBSCRIPTION,2026-04-15 01:06:37.673+00
9650,RECURRING_SUBSCRIPTION,RECURRING_SUBSCRIPTION,2026-04-15 01:08:36.127+00
11463,LEAD,WARM_LEAD,2026-04-15 01:08:51.641+00
11582,LEAD,WARM_LEAD,2026-04-15 09:12:52.699+00
11317,LEAD,WARM_LEAD,2026-04-15 10:43:56.511+00
11317,WARM_LEAD,RECURRING_SUBSCRIPTION,2026-04-15 11:06:08.185+00
11588,LEAD,WARM_LEAD,2026-04-15 13:45:42.873+00
9977,RECURRING_SUBSCRIPTION,CHURN,2026-04-15 14:15:16.246+00
9835,RECURRING_SUBSCRIPTION,ON_DEMAND_SUBSCRIPTION,2026-04-15 14:25:50.151+00
9223,TRIAL,RECURRING_SUBSCRIPTION,2026-04-15 14:27:25.36+00
11275,RECURRING_SUBSCRIPTION,TRIAL,2026-04-15 14:44:37.237+00
11590,LEAD,WARM_LEAD,2026-04-15 14:54:22.424+00
9786,LEAD,WARM_LEAD,2026-04-15 15:15:12.549+00
7846,RECURRING_SUBSCRIPTION,CHURN,2026-04-15 15:41:56.283+00
3535,ON_DEMAND_SUBSCRIPTION,CHURN,2026-04-15 16:14:42.423+00
6449,RECURRING_SUBSCRIPTION,CHURN,2026-04-15 16:18:02.195+00
3536,ON_DEMAND_SUBSCRIPTION,CHURN,2026-04-15 16:24:25.617+00
3692,RECURRING_SUBSCRIPTION,CHURN,2026-04-15 16:32:28.319+00
8241,RECURRING_SUBSCRIPTION,RECURRING_SUBSCRIPTION,2026-04-15 16:46:44.826+00
8241,RECURRING_SUBSCRIPTION,RECURRING_SUBSCRIPTION,2026-04-15 16:53:24.391+00
7361,LEAD,WARM_LEAD,2026-04-15 17:55:02.788+00
11463,WARM_LEAD,TRIAL,2026-04-15 18:12:15.643+00
11557,LEAD,WARM_LEAD,2026-04-15 19:18:58.615+00
11556,LEAD,WARM_LEAD,2026-04-15 20:02:22.267+00
11538,LEAD,WARM_LEAD,2026-04-15 20:06:16.265+00
11281,LEAD,WARM_LEAD,2026-04-15 21:08:43.771+00
7717,CHURN,RECURRING_SUBSCRIPTION,2026-04-15 23:15:21.097+00
9339,WARM_LEAD,RECURRING_SUBSCRIPTION,2026-04-16 01:26:29.369+00
11568,LEAD,WARM_LEAD,2026-04-16 01:47:42.495+00
11574,LEAD,RECURRING_SUBSCRIPTION,2026-04-16 01:54:29.548+00
11602,LEAD,RECURRING_SUBSCRIPTION,2026-04-16 02:55:08.715+00
11603,LEAD,WARM_LEAD,2026-04-16 04:20:47.321+00
7004,WARM_LEAD,TRIAL,2026-04-16 08:01:55.148+00
328,RECURRING_SUBSCRIPTION,CHURN,2026-04-16 08:20:22.118+00
9835,ON_DEMAND_SUBSCRIPTION,CHURN,2026-04-16 08:21:17.057+00
6142,RECURRING_SUBSCRIPTION,FROZEN,2026-04-16 12:03:10.167+00
11527,LEAD,WARM_LEAD,2026-04-16 13:17:58.073+00
11520,LEAD,WARM_LEAD,2026-04-16 13:19:45.089+00
11606,LEAD,WARM_LEAD,2026-04-16 13:46:36.263+00
11331,LEAD,RECURRING_SUBSCRIPTION,2026-04-16 14:21:20.937+00
11608,LEAD,WARM_LEAD,2026-04-16 14:23:03.045+00
11542,LEAD,WARM_LEAD,2026-04-16 15:26:28.2+00
10491,RECURRING_SUBSCRIPTION,RECURRING_SUBSCRIPTION,2026-04-16 15:47:40.843+00
11613,LEAD,WARM_LEAD,2026-04-16 15:52:21.901+00
7317,RECURRING_SUBSCRIPTION,RECURRING_SUBSCRIPTION,2026-04-16 16:04:57.238+00
9835,CHURN,TRIAL,2026-04-16 16:37:26.239+00
11355,FROZEN,CHURN,2026-04-24 06:54:25.453+00
22,TRIAL,RECURRING_SUBSCRIPTION,2026-04-16 16:51:03.335+00
11542,WARM_LEAD,TRIAL,2026-04-16 17:11:25.338+00
11451,RECURRING_SUBSCRIPTION,RECURRING_SUBSCRIPTION,2026-04-16 17:23:41.495+00
11451,RECURRING_SUBSCRIPTION,RECURRING_SUBSCRIPTION,2026-04-16 17:32:42.883+00
11451,RECURRING_SUBSCRIPTION,RECURRING_SUBSCRIPTION,2026-04-16 17:36:43.316+00
6140,RECURRING_SUBSCRIPTION,TRIAL,2026-04-16 18:09:26.161+00
6681,RECURRING_SUBSCRIPTION,RECURRING_SUBSCRIPTION,2026-04-16 18:29:33.215+00
11500,LEAD,WARM_LEAD,2026-04-16 19:09:39.144+00
2081,ON_DEMAND_SUBSCRIPTION,CHURN,2026-04-16 21:18:32.182+00
1604,ON_DEMAND_SUBSCRIPTION,TRIAL,2026-04-16 21:21:49.627+00
1564,RECURRING_SUBSCRIPTION,CHURN,2026-04-16 21:52:23.188+00
6761,LEAD,WARM_LEAD,2026-04-17 00:58:05.997+00
6339,RECURRING_SUBSCRIPTION,CHURN,2026-04-17 14:07:44.882+00
11478,LEAD,WARM_LEAD,2026-04-17 14:39:16.424+00
9786,WARM_LEAD,ON_DEMAND_SUBSCRIPTION,2026-04-17 15:12:14.935+00
11509,LEAD,WARM_LEAD,2026-04-17 15:35:48.736+00
11538,WARM_LEAD,TRIAL,2026-04-17 16:12:12.776+00
10186,RECURRING_SUBSCRIPTION,CHURN,2026-04-17 16:16:31.032+00
11493,LEAD,WARM_LEAD,2026-04-17 17:52:32.936+00
11231,RECURRING_SUBSCRIPTION,RECURRING_SUBSCRIPTION,2026-04-17 18:23:01.911+00
8240,WARM_LEAD,TRIAL,2026-04-17 18:58:24.613+00
11620,LEAD,WARM_LEAD,2026-04-17 20:05:46.585+00
11622,LEAD,WARM_LEAD,2026-04-18 11:38:35.561+00
8932,LEAD,WARM_LEAD,2026-04-18 12:44:00.174+00
8394,CHURN,RECURRING_SUBSCRIPTION,2026-04-18 15:35:34.742+00
7361,WARM_LEAD,RECURRING_SUBSCRIPTION,2026-04-18 16:24:36.857+00
11456,LEAD,RECURRING_SUBSCRIPTION,2026-04-18 19:29:06.55+00
11625,LEAD,WARM_LEAD,2026-04-19 02:25:21.282+00
11627,LEAD,WARM_LEAD,2026-04-19 09:19:44.391+00
853,RECURRING_SUBSCRIPTION,CHURN,2026-04-19 10:51:29.17+00
853,CHURN,TRIAL,2026-04-19 11:31:21.476+00
1234,RECURRING_SUBSCRIPTION,RECURRING_SUBSCRIPTION,2026-04-19 12:17:21.506+00
11621,LEAD,WARM_LEAD,2026-04-19 12:17:52.511+00
9717,LEAD,WARM_LEAD,2026-04-19 12:22:15.146+00
9717,WARM_LEAD,RECURRING_SUBSCRIPTION,2026-04-19 12:45:31.168+00
9650,RECURRING_SUBSCRIPTION,RECURRING_SUBSCRIPTION,2026-04-19 13:54:10.522+00
9339,RECURRING_SUBSCRIPTION,RECURRING_SUBSCRIPTION,2026-04-19 13:57:59.309+00
9961,RECURRING_SUBSCRIPTION,RECURRING_SUBSCRIPTION,2026-04-19 14:00:50.401+00
9464,RECURRING_SUBSCRIPTION,RECURRING_SUBSCRIPTION,2026-04-19 14:17:14.696+00
11521,RECURRING_SUBSCRIPTION,RECURRING_SUBSCRIPTION,2026-04-19 14:23:39.06+00
11456,RECURRING_SUBSCRIPTION,RECURRING_SUBSCRIPTION,2026-04-19 14:27:55.539+00
11521,RECURRING_SUBSCRIPTION,RECURRING_SUBSCRIPTION,2026-04-19 14:37:16.212+00
11629,LEAD,WARM_LEAD,2026-04-19 14:39:52.952+00
9925,RECURRING_SUBSCRIPTION,RECURRING_SUBSCRIPTION,2026-04-19 14:40:43.969+00
11629,WARM_LEAD,RECURRING_SUBSCRIPTION,2026-04-19 16:00:06.116+00
374,RECURRING_SUBSCRIPTION,CHURN,2026-04-19 20:41:19.683+00
11646,LEAD,RECURRING_SUBSCRIPTION,2026-04-19 20:49:35.915+00
11111,LEAD,WARM_LEAD,2026-04-19 21:00:42.844+00
11595,LEAD,WARM_LEAD,2026-04-19 22:38:50.511+00
22,RECURRING_SUBSCRIPTION,RECURRING_SUBSCRIPTION,2026-04-20 04:24:54.611+00
374,CHURN,TRIAL,2026-04-20 06:17:50.785+00
11649,LEAD,WARM_LEAD,2026-04-20 11:57:27.768+00
8481,RECURRING_SUBSCRIPTION,CHURN,2026-04-20 13:54:38.171+00
8481,CHURN,TRIAL,2026-04-20 14:51:41.425+00
6757,LEAD,WARM_LEAD,2026-04-20 14:54:35.311+00
11431,LEAD,WARM_LEAD,2026-04-20 15:22:26.797+00
8977,LEAD,WARM_LEAD,2026-04-20 15:37:41.969+00
10613,RECURRING_SUBSCRIPTION,CHURN,2026-04-20 16:12:42.549+00
10371,TRIAL,RECURRING_SUBSCRIPTION,2026-04-20 16:22:32.525+00
2647,RECURRING_SUBSCRIPTION,CHURN,2026-04-20 16:29:01.627+00
9955,LEAD,RECURRING_SUBSCRIPTION,2026-04-20 16:32:39.412+00
8293,RECURRING_SUBSCRIPTION,CHURN,2026-04-20 16:36:16.558+00
11585,LEAD,WARM_LEAD,2026-04-20 17:14:48.116+00
11633,LEAD,WARM_LEAD,2026-04-20 17:44:10.011+00
11633,WARM_LEAD,TRIAL,2026-04-20 17:57:54.86+00
2910,RECURRING_SUBSCRIPTION,CHURN,2026-04-20 18:21:40.948+00
11651,LEAD,WARM_LEAD,2026-04-20 19:50:48.75+00
11699,LEAD,WARM_LEAD,2026-04-24 10:04:28.467+00
11651,WARM_LEAD,TRIAL,2026-04-20 19:54:21.952+00
11569,LEAD,WARM_LEAD,2026-04-20 20:06:59.672+00
11652,LEAD,WARM_LEAD,2026-04-20 20:11:50.902+00
11341,RECURRING_SUBSCRIPTION,TRIAL,2026-04-21 12:44:11.611+00
11521,RECURRING_SUBSCRIPTION,RECURRING_SUBSCRIPTION,2026-04-21 14:25:39.622+00
11530,WARM_LEAD,TRIAL,2026-04-21 14:38:37.527+00
11451,RECURRING_SUBSCRIPTION,RECURRING_SUBSCRIPTION,2026-04-21 14:42:54.729+00
3695,RECURRING_SUBSCRIPTION,CHURN,2026-04-21 15:04:57.948+00
7114,ON_DEMAND_SUBSCRIPTION,TRIAL,2026-04-21 15:08:31.647+00
11331,RECURRING_SUBSCRIPTION,ON_DEMAND_SUBSCRIPTION,2026-04-21 16:02:48.472+00
1754,RECURRING_SUBSCRIPTION,CHURN,2026-04-21 16:45:06.862+00
11527,WARM_LEAD,ON_DEMAND_SUBSCRIPTION,2026-04-21 16:45:45.008+00
11527,ON_DEMAND_SUBSCRIPTION,RECURRING_SUBSCRIPTION,2026-04-21 16:47:09.01+00
7084,RECURRING_SUBSCRIPTION,CHURN,2026-04-21 16:59:42.533+00
7098,RECURRING_SUBSCRIPTION,CHURN,2026-04-21 17:02:54.495+00
8939,RECURRING_SUBSCRIPTION,TRIAL,2026-04-21 17:07:55.022+00
9861,RECURRING_SUBSCRIPTION,CHURN,2026-04-21 17:10:56.154+00
11069,RECURRING_SUBSCRIPTION,TRIAL,2026-04-21 17:12:43.516+00
9780,RECURRING_SUBSCRIPTION,WARM_LEAD,2026-04-21 17:36:47.097+00
11502,WARM_LEAD,RECURRING_SUBSCRIPTION,2026-04-21 19:52:07.519+00
11647,LEAD,WARM_LEAD,2026-04-21 20:16:04.816+00
11647,WARM_LEAD,RECURRING_SUBSCRIPTION,2026-04-21 20:21:44.958+00
8144,RECURRING_SUBSCRIPTION,CHURN,2026-04-21 20:33:51.784+00
11103,WARM_LEAD,TRIAL,2026-04-21 20:43:57.976+00
11301,RECURRING_SUBSCRIPTION,CHURN,2026-04-21 21:33:42.621+00
11663,LEAD,WARM_LEAD,2026-04-21 22:53:07.972+00
11323,LEAD,WARM_LEAD,2026-04-22 01:51:30.92+00
7836,TRIAL,RECURRING_SUBSCRIPTION,2026-04-22 03:25:40.786+00
1004,FREEMIUM,RECURRING_SUBSCRIPTION,2026-04-22 11:37:43.633+00
7098,CHURN,RECURRING_SUBSCRIPTION,2026-04-22 14:05:50.484+00
10502,LEAD,WARM_LEAD,2026-04-22 15:39:58.935+00
8019,WARM_LEAD,LEAD,2026-04-22 16:33:41.187+00
11423,WARM_LEAD,TRIAL,2026-04-22 17:36:20.817+00
11502,RECURRING_SUBSCRIPTION,RECURRING_SUBSCRIPTION,2026-04-22 19:08:34.885+00
9969,RECURRING_SUBSCRIPTION,RECURRING_SUBSCRIPTION,2026-04-22 19:13:23.684+00
11669,LEAD,WARM_LEAD,2026-04-22 19:13:29.591+00
11669,WARM_LEAD,TRIAL,2026-04-22 19:19:48.468+00
11671,LEAD,WARM_LEAD,2026-04-22 21:13:07.443+00
9046,RECURRING_SUBSCRIPTION,CHURN,2026-04-23 05:05:47.997+00
186,COLD_LEAD,WARM_LEAD,2026-04-23 09:33:17.345+00
186,WARM_LEAD,WARM_LEAD,2026-04-23 09:33:17.473+00
9835,TRIAL,ON_DEMAND_SUBSCRIPTION,2026-04-23 11:23:21.646+00
374,TRIAL,ON_DEMAND_SUBSCRIPTION,2026-04-23 11:23:50.48+00
374,ON_DEMAND_SUBSCRIPTION,CHURN,2026-04-23 11:24:04.352+00
10220,LEAD,WARM_LEAD,2026-04-23 12:22:09.989+00
11630,LEAD,WARM_LEAD,2026-04-23 12:58:12.374+00
11405,TRIAL,RECURRING_SUBSCRIPTION,2026-04-23 13:04:47.948+00
9699,ON_DEMAND_SUBSCRIPTION,RECURRING_SUBSCRIPTION,2026-04-23 13:05:02.405+00
11276,LEAD,WARM_LEAD,2026-04-23 13:32:45.865+00
8378,RECURRING_SUBSCRIPTION,CHURN,2026-04-23 13:43:11.249+00
6837,RECURRING_SUBSCRIPTION,TRIAL,2026-04-23 15:01:17.914+00
11598,LEAD,WARM_LEAD,2026-04-23 15:31:26.082+00
11677,LEAD,WARM_LEAD,2026-04-23 15:32:30.614+00
8373,RECURRING_SUBSCRIPTION,CHURN,2026-04-23 15:45:40.322+00
11598,WARM_LEAD,TRIAL,2026-04-23 15:50:43.432+00
11425,LEAD,WARM_LEAD,2026-04-23 15:59:43.516+00
9171,LEAD,WARM_LEAD,2026-04-23 16:19:33.231+00
11687,LEAD,WARM_LEAD,2026-04-23 16:43:16.603+00
7113,LEAD,WARM_LEAD,2026-04-23 16:43:42.734+00
11604,LEAD,WARM_LEAD,2026-04-23 17:02:09.532+00
5677,RECURRING_SUBSCRIPTION,CHURN,2026-04-23 17:19:58.275+00
2611,RECURRING_SUBSCRIPTION,CHURN,2026-04-23 17:20:28.802+00
1554,RECURRING_SUBSCRIPTION,CHURN,2026-04-23 17:21:09.417+00
11630,WARM_LEAD,RECURRING_SUBSCRIPTION,2026-04-23 17:44:26.842+00
7873,LEAD,WARM_LEAD,2026-04-23 17:47:47.429+00
11675,LEAD,WARM_LEAD,2026-04-23 17:59:43.701+00
11604,WARM_LEAD,TRIAL,2026-04-23 19:11:16.338+00
9688,LEAD,WARM_LEAD,2026-04-24 01:59:43.221+00
11512,WARM_LEAD,TRIAL,2026-04-24 12:31:07.007+00
5384,LEAD,WARM_LEAD,2026-04-24 12:31:16.044+00
11323,WARM_LEAD,TRIAL,2026-04-24 14:05:53.15+00
11701,LEAD,RECURRING_SUBSCRIPTION,2026-04-24 14:53:25.915+00
11558,LEAD,WARM_LEAD,2026-04-24 15:06:10.625+00
11698,LEAD,WARM_LEAD,2026-04-24 16:44:13.635+00
11191,LEAD,WARM_LEAD,2026-04-24 19:17:44.683+00
9868,LEAD,WARM_LEAD,2026-04-24 19:48:36.258+00
9926,LEAD,WARM_LEAD,2026-04-24 21:05:14.691+00
11108,TRIAL,RECURRING_SUBSCRIPTION,2026-04-24 21:11:33.551+00
7487,LEAD,WARM_LEAD,2026-04-24 21:15:27.432+00
10721,LEAD,WARM_LEAD,2026-04-24 21:23:12.917+00
11614,LEAD,WARM_LEAD,2026-04-24 21:26:25.609+00
11720,LEAD,WARM_LEAD,2026-04-24 21:30:41.645+00
11713,LEAD,WARM_LEAD,2026-04-24 21:50:02.455+00
11502,RECURRING_SUBSCRIPTION,RECURRING_SUBSCRIPTION,2026-04-24 21:58:20.791+00
11399,WARM_LEAD,RECURRING_SUBSCRIPTION,2026-04-24 22:00:49.926+00
11231,RECURRING_SUBSCRIPTION,RECURRING_SUBSCRIPTION,2026-04-24 22:03:52.286+00
9969,RECURRING_SUBSCRIPTION,RECURRING_SUBSCRIPTION,2026-04-24 22:05:38.698+00
11713,WARM_LEAD,RECURRING_SUBSCRIPTION,2026-04-24 22:06:50.599+00
10035,RECURRING_SUBSCRIPTION,RECURRING_SUBSCRIPTION,2026-04-24 22:31:11.236+00
10832,LEAD,WARM_LEAD,2026-04-24 23:46:39.682+00
11732,LEAD,WARM_LEAD,2026-04-25 12:53:46.308+00
11714,LEAD,RECURRING_SUBSCRIPTION,2026-04-25 14:34:04.68+00
11609,LEAD,WARM_LEAD,2026-04-25 19:25:26.709+00
11736,LEAD,WARM_LEAD,2026-04-25 20:02:02.55+00
7768,LEAD,WARM_LEAD,2026-04-25 20:11:15.946+00
11739,LEAD,WARM_LEAD,2026-04-25 21:59:24.924+00
7267,TRIAL,RECURRING_SUBSCRIPTION,2026-04-25 22:48:25.478+00
10937,TRIAL,RECURRING_SUBSCRIPTION,2026-04-25 23:58:47.735+00
186,WARM_LEAD,TRIAL,2026-04-26 08:14:14.859+00
2607,RECURRING_SUBSCRIPTION,CHURN,2026-04-26 08:50:01.009+00
22,RECURRING_SUBSCRIPTION,ON_DEMAND_SUBSCRIPTION,2026-04-26 09:21:09.673+00
62,RECURRING_SUBSCRIPTION,ON_DEMAND_SUBSCRIPTION,2026-04-26 09:21:23.895+00
386,RECURRING_SUBSCRIPTION,CHURN,2026-04-26 10:43:17.332+00
11734,LEAD,RECURRING_SUBSCRIPTION,2026-04-26 14:49:07.238+00
7670,FROZEN,WARM_LEAD,2026-04-26 15:28:10.192+00
7670,WARM_LEAD,TRIAL,2026-04-26 15:29:46.471+00
7670,TRIAL,RECURRING_SUBSCRIPTION,2026-04-26 15:58:42.524+00
11106,LEAD,WARM_LEAD,2026-04-26 16:34:50.284+00
11705,LEAD,WARM_LEAD,2026-04-26 19:59:18.459+00
11749,LEAD,WARM_LEAD,2026-04-26 20:35:42.696+00
9746,LEAD,WARM_LEAD,2026-04-26 22:02:14.398+00
11121,LEAD,RECURRING_SUBSCRIPTION,2026-04-26 23:12:46.603+00
7270,LEAD,WARM_LEAD,2026-04-27 00:07:37.943+00
1023,COLD_LEAD,WARM_LEAD,2026-04-27 04:17:24.895+00
8275,LEAD,WARM_LEAD,2026-04-27 11:23:49.535+00
11759,LEAD,RECURRING_SUBSCRIPTION,2026-04-27 12:42:20.872+00
11756,LEAD,WARM_LEAD,2026-04-27 14:00:08.275+00
11756,WARM_LEAD,RECURRING_SUBSCRIPTION,2026-04-27 14:01:12.075+00
11761,LEAD,RECURRING_SUBSCRIPTION,2026-04-27 14:01:54.295+00
11355,CHURN,TRIAL,2026-04-27 14:06:38.908+00
11762,LEAD,WARM_LEAD,2026-04-27 14:14:34.896+00
11714,RECURRING_SUBSCRIPTION,WARM_LEAD,2026-04-27 14:15:28.609+00
11755,LEAD,WARM_LEAD,2026-04-27 14:19:49.593+00
11755,WARM_LEAD,TRIAL,2026-04-27 14:20:53.058+00
11762,WARM_LEAD,RECURRING_SUBSCRIPTION,2026-04-27 14:22:51.896+00
6738,RECURRING_SUBSCRIPTION,ON_DEMAND_SUBSCRIPTION,2026-04-27 14:49:06.502+00
11699,WARM_LEAD,TRIAL,2026-04-27 14:59:47.207+00
9525,LEAD,WARM_LEAD,2026-04-27 15:59:14.632+00
2779,RECURRING_SUBSCRIPTION,CHURN,2026-04-27 16:00:21.669+00
11195,WARM_LEAD,ON_DEMAND_SUBSCRIPTION,2026-04-27 17:49:59.365+00
6719,RECURRING_SUBSCRIPTION,RECURRING_SUBSCRIPTION,2026-04-27 17:52:27.091+00
11746,LEAD,WARM_LEAD,2026-04-27 17:54:13.092+00
11746,WARM_LEAD,RECURRING_SUBSCRIPTION,2026-04-27 17:59:48.84+00
11508,LEAD,WARM_LEAD,2026-04-27 18:21:26.775+00
11202,TRIAL,RECURRING_SUBSCRIPTION,2026-04-27 18:28:54.958+00
11191,WARM_LEAD,TRIAL,2026-04-27 18:59:13.199+00
11557,WARM_LEAD,ON_DEMAND_SUBSCRIPTION,2026-04-27 20:42:34.081+00
10744,LEAD,WARM_LEAD,2026-04-27 20:46:48.984+00
9652,RECURRING_SUBSCRIPTION,RECURRING_SUBSCRIPTION,2026-04-27 20:56:29.606+00
11595,WARM_LEAD,TRIAL,2026-04-27 21:03:19.008+00
8182,RECURRING_SUBSCRIPTION,RECURRING_SUBSCRIPTION,2026-04-27 21:14:44.109+00
10108,LEAD,WARM_LEAD,2026-04-28 01:53:40.054+00
1170,RECURRING_SUBSCRIPTION,CHURN,2026-04-28 07:43:02.213+00
11753,LEAD,WARM_LEAD,2026-04-28 08:18:49.98+00
11606,WARM_LEAD,TRIAL,2026-04-28 13:33:24.954+00
11729,LEAD,RECURRING_SUBSCRIPTION,2026-04-28 14:35:02.645+00
11425,WARM_LEAD,TRIAL,2026-04-28 15:19:36.642+00
11761,RECURRING_SUBSCRIPTION,WARM_LEAD,2026-04-28 15:54:32.605+00
11614,WARM_LEAD,TRIAL,2026-04-28 16:10:22.562+00
6215,RECURRING_SUBSCRIPTION,RECURRING_SUBSCRIPTION,2026-04-28 16:25:07.904+00
944,RECURRING_SUBSCRIPTION,RECURRING_SUBSCRIPTION,2026-04-28 16:31:54.749+00
191,RECURRING_SUBSCRIPTION,RECURRING_SUBSCRIPTION,2026-04-28 16:48:42.423+00
7818,RECURRING_SUBSCRIPTION,RECURRING_SUBSCRIPTION,2026-04-28 17:44:57.877+00
1686,RECURRING_SUBSCRIPTION,RECURRING_SUBSCRIPTION,2026-04-28 18:25:45.052+00
480,FREEMIUM,ON_DEMAND_SUBSCRIPTION,2026-04-28 18:41:59.569+00
11774,LEAD,RECURRING_SUBSCRIPTION,2026-04-28 19:22:07.959+00
5384,WARM_LEAD,TRIAL,2026-04-28 19:42:25.127+00
11777,LEAD,WARM_LEAD,2026-04-29 00:26:42.695+00
8080,LEAD,WARM_LEAD,2026-04-29 12:06:23.061+00
7098,RECURRING_SUBSCRIPTION,CHURN,2026-04-29 12:14:49.192+00
3888,ON_DEMAND_SUBSCRIPTION,CHURN,2026-04-29 12:15:19.11+00
11557,ON_DEMAND_SUBSCRIPTION,RECURRING_SUBSCRIPTION,2026-04-29 13:13:24.443+00
7860,RECURRING_SUBSCRIPTION,CHURN,2026-04-29 13:33:55.916+00
11355,TRIAL,RECURRING_SUBSCRIPTION,2026-04-29 14:44:47.477+00
11091,LEAD,WARM_LEAD,2026-04-29 15:42:50.959+00
11765,LEAD,WARM_LEAD,2026-04-29 15:45:48.946+00
11745,LEAD,WARM_LEAD,2026-04-29 15:53:20.021+00
11741,LEAD,WARM_LEAD,2026-04-29 16:02:53.498+00
11741,WARM_LEAD,TRIAL,2026-04-29 16:17:21.679+00
11782,LEAD,WARM_LEAD,2026-04-29 16:34:02.436+00
11783,LEAD,WARM_LEAD,2026-04-29 16:57:28.465+00
8286,RECURRING_SUBSCRIPTION,WARM_LEAD,2026-04-29 17:15:46.543+00
11205,WARM_LEAD,ON_DEMAND_SUBSCRIPTION,2026-04-29 18:08:32.37+00
6570,RECURRING_SUBSCRIPTION,CHURN,2026-04-29 22:31:18.937+00
1316,RECURRING_SUBSCRIPTION,CHURN,2026-04-30 00:00:04.761+00
6570,CHURN,RECURRING_SUBSCRIPTION,2026-04-30 00:02:17.269+00
7808,CHURN,RECURRING_SUBSCRIPTION,2026-04-30 01:05:39.652+00
81,RECURRING_SUBSCRIPTION,RECURRING_SUBSCRIPTION,2026-04-30 04:36:15.483+00
361,RECURRING_SUBSCRIPTION,RECURRING_SUBSCRIPTION,2026-04-30 04:46:11.886+00
11431,WARM_LEAD,RECURRING_SUBSCRIPTION,2026-04-30 11:49:51.175+00
11785,LEAD,WARM_LEAD,2026-04-30 11:52:20.402+00
8531,TRIAL,RECURRING_SUBSCRIPTION,2026-04-30 12:10:16.946+00
11765,WARM_LEAD,RECURRING_SUBSCRIPTION,2026-04-30 14:01:06+00
11788,LEAD,RECURRING_SUBSCRIPTION,2026-04-30 14:20:11.744+00
11474,WARM_LEAD,RECURRING_SUBSCRIPTION,2026-04-30 15:50:05.134+00
10701,LEAD,WARM_LEAD,2026-04-30 16:25:26.191+00
7614,LEAD,WARM_LEAD,2026-04-30 16:34:47.275+00
11279,RECURRING_SUBSCRIPTION,ON_DEMAND_SUBSCRIPTION,2026-04-30 16:39:01.453+00
9171,WARM_LEAD,TRIAL,2026-04-30 18:06:50.682+00
11787,LEAD,WARM_LEAD,2026-04-30 18:08:20.615+00
11787,WARM_LEAD,WARM_LEAD,2026-04-30 18:11:12.281+00
11788,RECURRING_SUBSCRIPTION,WARM_LEAD,2026-04-30 19:19:43.995+00
470,ON_DEMAND_SUBSCRIPTION,RECURRING_SUBSCRIPTION,2026-05-01 00:11:23.944+00
11566,WARM_LEAD,RECURRING_SUBSCRIPTION,2026-05-01 03:44:49.167+00
9869,RECURRING_SUBSCRIPTION,WARM_LEAD,2026-05-01 13:47:09.152+00
9891,TRIAL,RECURRING_SUBSCRIPTION,2026-05-01 16:23:43.372+00
10691,RECURRING_SUBSCRIPTION,CHURN,2026-05-01 17:48:46.697+00
8240,TRIAL,ON_DEMAND_SUBSCRIPTION,2026-05-01 18:40:49.113+00
10116,RECURRING_SUBSCRIPTION,CHURN,2026-05-01 21:13:57.253+00
11694,LEAD,WARM_LEAD,2026-05-02 13:10:01.947+00
11807,LEAD,WARM_LEAD,2026-05-02 15:01:09.326+00
11808,LEAD,WARM_LEAD,2026-05-02 16:27:44.901+00
11336,LEAD,RECURRING_SUBSCRIPTION,2026-05-02 18:04:15.121+00
1477,COLD_LEAD,WARM_LEAD,2026-05-03 05:25:13.541+00
217,RECURRING_SUBSCRIPTION,RECURRING_SUBSCRIPTION,2026-05-03 10:41:39.97+00
6658,CHURN,TRIAL,2026-05-03 10:58:35.156+00
8792,COLD_LEAD,WARM_LEAD,2026-05-03 12:44:53.185+00
11816,LEAD,WARM_LEAD,2026-05-03 15:42:06.812+00
11816,WARM_LEAD,TRIAL,2026-05-03 15:50:07.83+00
11823,LEAD,RECURRING_SUBSCRIPTION,2026-05-04 09:04:40.841+00
8280,WARM_LEAD,RECURRING_SUBSCRIPTION,2026-05-04 12:55:54.827+00
204,FROZEN,CHURN,2026-05-04 12:57:18.755+00
204,CHURN,TRIAL,2026-05-04 12:57:51.977+00
6110,RECURRING_SUBSCRIPTION,CHURN,2026-05-04 12:58:58.88+00
11317,RECURRING_SUBSCRIPTION,CHURN,2026-05-04 13:02:27.86+00
11826,LEAD,RECURRING_SUBSCRIPTION,2026-05-04 13:37:55.759+00
5733,RECURRING_SUBSCRIPTION,TRIAL,2026-05-04 13:55:41.494+00
11814,WARM_LEAD,TRIAL,2026-05-04 14:46:25.573+00
11474,RECURRING_SUBSCRIPTION,TRIAL,2026-05-04 14:59:56.188+00
11514,WARM_LEAD,TRIAL,2026-05-04 15:35:36.807+00
9982,RECURRING_SUBSCRIPTION,ON_DEMAND_SUBSCRIPTION,2026-05-04 16:21:19.203+00
4418,FREEMIUM,ON_DEMAND_SUBSCRIPTION,2026-05-04 16:34:56.267+00
4418,ON_DEMAND_SUBSCRIPTION,TRIAL,2026-05-04 16:35:34.041+00
11827,LEAD,WARM_LEAD,2026-05-04 17:51:48.261+00
1169,TRIAL,RECURRING_SUBSCRIPTION,2026-05-04 17:53:49.912+00
2678,FROZEN,ON_DEMAND_SUBSCRIPTION,2026-05-04 18:26:27.384+00
9152,RECURRING_SUBSCRIPTION,CHURN,2026-05-04 18:57:53.934+00
11780,LEAD,WARM_LEAD,2026-05-04 19:17:53.24+00
11185,RECURRING_SUBSCRIPTION,CHURN,2026-05-04 19:31:43.575+00
11828,LEAD,WARM_LEAD,2026-05-04 19:37:37.643+00
10572,LEAD,WARM_LEAD,2026-05-04 23:20:27.675+00
11829,LEAD,WARM_LEAD,2026-05-04 23:35:46.28+00
11831,LEAD,WARM_LEAD,2026-05-05 08:45:20.303+00
11317,CHURN,TRIAL,2026-05-05 08:46:49.767+00
8912,RECURRING_SUBSCRIPTION,ON_DEMAND_SUBSCRIPTION,2026-05-05 13:44:45.901+00
10572,WARM_LEAD,TRIAL,2026-05-05 14:01:35.337+00
11527,RECURRING_SUBSCRIPTION,ON_DEMAND_SUBSCRIPTION,2026-05-05 14:31:41.711+00
11527,ON_DEMAND_SUBSCRIPTION,RECURRING_SUBSCRIPTION,2026-05-05 15:54:54.068+00
11403,LEAD,WARM_LEAD,2026-05-05 16:56:10.692+00
9709,RECURRING_SUBSCRIPTION,CHURN,2026-05-05 18:13:21.556+00
11403,WARM_LEAD,LEAD,2026-05-05 18:45:24.738+00
2678,ON_DEMAND_SUBSCRIPTION,RECURRING_SUBSCRIPTION,2026-05-05 19:42:27.456+00
11675,WARM_LEAD,TRIAL,2026-05-05 20:02:46.426+00
8481,TRIAL,ON_DEMAND_SUBSCRIPTION,2026-05-05 20:30:37.975+00
5048,RECURRING_SUBSCRIPTION,CHURN,2026-05-05 21:01:13.81+00
11835,LEAD,WARM_LEAD,2026-05-05 21:07:42.454+00
11797,LEAD,WARM_LEAD,2026-05-05 21:34:25.877+00
9621,RECURRING_SUBSCRIPTION,CHURN,2026-05-05 21:50:00.31+00
9612,LEAD,WARM_LEAD,2026-05-06 00:19:10.941+00
2425,CHURN,RECURRING_SUBSCRIPTION,2026-05-06 00:47:31.939+00
11836,LEAD,WARM_LEAD,2026-05-06 01:52:25.115+00
191,RECURRING_SUBSCRIPTION,FROZEN,2026-05-06 06:14:16.389+00
11355,RECURRING_SUBSCRIPTION,ON_DEMAND_SUBSCRIPTION,2026-05-06 07:43:10.62+00
9223,RECURRING_SUBSCRIPTION,RECURRING_SUBSCRIPTION,2026-05-06 08:03:39.603+00
11839,LEAD,WARM_LEAD,2026-05-06 09:57:56.761+00
11840,LEAD,WARM_LEAD,2026-05-06 10:16:45.506+00
11840,WARM_LEAD,RECURRING_SUBSCRIPTION,2026-05-06 10:18:55.543+00
11839,WARM_LEAD,RECURRING_SUBSCRIPTION,2026-05-06 10:23:42.377+00
84,RECURRING_SUBSCRIPTION,RECURRING_SUBSCRIPTION,2026-05-06 11:39:24.998+00
2650,FREEMIUM,ON_DEMAND_SUBSCRIPTION,2026-05-06 13:51:58.383+00
11453,LEAD,WARM_LEAD,2026-05-06 14:58:31.437+00
11527,RECURRING_SUBSCRIPTION,ON_DEMAND_SUBSCRIPTION,2026-05-06 15:10:12.87+00
11679,LEAD,WARM_LEAD,2026-05-06 15:35:10.086+00
11844,LEAD,WARM_LEAD,2026-05-06 16:13:29.865+00
7999,RECURRING_SUBSCRIPTION,RECURRING_SUBSCRIPTION,2026-05-06 16:42:38.653+00
7999,RECURRING_SUBSCRIPTION,RECURRING_SUBSCRIPTION,2026-05-06 17:10:31.325+00
7999,RECURRING_SUBSCRIPTION,RECURRING_SUBSCRIPTION,2026-05-06 17:40:33.093+00
10373,RECURRING_SUBSCRIPTION,RECURRING_SUBSCRIPTION,2026-05-06 18:26:36.304+00
7999,RECURRING_SUBSCRIPTION,RECURRING_SUBSCRIPTION,2026-05-06 18:28:29.849+00
11814,TRIAL,ON_DEMAND_SUBSCRIPTION,2026-05-06 19:20:18.675+00
6871,RECURRING_SUBSCRIPTION,CHURN,2026-05-06 21:40:13.924+00
7678,LEAD,WARM_LEAD,2026-05-07 02:24:30.197+00
11854,LEAD,RECURRING_SUBSCRIPTION,2026-05-07 10:21:23.539+00
11856,LEAD,RECURRING_SUBSCRIPTION,2026-05-07 11:56:24.521+00
9653,RECURRING_SUBSCRIPTION,ON_DEMAND_SUBSCRIPTION,2026-05-07 13:49:14.922+00
9264,LEAD,RECURRING_SUBSCRIPTION,2026-05-07 14:14:58.393+00
8597,RECURRING_SUBSCRIPTION,RECURRING_SUBSCRIPTION,2026-05-07 14:30:49.86+00
11264,WARM_LEAD,TRIAL,2026-05-07 15:23:00.107+00
6162,RECURRING_SUBSCRIPTION,CHURN,2026-05-07 15:46:08.685+00
1477,WARM_LEAD,TRIAL,2026-05-07 16:34:49.034+00
11608,WARM_LEAD,RECURRING_SUBSCRIPTION,2026-05-07 17:24:35.642+00
6738,ON_DEMAND_SUBSCRIPTION,RECURRING_SUBSCRIPTION,2026-05-07 18:16:52.635+00
11855,LEAD,WARM_LEAD,2026-05-07 18:19:43.565+00
11855,WARM_LEAD,RECURRING_SUBSCRIPTION,2026-05-07 19:09:31.074+00
11863,LEAD,RECURRING_SUBSCRIPTION,2026-05-07 19:16:03.846+00
4033,FREEMIUM,RECURRING_SUBSCRIPTION,2026-05-07 19:21:12.821+00
11737,LEAD,WARM_LEAD,2026-05-07 19:34:15.594+00
4033,RECURRING_SUBSCRIPTION,WARM_LEAD,2026-05-07 19:46:46.983+00
9188,CHURN,RECURRING_SUBSCRIPTION,2026-05-07 20:38:23.961+00
1169,RECURRING_SUBSCRIPTION,TRIAL,2026-05-07 22:50:53.772+00
6570,RECURRING_SUBSCRIPTION,TRIAL,2026-05-07 22:52:29.104+00
11867,LEAD,RECURRING_SUBSCRIPTION,2026-05-08 04:29:55.836+00
11815,LEAD,WARM_LEAD,2026-05-08 13:33:53.194+00
10394,RECURRING_SUBSCRIPTION,TRIAL,2026-05-08 14:02:37.449+00
11732,WARM_LEAD,ON_DEMAND_SUBSCRIPTION,2026-05-08 14:30:23.61+00
11876,LEAD,WARM_LEAD,2026-05-08 17:39:23.393+00
11852,LEAD,WARM_LEAD,2026-05-08 18:14:32.093+00
11664,LEAD,WARM_LEAD,2026-05-08 18:16:20.577+00
11852,WARM_LEAD,RECURRING_SUBSCRIPTION,2026-05-08 18:50:05.919+00
11880,LEAD,WARM_LEAD,2026-05-08 19:50:47.936+00
7532,ON_DEMAND_SUBSCRIPTION,RECURRING_SUBSCRIPTION,2026-05-08 20:03:12.802+00
7613,LEAD,WARM_LEAD,2026-05-08 20:05:10.822+00
11728,LEAD,WARM_LEAD,2026-05-08 20:05:54.84+00
6473,LEAD,WARM_LEAD,2026-05-08 20:14:10.663+00
11881,LEAD,WARM_LEAD,2026-05-08 20:18:03.191+00
6570,TRIAL,RECURRING_SUBSCRIPTION,2026-05-08 20:24:57.631+00
11779,LEAD,WARM_LEAD,2026-05-08 20:41:05.214+00
11567,LEAD,WARM_LEAD,2026-05-08 20:49:09.894+00
7164,LEAD,WARM_LEAD,2026-05-08 21:20:50.885+00
6433,LEAD,WARM_LEAD,2026-05-08 21:35:08.515+00
10711,LEAD,WARM_LEAD,2026-05-08 21:36:07.353+00
4033,WARM_LEAD,RECURRING_SUBSCRIPTION,2026-05-08 21:44:22.147+00
11226,WARM_LEAD,TRIAL,2026-05-08 21:52:08.653+00
11859,LEAD,WARM_LEAD,2026-05-09 01:10:53.101+00
7321,LEAD,WARM_LEAD,2026-05-09 12:26:15.095+00
11320,LEAD,RECURRING_SUBSCRIPTION,2026-05-09 15:32:55.747+00
11885,LEAD,RECURRING_SUBSCRIPTION,2026-05-09 19:02:10.443+00
11887,LEAD,WARM_LEAD,2026-05-09 20:56:22.896+00
11889,LEAD,RECURRING_SUBSCRIPTION,2026-05-10 01:57:24.477+00
11891,LEAD,WARM_LEAD,2026-05-10 14:37:34.49+00
11893,LEAD,WARM_LEAD,2026-05-10 15:30:46.531+00
10416,LEAD,RECURRING_SUBSCRIPTION,2026-05-10 19:00:56.992+00
11191,TRIAL,RECURRING_SUBSCRIPTION,2026-05-10 21:45:04.322+00
11896,LEAD,WARM_LEAD,2026-05-11 00:05:51.959+00
11904,LEAD,WARM_LEAD,2026-05-11 15:09:07.408+00
2101,FREEMIUM,RECURRING_SUBSCRIPTION,2026-05-11 15:24:33.997+00
11907,LEAD,RECURRING_SUBSCRIPTION,2026-05-11 15:55:58.078+00
9538,RECURRING_SUBSCRIPTION,CHURN,2026-05-11 17:52:50.453+00
9579,RECURRING_SUBSCRIPTION,CHURN,2026-05-11 17:57:28.4+00
10666,RECURRING_SUBSCRIPTION,CHURN,2026-05-11 18:00:37.036+00
11381,RECURRING_SUBSCRIPTION,TRIAL,2026-05-11 18:11:02.635+00
11435,RECURRING_SUBSCRIPTION,CHURN,2026-05-11 18:18:01.819+00
9958,ON_DEMAND_SUBSCRIPTION,CHURN,2026-05-11 18:29:56.721+00
9699,RECURRING_SUBSCRIPTION,CHURN,2026-05-11 18:33:07.52+00
10132,ON_DEMAND_SUBSCRIPTION,WARM_LEAD,2026-05-11 18:40:50.632+00
11558,WARM_LEAD,TRIAL,2026-05-11 18:44:39.345+00
11265,RECURRING_SUBSCRIPTION,ON_DEMAND_SUBSCRIPTION,2026-05-11 19:10:33.969+00
11906,LEAD,WARM_LEAD,2026-05-11 19:14:05.509+00
11144,RECURRING_SUBSCRIPTION,CHURN,2026-05-11 20:14:22.42+00
2147,RECURRING_SUBSCRIPTION,CHURN,2026-05-11 21:38:17.194+00
2385,CHURN,RECURRING_SUBSCRIPTION,2026-05-12 00:03:39.261+00
11514,TRIAL,RECURRING_SUBSCRIPTION,2026-05-12 06:00:29.507+00
11883,LEAD,WARM_LEAD,2026-05-12 06:10:09.342+00
11903,LEAD,WARM_LEAD,2026-05-12 12:02:29.145+00
10381,RECURRING_SUBSCRIPTION,TRIAL,2026-05-12 14:48:41.509+00
11860,LEAD,WARM_LEAD,2026-05-12 15:08:44.186+00
11567,WARM_LEAD,TRIAL,2026-05-12 15:50:53.474+00
11792,LEAD,WARM_LEAD,2026-05-12 16:08:02.724+00
594,RECURRING_SUBSCRIPTION,CHURN,2026-05-12 16:18:13.963+00
11556,WARM_LEAD,TRIAL,2026-05-12 16:56:51.684+00
7495,LEAD,WARM_LEAD,2026-05-12 20:45:32+00
6142,FROZEN,CHURN,2026-05-13 04:51:39.887+00
6142,CHURN,TRIAL,2026-05-13 04:52:22.851+00
191,FROZEN,WARM_LEAD,2026-05-13 06:37:49.651+00
191,WARM_LEAD,TRIAL,2026-05-13 06:38:22.868+00
191,TRIAL,RECURRING_SUBSCRIPTION,2026-05-13 06:46:57.829+00
8186,LEAD,WARM_LEAD,2026-05-13 16:43:36.195+00
10110,RECURRING_SUBSCRIPTION,CHURN,2026-05-13 18:38:18.871+00
11852,RECURRING_SUBSCRIPTION,RECURRING_SUBSCRIPTION,2026-05-13 18:45:32.495+00
10729,TRIAL,RECURRING_SUBSCRIPTION,2026-05-13 19:12:42.345+00
7495,WARM_LEAD,TRIAL,2026-05-13 21:35:36.495+00
11925,LEAD,RECURRING_SUBSCRIPTION,2026-05-13 22:41:54.539+00
11517,LEAD,WARM_LEAD,2026-05-14 12:40:29.29+00
11517,WARM_LEAD,TRIAL,2026-05-14 13:52:18.12+00
8186,WARM_LEAD,TRIAL,2026-05-14 14:21:25.26+00
8475,RECURRING_SUBSCRIPTION,CHURN,2026-05-14 16:06:27.167+00
11488,LEAD,WARM_LEAD,2026-05-14 16:14:40.096+00
11929,LEAD,WARM_LEAD,2026-05-14 16:28:39.968+00
11929,WARM_LEAD,WARM_LEAD,2026-05-14 16:41:25.025+00
11929,WARM_LEAD,TRIAL,2026-05-14 16:41:48.353+00
11881,WARM_LEAD,TRIAL,2026-05-14 16:50:32.762+00
11822,LEAD,WARM_LEAD,2026-05-14 17:40:36.835+00
11935,LEAD,WARM_LEAD,2026-05-14 18:25:05.856+00
11893,WARM_LEAD,TRIAL,2026-05-14 18:28:04.105+00
11822,WARM_LEAD,RECURRING_SUBSCRIPTION,2026-05-14 19:57:41.035+00
11931,LEAD,WARM_LEAD,2026-05-14 20:27:47.594+00
11936,LEAD,WARM_LEAD,2026-05-14 20:47:36.576+00
11792,WARM_LEAD,TRIAL,2026-05-14 20:55:37.551+00
11924,LEAD,WARM_LEAD,2026-05-14 21:20:25.738+00
11924,WARM_LEAD,TRIAL,2026-05-14 21:22:59.269+00
11557,RECURRING_SUBSCRIPTION,TRIAL,2026-05-14 21:36:58.078+00
10393,RECURRING_SUBSCRIPTION,CHURN,2026-05-14 21:48:56.616+00
944,RECURRING_SUBSCRIPTION,CHURN,2026-05-14 22:35:55.979+00
1731,RECURRING_SUBSCRIPTION,CHURN,2026-05-14 22:50:09.781+00
10149,RECURRING_SUBSCRIPTION,CHURN,2026-05-14 23:09:05.289+00
9571,RECURRING_SUBSCRIPTION,CHURN,2026-05-14 23:12:43.255+00
9230,RECURRING_SUBSCRIPTION,CHURN,2026-05-14 23:22:47.673+00
8329,RECURRING_SUBSCRIPTION,CHURN,2026-05-14 23:22:53.085+00
6955,RECURRING_SUBSCRIPTION,CHURN,2026-05-14 23:27:13.817+00
11194,WARM_LEAD,TRIAL,2026-05-14 23:29:22.29+00
6917,RECURRING_SUBSCRIPTION,CHURN,2026-05-14 23:29:30.664+00
6895,RECURRING_SUBSCRIPTION,CHURN,2026-05-14 23:31:28.232+00
6804,RECURRING_SUBSCRIPTION,CHURN,2026-05-14 23:33:53.893+00
6791,RECURRING_SUBSCRIPTION,CHURN,2026-05-14 23:37:12.142+00
5512,RECURRING_SUBSCRIPTION,CHURN,2026-05-14 23:58:19.01+00
9254,LEAD,WARM_LEAD,2026-05-15 12:35:41.131+00
6804,CHURN,TRIAL,2026-05-15 13:26:26.092+00
1807,RECURRING_SUBSCRIPTION,CHURN,2026-05-15 15:18:20.694+00
11406,LEAD,WARM_LEAD,2026-05-15 15:37:54.505+00
5338,WARM_LEAD,TRIAL,2026-05-15 16:02:37.112+00
4145,RECURRING_SUBSCRIPTION,ON_DEMAND_SUBSCRIPTION,2026-05-15 16:16:59.116+00
9230,CHURN,RECURRING_SUBSCRIPTION,2026-05-15 16:25:30.312+00
9831,RECURRING_SUBSCRIPTION,RECURRING_SUBSCRIPTION,2026-05-15 16:31:14.385+00
11859,WARM_LEAD,RECURRING_SUBSCRIPTION,2026-05-15 16:52:50.171+00
303,RECURRING_SUBSCRIPTION,CHURN,2026-05-21 13:36:17.944+00
7527,RECURRING_SUBSCRIPTION,RECURRING_SUBSCRIPTION,2026-05-15 17:03:10.02+00
11945,LEAD,WARM_LEAD,2026-05-15 17:27:04.652+00
7062,LEAD,WARM_LEAD,2026-05-15 17:49:16.628+00
9953,RECURRING_SUBSCRIPTION,ON_DEMAND_SUBSCRIPTION,2026-05-15 18:02:14.427+00
11795,LEAD,WARM_LEAD,2026-05-15 18:53:32.432+00
11873,LEAD,WARM_LEAD,2026-05-15 19:35:45.102+00
11873,WARM_LEAD,TRIAL,2026-05-15 19:36:57.324+00
11713,RECURRING_SUBSCRIPTION,WARM_LEAD,2026-05-15 21:45:05.171+00
11602,RECURRING_SUBSCRIPTION,WARM_LEAD,2026-05-15 21:46:43.273+00
10736,TRIAL,RECURRING_SUBSCRIPTION,2026-05-16 19:19:12.632+00
1408,RECURRING_SUBSCRIPTION,CHURN,2026-05-17 15:25:38.782+00
11752,LEAD,WARM_LEAD,2026-05-17 19:57:48.737+00
11955,LEAD,WARM_LEAD,2026-05-18 12:43:41.017+00
11782,WARM_LEAD,TRIAL,2026-05-18 12:53:58.593+00
11939,LEAD,WARM_LEAD,2026-05-18 13:22:34.552+00
11947,LEAD,WARM_LEAD,2026-05-18 13:38:40.718+00
11320,RECURRING_SUBSCRIPTION,RECURRING_SUBSCRIPTION,2026-05-18 14:58:34.777+00
7836,RECURRING_SUBSCRIPTION,FROZEN,2026-05-18 15:28:34.968+00
1255,RECURRING_SUBSCRIPTION,CHURN,2026-05-18 17:02:20.236+00
11811,LEAD,WARM_LEAD,2026-05-18 18:09:00.324+00
11541,WARM_LEAD,TRIAL,2026-05-18 19:56:35.741+00
7794,RECURRING_SUBSCRIPTION,CHURN,2026-05-18 20:32:45.939+00
11733,LEAD,WARM_LEAD,2026-05-18 22:58:12.65+00
11963,LEAD,RECURRING_SUBSCRIPTION,2026-05-19 02:25:53.846+00
81,RECURRING_SUBSCRIPTION,CHURN,2026-05-19 05:07:37.287+00
8510,CHURN,RECURRING_SUBSCRIPTION,2026-05-19 06:06:57.75+00
11083,WARM_LEAD,TRIAL,2026-05-19 13:08:35.354+00
11153,LEAD,WARM_LEAD,2026-05-19 14:33:56.618+00
11967,LEAD,WARM_LEAD,2026-05-19 14:42:00.962+00
14,ON_DEMAND_SUBSCRIPTION,CHURN,2026-05-19 15:14:00.443+00
15,ON_DEMAND_SUBSCRIPTION,CHURN,2026-05-19 15:14:55.12+00
316,RECURRING_SUBSCRIPTION,CHURN,2026-05-19 15:38:34.055+00
36,ON_DEMAND_SUBSCRIPTION,CHURN,2026-05-19 15:40:23.099+00
62,ON_DEMAND_SUBSCRIPTION,CHURN,2026-05-19 15:40:57.12+00
10096,RECURRING_SUBSCRIPTION,CHURN,2026-05-19 17:15:45.96+00
9225,RECURRING_SUBSCRIPTION,RECURRING_SUBSCRIPTION,2026-05-19 18:59:59.656+00
5216,RECURRING_SUBSCRIPTION,CHURN,2026-05-19 22:33:04.765+00
8,RECURRING_SUBSCRIPTION,CHURN,2026-05-20 09:58:17.22+00
10,RECURRING_SUBSCRIPTION,CHURN,2026-05-20 09:58:39.423+00
23,RECURRING_SUBSCRIPTION,CHURN,2026-05-20 10:00:10.938+00
73,RECURRING_SUBSCRIPTION,CHURN,2026-05-20 10:01:13.313+00
91,RECURRING_SUBSCRIPTION,CHURN,2026-05-20 10:01:46.314+00
124,RECURRING_SUBSCRIPTION,CHURN,2026-05-20 10:02:21.332+00
189,RECURRING_SUBSCRIPTION,CHURN,2026-05-20 10:02:49.043+00
191,RECURRING_SUBSCRIPTION,CHURN,2026-05-20 10:06:15.787+00
239,RECURRING_SUBSCRIPTION,CHURN,2026-05-20 10:07:15.949+00
260,RECURRING_SUBSCRIPTION,CHURN,2026-05-20 10:07:55.643+00
276,RECURRING_SUBSCRIPTION,CHURN,2026-05-20 10:08:27.596+00
280,RECURRING_SUBSCRIPTION,CHURN,2026-05-20 10:08:55.848+00
11951,LEAD,WARM_LEAD,2026-05-20 13:50:14.22+00
5706,WARM_LEAD,TRIAL,2026-05-20 13:51:49.191+00
8673,WARM_LEAD,TRIAL,2026-05-20 14:27:44.669+00
11947,WARM_LEAD,WARM_LEAD,2026-05-20 14:31:16.547+00
11947,WARM_LEAD,RECURRING_SUBSCRIPTION,2026-05-20 14:42:25.09+00
11909,LEAD,WARM_LEAD,2026-05-20 15:10:43.751+00
7815,RECURRING_SUBSCRIPTION,CHURN,2026-05-20 16:03:11.194+00
11859,RECURRING_SUBSCRIPTION,RECURRING_SUBSCRIPTION,2026-05-20 17:17:18.266+00
11952,LEAD,WARM_LEAD,2026-05-20 18:48:38.361+00
11273,RECURRING_SUBSCRIPTION,TRIAL,2026-05-20 20:24:40.74+00
11455,LEAD,WARM_LEAD,2026-05-20 22:54:07.276+00
11971,LEAD,WARM_LEAD,2026-05-21 02:30:44.619+00
16,RECURRING_SUBSCRIPTION,CHURN,2026-05-21 13:31:22.594+00
84,RECURRING_SUBSCRIPTION,CHURN,2026-05-21 13:31:48.703+00
88,RECURRING_SUBSCRIPTION,CHURN,2026-05-21 13:32:31.404+00
93,RECURRING_SUBSCRIPTION,CHURN,2026-05-21 13:33:03.15+00
217,RECURRING_SUBSCRIPTION,CHURN,2026-05-21 13:34:07.362+00
294,RECURRING_SUBSCRIPTION,CHURN,2026-05-21 13:35:28.358+00
324,RECURRING_SUBSCRIPTION,CHURN,2026-05-21 13:37:06.862+00
399,RECURRING_SUBSCRIPTION,CHURN,2026-05-21 13:39:20.056+00
329,RECURRING_SUBSCRIPTION,CHURN,2026-05-21 13:37:25.061+00
361,RECURRING_SUBSCRIPTION,CHURN,2026-05-21 13:37:44.801+00
387,RECURRING_SUBSCRIPTION,CHURN,2026-05-21 13:38:55.613+00
418,RECURRING_SUBSCRIPTION,CHURN,2026-05-21 13:39:50.719+00
549,RECURRING_SUBSCRIPTION,CHURN,2026-05-21 13:54:26.349+00
553,RECURRING_SUBSCRIPTION,CHURN,2026-05-21 13:54:44.76+00
920,RECURRING_SUBSCRIPTION,CHURN,2026-05-21 13:55:30.63+00
1019,RECURRING_SUBSCRIPTION,CHURN,2026-05-21 13:55:55.18+00
1040,RECURRING_SUBSCRIPTION,CHURN,2026-05-21 13:56:39.245+00
1150,RECURRING_SUBSCRIPTION,CHURN,2026-05-21 13:57:05.515+00
1191,RECURRING_SUBSCRIPTION,CHURN,2026-05-21 13:58:06.73+00
1234,RECURRING_SUBSCRIPTION,CHURN,2026-05-21 13:58:31.05+00
1278,RECURRING_SUBSCRIPTION,CHURN,2026-05-21 13:58:49.738+00
1331,RECURRING_SUBSCRIPTION,CHURN,2026-05-21 13:59:14.376+00
1727,RECURRING_SUBSCRIPTION,CHURN,2026-05-21 13:59:30.709+00
1737,RECURRING_SUBSCRIPTION,CHURN,2026-05-21 13:59:52.429+00
1956,RECURRING_SUBSCRIPTION,CHURN,2026-05-21 14:00:11.792+00
2268,RECURRING_SUBSCRIPTION,CHURN,2026-05-21 14:00:30.736+00
2269,RECURRING_SUBSCRIPTION,CHURN,2026-05-21 14:00:51.045+00
2328,RECURRING_SUBSCRIPTION,CHURN,2026-05-21 14:01:09.194+00
2476,RECURRING_SUBSCRIPTION,CHURN,2026-05-21 14:01:29.95+00
2553,RECURRING_SUBSCRIPTION,CHURN,2026-05-21 14:01:57.996+00
2600,RECURRING_SUBSCRIPTION,CHURN,2026-05-21 14:02:18.178+00
2715,RECURRING_SUBSCRIPTION,CHURN,2026-05-21 14:02:40.124+00
2928,RECURRING_SUBSCRIPTION,CHURN,2026-05-21 14:02:59.476+00
3078,RECURRING_SUBSCRIPTION,CHURN,2026-05-21 14:03:46.901+00
3100,RECURRING_SUBSCRIPTION,CHURN,2026-05-21 14:04:14.277+00
5522,RECURRING_SUBSCRIPTION,CHURN,2026-05-21 14:04:30.075+00
5730,RECURRING_SUBSCRIPTION,CHURN,2026-05-21 14:05:13.574+00
6106,RECURRING_SUBSCRIPTION,CHURN,2026-05-21 14:05:35+00
6151,RECURRING_SUBSCRIPTION,CHURN,2026-05-21 14:05:53.466+00
6257,RECURRING_SUBSCRIPTION,CHURN,2026-05-21 14:08:01.103+00
6356,RECURRING_SUBSCRIPTION,CHURN,2026-05-21 14:08:36.181+00
7196,RECURRING_SUBSCRIPTION,CHURN,2026-05-21 14:08:59.783+00
7670,RECURRING_SUBSCRIPTION,CHURN,2026-05-21 14:09:22.974+00
7926,RECURRING_SUBSCRIPTION,CHURN,2026-05-21 14:11:48.003+00
7932,RECURRING_SUBSCRIPTION,CHURN,2026-05-21 14:12:09.125+00
7943,RECURRING_SUBSCRIPTION,CHURN,2026-05-21 14:12:52.757+00
8040,RECURRING_SUBSCRIPTION,CHURN,2026-05-21 14:13:18.312+00
8461,RECURRING_SUBSCRIPTION,CHURN,2026-05-21 14:13:33.815+00
9017,RECURRING_SUBSCRIPTION,CHURN,2026-05-21 14:13:55.218+00
9221,RECURRING_SUBSCRIPTION,CHURN,2026-05-21 14:14:17.862+00
9223,RECURRING_SUBSCRIPTION,CHURN,2026-05-21 14:14:37.823+00
9717,RECURRING_SUBSCRIPTION,CHURN,2026-05-21 14:14:57.846+00
11514,RECURRING_SUBSCRIPTION,CHURN,2026-05-21 14:15:19.823+00
11729,RECURRING_SUBSCRIPTION,CHURN,2026-05-21 14:16:34.246+00
1043,RECURRING_SUBSCRIPTION,CHURN,2026-05-21 14:32:47.415+00
746,ON_DEMAND_SUBSCRIPTION,CHURN,2026-05-21 15:36:27.446+00
2597,ON_DEMAND_SUBSCRIPTION,CHURN,2026-05-21 15:36:51.143+00
3959,ON_DEMAND_SUBSCRIPTION,CHURN,2026-05-21 15:37:43.143+00
9190,ON_DEMAND_SUBSCRIPTION,CHURN,2026-05-21 15:38:05.872+00
11811,WARM_LEAD,RECURRING_SUBSCRIPTION,2026-05-21 18:32:45.217+00
11957,LEAD,WARM_LEAD,2026-05-21 18:49:49.869+00
6564,LEAD,WARM_LEAD,2026-05-21 19:09:10.056+00
1780,RECURRING_SUBSCRIPTION,CHURN,2026-05-21 19:45:28.317+00
11978,LEAD,WARM_LEAD,2026-05-21 20:10:07.514+00
6681,RECURRING_SUBSCRIPTION,RECURRING_SUBSCRIPTION,2026-05-21 20:13:50.638+00
6681,RECURRING_SUBSCRIPTION,RECURRING_SUBSCRIPTION,2026-05-21 20:23:47.457+00
11979,LEAD,WARM_LEAD,2026-05-21 20:25:29.247+00
2342,RECURRING_SUBSCRIPTION,CHURN,2026-05-21 23:23:11.663+00
9906,RECURRING_SUBSCRIPTION,CHURN,2026-05-22 14:42:10.788+00
7613,WARM_LEAD,RECURRING_SUBSCRIPTION,2026-05-22 18:33:23.609+00
7007,LEAD,WARM_LEAD,2026-05-23 15:34:36.254+00
11939,WARM_LEAD,RECURRING_SUBSCRIPTION,2026-05-23 18:32:47.664+00
11989,LEAD,WARM_LEAD,2026-05-24 10:33:35.58+00
11989,WARM_LEAD,RECURRING_SUBSCRIPTION,2026-05-24 10:36:11.237+00
128,ON_DEMAND_SUBSCRIPTION,CHURN,2026-05-24 19:10:14.875+00
122,ON_DEMAND_SUBSCRIPTION,CHURN,2026-05-24 19:10:14.876+00
87,FROZEN,CHURN,2026-05-24 19:10:14.885+00
82,ON_DEMAND_SUBSCRIPTION,CHURN,2026-05-24 19:10:14.896+00
136,ON_DEMAND_SUBSCRIPTION,CHURN,2026-05-24 19:10:14.899+00
168,ON_DEMAND_SUBSCRIPTION,CHURN,2026-05-24 19:10:14.9+00
138,ON_DEMAND_SUBSCRIPTION,CHURN,2026-05-24 19:10:14.9+00
173,ON_DEMAND_SUBSCRIPTION,CHURN,2026-05-24 19:10:14.907+00
196,ON_DEMAND_SUBSCRIPTION,CHURN,2026-05-24 19:10:14.914+00
209,ON_DEMAND_SUBSCRIPTION,CHURN,2026-05-24 19:10:14.927+00
223,ON_DEMAND_SUBSCRIPTION,CHURN,2026-05-24 19:10:14.934+00
230,ON_DEMAND_SUBSCRIPTION,CHURN,2026-05-24 19:10:14.934+00
248,ON_DEMAND_SUBSCRIPTION,CHURN,2026-05-24 19:10:14.939+00
275,ON_DEMAND_SUBSCRIPTION,CHURN,2026-05-24 19:10:14.956+00
288,FROZEN,CHURN,2026-05-24 19:10:14.973+00
299,ON_DEMAND_SUBSCRIPTION,CHURN,2026-05-24 19:10:14.988+00
292,ON_DEMAND_SUBSCRIPTION,CHURN,2026-05-24 19:10:14.976+00
325,ON_DEMAND_SUBSCRIPTION,CHURN,2026-05-24 19:10:14.989+00
335,ON_DEMAND_SUBSCRIPTION,CHURN,2026-05-24 19:10:14.995+00
321,ON_DEMAND_SUBSCRIPTION,CHURN,2026-05-24 19:10:14.998+00
355,ON_DEMAND_SUBSCRIPTION,CHURN,2026-05-24 19:10:15.035+00
346,ON_DEMAND_SUBSCRIPTION,CHURN,2026-05-24 19:10:15.037+00
349,ON_DEMAND_SUBSCRIPTION,CHURN,2026-05-24 19:10:15.038+00
357,ON_DEMAND_SUBSCRIPTION,CHURN,2026-05-24 19:10:15.046+00
368,ON_DEMAND_SUBSCRIPTION,CHURN,2026-05-24 19:10:15.049+00
435,ON_DEMAND_SUBSCRIPTION,CHURN,2026-05-24 19:10:15.05+00
382,ON_DEMAND_SUBSCRIPTION,CHURN,2026-05-24 19:10:15.051+00
565,ON_DEMAND_SUBSCRIPTION,CHURN,2026-05-24 19:10:15.059+00
599,FROZEN,CHURN,2026-05-24 19:10:15.063+00
610,ON_DEMAND_SUBSCRIPTION,CHURN,2026-05-24 19:10:15.079+00
797,ON_DEMAND_SUBSCRIPTION,CHURN,2026-05-24 19:10:15.084+00
757,ON_DEMAND_SUBSCRIPTION,CHURN,2026-05-24 19:10:15.084+00
876,ON_DEMAND_SUBSCRIPTION,CHURN,2026-05-24 19:10:15.093+00
929,ON_DEMAND_SUBSCRIPTION,CHURN,2026-05-24 19:10:15.108+00
967,ON_DEMAND_SUBSCRIPTION,CHURN,2026-05-24 19:10:15.128+00
1410,ON_DEMAND_SUBSCRIPTION,CHURN,2026-05-24 19:10:15.131+00
1007,ON_DEMAND_SUBSCRIPTION,CHURN,2026-05-24 19:10:15.133+00
1449,FROZEN,CHURN,2026-05-24 19:10:15.139+00
1237,ON_DEMAND_SUBSCRIPTION,CHURN,2026-05-24 19:10:15.143+00
1481,ON_DEMAND_SUBSCRIPTION,CHURN,2026-05-24 19:10:15.154+00
1597,ON_DEMAND_SUBSCRIPTION,CHURN,2026-05-24 19:10:15.185+00
1788,ON_DEMAND_SUBSCRIPTION,CHURN,2026-05-24 19:10:15.195+00
2049,ON_DEMAND_SUBSCRIPTION,CHURN,2026-05-24 19:10:15.199+00
2302,ON_DEMAND_SUBSCRIPTION,CHURN,2026-05-24 19:10:15.199+00
1733,ON_DEMAND_SUBSCRIPTION,CHURN,2026-05-24 19:10:15.2+00
2323,ON_DEMAND_SUBSCRIPTION,CHURN,2026-05-24 19:10:15.2+00
1664,ON_DEMAND_SUBSCRIPTION,CHURN,2026-05-24 19:10:15.2+00
2372,ON_DEMAND_SUBSCRIPTION,CHURN,2026-05-24 19:10:15.209+00
2672,ON_DEMAND_SUBSCRIPTION,CHURN,2026-05-24 19:10:15.232+00
2596,ON_DEMAND_SUBSCRIPTION,CHURN,2026-05-24 19:10:15.212+00
2874,ON_DEMAND_SUBSCRIPTION,CHURN,2026-05-24 19:10:15.235+00
2955,ON_DEMAND_SUBSCRIPTION,CHURN,2026-05-24 19:10:15.236+00
2701,ON_DEMAND_SUBSCRIPTION,CHURN,2026-05-24 19:10:15.246+00
2788,ON_DEMAND_SUBSCRIPTION,CHURN,2026-05-24 19:10:15.262+00
3119,ON_DEMAND_SUBSCRIPTION,CHURN,2026-05-24 19:10:15.276+00
3131,ON_DEMAND_SUBSCRIPTION,CHURN,2026-05-24 19:10:15.285+00
3056,ON_DEMAND_SUBSCRIPTION,CHURN,2026-05-24 19:10:15.285+00
5448,ON_DEMAND_SUBSCRIPTION,CHURN,2026-05-24 19:10:15.291+00
5211,ON_DEMAND_SUBSCRIPTION,CHURN,2026-05-24 19:10:15.301+00
6934,ON_DEMAND_SUBSCRIPTION,CHURN,2026-05-24 19:10:15.312+00
7015,ON_DEMAND_SUBSCRIPTION,CHURN,2026-05-24 19:10:15.335+00
8180,ON_DEMAND_SUBSCRIPTION,CHURN,2026-05-24 19:10:15.347+00
8195,ON_DEMAND_SUBSCRIPTION,CHURN,2026-05-24 19:10:15.35+00
8577,FROZEN,CHURN,2026-05-24 19:10:15.351+00
9813,FROZEN,CHURN,2026-05-24 19:10:15.352+00
9814,FROZEN,CHURN,2026-05-24 19:10:15.364+00
9835,ON_DEMAND_SUBSCRIPTION,CHURN,2026-05-24 19:10:15.366+00
9176,ON_DEMAND_SUBSCRIPTION,CHURN,2026-05-24 19:10:15.366+00
8823,ON_DEMAND_SUBSCRIPTION,CHURN,2026-05-24 19:10:15.366+00
9851,FROZEN,CHURN,2026-05-24 19:10:15.392+00
10011,FROZEN,CHURN,2026-05-24 19:10:15.392+00
11355,ON_DEMAND_SUBSCRIPTION,CHURN,2026-05-24 19:10:15.394+00
74,ON_DEMAND_SUBSCRIPTION,CHURN,2026-05-24 19:16:26.669+00
22,ON_DEMAND_SUBSCRIPTION,CHURN,2026-05-24 19:16:26.675+00
63,FROZEN,CHURN,2026-05-24 19:18:07.026+00
22,CHURN,CHURN,2026-05-24 19:21:23.839+00
11982,LEAD,RECURRING_SUBSCRIPTION,2026-05-24 22:38:58.372+00
11975,LEAD,WARM_LEAD,2026-05-25 14:56:14.837+00
11995,LEAD,RECURRING_SUBSCRIPTION,2026-05-25 21:55:54.965+00
11999,LEAD,WARM_LEAD,2026-05-26 04:06:39.325+00
7655,LEAD,WARM_LEAD,2026-05-26 04:33:42.824+00
11600,LEAD,WARM_LEAD,2026-05-26 11:41:59.649+00
9320,CHURN,RECURRING_SUBSCRIPTION,2026-05-26 13:20:45.783+00
7267,RECURRING_SUBSCRIPTION,RECURRING_SUBSCRIPTION,2026-05-26 14:39:41.837+00
11711,LEAD,WARM_LEAD,2026-05-26 15:08:42.437+00
10377,RECURRING_SUBSCRIPTION,CHURN,2026-05-26 15:18:30.677+00
11981,LEAD,WARM_LEAD,2026-05-26 15:28:35.596+00
11981,WARM_LEAD,WARM_LEAD,2026-05-26 15:28:41.637+00
11981,WARM_LEAD,WARM_LEAD,2026-05-26 15:28:45.157+00
11981,WARM_LEAD,WARM_LEAD,2026-05-26 15:28:48.181+00
11981,WARM_LEAD,WARM_LEAD,2026-05-26 15:29:00.406+00
12006,LEAD,RECURRING_SUBSCRIPTION,2026-05-26 16:37:32.631+00
11454,LEAD,WARM_LEAD,2026-05-26 17:56:59.51+00
11471,LEAD,WARM_LEAD,2026-05-26 19:47:56.867+00
11471,WARM_LEAD,TRIAL,2026-05-26 19:48:39.886+00
11456,RECURRING_SUBSCRIPTION,TRIAL,2026-05-26 19:59:38.426+00
8203,RECURRING_SUBSCRIPTION,ON_DEMAND_SUBSCRIPTION,2026-05-26 23:07:26.382+00
6529,LEAD,WARM_LEAD,2026-05-27 01:34:23.279+00
11659,LEAD,WARM_LEAD,2026-05-27 11:57:08.91+00
11431,RECURRING_SUBSCRIPTION,TRIAL,2026-05-27 13:29:37.601+00
4134,RECURRING_SUBSCRIPTION,ON_DEMAND_SUBSCRIPTION,2026-05-27 14:40:39.708+00
11455,WARM_LEAD,TRIAL,2026-05-27 15:32:48.935+00
12014,LEAD,RECURRING_SUBSCRIPTION,2026-05-27 17:32:25.625+00
11659,WARM_LEAD,RECURRING_SUBSCRIPTION,2026-05-27 20:48:15.786+00
11497,WARM_LEAD,RECURRING_SUBSCRIPTION,2026-05-27 21:33:20.701+00
12009,LEAD,WARM_LEAD,2026-05-28 01:44:41.541+00
8828,LEAD,WARM_LEAD,2026-05-28 02:33:45.644+00
12008,LEAD,WARM_LEAD,2026-05-28 12:05:04.618+00
12018,LEAD,WARM_LEAD,2026-05-28 14:44:01.382+00
11964,LEAD,WARM_LEAD,2026-05-28 17:21:59.997+00
6578,RECURRING_SUBSCRIPTION,CHURN,2026-05-28 17:33:43.34+00
8338,WARM_LEAD,TRIAL,2026-05-28 20:47:58.091+00
5381,ON_DEMAND_SUBSCRIPTION,RECURRING_SUBSCRIPTION,2026-05-29 00:17:53.449+00
11878,LEAD,WARM_LEAD,2026-05-29 00:44:54.117+00
5380,LEAD,RECURRING_SUBSCRIPTION,2026-05-29 13:07:07.045+00
8164,WARM_LEAD,TRIAL,2026-05-29 14:23:40.955+00
11528,LEAD,WARM_LEAD,2026-05-29 14:29:27.589+00
11528,WARM_LEAD,TRIAL,2026-05-29 14:30:36.152+00
12026,LEAD,WARM_LEAD,2026-05-29 17:03:43.652+00
9996,RECURRING_SUBSCRIPTION,CHURN,2026-05-29 17:12:58.763+00
11386,WARM_LEAD,TRIAL,2026-05-29 18:32:00.356+00
10937,RECURRING_SUBSCRIPTION,CHURN,2026-05-29 19:41:10.018+00
7532,RECURRING_SUBSCRIPTION,TRIAL,2026-05-29 22:00:20.754+00
5421,RECURRING_SUBSCRIPTION,CHURN,2026-05-29 22:23:35.297+00
5523,RECURRING_SUBSCRIPTION,RECURRING_SUBSCRIPTION,2026-05-29 22:29:03.879+00
11463,TRIAL,RECURRING_SUBSCRIPTION,2026-05-29 22:34:34.42+00
7624,RECURRING_SUBSCRIPTION,CHURN,2026-05-29 22:54:47.607+00
5381,RECURRING_SUBSCRIPTION,RECURRING_SUBSCRIPTION,2026-05-30 01:07:57.884+00
12032,LEAD,WARM_LEAD,2026-05-30 11:22:36.328+00
5367,LEAD,RECURRING_SUBSCRIPTION,2026-05-30 14:29:25.956+00
12043,LEAD,WARM_LEAD,2026-05-31 21:16:53.976+00
11085,WARM_LEAD,TRIAL,2026-06-01 15:37:10.547+00
11879,LEAD,WARM_LEAD,2026-06-01 23:02:37.079+00
7414,RECURRING_SUBSCRIPTION,CHURN,2026-06-02 02:30:32.142+00
9891,RECURRING_SUBSCRIPTION,CHURN,2026-06-02 14:14:31.894+00
12007,LEAD,WARM_LEAD,2026-06-02 14:42:07.961+00
12007,WARM_LEAD,TRIAL,2026-06-02 14:43:28.079+00
